0821
0821
0821
0821
0821
0821
0821
0821
0821
0821
0821
0821
0821
0821
0821
0821
0821
0821
0821
0821
0821
0821
0821
0821
0821
0821
0821
0821
0821
0821
0821
0821
0821
0821
0821
0821
0821
0821
0821
0821
0821
0821
0821
0821
0821
0821
0821
0821
0821
0821
0821
0821
0821
0821
0821
0821
0821
0821
0821
0821
0821
0821
0821
0821
0821
0821
0821
0821
0821
0821
0821
0821
0821
0821
0821
0021
0021
0021
0021
0021
0021
0021
0021
0021
0021
0021
0021
0021
0021
0021
0021
0021
0021
0021
0021
0021
0021
0021
0021
0021
0841
3a72
537c
3256
1992
21b3
2a15
3a98
4b1b
539d
5b9d
42d6
216b
0863
0021
0021
0021
0021
0021
0021
0021
0021
0021
0021
0021
0021
0021
0021
0021
0021
0021
0021
0021
0021
0021
0021
0021
0021
0021
0021
0021
0021
0021
0021
0021
0021
0021
0021
0021
0021
0021
0021
0021
0021
0021
0021
0021
0821
0821
0821
0821
0821
0821
0821
0821
0821
0821
0821
0821
0821
0821
0821
0821
0821
0821
0821
0821
0821
0821
0821
0821
0821
0821
0821
0821
0821
0821
0821
0821
0821
0821
0821
0821
0821
0821
0821
0821
0821
0821
0821
0821
0821
0821
0821
0821
0821
0821
0821
0821
0821
0821
0821
0821
0821
0821
0821
0821
0821
0821
0821
0821
0821
0821
0821
0821
0821
0821
0821
0821
0821
0821
0821
0821
0821
0821
0821
0821
0821
0821
0821
0821
0821
0821
0821
0821
0821
0821
0821
0821
0821
0821
0821
0821
0821
0821
0821
0821
0821
0821
0821
0821
0821
0821
0821
0821
0821
0821
0821
0821
0821
0821
0821
0821
0821
0821
0821
0821
0821
0821
0821
0821
0821
0821
0821
0821
0821
0821
0821
0821
0821
0821
0821
0821
0821
0821
0821
0821
0821
0821
0821
0821
0821
0821
0821
0821
0821
0821
0821
0821
0821
0821
0821
0821
0821
0821
0821
0821
0821
0821
0821
0821
0821
0821
0821
0821
0821
0821
0821
0821
0821
0821
0821
0021
0021
0021
0021
0021
0021
0021
0021
0021
0021
0021
0021
0021
0021
0021
0021
0021
0021
0021
0021
0021
0021
0021
0021
0841
4273
537c
3256
1992
1171
1972
21b3
2a15
3a98
431b
539d
5bbd
4af7
298c
0884
0021
0021
0021
0021
0021
0021
0021
0021
0021
0021
0021
0021
0021
0021
0021
0021
0021
0021
0021
0021
0021
0021
0021
0021
0021
0021
0021
0021
0021
0021
0021
0021
0021
0021
0021
0021
0021
0021
0021
0021
0021
0821
0821
0821
0821
0821
0821
0821
0821
0821
0821
0821
0821
0821
0821
0821
0821
0821
0821
0821
0821
0821
0821
0821
0821
0821
0821
0821
0821
0821
0821
0821
0821
0821
0821
0821
0821
0821
0821
0821
0821
0821
0821
0821
0821
0821
0821
0821
0821
0821
0821
0821
0821
0821
0821
0821
0821
0821
0821
0821
0821
0821
0821
0821
0821
0821
0821
0821
0821
0821
0821
0821
0821
0821
0821
0821
0821
0821
0821
0821
0821
0821
0821
0821
0821
0821
0821
0821
0821
0821
0821
0821
0821
0821
0821
0821
0821
0821
0821
0821
0821
0821
0821
0821
0821
0821
0821
0821
0821
0821
0821
0821
0821
0821
0821
0821
0821
0821
0821
0821
0821
0821
0821
0821
0821
0821
0821
0821
0821
0821
0821
0821
0821
0821
0821
0821
0821
0821
0821
0821
0821
0821
0821
0821
0821
0821
0821
0821
0821
0821
0821
0821
0821
0821
0821
0821
0821
0821
0821
0821
0821
0821
0821
0821
0821
0821
0821
0821
0821
0821
0821
0821
0821
0821
0821
0821
0821
0021
0021
0021
0021
0021
0021
0021
0021
0021
0021
0021
0021
0021
0021
0021
0021
0021
0021
0021
0021
0021
0021
0021
0842
4294
537c
3256
1972
1151
1171
1171
1972
21b3
2a15
3a98
431b
539e
5bbe
4b18
29ad
1084
0821
0021
0841
0841
0821
0021
0021
0021
0021
0021
0021
0021
0021
0021
0021
0021
0021
0021
0021
0021
0021
0021
0021
0021
0021
0021
0021
0021
0021
0021
0021
0021
0021
0021
0021
0021
0021
0021
0021
0021
0821
0821
0821
0821
0821
0821
0821
0821
0821
0821
0821
0821
0821
0821
0821
0821
0821
0821
0821
0821
0821
0821
0821
0821
0821
0821
0821
0821
0821
0821
0821
0821
0821
0821
0821
0821
0821
0821
0821
0821
0821
0821
0821
0821
0821
0821
0821
0821
0821
0821
0821
0821
0821
0821
0821
0821
0821
0821
0821
0821
0821
0821
0821
0821
0821
0821
0821
0821
0821
0821
0821
0821
0821
0821
0821
0821
0821
0821
0821
0821
0821
0821
0821
0821
0821
0821
0821
0821
0821
0821
0821
0821
0821
0821
0821
0821
0821
0821
0821
0821
0821
0821
0821
0821
0821
0821
0821
0821
0821
0821
0821
0821
0821
0821
0821
0821
0821
0821
0821
0821
0821
0821
0821
0821
0821
0821
0821
0821
0821
0821
0821
0821
0821
0821
0821
0821
0821
0821
0821
0821
0821
0821
0821
0821
0821
0821
0821
0821
0821
0821
0821
0821
0821
0821
0821
0821
0821
0821
0821
0821
0821
0821
0821
0821
0821
0821
0821
0821
0821
0821
0821
0821
0821
0821
0821
0821
0021
0021
0021
0021
0021
0021
0021
0021
0021
0021
0021
0021
0021
0021
0021
0021
0021
0021
0021
0021
0021
0021
0842
42b4
535c
3236
1972
1151
1151
1171
1171
1171
1972
21b3
2a16
3298
431b
539e
5bde
4b39
29ce
10a5
18e7
29ce
216b
1908
10a5
0863
0842
0821
0821
0021
0021
0021
0021
0021
0021
0021
0021
0021
0021
0021
0021
0021
0021
0021
0021
0021
0021
0021
0021
0021
0021
0021
0021
0021
0021
0021
0021
0021
0021
0821
0821
0821
0821
0821
0821
0821
0821
0821
0821
0821
0821
0821
0821
0821
0821
0821
0821
0821
0821
0821
0821
0821
0821
0821
0821
0821
0821
0821
0821
0821
0821
0821
0821
0821
0821
0821
0821
0821
0821
0821
0821
0821
0821
0821
0821
0821
0821
0821
0821
0821
0821
0821
0821
0821
0821
0821
0821
0821
0821
0821
0821
0821
0821
0821
0821
0821
0821
0821
0821
0821
0821
0821
0821
0821
0821
0821
0821
0821
0821
0821
0821
0821
0821
0821
0821
0821
0821
0821
0821
0821
0821
0821
0821
0821
0821
0821
0821
0821
0821
0821
0821
0821
0821
0821
0821
0821
0821
0821
0821
0821
0821
0821
0821
0821
0821
0821
0821
0821
0821
0821
0821
0821
0821
0821
0821
0821
0821
0821
0821
0821
0821
0821
0821
0821
0821
0821
0821
0821
0821
0821
0821
0821
0821
0821
0821
0821
0821
0821
0821
0821
0821
0821
0821
0821
0821
0821
0821
0821
0821
0821
0821
0821
0821
0821
0821
0821
0821
0821
0821
0821
0821
0821
0821
0821
0021
0021
0021
0021
0021
0021
0021
0021
0021
0021
0021
0021
0021
0021
0021
0021
0021
0021
0021
0021
0021
0021
0842
42d5
535b
2a35
1971
1151
1151
1171
1171
1171
1171
1172
1972
21b4
2a16
3299
431c
539e
5bdf
535a
3a52
3ab6
3ab7
3a96
3a75
3253
31f0
298d
192a
10c6
1084
0862
0841
0821
0021
0021
0021
0021
0021
0021
0021
0021
0021
0021
0021
0021
0021
0021
0021
0021
0021
0021
0021
0021
0021
0021
0021
0021
0021
0021
0821
0821
0821
0821
0821
0821
0821
0821
0821
0821
0821
0821
0821
0821
0821
0821
0821
0821
0821
0821
0821
0821
0821
0821
0821
0821
0821
0821
0821
0821
0821
0821
0821
0821
0821
0821
0821
0821
0821
0821
0821
0821
0821
0821
0821
0821
0821
0821
0821
0821
0821
0821
0821
0821
0821
0821
0821
0821
0821
0821
0821
0821
0821
0821
0821
0821
0821
0821
0821
0821
0821
0821
0821
0821
0821
0821
0821
0821
0821
0821
0821
0821
0821
0821
0821
0821
0821
0821
0821
0821
0821
0821
0821
0821
0821
0821
0821
0821
0821
0821
0821
0821
0821
0821
0821
0821
0821
0821
0821
0821
0821
0821
0821
0821
0821
0821
0821
0821
0821
0821
0821
0821
0821
0821
0821
0821
0821
0821
0821
0821
0821
0821
0821
0821
0821
0821
0821
0821
0821
0821
0821
0821
0821
0821
0821
0821
0821
0821
0821
0821
0821
0821
0821
0821
0821
0821
0821
0821
0821
0821
0821
0821
0821
0821
0821
0821
0821
0821
0821
0821
0821
0821
0821
0821
0821
0021
0021
0021
0021
0021
0021
0021
0021
0021
0021
0021
0021
0021
0021
0021
0021
0021
0021
0021
0021
0021
0842
4ad6
4b5b
2a35
1971
1151
1151
1151
1171
1171
1171
1172
1172
1172
1993
21b4
2a16
3299
431c
539e
5bff
5bfe
537d
3256
21d4
2a15
3236
3277
3a97
3a96
3a74
3211
29ce
216b
1908
10a5
0863
0842
0821
0821
0021
0021
0021
0021
0021
0021
0021
0021
0021
0021
0021
0021
0021
0021
0021
0021
0021
0021
0021
0021
0821
0821
0821
0821
0821
0821
0821
0821
0821
0821
0821
0821
0821
0821
0821
0821
0821
0821
0821
0821
0821
0821
0821
0821
0821
0821
0821
0821
0821
0821
0821
0821
0821
0821
0821
0821
0821
0821
0821
0821
0821
0821
0821
0821
0821
0821
0821
0821
0821
0821
0821
0821
0821
0821
0821
0821
0821
0821
0821
0821
0821
0821
0821
0821
0821
0821
0821
0821
0821
0821
0821
0821
0821
0821
0821
0821
0821
0821
0821
0821
0821
0821
0821
0821
0821
0821
0821
0821
0821
0821
0821
0821
0821
0821
0821
0821
0821
0821
0821
0821
0821
0821
0821
0821
0821
0821
0821
0821
0821
0821
0821
0821
0821
0821
0821
0821
0821
0821
0821
0821
0821
0821
0821
0821
0821
0821
0821
0821
0821
0821
0821
0821
0821
0821
0821
0821
0821
0821
0821
0821
0821
0821
0821
0821
0821
0821
0821
0821
0821
0821
0821
0821
0821
0821
0821
0821
0821
0821
0821
0821
0821
0821
0821
0821
0821
0821
0821
0821
0821
0821
0821
0821
0821
0821
0821
0821
0021
0021
0021
0021
0021
0021
0021
0021
0021
0021
0021
0021
0021
0021
0021
0021
0021
0021
0021
0021
0863
4af6
4b3b
2a15
1971
1150
1151
1151
1171
1171
1171
1172
1172
1172
1172
1973
1993
21d5
2a17
3299
431c
53bf
643f
5c1f
42fa
21f5
1971
1971
1992
21b3
21f4
2a35
3256
3a76
3a96
3a74
3232
29ef
218c
1929
10c6
1084
0842
0841
0821
0021
0021
0021
0021
0021
0021
0021
0021
0021
0021
0021
0021
0021
0021
0021
0021
0821
0821
0821
0821
0821
0821
0821
0821
0821
0821
0821
0821
0821
0821
0821
0821
0821
0821
0821
0821
0821
0821
0821
0821
0821
0821
0821
0821
0821
0821
0821
0821
0821
0821
0821
0821
0821
0821
0821
0821
0821
0821
0821
0821
0821
0821
0821
0821
0821
0821
0821
0821
0821
0821
0821
0821
0821
0821
0821
0821
0821
0821
0821
0821
0821
0821
0821
0821
0821
0821
0821
0821
0821
0821
0821
0821
0821
0821
0821
0821
0821
0821
0821
0821
0821
0821
0821
0821
0821
0821
0821
0821
0821
0821
0821
0821
0821
0821
0821
0821
0821
0821
0821
0821
0821
0821
0821
0821
0821
0821
0821
0821
0821
0821
0821
0821
0821
0821
0821
0821
0821
0821
0821
0821
0821
0821
0821
0821
0821
0821
0821
0821
0821
0821
0821
0821
0821
0821
0821
0821
0821
0821
0821
0821
0821
0821
0821
0821
0821
0821
0821
0821
0821
0821
0821
0821
0821
0821
0821
0821
0821
0821
0821
0821
0821
0821
0821
0821
0821
0821
0821
0821
0821
0821
0821
0821
0021
0021
0021
0021
0021
0021
0021
0021
0021
0021
0021
0021
0021
0021
0021
0021
0021
0021
0021
0863
4b17
4b3a
2a14
1971
1150
1151
1151
1151
1171
1171
1172
1172
1172
1172
1973
1973
1993
1994
19d5
2a17
329a
4b5e
5bdf
641f
5bff
431b
21f5
1971
1151
1151
1151
1951
1971
1992
21b2
29f4
2a34
3255
3a75
3a74
3232
31f0
29ad
214a
18e7
10a4
0863
0842
0821
0021
0021
0021
0021
0021
0021
0021
0021
0021
0021
0021
0821
0821
0821
0821
0821
0821
0821
0821
0821
0821
0821
0821
0821
0821
0821
0821
0821
0821
0821
0821
0821
0821
0821
0821
0821
0821
0821
0821
0821
0821
0821
0821
0821
0821
0821
0821
0821
0821
0821
0821
0821
0821
0821
0821
0821
0821
0821
0821
0821
0821
0821
0821
0821
0821
0821
0821
0821
0821
0821
0821
0821
0821
0821
0821
0821
0821
0821
0821
0821
0821
0821
0821
0821
0821
0821
0821
0821
0821
0821
0821
0821
0821
0821
0821
0821
0821
0821
0821
0821
0821
0821
0821
0821
0821
0821
0821
0821
0821
0821
0821
0821
0821
0821
0821
0821
0821
0821
0821
0821
0821
0821
0821
0821
0821
0821
0821
0821
0821
0821
0821
0821
0821
0821
0821
0821
0821
0821
0821
0821
0821
0821
0821
0821
0821
0821
0821
0821
0821
0821
0821
0821
0821
0821
0821
0821
0821
0821
0821
0821
0821
0821
0821
0821
0821
0821
0821
0821
0821
0821
0821
0821
0821
0821
0821
0821
0821
0821
0821
0821
0821
0821
0821
0821
0821
0821
0821
0021
0021
0021
0021
0021
0021
0021
0021
0021
0021
0021
0021
0021
0021
0021
0021
0021
0021
0021
1083
4b17
4b3a
2a14
1971
1150
1150
1151
1171
1171
1171
1172
1172
1172
1173
1973
1993
1993
1994
1994
19b4
21d5
2a59
3afe
4b5f
53bf
5c3f
5c1f
433c
2a16
1971
1150
1150
1150
1130
1130
112f
114f
1150
1970
1991
21b2
29f3
3233
3254
3a53
3232
3210
29ce
216b
1908
0842
0021
0021
0021
0021
0021
0021
0021
0021
0021
0021
0821
0821
0821
0821
0821
0821
0821
0821
0821
0821
0821
0821
0821
0821
0821
0821
0821
0821
0821
0821
0821
0821
0821
0821
0821
0821
0821
0821
0821
0821
0821
0821
0821
0821
0821
0821
0821
0821
0821
0821
0821
0821
0821
0821
0821
0821
0821
0821
0821
0821
0821
0821
0821
0821
0821
0821
0821
0821
0821
0821
0821
0821
0821
0821
0821
0821
0821
0821
0821
0821
0821
0821
0821
0821
0821
0821
0821
0821
0821
0821
0821
0821
0821
0821
0821
0821
0821
0821
0821
0821
0821
0821
0821
0821
0821
0821
0821
0821
0821
0821
0821
0821
0821
0821
0821
0821
0821
0821
0821
0821
0821
0821
0821
0821
0821
0821
0821
0821
0821
0821
0821
0821
0821
0821
0821
0821
0821
0821
0821
0821
0821
0821
0821
0821
0821
0821
0821
0821
0821
0821
0821
0821
0821
0821
0821
0821
0821
0821
0821
0821
0821
0821
0821
0821
0821
0821
0821
0821
0821
0821
0821
0821
0821
0821
0821
0821
0821
0821
0821
0821
0821
0821
0821
0821
0821
0821
0021
0021
0021
0021
0021
0021
0021
0021
0021
0021
0021
0021
0021
0021
0021
0021
0021
0021
1084
4b38
4b1a
29f4
1951
1150
1151
1151
1171
1171
1172
1172
1172
1172
1973
1973
1993
1993
1994
1994
1994
1994
19b5
2a3a
32bd
3ade
433f
53bf
5c3f
5c1f
4b5c
2a16
1971
1130
112f
112f
112f
112f
112f
112f
112e
112e
112e
112e
114f
196f
2190
21d1
29f2
3233
3253
10a5
0021
0021
0021
0021
0021
0021
0021
0021
0021
0021
0821
0821
0821
0821
0821
0821
0821
0821
0821
0821
0821
0821
0821
0821
0821
0821
0821
0821
0821
0821
0821
0821
0821
0821
0821
0821
0821
0821
0821
0821
0821
0821
0821
0821
0821
0821
0821
0821
0821
0821
0821
0821
0821
0821
0821
0821
0821
0821
0821
0821
0821
0821
0821
0821
0821
0821
0821
0821
0821
0821
0821
0821
0821
0821
0821
0821
0821
0821
0821
0821
0821
0821
0821
0821
0821
0821
0821
0821
0821
0821
0821
0821
0821
0821
0821
0821
0821
0821
0821
0821
0821
0821
0821
0821
0821
0821
0821
0821
0821
0821
0821
0821
0821
0821
0821
0821
0821
0821
0821
0821
0821
0821
0821
0821
0821
0821
0821
0821
0821
0821
0821
0821
0821
0821
0821
0821
0821
0821
0821
0821
0821
0821
0821
0821
0821
0821
0821
0821
0821
0821
0821
0821
0821
0821
0821
0821
0821
0821
0821
0821
0821
0821
0821
0821
0821
0821
0821
0821
0821
0821
0821
0821
0821
0821
0821
0821
0821
0821
0821
0821
0821
0821
0821
0821
0821
0821
0821
0021
0021
0021
0021
0021
0021
0021
0021
0021
0021
0021
0021
0021
0021
0021
0021
0021
1084
5338
4b19
29f4
1951
1150
1151
1151
1171
1171
1172
1172
1172
1172
1973
1973
1993
1993
1994
1994
1994
1994
19b5
21f7
2a5b
2a5c
2a7c
32de
433f
53bf
5c3f
643f
4b5c
2a36
1971
112f
112f
112f
112f
112e
112e
110e
110e
110e
110e
110d
110d
110d
110d
112e
2190
10a5
0021
0021
0021
0021
0021
0021
0021
0021
0021
0021
0821
0821
0821
0821
0821
0821
0821
0821
0821
0821
0821
0821
0821
0821
0821
0821
0821
0821
0821
0821
0821
0821
0821
0821
0821
0821
0821
0821
0821
0821
0821
0821
0821
0821
0821
0821
0821
0821
0821
0821
0821
0821
0821
0821
0821
0821
0821
0821
0821
0821
0821
0821
0821
0821
0821
0821
0821
0821
0821
0821
0821
0821
0821
0821
0821
0821
0821
0821
0821
0821
0821
0821
0821
0821
0821
0821
0821
0821
0821
0821
0821
0821
0821
0821
0821
0821
0821
0821
0821
0821
0821
0821
0821
0821
0821
0821
0821
0821
0821
0821
0821
0821
0821
0821
0821
0821
0821
0821
0821
0821
0821
0821
0821
0821
0821
0821
0821
0821
0821
0821
0821
0821
0821
0821
0821
0821
0821
0821
0821
0821
0821
0821
0821
0821
0821
0821
0821
0821
0821
0821
0821
0821
0821
0821
0821
0821
0821
0821
0821
0821
0821
0821
0821
0821
0821
0821
0821
0821
0821
0821
0821
0821
0821
0821
0821
0821
0821
0821
0821
0821
0821
0821
0821
0821
0821
0821
0821
0821
0021
0021
0021
0021
0021
0021
0021
0021
0021
0021
0021
0021
0021
0021
0021
0021
10a4
5339
42f9
29f3
1150
1150
1151
1151
1171
1171
1172
1172
1172
1172
1973
1973
1993
1993
1994
1994
1994
1995
19b5
19b6
2239
2a5c
221b
223b
2a7c
32de
433f
53bf
5c3f
643f
4b7d
3256
1970
112f
112e
112e
110e
110e
110e
110d
110d
110d
110d
110d
110d
196f
3233
10a5
0021
0021
0021
0021
0021
0021
0021
0021
0021
0021
0821
0821
0821
0821
0821
0821
0821
0821
0821
0821
0821
0821
0821
0821
0821
0821
0821
0821
0821
0821
0821
0821
0821
0821
0821
0821
0821
0821
0821
0821
0821
0821
0821
0821
0821
0821
0821
0821
0821
0821
0821
0821
0821
0821
0821
0821
0821
0821
0821
0821
0821
0821
0821
0821
0821
0821
0821
0821
0821
0821
0821
0821
0821
0821
0821
0821
0821
0821
0821
0821
0821
0821
0821
0821
0821
0821
0821
0821
0821
0821
0821
0821
0821
0821
0821
0821
0821
0821
0821
0821
0821
0821
0821
0821
0821
0821
0821
0821
0821
0821
0821
0821
0821
0821
0821
0821
0821
0821
0821
0821
0821
0821
0821
0821
0821
0821
0821
0821
0821
0821
0821
0821
0821
0821
0821
0821
0821
0821
0821
0821
0821
0821
0821
0821
0821
0821
0821
0821
0821
0821
0821
0821
0821
0821
0821
0821
0821
0821
0821
0821
0821
0821
0821
0821
0821
0821
0821
0821
0821
0821
0821
0821
0821
0821
0821
0821
0821
0821
0821
0821
0821
0821
0821
0821
0821
0821
0821
0821
0821
0821
0021
0021
0021
0021
0021
0021
0021
0021
0021
0021
0021
0021
0021
0021
10a5
5359
42f9
21f3
1150
1150
1151
1151
1171
1171
1172
1172
1172
1172
1973
1973
1993
1993
1994
1994
1994
1995
19b5
19b5
21f8
2a5b
223b
221a
221b
223b
2a7c
32be
433f
53bf
5c1f
643f
539d
3257
1970
110e
110e
110e
110d
110d
110d
110d
110d
110d
196f
3232
320f
0863
0021
0021
0021
0021
0021
0021
0021
0021
0021
0821
0821
0821
0821
0821
0821
0821
0821
0821
0821
0821
0821
0821
0821
0821
0821
0821
0821
0821
0821
0821
0821
0821
0821
0821
0821
0821
0821
0821
0821
0821
0821
0821
0821
0821
0821
0821
0821
0821
0821
0821
0821
0821
0821
0821
0821
0821
0821
0821
0821
0821
0821
0821
0821
0821
0821
0821
0821
0821
0821
0821
0821
0821
0821
0821
0821
0821
0821
0821
0821
0821
0821
0821
0821
0821
0821
0821
0821
0821
0821
0821
0821
0821
0821
0821
0821
0821
0821
0821
0821
0821
0821
0821
0821
0821
0821
0821
0821
0821
0821
0821
0821
0821
0821
0821
0821
0821
0821
0821
0821
0821
0821
0821
0821
0821
0821
0821
0821
0821
0821
0821
0821
0821
0821
0821
0821
0821
0821
0821
0821
0821
0821
0821
0821
0821
0821
0821
0821
0821
0821
0821
0821
0821
0821
0821
0821
0821
0821
0821
0821
0821
0821
0821
0821
0821
0821
0821
0821
0821
0821
0821
0821
0821
0821
0821
0821
0821
0821
0821
0821
0821
0821
0821
0821
0821
0821
0821
0821
0821
0821
0821
0821
0821
0021
0021
0021
0021
0021
0021
0021
0021
0021
0021
0021
0021
10c6
5359
42f9
21d3
1150
1150
1151
1171
1171
1171
1172
1172
1172
1173
1973
1993
1993
1994
1994
1994
1994
1995
19b5
19b5
19d6
2a5a
2a5c
221b
221a
221b
221b
223b
2a5c
32be
433f
4bbf
5c1f
643f
539d
2a35
110d
110d
110d
110d
110d
110d
110d
196f
3232
31ef
18e6
0821
0021
0021
0021
0021
0021
0021
0021
0021
0821
0821
0821
0821
0821
0821
0821
0821
0821
0821
0821
0821
0821
0821
0821
0821
0821
0821
0821
0821
0821
0821
0821
0821
0821
0821
0821
0821
0821
0821
0821
0821
0821
0821
0821
0821
0821
0821
0821
0821
0821
0821
0821
0821
0821
0821
0821
0821
0821
0821
0821
0821
0821
0821
0821
0821
0821
0821
0821
0821
0821
0821
0821
0821
0821
0821
0821
0821
0821
0821
0821
0821
0821
0821
0821
0821
0821
0821
0821
0821
0821
0821
0821
0821
0821
0821
0821
0821
0821
0821
0821
0821
0821
0821
0821
0821
0821
0821
0821
0821
0821
0821
0821
0821
0821
0821
0821
0821
0821
0821
0821
0821
0821
0821
0821
0821
0821
0821
0821
0821
0821
0821
0821
0821
0821
0821
0821
0821
0821
0821
0821
0821
0821
0821
0821
0821
0821
0821
0821
0821
0821
0821
0821
0821
0821
0821
0821
0821
0821
0821
0821
0821
0821
0821
0821
0821
0821
0821
0821
0821
0821
0821
0821
0821
0821
0821
0821
0821
0821
0821
0821
0821
0821
0821
0821
0821
0821
0821
0821
0821
0821
0821
0821
0821
0821
0821
0021
0021
0021
0021
0021
0021
0021
0021
0021
0021
10c6
535a
42d8
21d3
1151
1151
1151
1171
1171
1172
1172
1172
1172
1973
1973
1993
1993
1994
1994
1994
1994
1995
19b5
19b5
19b6
2218
2a7c
223b
221a
221b
221b
221b
221b
223b
2a5c
32be
3b1f
4b9f
5c1f
4b7b
110d
110d
110d
110d
110d
110d
196f
3232
31ef
18c6
0821
0021
0021
0021
0021
0021
0021
0021
0021
0821
0821
0821
0821
0821
0821
0821
0821
0821
0821
0821
0821
0821
0821
0821
0821
0821
0821
0821
0821
0821
0821
0821
0821
0821
0821
0821
0821
0821
0821
0821
0821
0821
0821
0821
0821
0821
0821
0821
0821
0821
0821
0821
0821
0821
0821
0821
0821
0821
0821
0821
0821
0821
0821
0821
0821
0821
0821
0821
0821
0821
0821
0821
0821
0821
0821
0821
0821
0821
0821
0821
0821
0821
0821
0821
0821
0821
0821
0821
0821
0821
0821
0821
0821
0821
0821
0821
0821
0821
0821
0821
0821
0821
0821
0821
0821
0821
0821
0821
0821
0821
0821
0821
0821
0821
0821
0821
0821
0821
0821
0821
0821
0821
0821
0821
0821
0821
0821
0821
0821
0821
0821
0821
0821
0821
0821
0821
0821
0821
0821
0821
0821
0821
0821
0821
0821
0821
0821
0821
0821
0821
0821
0821
0821
0821
0821
0821
0821
0821
0821
0821
0821
0821
0821
0821
0821
0821
0821
0821
0821
0821
0821
0821
0821
0821
0821
0821
0821
0821
0821
0821
0821
0821
0821
0821
0821
0821
0821
0821
0821
0821
0821
0821
0821
0821
0821
0821
0821
0821
0821
0021
0021
0021
0021
0021
0021
0021
18e7
537a
42d8
21d3
1151
1151
1151
1171
1171
1172
1172
1172
1172
1973
1973
1993
1993
1994
1994
1994
1994
19b5
19b5
19b5
19b6
19d7
2a5a
2a5c
221b
221b
223b
221b
221b
221b
221b
221b
2a5c
329e
3b1f
3adb
110d
110d
110d
110c
110c
196e
3232
31ef
18c6
0821
0021
0021
0021
0021
0021
0021
0021
0821
0821
0821
0821
0821
0821
0821
0821
0821
0821
0821
0821
0821
0821
0821
0821
0821
0821
0821
0821
0821
0821
0821
0821
0821
0821
0821
0821
0821
0821
0821
0821
0821
0821
0821
0821
0821
0821
0821
0821
0821
0821
0821
0821
0821
0821
0821
0821
0821
0821
0821
0821
0821
0821
0821
0821
0821
0821
0821
0821
0821
0821
0821
0821
0821
0821
0821
0821
0821
0821
0821
0821
0821
0821
0821
0821
0821
0821
0821
0821
0821
0821
0821
0821
0821
0821
0821
0821
0821
0821
0821
0821
0821
0821
0821
0821
0821
0821
0821
0821
0821
0821
0821
0821
0821
0821
0821
0821
0821
0821
0821
0821
0821
0821
0821
0821
0821
0821
0821
0821
0821
0821
0821
0821
0821
0821
0821
0821
0821
0821
0821
0821
0821
0821
0821
0821
0821
0821
0821
0821
0821
0821
0821
0821
0821
0821
0821
0821
0821
0821
0821
0821
0821
0821
0821
0821
0821
0821
0821
0821
0821
0821
0821
0821
0821
0821
0821
0821
0821
0821
0821
0821
0821
0821
0821
0821
0821
0821
0821
0821
0821
0821
0821
0821
0821
0821
0821
0821
0821
0821
0821
0821
0821
0821
0821
0821
0021
0021
0021
1907
537a
42d8
21d3
1151
1151
1151
1171
1171
1172
1172
1172
1173
1973
1973
1993
1994
1994
1994
1994
1995
19b5
19b5
19b5
19b6
19d6
2219
2a5c
223b
223b
223b
221b
221b
221b
221b
221b
221a
221b
2a5c
2a39
110d
110d
10ec
110c
196e
3212
31ee
10c6
0821
0021
0021
0021
0021
0021
0021
0821
0821
0821
0821
0821
0821
0821
0821
0821
0821
0821
0821
0821
0821
0821
0821
0821
0821
0821
0821
0821
0821
0821
0821
0821
0821
0821
0821
0821
0821
0821
0821
0821
0821
0821
0821
0821
0821
0821
0821
0821
0821
0821
0821
0821
0821
0821
0821
0821
0821
0821
0821
0821
0821
0821
0821
0821
0821
0821
0821
0821
0821
0821
0821
0821
0821
0821
0821
0821
0821
0821
0821
0821
0821
0821
0821
0821
0821
0821
0821
0821
0821
0821
0821
0821
0821
0821
0821
0821
0821
0821
0821
0821
0821
0821
0821
0821
0821
0821
0821
0821
0821
0821
0821
0821
0821
0821
0821
0821
0821
0821
0821
0821
0821
0821
0821
0821
0821
0821
0821
0821
0821
0821
0821
0821
0821
0821
0821
0821
0821
0821
0821
0821
0821
0821
0821
0821
0821
0821
0821
0821
0821
0821
0821
0821
0821
0821
0821
0821
0821
0821
0821
0821
0821
0821
0821
0821
0821
0821
0821
0821
0821
0821
0821
0821
0821
0821
0821
0821
0821
0821
0821
0821
0821
0821
0821
0821
0821
0821
0821
0821
0821
0821
0821
0821
0821
0821
0821
0821
0821
0821
0821
0821
0821
0821
0821
0821
0821
0821
0821
0821
1908
537b
42d8
21d3
1151
1151
1151
1171
1171
1172
1172
1172
1173
1973
1973
1993
1994
1994
1994
1994
1995
19b5
19b5
19b5
19b6
19b6
19f7
2a5b
2a5c
223b
223b
221b
221b
221b
221a
221a
221b
2a5c
32be
32ba
110c
10ec
110c
196e
3211
31ee
10c6
0821
0021
0021
0021
0021
0821
0821
0821
0821
0821
0821
0821
0821
0821
0821
0821
0821
0821
0821
0821
0821
0821
0821
0821
0821
0821
0821
0821
0821
0821
0821
0821
0821
0821
0821
0821
0821
0821
0821
0821
0821
0821
0821
0821
0821
0821
0821
0821
0821
0821
0821
0821
0821
0821
0821
0821
0821
0821
0821
0821
0821
0821
0821
0821
0821
0821
0821
0821
0821
0821
0821
0821
0821
0821
0821
0821
0821
0821
0821
0821
0821
0821
0821
0821
0821
0821
0821
0821
0821
0821
0821
0821
0821
0821
0821
0821
0821
0821
0821
0821
0821
0821
0821
0821
0821
0821
0821
0821
0821
0821
0821
0821
0821
0821
0821
0821
0821
0821
0821
0821
0821
0821
0821
0821
0821
0821
0821
0821
0821
0821
0821
0821
0821
0821
0821
0821
0821
0821
0821
0821
0821
0821
0821
0821
0821
0821
0821
0821
0821
0821
0821
0821
0821
0821
0821
0821
0821
0821
0821
0821
0821
0821
0821
0821
0821
0821
0821
0821
0821
0821
0821
0821
0821
0821
0821
0821
0821
0821
0821
0821
0821
0821
0821
0821
0821
0821
0821
0821
0821
0821
0821
0821
0821
0821
0821
0821
0821
0821
0821
0821
0821
0821
0821
0821
0821
0821
0821
0821
0821
6331
63fc
42d8
21b3
1151
1151
1171
1171
1172
1172
1172
1172
1973
1973
1993
1993
1994
1994
1994
1994
1995
19b5
19b5
19b5
19b6
19b6
19d6
2239
2a7c
223b
221b
221b
221b
221b
221b
223b
2a9d
3b1f
53bf
4b7a
10ec
110c
196e
3211
31ce
10c5
0821
0821
0821
0821
0821
0821
0821
0821
0821
0821
0821
0821
0821
0821
0821
0821
0821
0821
0821
0821
0821
0821
0821
0821
0821
0821
0821
0821
0821
0821
0821
0821
0821
0821
0821
0821
0841
1061
0821
0821
0821
0821
0821
0821
0821
0821
0821
0821
0821
0821
0821
0821
0821
0821
0821
0821
0821
0821
0821
0821
0821
0821
0821
0821
0821
0821
0821
0821
0821
0821
0821
0821
0821
0821
0821
0821
0821
0821
0821
0821
0821
0821
0821
0821
0821
0821
0821
0821
0821
0821
0821
0821
0821
0821
0821
0821
0821
0821
0821
0821
0821
0821
0821
0821
0821
0821
0821
0821
0821
0821
0821
0821
0821
0821
0821
0821
0821
0821
0821
0821
0821
0821
0821
0821
0821
0821
0821
0821
0821
0821
0821
0821
0821
0821
0821
0821
0821
0821
0821
0821
0821
0821
0821
0821
0821
0821
0821
0821
0821
0821
0821
0821
0821
0821
0821
0821
0821
0821
0821
0821
0821
0821
0821
0821
0821
0821
0821
0821
0821
0821
0821
0821
0821
0821
0821
0821
0821
0821
0821
0821
0821
0821
0821
0821
0821
0821
0821
0821
0821
0821
0821
0821
0821
0821
0821
0821
0821
0821
0821
0821
0821
0821
0821
0821
0821
0821
0821
0821
0821
1082
6bb3
63fd
42b8
21b3
1151
1151
1171
1171
1172
1172
1172
1172
1973
1973
1993
1993
1994
1994
1994
1994
1995
19b5
19b5
19b5
19b6
19b6
19b6
21f8
2a5b
225c
221b
221b
221b
221b
2a7c
3afe
4b9f
5c1f
5c1e
3276
110c
196e
3211
31ce
10c5
0821
0821
0821
0821
0821
0821
0821
0821
0821
0821
0821
0821
0821
0821
0821
0821
0821
0821
0821
0821
0821
0821
0821
0821
0821
0821
0821
0821
0821
0821
0821
0821
0821
0821
0821
1061
6aa3
c4e5
dda6
c4e5
5203
0821
0821
0821
0821
0821
0821
0821
0821
0821
0821
0821
0821
0821
0821
0821
0821
0821
0821
0821
0821
0821
0821
0821
0821
0821
0821
0821
0821
0821
0821
0821
0821
0821
0821
0821
0821
0821
0821
0821
0821
0821
0821
0821
0821
0821
0821
0821
0821
0821
0821
0821
0821
0821
0821
0821
0821
0821
0821
0821
0821
0821
0821
0821
0821
0821
0821
0821
0821
0821
0821
0821
0821
0821
0821
0821
0821
0821
0821
0821
0821
0821
0821
0821
0821
0821
0821
0821
0821
0821
0821
0821
0821
0821
0821
0821
0821
0821
0821
0821
0821
0821
0821
0821
0821
0821
0821
0821
0821
0821
0821
0821
0821
0821
0821
0821
0821
0821
0821
0821
0821
0821
0821
0821
0821
0821
0821
0821
0821
0821
0821
0821
0821
0821
0821
0821
0821
0821
0821
0821
0821
0821
0821
0821
0821
0821
0821
0821
0821
0821
0821
0821
0821
0821
0821
0821
0821
0821
0821
0821
0821
0821
0821
0821
0821
0821
0821
0821
0821
0821
0821
31cb
5b9c
3ab8
21b3
1151
1151
29b1
3a12
4212
1972
1172
1172
1973
1973
1993
1993
1994
1994
1994
1995
19b5
19b5
19b5
19b6
19b6
19b6
19b6
19d7
223a
2a7c
223b
221b
3a9a
32be
435f
5bff
643f
4b5b
21b2
110c
196e
3211
31cd
10c5
0821
0821
0821
0821
0821
0821
0821
0821
0821
0821
0821
0821
0821
0821
0821
0821
0821
0821
0821
0821
0821
0821
0821
0821
0821
0821
0821
0821
0821
0821
0821
0821
0821
0821
0821
0821
72e3
d565
ee06
fe46
fe66
ff4d
6ae7
0821
0821
0821
0821
0821
0821
0821
0821
0821
0821
0821
0821
0821
0821
0821
0821
0821
0821
0821
0821
0821
0821
0821
0821
0821
0821
0821
0821
0821
0821
0821
0821
0821
0821
0821
0821
0821
0821
0821
0821
0821
0821
0821
0821
0821
0821
0821
0821
0821
0821
0821
0821
0821
0821
0821
0821
0821
0821
0821
0821
0821
0821
0821
0821
0821
0821
0821
0821
0821
0821
0821
0821
0821
0821
0821
0821
0821
0821
0821
0821
0821
0821
0821
0821
0821
0821
0821
0821
0821
0821
0821
0821
0821
0821
0821
0821
0821
0821
0821
0821
0821
0821
0821
0821
0821
0821
0821
0821
0821
0821
0821
0821
0821
0821
0821
0821
0821
0821
0821
0821
0821
0821
0821
0821
0821
0821
0821
0821
0821
0821
0821
0821
0821
0821
0821
0821
0821
0821
0821
0821
0821
0821
0821
0821
0821
0821
0821
0821
0821
0821
0821
0821
0821
0821
0821
0821
0821
0821
0821
0821
0821
0821
0821
0821
0821
0821
0821
0821
0821
216b
5b9b
3a97
21b2
1151
1971
62b2
72d2
72d2
4a32
1972
1173
1973
1973
1993
1994
1994
1994
1994
1995
19b5
19b5
19b5
19b6
19b6
19b6
19b6
19d7
21f8
2a7c
3a9b
7397
8c16
83f8
6c3d
53dd
3235
110d
10ec
196e
3211
31cd
10a5
0821
0821
0821
0821
0821
0821
0821
0821
0821
0821
0821
31a7
39e8
2946
0841
0821
0821
0821
0821
0821
0821
0821
0821
0821
0821
0821
0821
0821
0821
0821
0821
0821
0821
0821
0821
0821
3122
bcc5
e5c6
f626
fe66
fec8
fff3
cd88
0841
0821
0821
0821
0821
0821
0821
0821
0821
0821
0821
0821
0821
0821
0821
0821
0821
0821
0821
0821
0821
0821
0821
0821
0821
0821
0821
0821
0821
0821
0821
0821
0821
0821
0821
0821
0821
0821
0821
0821
0821
0821
0821
0821
0821
0821
0821
0821
0821
0821
0821
0821
0821
0821
0821
0821
0821
0821
0821
0821
0821
0821
0821
0821
0821
0821
0821
0821
0821
0821
0821
0821
0821
0821
0821
0821
0821
0821
0821
0821
0821
0821
0821
0821
0821
0821
0821
0821
0821
0821
0821
0821
0821
0821
0821
0821
0821
0821
0821
0821
0821
0821
0821
0821
0821
0821
0821
0821
0821
0821
0821
0821
0821
0821
0821
0821
0821
0821
0821
0821
0821
0821
0821
0821
0821
0821
0842
0841
0821
0821
0821
0821
0821
0821
0821
0821
0821
0821
0821
0821
0821
0821
0821
0821
0821
0821
0821
0821
0821
0821
0821
0821
0821
0821
0821
0821
0821
0821
0821
0821
0821
0821
0821
0821
0821
0821
0821
0821
0821
298b
5b9c
3a97
21b2
1151
31f2
72d2
72d3
72d3
6ad3
2192
1973
1973
1973
1993
1994
1994
1994
1994
1995
19b5
19b5
19b5
19b6
19b6
19b6
19b6
19d7
21f8
329c
6b9a
8c16
9416
9416
6b76
196f
10ec
10ec
196e
3211
31cd
10a5
0821
0821
0821
0821
0821
0821
0821
0821
0821
0821
0821
2945
8c93
9493
9493
39c7
0821
0821
0821
0821
0821
0821
0821
0821
0821
0821
0821
0821
0821
0821
0821
0821
0821
0821
0821
0821
0821
7b23
d565
ee06
fe46
fe66
ff6c
ffb1
d546
18c1
0821
0821
0821
0821
0821
0821
0821
0821
0821
0821
0821
0821
0821
0821
0821
0821
0821
0821
0821
0821
0821
0821
0821
0821
0821
0821
0821
0821
0821
0821
0821
0821
0821
0821
0821
0821
0821
0821
0821
0821
0821
0821
0821
0821
0821
0821
0821
0821
0821
0821
0821
0821
0821
0821
0821
0821
0821
0821
0821
0821
0821
0821
0821
0821
0821
0821
0821
0821
0821
0821
0821
0821
0821
0821
0821
0821
0821
0821
0821
0821
0821
0821
0821
0821
0821
0821
0821
0821
0821
0821
0821
0821
0821
0821
0821
0821
0821
0821
0821
0821
0821
0821
0821
0821
0821
0821
0821
0821
0821
0821
0821
0821
0821
0821
0821
0821
0821
0821
0821
0821
0821
0821
0821
0821
0842
18e7
18e7
0841
0821
0821
0821
0821
0821
0821
0821
0821
0821
0821
0821
0821
0821
0821
0821
0821
0821
0821
0821
0821
0821
0821
0821
0821
0821
0821
0821
0821
0821
0821
0821
0821
0821
0821
0821
0821
0821
1062
18a3
2104
4a8e
6bf9
5b55
4ab2
3a71
4251
7312
7312
72f2
5272
1972
1973
1973
1993
1993
1994
1994
1994
1994
1995
19b5
19b5
19b5
19b6
19b6
19b6
19d7
2218
327b
433e
741a
9436
8c15
8bf4
62d1
10ec
110c
196f
3231
31cd
10a5
0821
0821
0821
0821
0821
0821
0821
0821
0821
0821
0821
0821
8411
9493
9493
9493
73af
0821
0821
0821
0821
0821
0821
0821
0821
0821
0821
0821
0821
0821
0821
0821
0821
0821
0821
0821
0821
28e2
bcc5
e5a6
f626
fe66
fea7
fff3
f6aa
b4a5
1081
0821
0821
0821
0821
0821
0821
0821
0821
0821
0821
0821
0821
0821
0821
0821
0821
0821
0821
0821
0821
0821
0821
0821
0821
0821
0821
0821
0821
0821
0821
0821
0821
0821
0821
0821
0821
0821
0821
0821
0821
0821
0821
0821
0821
0821
0821
0821
0821
0821
0821
0821
0821
0821
0821
0821
0821
0821
0821
0821
0821
0821
0821
0821
0821
0821
0821
0821
0821
0821
0821
0821
0821
0821
0821
0821
0821
0821
0821
0821
0821
0821
0821
0821
0821
0821
0821
0821
0821
0821
0821
0821
0821
0821
0821
0821
0821
0821
0821
0821
0821
0821
0821
0821
0821
0821
0821
0821
0821
0821
0821
0821
0821
0821
0821
0821
0821
0821
0821
0821
0821
0821
0821
0821
0842
18e7
31f0
3231
10c6
0821
0821
0821
0821
0821
0821
0821
0821
0821
0821
0821
0821
0821
0821
0821
0821
0821
0821
0821
0821
0821
0821
0821
0821
0821
0821
0821
0821
0821
0821
0821
0821
0821
0821
10a3
2965
4a69
6b4c
7bef
8c50
9cd3
a514
9d14
9cf4
9cd3
94b3
9493
9453
83d2
52f2
2a12
19b3
1973
1993
1993
1994
1994
1994
1994
1995
19b5
19b5
19b5
19b6
19b6
21f7
2a59
3add
4b9f
5c3f
6bfc
83d5
8bd4
7b73
31ce
110c
216f
3232
29cd
10a5
0821
0821
0821
0821
0821
0821
0821
0821
0821
0821
0821
0821
0821
5b0c
9493
9493
9493
73cf
0841
0821
0821
0821
0821
0821
0821
0821
0821
0821
0821
0821
0821
0821
0821
0821
0821
0821
0821
0821
72e3
d545
ede6
fe46
fe66
ff4c
ffb2
dd86
7b23
0821
0821
0821
0821
0821
0821
0821
0821
0821
0821
0821
0821
0821
0821
0821
0821
0821
0821
0821
0821
0821
0821
0821
0821
0821
0821
0821
0821
0821
0821
0821
0821
0821
0821
0821
0821
0821
0821
0821
0821
0821
0821
0821
0821
0821
0821
0821
0821
0821
0821
0821
0821
0821
0821
0821
0821
0821
0821
0821
0821
0821
0821
0821
0821
0821
0821
0821
0821
0821
0821
0821
0821
0821
0821
0821
0821
0821
0821
0821
0821
0821
0821
0821
0821
0821
0821
0821
0821
0821
0821
0821
0821
0821
0821
0821
0821
0821
0821
0821
0821
0821
0821
0821
0821
0821
0821
0821
0821
0821
0821
0821
0821
0821
0821
0821
0821
0821
0821
0821
0821
0821
0821
0821
0862
1908
3211
42f8
4b19
3210
10a5
0821
0821
0821
0821
0821
0821
0821
0821
0821
0821
0821
0821
0821
0821
0821
0821
0821
0821
0821
0821
0821
0821
0821
0821
0821
0821
0821
0821
0821
0821
0821
0862
18c3
3186
4a69
6b4d
8c50
9cf2
a534
ad75
b5b6
b5b6
b596
b596
b575
ad75
ad55
a534
9cf4
8c53
6393
4293
21d3
1994
21d5
21f6
19b5
1995
19b5
19b5
19b5
19b6
19d6
2218
329b
435e
5bff
5bfe
3a94
298c
3a52
4271
192d
110d
218f
3232
29cd
10a5
0821
0821
0821
0821
0821
0821
0821
0821
0821
0821
0821
0821
0821
0821
2104
8c93
9493
8c72
18c3
0821
0821
0821
0821
0821
0821
0821
0821
0821
0821
0821
0821
0821
0821
0821
0821
0821
0821
0821
20c1
b4a5
e5a6
f626
fe66
fea7
ffd2
f6ca
bcc5
2922
0821
0821
0821
0821
0821
0821
0821
0821
0821
0821
0821
0821
0821
0821
0821
0821
0821
0821
0821
0821
0821
0821
0821
0821
0821
0821
0821
0821
0821
0821
0821
0821
0821
0821
0821
0821
0821
0821
0821
0821
0821
0821
0821
0821
0821
0821
0821
0821
0821
0821
0821
0821
0821
0821
0821
0821
0821
0821
0821
0821
0821
0821
0821
0821
0821
0821
0821
0821
0821
0821
0821
0821
0821
0821
0821
0821
0821
0821
0821
0821
0821
0821
0821
0821
0821
0821
0821
0821
0821
0821
0821
0821
0821
0821
0821
0821
0821
0821
0821
0821
0821
0821
0821
0821
0821
0821
0821
0821
0821
0821
0821
0821
0821
0821
0821
0821
0821
0821
0821
0821
0821
0821
0863
1929
3232
42f9
42fa
3ab9
42f9
31ef
1084
0821
0821
0821
0821
0821
0821
0821
0821
0821
0821
0821
0821
0821
0821
0821
0821
0821
0821
0821
0821
0821
0821
0821
0821
0821
0821
0821
0821
0821
0821
0821
0821
0821
0821
1062
2925
4a49
7bce
9cf3
ad75
b5b6
bdf7
c617
c617
bdf7
bdd7
b5b6
b596
ad75
a534
94b3
73d3
42b4
3238
3218
29f7
1995
19b5
19b5
19b5
21f7
2a5a
42fd
53bf
641f
4b39
212a
0842
1083
31ee
3212
112d
218f
3232
29cd
10a5
0821
0821
0821
0821
0821
0821
0821
0821
0821
0821
0821
0821
0821
0821
0821
0821
0821
18a3
18c3
0821
0821
0821
0821
0821
0821
0821
0821
0821
0821
0821
0821
0821
0821
0821
0821
0821
0821
0821
0821
6aa3
d545
ede6
fe46
fe66
ff4b
ffd2
dda6
8343
0821
0821
0821
0821
0821
0821
0821
0821
0821
0821
0821
0821
0821
0821
0821
0821
0821
0821
0821
0821
0821
0821
0821
0821
0821
0821
0821
0821
0821
0821
0821
0821
0821
0821
0821
0821
0821
0821
0821
0821
0821
0821
0821
0821
0821
0821
0821
0821
0821
0821
0821
0821
0821
0821
0821
0821
0821
0821
0821
0821
0821
0821
0821
0821
0821
0821
0821
0821
0821
0821
0821
0821
0821
0821
0821
0821
0821
0821
0821
0821
0821
0821
0821
0821
0821
0821
0821
0821
0821
0821
0821
0821
0821
0821
0821
0821
0821
0821
0821
0821
0821
0821
0821
0821
0821
0821
0821
0821
0821
0821
0821
0821
0821
0821
0821
0821
0821
0821
0821
0821
0821
0821
0883
214a
3a53
4b19
42fa
3277
2a15
3ab9
42f8
29ae
0883
0821
0821
0821
0821
0821
0821
0821
0821
0821
0821
0821
0821
0821
0821
0821
0821
0821
0821
0821
0821
0821
0821
0821
0821
0821
0821
0821
0821
0821
0821
0821
0821
0821
0821
0821
0821
18e4
6330
94d5
a534
ad75
bdd6
c638
ce59
ce79
c638
c618
bdf7
b5b6
ad75
a534
94b4
6bb5
4297
29f7
1995
19b5
19d6
2a38
3abc
4b7e
5c1f
53bc
29ef
0863
0821
0821
0821
2129
3a32
21b0
3232
29cd
10a5
0821
0821
0821
0821
0821
0821
0821
0821
0821
0821
0821
0821
0821
0821
0821
0821
0821
0821
0821
0821
0821
0821
0821
0821
0821
0821
0821
0821
0821
0821
0821
0821
0821
0821
0821
0821
0821
0821
0821
18a1
b484
e5a5
f626
fe66
fe87
ffd2
f6eb
c4e5
3142
0821
0821
0821
0821
0821
0821
0821
0821
0821
0821
0821
0821
0821
0821
0821
0821
0821
0821
0821
0821
0821
0821
0821
0821
0821
0821
0821
0821
0821
0821
0821
0821
0821
0821
0821
0821
0821
0821
0821
0821
0821
0821
0821
0821
0821
0821
0821
0821
0821
0821
0821
0821
0821
0821
0821
0821
0821
0821
0821
0821
0821
0821
0821
0821
0821
0821
0821
0821
0821
0821
0821
0821
0821
0821
0821
0821
0821
0821
0821
0821
0821
0821
0821
0821
0821
0821
0821
0821
0821
0821
0821
0821
0821
0821
0821
0821
0821
0821
0821
0821
0821
0821
0821
0821
0821
0821
0821
0821
0821
0821
0821
0821
0821
0821
0821
0821
0821
0821
0821
0821
0821
1084
216b
3a74
4b1a
42fa
3257
21d4
1992
21f5
3ad9
42d8
298c
0863
0821
0821
0821
0821
0821
0821
0821
0821
0821
0821
0821
0821
0821
0821
0821
0821
0821
0821
20e5
41c9
0862
0821
0821
0821
0821
0821
0821
0821
0821
0821
0821
0821
0821
0821
0821
0821
3a51
63da
7414
9cf4
ad55
b5b6
c618
ce79
d6ba
d69a
ce79
c638
bdf7
b5b6
ad75
a514
8434
42b4
21d5
21f7
327a
433d
5bdf
5bfe
3a94
10c6
0821
0821
0821
0821
0821
1084
31ef
3a52
29cd
10a4
0821
0821
0821
0821
0821
0821
0821
0821
0821
0821
0821
0821
0821
0821
0821
0821
0821
0821
0821
0821
0821
0821
0821
0821
0821
0821
0821
0821
0821
0821
0821
0821
0821
0821
0821
0821
0821
0821
0821
0821
6283
cd25
ede6
fe46
fe66
ff2a
ffd3
e5c7
8b84
0841
0821
0821
0821
0821
0821
0821
0821
0821
0821
0821
0821
0821
0821
0821
0821
0821
0821
0821
0821
0821
0821
0821
0821
0821
0821
0821
0821
0821
0821
0821
0821
0821
0821
0821
0821
0821
0821
0821
0821
0821
0821
0821
0821
0821
0821
0821
0821
0821
0821
0821
0821
0821
0821
0821
0821
0821
0821
0821
0821
0821
0821
0821
0821
0821
0821
0821
0821
0821
0821
0821
0821
0821
0821
0821
0821
0821
0821
0821
0821
0821
0821
0821
0821
0821
0821
0821
0821
0821
0821
0821
0821
0821
0821
0821
0821
0821
0821
0821
0821
0821
0821
0821
0821
0821
0821
0821
0821
0821
0821
0821
0821
0821
0821
0821
0821
0821
0821
0821
0821
0841
10a5
218c
3a94
4b1a
42da
2a37
21b4
1972
1172
1992
2a15
42da
42d7
216b
0862
0821
0821
0821
0821
0821
0821
0821
0821
0821
0821
0821
0821
0821
0821
0821
0821
0821
524b
7350
20e5
0821
0821
0821
0821
0821
0821
0821
0821
0821
0821
0821
0821
0821
0821
0841
3a52
539c
3ab6
5b32
94b3
ad55
b5b6
c618
d699
defb
defb
d6ba
ce79
c638
bdf7
b596
ad55
8c94
5b56
42fb
539f
5c1f
4b39
214b
0842
0821
0821
0821
0821
0821
0821
0841
18c6
1908
1084
0821
0821
0821
0821
0821
0821
0821
0821
0821
0821
0821
0821
0821
0821
0821
0821
0821
0821
0821
0821
0821
0821
0821
0821
0821
0821
0821
0821
0821
0821
0821
0821
0821
0821
0821
0821
0821
0821
0821
0821
1881
ac64
dda5
f626
fe66
fe87
ffd1
f70c
c505
3982
0821
0821
0821
0821
0821
0821
0821
0821
0821
0821
0821
0821
0821
0821
0821
0821
0821
0821
0821
0821
0821
0821
0821
0821
0821
0821
0821
0821
0821
0821
0821
0821
0821
0821
0821
0821
0821
0821
0821
0821
0821
0821
0821
0821
0821
0821
0821
0821
0821
0821
0821
0821
0821
0821
0821
0821
0821
0821
0821
0821
0821
0821
0821
0821
0821
0821
0821
0821
0821
0821
0821
0821
0821
0821
0821
0821
0821
0821
0821
0821
0821
0821
0821
0821
0821
0821
0821
0821
0821
0821
0821
0821
0821
0821
0821
0821
0821
0821
0821
0821
0821
0821
0821
0821
0821
0821
0821
0821
0821
0821
0821
0821
0821
0821
0821
0821
0821
0821
0821
0841
10a5
29ad
4295
4b1a
3ab9
2a36
21b3
1972
1172
1172
1172
1992
2a16
42fa
42b6
214a
0842
0821
0821
0821
0821
0821
0821
0821
0821
0821
0821
0821
0821
0821
0821
0821
0821
1083
2946
0821
0821
0821
0821
0821
0821
0821
0821
0821
396a
49ee
396a
0821
0821
0821
0842
3a73
537c
3257
21b2
4ad2
9493
ad55
bdb6
c638
d69a
e71b
e73c
defb
d6ba
ce59
c617
b5b6
ad75
9cf5
7c59
5bbb
31ef
0864
0821
0821
0821
0821
0821
0821
0821
0821
0821
0821
0821
0821
0821
0821
0821
0821
0821
0821
0821
0821
0821
0821
0821
0821
0821
0821
0821
0821
0841
0841
0842
1062
0842
0842
0842
0841
0842
0821
0821
0821
0821
0821
0821
0821
0821
0821
0821
0821
0821
0821
0821
0821
5a43
cd25
ede6
fe46
fe66
ff2a
ffd3
e5e7
93c4
0841
0821
0821
0821
0821
0821
0821
0821
0821
0821
0821
0821
0821
0821
0821
0821
0821
0821
0821
0821
0821
0821
0821
0821
0821
0821
0821
0821
0821
0821
0821
0821
0821
0821
0821
0821
0821
0821
0821
0821
0821
0821
0821
0821
0821
0821
0821
0821
0821
0821
0821
0821
0821
0821
0821
0821
0821
0821
0821
0821
0821
0821
0821
0821
0821
0821
0821
0821
0821
0821
0821
0821
0821
0821
0821
0821
0821
0821
0821
0821
0821
0821
0821
0821
0821
0821
0821
0821
0821
0821
0821
0821
0821
0821
0821
0821
0821
0821
0821
0821
0821
0821
0821
0821
0821
0821
0821
0821
0821
0821
0821
0821
0821
0821
0821
0821
0821
0821
0821
0842
10c6
29ce
42b6
431a
3ab9
2a15
19b3
1971
1151
1151
1151
1151
1151
1992
2a36
42fa
3a95
1908
0842
0821
0821
0821
0821
0821
0821
0821
0821
0821
0821
0821
0821
0821
0821
0821
0821
0821
0821
0821
0821
0821
0821
0821
0821
0821
18a4
5a51
5a51
5a51
2907
0821
0821
0842
4294
537d
3257
1992
1991
52f2
94b3
ad75
bdd7
ce58
d6ba
e73c
ef5c
e71c
deda
ce79
c638
bdd7
ad75
9cf4
52ac
0862
0821
0821
0821
0821
0821
0821
0821
0821
0821
0821
0821
0821
0821
0821
0821
0821
0821
0821
0821
0821
0821
0821
0821
0821
0821
0821
0821
0821
0841
0842
1062
1083
18c4
1083
1062
1062
1062
1062
0842
0841
0821
0821
0821
0821
0821
0821
0821
0821
0821
0821
0821
0821
1081
ac24
dd85
f626
fe46
fe87
ffd1
f70d
cd05
41a2
0821
0821
0821
0821
0821
0821
0821
0821
0821
0821
0821
0821
0821
0821
0821
0821
0821
0821
0821
0821
0821
0821
0821
0821
0821
0821
0821
0821
0821
0821
0821
0821
0821
0821
0821
0821
0821
0821
0821
0821
0821
0821
0821
0821
0821
0821
0821
0821
0821
0821
0821
0821
0821
0821
0821
0821
0821
0821
0821
0821
0821
0821
0821
0821
0821
0821
0821
0821
0821
0821
0821
0821
0821
0821
0821
0821
0821
0821
0821
0821
0821
0821
0821
0821
0821
0821
0821
0821
0821
0821
0821
0821
0821
0821
0821
0821
0821
0821
0821
0821
0821
0821
0821
0821
0821
0821
0821
0821
0821
0821
0821
0821
0821
0821
0821
0821
0821
0821
0842
18e7
31ef
42b6
42fa
3a98
2a15
1992
1971
1151
1151
1151
1151
1151
1151
1151
1993
3256
42fa
3a73
18e7
0841
0821
0821
0821
0821
0821
0821
0821
0821
0821
0821
0821
0821
0821
0821
0821
0821
0821
0821
0821
0821
0821
0821
0821
0821
2907
5a51
5a51
5a51
20c6
0821
0821
0842
42b4
537c
3257
1992
1172
21b2
5b32
9cf4
b595
bdf7
ce79
defb
ef5d
f79d
ef5c
defb
d6ba
c638
bdd6
ad54
8c71
39e7
0841
0821
0821
0821
0821
0821
0821
0821
0821
0821
0821
0821
0821
0821
0821
0821
0821
0821
0821
0821
0821
0821
0821
0821
0821
0821
0821
0821
0841
1062
18a3
2105
5aab
20e4
18a3
1083
1083
1083
1062
0842
0841
0841
0821
0821
0821
0821
0821
0821
0821
0821
0821
0821
5202
cd25
ede6
fe46
fe66
ff09
fff3
e5e7
9be4
1061
0821
0821
0821
0821
0821
0821
0821
0821
0821
0821
0821
0821
0821
0821
0821
0821
0821
0821
0821
0821
0821
0821
0821
0821
0821
0821
0821
0821
0821
0821
0821
0821
0821
0821
0821
0821
0821
0821
0821
0821
0821
0821
0821
0821
0821
0821
0821
0821
0821
0821
0821
0821
0821
0821
0821
0821
0821
0821
0821
0821
0821
0821
0821
0821
0821
0821
0821
0821
0821
0821
0821
0821
0821
0821
0821
0821
0821
0821
0821
0821
0821
0821
0821
0821
0821
0821
0821
0821
0821
0821
0821
0821
0821
0821
0821
0821
0821
0821
0821
0821
0821
0821
0821
0821
0821
0821
0821
0821
0821
0821
0821
0821
0821
0821
0821
0821
0821
0842
1907
31ef
42d7
42f9
3277
21f4
1992
1951
1151
1151
1151
1151
1151
1151
1151
1151
1151
1993
3257
42f9
3a52
10c6
0821
0821
0821
0821
0821
0821
0821
0821
0821
0821
0821
0821
0821
0821
0821
0821
0821
0821
0821
0821
0821
0821
0821
0821
0821
398b
520f
41ac
0841
0821
0821
0842
42d5
537c
3256
1992
1172
1172
29d2
73d3
a534
b5b6
c638
d6ba
e73c
f7be
f7be
ef7d
defb
d679
c617
b5b5
ad34
840f
2945
0841
0821
0821
0821
0821
0821
0821
0821
0821
0821
0821
0821
0821
0821
0821
0821
0821
0821
0821
0821
0821
0821
0821
0821
0821
0821
0821
0862
1082
3187
d69a
ffff
ce39
2105
2105
62ad
734f
3187
1062
0842
0841
0841
0821
0841
0841
0842
1062
0841
0841
0821
1061
a404
dd85
f606
fe46
fe87
ffb0
ff2e
cd25
49e2
0821
0821
0821
0821
0821
0821
0821
0821
0821
0821
0821
0821
0821
0821
0821
0821
0821
0821
0821
0821
0821
0821
0821
0821
0821
0821
0821
0821
0821
0821
0821
0821
0821
0821
0821
0821
0821
0821
0821
0821
0821
0821
0821
0821
0821
0821
0821
0821
0821
0821
0821
0821
0821
0821
0821
0821
0821
0821
0821
0821
0821
0821
0821
0821
0821
0821
0821
0821
0821
0821
0821
0821
0821
0821
0821
0821
0821
0821
0821
0821
0821
0821
0821
0821
0821
0821
0821
0821
0821
0821
0821
0821
0821
0821
0821
0821
0821
0821
0821
0821
0821
0821
0821
0821
0821
0821
0821
0821
0821
0821
0821
0821
0821
0821
0821
0821
0821
0863
1908
3210
42d7
42f9
3277
21d4
1972
1151
1151
1151
1151
1151
1151
1151
1151
1151
1151
1151
1151
21b3
3277
42f9
3211
10a5
0821
0821
0821
0821
0821
0821
0821
0821
0821
0821
0821
0821
0821
0821
0821
0821
0821
0821
0821
0821
0821
0821
0821
0821
0821
0821
0821
0821
0821
0821
0862
4ad6
537c
3256
1992
1172
1172
1972
3a72
9493
ad75
bdf7
ce79
defb
ef7d
ffde
f7bd
ef3b
deda
ce78
c617
b595
a513
6b4d
18c3
0841
0841
0841
0821
0821
0821
0821
0821
0821
0821
0821
0821
0821
0821
0821
0821
20e7
18a5
0821
0821
0821
0821
0821
0821
0821
0841
1082
18c3
4a4a
ffff
ffff
ffdf
3187
7b91
ff3f
ff7f
c599
18a3
0862
0841
0841
0821
0841
1062
1083
18a3
1062
0842
0841
49e2
cd05
edc6
f646
fe66
ff09
fff4
e608
a404
1061
0821
0821
0821
0821
0821
0821
0821
0821
0821
0821
0821
0821
0821
0821
0821
0821
0821
0821
0821
0821
0821
0821
0821
0821
0821
0821
0821
0821
0821
0821
0821
0821
0821
0821
0821
0821
0821
0821
0821
0821
0821
0821
0821
0821
0821
0821
0821
0821
0821
0821
0821
0821
0821
0821
0821
0821
0821
0821
0821
0821
0821
0821
0821
0821
0821
0821
0821
0821
0821
0821
0821
0821
0821
0821
0821
0821
0821
0821
0821
0821
0821
0821
0821
0821
0821
0821
0821
0821
0821
0821
0821
0821
0821
0821
0821
0821
0821
0821
0821
0821
0821
0821
0821
0821
0821
0821
0821
0821
0821
0821
0821
0821
0821
0821
0821
0821
0863
2129
3231
42d7
42d9
3256
21d3
1971
1150
1150
1150
1150
1150
1150
1150
1151
1151
1151
1151
1151
1151
1951
21b3
3277
42f8
31ef
10a4
0821
0821
0821
0821
0821
0821
0821
0821
0821
0821
0821
0821
0821
0821
0821
0821
0821
0821
0821
0821
0821
0821
0821
0821
0821
0821
0821
0821
0821
0863
4af7
535c
2a36
1993
1172
1172
1972
21d3
6bb4
a534
b5b6
ce58
d6ba
e73b
f79d
ffbd
f79d
e73b
deda
ce58
bdf6
ad74
9cd2
4a49
1082
0862
0841
0841
0821
0821
0821
0821
0821
0821
0821
0821
0821
0821
0821
3129
6272
6272
18a4
0821
0821
0821
0821
0821
0821
0821
0842
1082
2925
ce39
ffdf
b576
3166
c59a
ffbf
ffff
ff5f
526b
1083
0862
0841
0841
0862
18a3
a515
c619
41e8
1062
1061
9be4
dd85
f606
fe46
fe67
ffaf
ff4e
cd25
5223
0841
0841
0821
0821
0821
0821
0821
0821
0821
0821
0821
0821
0821
0821
0821
0821
0821
0821
0821
0821
0821
0821
0821
0821
0821
0821
0821
0821
0821
0821
0821
0821
0821
0821
0821
0821
0821
0821
0821
0821
0821
0821
0821
0821
0821
0821
0821
0821
0821
0821
0821
0821
0821
0821
0821
0821
0821
0821
0821
0821
0821
0821
0821
0821
0821
0821
0821
0821
0821
0821
0821
0821
0821
0821
0821
0821
0821
0821
0821
0821
0821
0821
0821
0821
0821
0821
0821
0821
0821
0821
0821
0821
0821
0821
0821
0821
0821
0821
0821
0821
0821
0821
0821
0821
0821
0821
0821
0821
0821
0821
0821
0821
0821
0821
0821
0821
1084
214a
3a52
42d7
42d8
3235
21b3
1971
1150
1150
1150
1150
1150
1150
1150
1150
1150
1150
1150
1150
1150
1150
1150
1951
21d3
3a97
42d8
29ce
1084
0821
0821
0821
0821
0821
0821
0821
0821
0821
0821
0821
0821
0821
0821
0821
0821
0821
0821
0821
0821
0821
0821
0821
0821
0821
0821
0821
0821
0863
4b18
4b5c
2a36
1993
1972
1993
21d5
3258
5b79
9cf5
b596
bdf7
ce78
defa
ef7c
ffbd
ffbd
f79c
e71b
d6b9
c637
bdb6
ad54
8c50
2965
1062
0842
0841
0821
0821
0821
0821
0821
0821
0821
0821
0821
0821
0821
396b
6272
6272
2908
0821
0821
0821
0821
0821
0821
0821
0841
1062
10a3
20e4
4a2a
2926
5a4e
7b13
9c36
eefe
d5fb
18a3
0862
0841
0841
0841
1062
41e9
ffff
ffff
9472
1083
41c3
c505
e5c6
f646
fe66
fee8
fff4
ee28
ac45
18c2
0862
0841
0821
0821
0821
0821
0821
0821
0821
0821
0821
0821
0821
0821
0821
0821
0821
0821
0821
0821
0821
0821
0821
0821
0821
0821
0821
0821
0821
0821
0821
0821
0821
0821
0821
0821
0821
0821
0821
0821
0821
0821
0821
0821
0821
0821
0821
0821
0821
0821
0821
0821
0821
0821
0821
0821
0821
0821
0821
0821
0821
0821
0821
0821
0821
0821
0821
0821
0821
0821
0821
0821
0821
0821
0821
0821
0821
0821
0821
0821
0821
0821
0821
0821
0821
0821
0821
0821
0821
0821
0821
0821
0821
0821
0821
0821
0821
0821
0821
0821
0821
0821
0821
0821
0821
0821
0821
0821
0821
0821
0821
0821
0821
0821
0821
1084
216b
3a52
42f8
3ab8
2a35
21b2
1950
1150
1150
1150
1150
1150
1150
1150
1150
1150
1150
1150
1150
1150
1150
1150
1150
1150
1951
21d3
3a98
42d7
29ac
0863
0821
0821
0821
0821
0821
0821
0821
0821
0821
0821
0821
0821
0821
0821
0821
0821
0821
0821
0821
0821
0821
0821
0821
0821
0821
0821
0821
1083
4b38
4b5c
2a36
1993
21b4
2a36
3ada
537d
5bdd
7c34
a534
b5b5
c637
d6b9
ef3b
f7bd
ffbd
f7bd
ef7c
defa
d678
c637
bdf6
b575
7bef
18a3
0862
0841
0821
0821
0821
0821
0821
0821
0821
0821
0821
0821
0821
1063
396b
398b
0821
0821
0821
0821
0821
0821
0821
0821
0841
0842
1062
1083
18c4
2927
6ab1
72b1
7b13
7b51
41c9
1062
0842
0841
0841
0841
0862
18a3
ad56
d69a
3187
1082
93a4
dd65
ee06
fe46
fe66
ff8e
ff6f
d546
bd4e
9492
10a3
0842
0821
0821
0821
0821
0821
0821
0821
0821
0821
0821
0821
0821
0821
0821
0821
0821
0821
0821
0821
0821
0821
0821
0821
0821
0821
0821
0821
0821
0821
0821
0821
0821
0821
0821
0821
0821
0821
0821
0821
0821
0821
0821
0821
0821
0821
0821
0821
0821
0821
0821
0821
0821
0821
0821
0821
0821
0821
0821
0821
0821
0821
0821
0821
0821
0821
0821
0821
0821
0821
0821
0821
0821
0821
0821
0821
0821
0821
0821
0821
0821
0821
0821
0821
0821
0821
0821
0821
0821
0821
0821
0821
0821
0821
0821
0821
0821
0821
0821
0821
0821
0821
0821
0821
0821
0821
0821
0821
0821
0821
0821
0821
0841
10a5
298b
3a73
42d8
3a97
2a14
1992
1950
1130
1150
1150
1150
1150
1150
1150
1150
1150
1150
1150
1150
1150
1150
1150
1150
1150
1150
1150
1951
21f4
3ab8
42b6
216b
0863
0821
0821
0821
0821
0821
0821
0821
0821
0821
0821
0821
0821
0821
0821
0821
0821
0821
0821
0821
0821
0821
0821
0821
0821
0821
0821
1084
5339
4b5c
2a36
21f5
3298
4b3c
5bbe
5339
298c
4208
9cd2
b595
c617
d699
e71b
f79d
ffbd
ffbd
f7bd
ef3b
deb9
d699
c637
b5b5
ad34
2945
1082
0862
0821
0821
0821
0821
0821
0821
0821
0821
0821
0821
0821
0821
0821
0821
0821
0821
0821
0821
0821
0821
0821
0821
0841
0841
0841
0862
1082
20e5
6ab1
6ab1
6ab1
2927
1062
0842
0841
0841
0821
0821
0841
1062
1083
18a3
1062
3982
c4e5
e5c6
f626
fe66
fec8
fff4
ee48
bce6
ef5b
ffff
3186
1062
0841
0821
0821
0821
0821
0821
0821
0821
0821
0821
0821
0821
0821
0821
0821
0821
0821
0821
0821
0821
0821
0821
0821
0821
0821
0821
0821
0821
0821
0821
0821
0821
0821
0821
0821
0821
0821
0821
0821
0821
0821
0821
0821
0821
0821
0821
0821
0821
0821
0821
0821
0821
0821
0821
0821
0821
0821
0821
0821
0821
0821
0821
0821
0821
0821
0821
0821
0821
0821
0821
0821
0821
0821
0821
0821
0821
0821
0821
0821
0821
0821
0821
0821
0821
0821
0821
0821
0821
0821
0821
0821
0821
0821
0821
0821
0821
0821
0821
0821
0821
0821
0821
0821
0821
0821
0821
0821
0821
0821
0821
0841
10a5
298c
3a94
42d7
3a96
29f4
1991
1150
1130
1130
1130
1130
1130
1130
1130
1130
1130
1130
1130
1130
1150
1150
1150
1150
1150
1150
1150
1150
1150
1971
29f4
3ab8
4295
214a
0842
0821
0821
0821
0821
0821
0821
0821
0821
0821
0841
0862
1082
1083
1083
1082
0842
0821
0821
0821
0821
0821
0821
0821
0821
0821
10a4
535a
4b3c
3278
42fb
539e
539c
3231
10a5
0821
2104
8c30
ad54
bdf6
ce78
defa
f77c
ffbd
ffbd
ffbd
f77c
e6fa
d699
ce58
bdd6
9cd2
4208
0862
0841
0821
0821
0821
0821
0821
0821
0821
0821
0821
0821
0821
0821
0821
0821
0821
0821
0821
0821
0821
0821
0821
0821
0821
0821
0821
0821
0821
0841
20c5
49cb
20e5
1062
0842
0841
0841
0841
0821
0821
0841
0841
0842
1062
0862
8b84
d565
ee06
fe46
fe66
ff8e
ff90
d566
7305
b596
9493
1083
0842
0821
0821
0821
0821
0821
0821
0821
0821
0821
0821
0821
0821
0821
0821
0821
0821
0821
0821
0821
0821
0821
0821
0821
0821
0821
0821
0821
0821
0821
0821
0821
0821
0821
0821
0821
0821
0821
0821
0821
0821
0821
0821
0821
0821
0821
0821
0821
0821
0821
0821
0821
0821
0821
0821
0821
0821
0821
0821
0821
0821
0821
0821
0821
0821
0821
0821
0821
0821
0821
0821
0821
0821
0821
0821
0821
0821
0821
0821
0821
0821
0821
0821
0821
0821
0821
0821
0821
0821
0821
0821
0821
0821
0821
0821
0821
0821
0821
0821
0821
0821
0821
0821
0821
0821
0821
0821
0821
0821
0821
0821
0821
1084
29ce
42d6
3a97
29f3
1971
1130
112f
112f
112f
112f
112f
1130
1130
1130
1130
1130
1130
1130
1130
1130
1130
1130
1130
1130
1130
1130
1130
1130
1150
1971
2a14
42d8
3a94
2129
0842
0821
0821
0821
0821
0821
0841
1082
2104
39a6
4a29
4a69
39c7
18e4
0842
0821
0821
0821
0821
0821
0821
0821
0821
0821
0821
10a5
537a
4b5c
535d
5bbe
42b5
1908
0842
0821
0821
1082
738d
ad34
bdd6
ce58
deda
ef7c
ffbd
ffbd
ffbd
f7bd
e73b
d6b9
c637
b5b5
a513
62eb
1062
0841
0821
0821
0821
0821
0821
0821
0821
0821
0821
0821
0821
0821
0821
0821
0821
0821
0821
0821
0821
0821
0821
0821
0821
0821
0821
0821
0821
0821
0841
0841
0841
0842
0841
0841
0821
0821
0821
0821
0821
0821
0821
0821
3142
c4e5
e5c6
f626
fe66
fec8
fff3
ee69
b485
20e2
1083
1082
0862
0841
0821
0821
0821
0821
0821
0821
0821
0821
0821
0821
0821
0821
0821
0821
0821
0821
0821
0821
0821
0821
0821
0821
0821
0821
0821
0821
0821
0821
0821
0821
0821
0821
0821
0821
0821
0821
0821
0821
0821
0821
0821
0821
0821
0821
0821
0821
0821
0821
0821
0821
0821
0821
0821
0821
0821
0821
0821
0821
0821
0821
0821
0821
0821
0821
0821
0821
0821
0821
0821
0821
0821
0821
0821
0821
0821
0821
0821
0821
0821
0821
0821
0821
0821
0821
0821
0821
0821
0821
0821
0821
0821
0821
0821
0821
0821
0821
0821
0821
0821
0821
0821
0821
0821
0821
0821
0821
0821
0821
0821
0821
0821
0821
10a5
31ef
42d7
3255
1991
112f
112f
112f
112f
112f
112f
112f
112f
112f
112f
112f
112f
112f
112f
112f
1130
1130
1130
1130
1130
1130
1130
1130
1130
1130
1971
2a14
42d8
3a53
1908
0842
0821
0821
0821
1082
2965
5269
736d
840f
6b4d
3186
1062
0821
0821
0821
0821
0821
0821
0821
0821
0821
0821
0821
0821
10a5
537b
5bbe
5339
298c
0863
0821
0821
0821
0821
0842
5acb
a513
b5b5
ce37
deda
ef5c
f7bd
ffbd
ffbd
ffbd
ef5c
deda
ce58
bdd6
ad54
7bcf
18c3
0841
0821
0821
0821
0821
0821
0821
0821
0821
0821
0821
0821
0821
0821
0821
0821
0821
0821
0821
0821
0821
0821
0821
0821
0821
0821
0821
0821
0821
0821
0821
0821
1062
1083
0842
0821
0821
0821
0821
0821
0821
0821
0841
8343
d565
ee06
fe46
fe66
ff6d
ff91
d566
72c3
0841
0862
0841
0841
0841
0821
0821
0821
0821
0821
0821
0821
0821
0821
0821
0821
0821
0821
0821
0821
0821
0821
0821
0821
0821
0821
0821
0821
0821
0821
0821
0821
0821
0821
0821
0821
0821
0821
0821
0821
0821
0821
0821
0821
0821
0821
0821
0821
0821
0821
0821
0821
0821
0821
0821
0821
0821
0821
0821
0821
0821
0821
0821
0821
0821
0821
0821
0821
0821
0821
0821
0821
0821
0821
0821
0821
0821
0821
0821
0821
0821
0821
0821
0821
0821
0821
0821
0821
0821
0821
0821
0821
0821
0821
0821
0821
0821
0821
0821
0821
0821
0821
0821
0821
0821
0821
0821
0821
0821
0821
0821
0821
0821
0821
0821
0821
0821
0821
10c6
3210
42d7
3234
1970
112f
112f
112f
112f
112f
112f
112f
112f
112f
112f
112f
112f
112f
112f
112f
112f
112f
112f
112f
112f
112f
112f
112f
112f
1130
1971
2a35
42d7
3a31
18e7
0841
0841
2104
4a49
7bae
9491
9cb2
738d
3186
0862
0821
0821
0821
0821
0821
0821
0821
0821
0821
0821
0821
0821
0821
10a4
4294
320f
10a5
0821
0821
0821
0821
0821
0821
0821
4a49
a513
b595
c637
d6b9
ef3b
f7bd
ffbd
ffbd
ffbd
f79c
e71a
d678
c5f7
ad74
9471
2945
0821
0821
0821
0821
0821
0821
0821
0821
0821
0821
0821
0821
0821
0821
0821
0821
0821
0821
0821
0821
0821
0821
0821
0821
0821
0821
0821
0821
0821
0821
0821
0841
41ab
7330
5acd
0821
0821
0821
0821
0821
0821
0821
2922
bcc5
e5c6
f626
fe66
fea8
fff3
f689
bca5
20e1
0821
0821
0821
0821
0821
0821
0821
0821
0821
0821
0821
0821
0821
18c3
632c
5acb
0841
0821
0821
0821
0821
0821
0821
0821
0821
0821
0821
0821
0821
0821
0821
0821
0821
0821
0821
0821
0821
0821
0821
0821
0821
0821
0821
0821
0821
0821
0821
0821
0821
0821
0821
0821
0821
0821
0821
0821
0821
0821
0821
0821
0821
0821
0821
0821
0821
0821
0821
0821
0821
0821
0821
0821
0821
0821
0821
0821
0821
0821
0821
0821
0821
0821
0821
0821
0821
0821
0821
0821
0821
0821
0821
0821
0821
0821
0821
0821
0821
0821
0821
0821
0821
0821
0821
0821
0821
0821
0821
0821
0821
0821
0821
0821
0821
0821
0821
0821
0821
0821
0841
18e6
3a31
42b7
2a14
1970
112f
112f
112f
112f
112f
112f
112f
112f
112f
112f
112f
112f
112f
112f
112f
112f
112f
112f
112f
112f
112f
112f
112f
112f
112f
1991
3235
42d7
3210
18e6
2945
630b
8c70
a513
a513
840f
39e7
1062
0821
0821
0821
0821
0821
0821
0821
0821
0821
0821
0821
0821
0821
0821
0821
0821
0821
0821
0821
0821
0821
0821
0821
0821
0821
4208
9cf2
b595
c617
d6b9
e73b
f7bd
ffbd
ffbd
ffbd
f7bd
e73b
d699
c617
b595
9cd2
41e7
0821
0821
0821
0821
0821
0821
0821
0821
0821
0821
0821
0821
0821
0821
0821
0821
0821
0821
0821
0821
0821
0821
0821
0821
0821
0821
0821
0821
0821
0821
0821
1062
5a8e
9cd4
9cd3
39e8
0821
0821
0821
0821
0821
0821
7b03
d545
ee06
fe46
fe66
ff6c
ffb2
dd86
7b03
0821
0821
0821
0821
0821
0821
0821
0821
0821
0821
0821
0821
0821
0821
528a
7bef
7bef
3186
0821
0821
0821
0821
0821
0821
0821
0821
0821
0821
0821
0821
0821
0821
0821
0821
0821
0821
0821
0821
0821
0821
0821
0821
0821
0821
0821
0821
0821
0821
0821
0821
0821
0821
0821
0821
0821
0821
0821
0821
0821
0821
0821
0821
0821
0821
0821
0821
0821
0821
0821
0821
0821
0821
0821
0821
0821
0821
0821
0821
0821
0821
0821
0821
0821
0821
0821
0821
0821
0821
0821
0821
0821
0821
0821
0821
0821
0821
0821
0821
0821
0821
0821
0821
0821
0821
0821
0821
0821
0821
0821
0821
0821
0821
0821
0821
0821
0821
0821
0821
0821
0821
0842
1907
3a52
42b6
29f3
1950
112f
112f
112f
112f
112f
112f
112f
112f
112f
112f
112f
112f
112f
112f
112f
112f
112f
112f
112f
112f
112f
112f
112f
112f
112f
1991
3255
42d6
4a8f
6b6d
94b1
ad34
ad54
94b2
5aca
18a3
0821
0821
0821
0821
0821
0821
0821
0821
0821
0821
0821
0821
0821
0821
0821
0821
0821
0821
0821
0821
0821
0821
0821
0821
0821
0821
39e7
9cd2
b595
c617
d6b9
e73b
f7bd
ffbd
ffbd
ffbd
f7bd
ef3b
d6b9
c637
b5b5
a513
5269
0841
0821
0821
0821
0821
0821
0821
0821
0821
0821
0821
0821
0821
0821
0821
0821
0821
0821
0821
0821
0821
0821
0821
0821
0821
0821
0821
0821
0821
0821
0821
0821
2906
8c51
9492
18a3
0821
0821
0821
0821
0821
20e2
bca5
e5a6
f626
fe66
fea7
fff3
f6aa
bcc5
2902
0821
0821
0821
0821
0821
0821
20c2
5202
72c3
72e3
5a43
20c1
0821
0821
2945
7bcf
738e
1082
0821
0821
0821
0821
0821
0821
0821
0821
0821
0821
0821
0821
0821
0821
0821
0821
0821
0821
0821
0821
0821
0821
0821
0821
0821
0821
0821
0821
0821
0821
0821
0821
0821
0821
0821
0821
0821
0821
0821
0821
0821
0821
0821
0821
0821
0821
0821
0821
0821
0821
0821
0821
0821
0821
0821
0821
0821
0821
0821
0821
0821
0821
0821
0821
0821
0821
0821
0821
0821
0821
0821
0821
0821
0821
0821
0821
0821
0821
0821
0821
0821
0821
0821
0821
0821
0821
0821
0821
0821
0821
0821
0821
0821
0821
0821
0821
0821
0821
0821
0821
0821
0821
0821
0842
1928
3a72
3ab6
29f2
194f
112e
112e
112f
112f
112f
112f
112f
112f
112f
112f
112f
112f
112f
112f
112f
112f
112f
112f
112f
112f
112f
112f
112f
112f
112f
2191
4ad4
7bf2
9cd2
ad54
b5b5
a533
83ef
3186
0841
0821
0821
0821
0821
0821
0821
0821
0821
0821
0821
0821
0821
0821
0821
0821
0821
0821
0821
0821
0821
0821
0821
0821
0821
0821
0821
41e8
9cd2
b595
c617
d6b9
e73b
f7bd
ffbd
ffbd
ffbd
f7bd
ef5c
deda
ce38
b5b5
a533
5acb
0842
0821
0821
0821
0821
0821
0821
0821
0821
0821
0821
0821
0821
0821
0821
0821
0821
0821
0821
0821
0821
0821
0821
0821
0821
0821
0821
0821
0821
0821
0821
0821
0821
0821
0821
0821
0821
0821
0821
0821
0821
72e3
d545
ede6
fe46
fe66
ff4b
ffb2
dd86
8343
0841
0821
0821
0821
0821
1061
5222
8b83
9be4
a424
b484
c4c5
c4e5
7b03
1061
0841
1062
1082
0821
0821
0821
0821
0821
0821
0821
0821
0821
0821
0821
0821
0821
0821
0821
0821
0821
0821
0821
0821
0821
0821
0821
0821
0821
0821
0821
0821
0821
0821
0821
0821
0821
0821
0821
0821
0821
0821
0821
0821
0821
0821
0821
0821
0821
0821
0821
0821
0821
0821
0821
0821
0821
0821
0821
0821
0821
0821
0821
0821
0821
0821
0821
0821
0821
0821
0821
0821
0821
0821
0821
0821
0821
0821
0821
0821
0821
0821
0821
0821
0821
0821
0821
0821
0821
0821
0821
0821
0821
0821
0821
0821
0821
0821
0821
0821
0821
0821
0821
0821
0821
0821
0821
0821
0821
0842
2149
3a73
3a96
21d2
192f
112e
112e
112e
112e
112e
112e
112e
112e
112e
112e
112e
112f
112f
112f
112f
112f
112f
112f
112f
112f
112f
112f
112f
112f
218f
5b31
94b3
ad75
bdf7
b5b5
9cd2
630c
18c3
0821
0821
0821
0821
0821
0821
0821
0821
0821
0821
0821
0821
0821
0821
0821
0821
0821
0821
0821
0821
0821
0821
0821
0821
0821
0821
0821
4a28
a4f3
b595
c637
d6b9
ef3b
f7bd
ffbd
ffbd
ffbd
ffbd
ef5c
deda
ce58
bdb6
a534
632c
0862
0821
0821
0821
0821
0821
0821
0821
0821
0821
0821
0821
0821
0821
0821
0821
0821
0821
0821
0821
0821
0821
0841
1062
1062
0841
0821
0821
0821
0821
0821
0821
0821
0821
0821
0821
0821
0821
0821
0821
20c1
b485
e5a6
f626
fe66
fea7
ffd2
f6cb
c4e5
3122
0821
0821
0821
0821
1061
6262
8343
93a4
9c04
ac24
ac64
b484
bcc5
cd05
9be4
1061
0821
0821
0821
0821
0821
0821
0821
0821
0821
0821
0821
0821
0821
0821
0821
0821
0821
0821
0821
0821
0821
0821
0821
0821
0821
0821
0821
0821
0821
0821
0821
0821
0821
0821
0821
0821
0821
0821
0821
0821
0821
0821
0821
0821
0821
0821
0821
0821
0821
0821
0821
0821
0821
0821
0821
0821
0821
0821
0821
0821
0821
0821
0821
0821
0821
0821
0821
0821
0821
0821
0821
0821
0821
0821
0821
0821
0821
0821
0821
0821
0821
0821
0821
0821
0821
0821
0821
0821
0821
0821
0821
0821
0821
0821
0841
0841
0842
0842
0842
0841
0821
0821
0821
0821
0821
0821
0821
0821
0862
216a
4294
3a75
21b1
112e
110e
110e
110e
110e
110e
112e
112e
112e
112e
112e
112e
112e
112e
112e
112e
112e
112e
112e
112e
112e
112f
112f
192f
424f
8431
a534
bdd7
c638
b595
9491
4a49
1062
0821
0821
0821
0821
0821
0821
0821
0821
0821
0821
0821
0821
0821
0821
0821
0821
0821
0821
0821
0821
0821
0821
0821
0821
0821
0821
0841
52aa
a513
b5b5
c637
deb9
ef5b
f7bd
ffbd
ffbd
ffbd
ffbd
ef7c
deda
ce58
bdd6
ad34
6b2c
0862
0821
0821
0821
0821
0821
0821
0821
0821
0821
0821
0821
0821
0821
0821
0821
0821
0821
0821
0821
1062
39a7
630c
7bcf
8410
7bcf
526a
10a3
0821
0821
0821
0821
0821
0821
0821
0821
0821
0821
0821
0821
6aa3
d545
ede6
fe46
fe66
ff4b
ffd3
dda6
8b64
0841
0821
0821
0821
0821
49e2
8343
8b83
9be4
a404
ac44
b464
b484
b484
bca5
c505
72e3
0821
0821
0821
0821
2925
1082
0821
0821
0821
0821
0821
0821
0821
0821
0821
0821
0821
0821
0821
0821
0821
0821
0821
0821
0821
0821
0821
0821
0821
0821
0821
0821
0821
0821
0821
0821
0821
0821
0821
0821
0821
0821
0821
0821
0821
0821
0821
0821
0821
0821
0821
0821
0821
0821
0821
0821
0821
0821
0821
0821
0821
0821
0821
0821
0821
0821
0821
0821
0821
0821
0821
0821
0821
0821
0821
0821
0821
0821
0821
0821
0821
0821
0821
0821
0821
0821
0821
0821
0821
0821
0821
0841
1082
18e4
2945
3186
39c7
39c7
31a7
2966
2104
10a3
0842
0821
0821
0821
0821
0821
0821
0863
298b
4294
3a75
2191
112e
110e
110e
110e
110e
110e
110e
110e
110e
110e
110e
110e
110e
110e
110e
112e
112e
112e
112e
112e
112e
112e
218f
6350
9cd3
b596
ce58
c638
ad75
8c51
39c7
0841
0821
0821
0821
0821
0821
0821
0821
0821
0821
0821
0821
0821
0821
0821
0821
0821
0821
0821
0821
0821
0821
0821
0821
0821
0821
0821
1062
6b2c
a534
bdb6
ce58
deda
ef5c
ffbd
ffbd
ffbd
ffbd
ffbd
ef7c
deda
ce58
bdd6
a534
632c
0862
0821
0821
0821
0821
0821
0821
0821
0821
0821
0821
0821
0821
0821
0821
0821
0821
0821
0821
18a3
526a
6b6d
73ae
7bef
944f
c611
c54d
946f
2945
0821
0821
0821
0821
0821
0821
0821
0821
0821
0821
18a1
b464
dda5
f626
fe66
fe87
ffd2
f6eb
c4e5
3962
0821
0821
0821
0821
20c1
7b23
8b83
93c4
9be4
a424
ac44
b464
b484
b484
b484
bca4
bca5
18a1
0821
0821
39e8
73ae
6b4d
0821
0821
0821
0821
0821
0821
0821
0821
0821
0821
0821
0821
0821
0821
0821
0821
0821
0821
0821
0821
0821
0821
0821
0821
0821
0821
0821
0821
0821
0821
0821
0821
0821
0821
0821
0821
0821
0821
0821
0821
0821
0821
0821
0821
0821
0821
0821
0821
0821
0821
0821
0821
0821
0821
0821
0821
0821
0821
0821
0821
0821
0821
0821
0821
0821
0821
0821
0821
0821
0821
0821
0821
0821
0821
0821
0821
0821
0821
0821
0821
0821
0821
0821
0841
10a3
2945
4229
5acb
6b6e
73af
7bf0
7bf0
73cf
6b8e
5b0c
4a4a
3186
18c4
0842
0821
0821
0821
0821
0821
1083
29ac
4294
3254
2190
112e
110e
110e
110e
110e
110e
110e
110e
110e
110e
110e
110e
110e
110e
110e
110e
110e
110e
110e
110e
112e
3a4f
8431
ad34
bdf7
d699
c637
ad54
8430
3186
0841
0821
0821
0821
0821
0821
0821
0821
0821
0821
0821
0821
0821
0821
0821
0821
0821
0821
0821
0821
0821
0821
0821
0821
0821
0821
0821
18c3
7bef
ad54
bdd6
ce58
defa
ef7c
ffbd
ffbd
ffbd
ffbd
ffbd
ef5c
deda
ce58
bdb6
a533
62eb
0842
0821
0821
0821
0821
0821
0821
0821
0821
0821
0821
0821
0821
0821
0821
0821
0821
0821
1082
4a6a
6b4d
738e
7bef
8c0e
d547
ff70
eda5
e566
9c8f
2104
0821
0821
0821
0821
0821
0821
0821
0821
0821
6263
cd25
ede6
fe46
fe66
ff2a
ffd3
e5c7
93a4
0841
0821
0821
0821
0821
49c2
93a4
9bc4
9be4
a404
a424
ac44
ac64
b464
b464
b464
ac44
b484
49e2
0821
0821
39e8
73ae
6b4d
0862
0821
0821
0821
0821
0821
0821
0821
0821
0821
0821
0821
0821
0821
0821
0821
0821
0821
0821
0821
0821
0821
0821
0821
0821
0821
0821
0821
0821
0821
0821
0821
0821
0821
0821
0821
0821
0821
0821
0821
0821
0821
0821
0821
0821
0821
0821
0821
0821
0821
0821
0821
0821
0821
0821
0821
0821
0821
0821
0821
0821
0821
0821
0821
0821
0821
0821
0821
0821
0821
0821
0821
0821
0821
0821
0821
0821
0821
0821
0821
0821
0821
0862
2125
4229
634d
7c10
8c72
8cb3
94d3
94d3
94d3
94d3
94b3
8c92
8431
6b8e
528a
2966
1083
0821
0821
0821
0821
0821
1084
29cd
42b5
3233
196f
110e
110e
110e
110e
110e
110e
110e
110e
110e
110e
110e
110e
110e
110e
110e
110e
110e
112e
112e
218f
5b11
94b3
b595
ce58
d6b9
c617
ad34
840f
3186
0841
0821
0821
0821
0821
0821
0821
0821
0821
0821
0821
0821
0821
0821
0821
0821
0821
0821
0821
0821
0821
0821
0821
0821
0821
0821
0821
3186
9491
ad75
c5f7
d679
e71b
f79d
ffbd
ffbd
ffdd
ffde
ffde
ef7c
ded9
c637
b5b5
a513
52aa
0841
0821
0821
0821
0821
0821
0821
0821
0821
0821
0821
0821
0821
0821
0821
0821
0821
0821
39c7
632c
738e
7baf
7bef
9c07
ee2a
feec
eda5
e545
b4a9
6b6d
0841
0821
0821
0821
0821
0821
0821
0821
1881
ac44
dda5
f626
fe66
fe87
ffd1
f70c
c505
4182
0821
0821
0821
0821
0821
6283
9c04
a424
a424
a424
ac44
ac44
ac44
ac44
ac44
ac44
a424
a424
6263
0821
0821
0862
2945
18c3
0821
0821
0821
0821
0821
0821
0821
0821
0821
0821
0821
0821
0821
0821
0821
0821
0821
0821
0821
0821
0821
0821
0821
0821
0821
0821
0821
0821
0821
0821
0821
0821
0821
0821
0821
0821
0821
0821
0821
0821
0821
0821
0821
0821
0821
0821
0821
0821
0821
0821
0821
0821
0821
0821
0821
0821
0821
0821
0821
0821
0821
0821
0821
0821
0821
0821
0821
0821
0821
0821
0821
0821
0821
0821
0821
0821
0821
0821
0821
0821
0821
1082
3186
5aec
7bf0
8c92
94b3
9cf4
9d35
a555
ad76
ad96
ad96
a576
a535
9cf4
8cb3
8431
634d
39e8
18c3
0841
0821
0821
0821
0821
10a5
31ee
4295
3213
194f
110d
110d
110d
110d
110d
110d
110d
110e
110e
110e
110e
110e
110e
110e
110e
110e
112e
196f
3211
73b2
9cf3
bdb6
ce79
d699
c617
ad54
8c30
39a7
0841
0821
0821
0821
0821
0821
0821
0821
0821
0821
0821
0821
0821
0821
0821
0821
0821
0821
0821
0821
0821
0821
0821
0821
0821
0821
0842
52aa
a513
b595
c617
d6b9
e73b
f7bd
ffbd
ffbd
ffde
ffde
ffde
ef5c
d6b9
c617
b595
9cf3
4208
0821
0821
0821
0821
0821
0821
0821
0821
0821
0821
0821
0821
0821
0821
0821
0821
0821
1082
630c
738e
73ae
7bcf
7bef
ac25
f70f
f668
eda5
dd25
ac26
8c71
18e4
0821
0821
0821
0821
0821
0821
0821
5a23
cd25
ede6
fe46
fe66
ff2a
ffd3
e5e7
9bc4
0861
0821
0821
0821
0821
0821
6aa3
ac44
b464
b464
b485
b4a5
ac44
ac44
ac44
a424
a424
a404
9bc4
5223
0821
0821
0821
0821
0821
0821
0821
0821
0821
0821
0821
0821
0821
0821
0821
0821
0821
0821
0821
0821
0821
0821
0821
0821
0821
0821
0821
0821
0821
0821
0821
0821
0821
0821
0821
0821
0821
0821
0821
0821
0821
0821
0821
0821
0821
0821
0821
0821
0821
0821
0821
0821
0821
0821
0821
0821
0821
0821
0821
0821
0821
0821
0821
0821
0821
0821
0821
0821
0821
0821
0821
0821
0821
0821
0821
0821
0821
0821
0821
0821
0821
0821
0821
0821
0821
1082
31a7
632d
73cf
7bf0
7bf0
7c10
8451
8c92
94d3
9d14
a576
b5b7
b5d7
b5d7
adb7
a555
94f4
8c72
73af
4209
18c3
0821
0821
0821
0821
0821
10c5
320f
4295
29f2
194e
110d
110d
110d
110d
110d
110d
110d
110d
110d
110d
110d
110d
110d
110d
112e
196f
29f2
4ab4
7c12
a534
bdd6
d699
d699
c637
ad74
9471
4208
0862
0821
0821
0821
0821
0821
0821
0821
0821
0821
0821
0821
0821
0821
0821
0821
0821
0821
0821
0821
0821
0821
0821
0821
0821
0821
18e4
7bef
ad54
bdd6
ce58
deda
ef5c
f7bd
ffbd
ffbd
ffbd
ffde
f7bd
e71b
d699
c5f7
b575
9491
3186
0821
0821
0821
0821
0821
0821
0821
0821
0821
0821
0821
0821
0821
0821
0821
0821
0821
2104
738e
7bcf
7bef
8410
83ed
c4a5
ff90
f5e6
ed85
d504
93e8
8430
31a7
0821
0821
0821
0821
0821
0821
1081
a424
dd85
f606
fe46
fe87
ffb0
f72d
cd05
49c2
0821
0821
0821
0821
0821
0821
5a43
b464
b4a4
bca5
ee8e
f776
c507
ac44
a424
a404
9be4
93c4
8b83
3962
0821
0821
0821
0821
0821
0821
0821
0821
0821
0821
0821
0821
0821
0821
0821
0821
0821
0821
0821
0821
0821
0821
0821
0821
0821
0821
0821
0821
0821
0821
0821
0821
0821
0821
0821
0821
0821
0821
0821
0821
0821
0821
0821
0821
0821
0821
0821
0821
0821
0821
0821
0821
0821
0821
0821
0821
0821
0821
0821
0821
0821
0821
0821
0821
0821
0821
0821
0821
0821
0821
0821
0821
0821
0821
0821
0821
0821
0821
0821
0821
0821
0821
0821
0821
0862
2966
4a8a
4a49
39e8
39c7
39c7
4208
4a6a
630d
73cf
8451
94d3
9d35
ad96
b5d7
b5d7
b5d7
ad96
9d14
8c92
73af
39e8
1083
0821
0821
0821
0821
0841
18e6
3a30
3a94
29f1
192e
110d
110d
110d
110d
110d
110d
110d
110d
110d
110d
110d
110d
112e
196f
29f2
3a75
5313
8411
a534
bdf6
d699
d699
ce58
b595
9cb2
5aaa
10a3
0821
0821
0821
0821
0821
0821
0821
0821
0821
0821
0821
0821
0821
0821
0821
0821
0821
0821
0821
0821
0821
0821
0821
0821
0841
4a28
9cd2
b575
c5f7
d699
e71b
f79d
ffbd
ffbd
ffbd
ffbd
ffbd
ef7c
defa
ce78
bdd6
ad54
840f
20e4
0821
0821
0821
0821
0821
0821
0821
0821
0821
0821
0821
0821
0821
0821
0821
0821
0821
2966
7bef
8430
8430
8430
8bea
dd66
ff70
eda5
e565
c4c4
83cb
7bcf
39a7
0821
0821
0821
0821
0821
0821
5202
cd25
ede6
fe46
fe66
ff09
fff4
e607
9c04
1061
0821
0821
0821
0821
0821
0821
2902
b464
bca5
bcc5
de2b
ff96
cd48
ac44
a424
9be4
93c4
8b83
7303
1061
0821
0821
0821
0821
0821
0821
0821
0821
0821
0821
0821
0821
0821
0821
0821
0821
0821
0821
0821
0821
0821
0821
0821
0821
0821
0821
0821
0821
0821
0821
0821
0821
0821
0821
0821
0821
0821
0821
0821
0821
0821
0821
0821
0821
0821
0821
0821
0821
0821
0821
0821
0821
0821
0821
0821
0821
0821
0821
0821
0821
0821
0821
0821
0821
0821
0821
0821
0821
0821
0821
0821
0821
0821
0821
0821
0821
0821
0821
0821
0821
0821
0821
0821
0841
2104
3166
20e4
1083
1062
0842
0842
1062
10a3
2105
39c8
5aec
7bf0
8c92
9d14
ad96
b5d7
b5d7
b5d7
ad96
9d14
8c72
634d
3186
0842
0821
0821
0821
0821
0842
1907
3a30
3a94
29d1
112e
110d
110d
110d
110d
110d
110d
110d
110d
110d
110d
112e
196f
29f2
3a95
4294
4a8f
7bf0
a533
bdf6
d699
d699
ce78
bdd6
a513
738e
2925
0841
0821
0821
0821
0821
0821
0821
0821
0821
0821
0821
0821
0821
0821
0821
0821
0821
0821
0821
0821
0821
0821
0821
0821
2104
7bcf
ad34
bdb6
ce37
deb9
ef7c
ffde
fffe
ffbd
ffbd
ffbd
f7bd
ef3b
deb9
ce37
b5b5
a533
6b2c
1082
0821
0821
0821
0821
0821
0821
0821
0821
0821
0821
0821
0821
0821
0821
0821
0821
0821
2125
8410
8c51
8c71
a534
b4aa
ee4a
feec
eda5
dd45
bc64
738d
6b6d
2945
0821
0821
0821
0821
0821
1061
9c04
dd85
f606
fe46
fe87
ffb0
ff4e
cd25
5202
0821
0821
0821
0821
0821
0821
0821
0841
7b23
bca5
c4c5
c4e5
c4e5
b4a5
ac64
a404
9bc4
8b83
7b23
3982
0821
0821
0821
0821
0821
0821
0821
0821
0821
0821
0821
0821
0821
0821
0821
0821
0821
0821
0821
0821
0821
0821
0841
0821
0821
0821
0821
0821
0821
0821
0821
0821
0821
0821
0821
0821
0821
0821
0821
0821
0821
0821
0821
0821
0821
0821
0821
0821
0821
0821
0821
0821
0821
0821
0821
0821
0821
0821
0821
0821
0821
0821
0821
0821
0821
0821
0821
0821
0821
0821
0821
0821
0821
0821
0821
0821
0821
0821
0821
0821
0821
0821
0821
0821
1082
18c3
0842
0821
0821
0821
0821
0821
0821
0821
0821
1062
2104
4229
6b8e
8c72
9cf4
ad96
b5d7
b5d7
b5d7
ad96
9cf4
8431
52ab
18e4
0821
0821
0821
0821
0821
0842
2128
3a51
3a74
21b0
112d
110d
110d
110d
110d
110d
110d
110d
110d
112e
218f
2a12
3a94
4293
31ee
31ca
7bae
a513
bdd6
d699
d699
d699
c617
ad54
8c71
4a28
1062
0821
0821
0821
0821
0821
0821
0821
0821
0821
0821
0821
0821
0821
0821
0821
0821
0821
0821
0841
0821
0821
0821
1062
52aa
9cf3
b595
c5f7
ce78
e71a
f7bd
fffe
fffe
ffbd
ffbd
ffbd
f79c
e71b
d699
c617
b595
9cd2
4228
0841
0821
0821
0821
0821
0821
0821
0821
0821
0821
0821
0821
0821
0821
0821
0821
0821
0821
1082
7bcf
8c71
9492
b5b6
bca6
f70f
f648
ed85
dd24
a405
6b6d
5aeb
1082
0821
0821
0821
0821
0821
49c2
cd05
e5c6
f646
fe66
fee9
fff4
ee28
a424
1081
0821
0821
0821
0821
0821
0821
0821
0821
20c3
9be4
bcc5
bcc5
bcc5
b484
ac64
a404
93a4
8343
5202
0841
0821
0821
0821
0821
0821
0821
0821
0821
0821
0821
0821
0821
0821
0821
0821
0821
0821
0821
0821
0821
0841
0842
1062
0842
0841
0821
0821
0821
0821
0821
0821
0821
0821
0821
0821
0821
0821
0821
0821
0821
0821
0821
0821
0821
0821
0821
0821
0821
0821
0821
0821
0821
0821
0821
0821
0821
0821
0821
0821
0821
0821
0821
0821
0821
0821
0821
0821
0821
0821
0821
0821
0821
0821
0821
0821
0821
0821
0821
0821
0821
0821
0821
0821
0821
1062
0821
0821
0821
0821
0821
0821
0821
0821
0821
0821
0821
0841
18c4
39e8
6b6e
8c72
9d14
adb7
b5d7
b5d7
b5d7
a555
94b3
73af
31a7
0842
0821
0821
0821
0821
0821
0862
2149
3a72
3a73
29f0
298d
192d
110c
110d
110d
110d
110d
112d
218f
3212
3a94
4293
31cd
18e7
2105
6b4d
a4f3
bdd6
ce78
d699
d699
ce58
b5b5
9cf3
738d
2945
0841
0821
0821
0821
0821
0821
0821
0821
0821
0821
0821
0821
0821
0821
0821
0821
0821
0841
0821
0821
0821
0841
39c7
8c71
ad54
bdd6
ce58
deb9
e73b
ffdd
fffe
ffde
ffbd
ffbd
f7bd
ef5c
deda
ce58
bdd6
ad54
8410
2104
0821
0841
0841
0842
0862
1062
1062
1062
1062
0862
0842
0841
0841
0821
0821
0821
0821
0821
0841
4a69
9492
94b2
946f
c4c5
ff91
f5e6
ed85
d4e4
8ba7
632c
31a7
4208
5acb
0841
0821
0821
0841
8b84
dd85
f606
fe46
fe67
ffaf
ff4f
cd45
5a43
0821
0821
0821
0821
0821
0821
0821
0821
3128
520f
520d
7b24
b484
b484
b464
ac44
9be4
8363
41c2
0841
0821
0821
0821
0821
0821
0821
0821
0821
0821
0821
0821
0821
0821
0821
0821
0821
0821
0821
0821
0821
0841
0842
2946
6b4e
18a3
0842
0821
0821
0821
0821
0821
0821
0821
0821
0821
0821
0821
0821
0821
0821
0821
0821
0821
0821
0821
0821
0821
0821
0821
0821
0821
0821
0821
0821
0821
0821
0821
0821
0821
0821
0821
0821
0821
0821
0821
0821
0821
0821
0821
0821
0821
0821
0821
0821
0821
0821
0821
0821
0821
0821
0821
0821
0821
0821
0841
0821
0821
0821
0821
0821
0821
0821
0821
0821
0821
0821
0821
0821
1083
20e4
4208
73af
8c92
a555
b5d7
b5d7
b5d7
adb7
9cf4
8431
4a6a
10a3
0821
0821
0821
0821
0821
0821
0863
296a
52f3
4ad3
4270
422e
192d
110c
110c
110c
192d
218f
3212
4294
3a72
29ac
18e6
0842
10a3
5acb
9cd2
b595
ce58
d699
d699
d699
c617
ad54
9491
5acb
20e4
0841
0821
0821
0821
0821
0821
0821
0821
0821
0821
0821
0821
0821
0821
0821
0841
1082
0821
0821
0841
2945
83ef
a534
b5b5
c617
d699
e71a
f77c
ffde
fffe
fffe
ffbd
ffbd
f77c
e71b
d699
c617
b595
a513
5acb
1062
1062
10a3
18c4
2104
2925
2945
2966
2966
2946
2925
2104
18c4
10a3
1062
0841
0841
0821
0821
0821
1082
6b6d
9492
9c2b
dd67
ff70
eda5
e565
c4a4
7349
4229
1062
528a
6b4d
1062
0821
0821
0861
b464
e5c6
f646
fe66
fee8
fff4
ee48
ac44
1881
0821
0821
0821
0821
0821
0821
0821
0821
41ad
520f
520f
18a4
20e2
5223
6283
6263
41a2
1881
0821
0821
0821
0821
0821
0821
0821
0821
0821
0821
0821
0821
0821
0821
0821
0821
0821
0821
0821
0821
0821
0821
0841
1082
a515
ffff
6b2d
1062
0841
0821
0821
0821
0821
0821
0821
0821
0821
0821
0821
0821
0821
0821
0821
0821
0821
0821
0821
0821
0821
0821
0821
0821
0821
0821
0821
0821
0821
0821
0821
0821
0821
0821
0821
0821
0821
0821
0821
0821
0821
0821
0821
0821
0821
0821
0821
0821
0821
0821
0821
0821
0821
0821
0821
0821
0821
0821
0821
0821
0821
0821
0821
0821
0821
0821
0821
0821
0821
0821
1062
1883
18c4
2105
2946
52ab
7c10
94f4
ad96
b5d7
b5d7
b5d7
a555
8c92
632d
2105
0841
0821
0821
0821
0821
0821
0841
41c4
83cd
6373
4af3
4ad1
216d
110c
110c
192d
2190
3232
4294
3a71
29ac
18c5
0842
0821
0862
4228
8c71
ad54
c617
d699
d699
d699
ce78
bdd6
a534
8c50
528a
20e4
0841
0821
0821
0821
0821
0821
0821
0821
0821
0821
0821
0821
0821
0842
2104
1062
0821
0841
2945
73ae
a513
b595
c5f7
ce78
deda
ef5c
f7bd
ffde
fffe
ffde
ffbd
f79d
e73b
deb9
ce58
bdd6
ad54
8c50
2966
1062
1083
18a3
20e4
2945
31a7
4229
528a
52cb
52ab
528a
4a49
4208
31a7
2945
18e4
1083
0842
0841
0821
0821
18a3
630c
9c07
ee4b
feec
eda5
dd45
b464
4207
1062
0821
0841
0841
0821
0821
0821
0841
a424
ee06
fe46
fe66
ff8e
ff70
d545
6263
0821
0821
0821
0821
0821
0821
0821
0821
0821
2908
51ef
418c
1062
0821
0821
0821
0821
0821
0821
0821
0821
0821
0821
0821
0821
0821
0821
0821
0821
0821
0821
0821
0821
0821
0821
0821
0821
0821
0821
0821
0821
0841
0862
4a09
a4f4
2946
0842
0821
0821
0821
0821
0821
0842
1062
10a3
18c3
18c4
18c3
18a3
1083
0862
0841
0821
0821
0821
0821
0821
0821
0821
0821
0821
0821
0821
0821
0821
0821
0821
0821
0821
0821
0821
0821
0821
0821
0821
0821
0821
0821
0821
0821
0821
0821
0821
0821
0821
0821
0821
0821
0821
0821
0821
0821
0821
0821
0821
0821
0821
0821
0821
0821
0821
0821
0821
0821
0821
0821
0842
18a3
736e
d67a
e71c
4a4a
39e8
6b6e
8c92
a555
b5d7
b5d7
b5d7
ad76
94b3
73af
3186
0841
0821
0821
0821
0821
0821
20e2
93a4
ac67
8c2e
6bd5
4ab3
218f
110d
194e
21b0
3232
4294
3a51
298b
10a5
0842
0821
0821
0841
2945
7bce
a513
bdd6
ce78
d699
d699
d699
ce38
b5b5
a513
8c50
5aaa
2925
1062
0841
0821
0821
0821
0821
0841
20e2
3982
3142
1082
1082
3166
2966
0841
0842
3166
7bae
a513
b595
bdf6
ce58
deb9
e73b
f79d
ffbd
ffbd
ffdd
ffbd
f7bd
ef5c
deda
ce78
c5f7
b595
a4f3
5aaa
1062
0821
0821
0841
0842
1062
18c3
2925
39c8
52ab
6b6e
73cf
73af
6b6e
630c
528b
4208
3186
2104
1083
0842
0821
0821
1062
a3e3
f70f
f647
ed85
d504
9363
0842
0821
0821
0821
0821
0821
0821
0821
0821
49c3
ee06
fe66
fec8
fff4
ee69
ac44
18a2
0821
0821
0821
0821
0821
0821
0821
0821
0821
0821
0842
0841
0821
0821
0821
0821
0821
0821
0821
0821
0821
0821
0821
0821
0821
0821
0821
0821
0821
0821
0821
0821
0821
0821
0821
0821
0821
0821
0821
0821
0821
0821
0841
0862
1082
0842
0841
0821
0842
10a3
2946
4229
5aec
6b6e
73cf
7c10
7c10
7c10
7bf0
73af
632d
528a
39c7
2104
1062
0821
0821
0821
0821
0821
0821
0821
0821
0821
0821
0821
0821
0821
0821
0821
0821
0821
0821
0821
0821
0821
0821
0821
0821
0821
0821
0821
0821
0821
0821
0821
0821
0821
0821
0821
0821
0821
0821
0821
0821
0821
0821
0821
0821
0821
0821
0821
0821
0821
0821
0821
1083
18c4
ef3d
ffff
ffff
f79e
3167
5acc
8451
9d14
b5b7
b5d7
b5d7
ad96
94d3
7bf0
39c7
0862
0821
0821
0821
0821
1081
7b03
ac64
bca5
cd8b
8c51
5b56
3a73
218f
29d0
3253
4294
3a30
216a
10a4
0841
0821
0821
0821
0841
18c4
630d
9cd3
b595
c617
d699
d699
d699
d699
c637
b5b5
a513
9491
6b6d
4208
2104
1082
0842
0841
1082
6ac4
c4e5
d546
bcc6
8387
5aa9
528a
18c3
1082
41e8
840f
a533
b595
bdf6
ce58
d6b9
e71b
f79c
ffbd
ffbd
ffbd
ffbd
f7bd
ef5c
defa
d699
c617
b5b5
ad34
7bef
2104
0821
0821
0821
0821
0821
0821
0841
1062
18e4
3186
4a6a
6b4d
7c10
8451
7c31
73cf
6b6e
52cb
4229
39c8
18c4
0862
0841
20e2
bc84
ff70
eda5
e544
ccc4
6242
0821
0821
0821
0821
0821
0821
0821
0821
0821
0841
6263
dda6
ff8e
ff91
cd49
3963
0821
0821
0821
0821
0821
0821
0821
0821
0821
0821
0821
0821
0821
0821
0821
0821
0821
0821
0821
0821
0821
0821
0821
0821
0821
0821
0821
0821
0821
0821
0821
0821
0821
0821
0821
0821
0821
0821
0821
0821
0821
0821
0821
0821
0841
0841
0841
1082
2946
52ab
73af
8c72
94d3
9d14
9d14
9d35
a535
a535
a535
a535
9d35
9d14
9cf4
94b3
8431
634d
4208
18e4
0841
0821
0821
0821
0821
0821
0821
0821
0821
0821
0821
0821
0821
0821
0821
0821
0821
0821
0821
0821
0821
0821
0821
0821
0821
0821
0821
0821
0821
0821
0821
0821
0821
0821
0821
0821
0821
0821
0821
0821
0821
0821
0821
0821
0821
0821
0821
0821
0842
18a3
3167
ffff
ffff
ffff
defc
2925
4a29
7bf0
94d4
ad96
b5d7
b5d7
adb7
94f4
7c10
39e8
0862
0821
0821
0821
0841
5a43
a424
a427
93ac
ac8e
7328
951a
63b8
3232
3a53
4293
3a2f
2149
1084
0841
0821
0821
0841
0863
2149
42b3
5bb6
8453
a534
b5b6
ce58
d699
d699
d699
d699
c637
b5b5
ad54
9cd2
8c50
6b6d
528a
39c7
3166
7369
d5ec
c549
bd0a
accc
9cae
8c4e
41e7
2945
5aeb
9491
ad34
b595
bdf6
ce58
d6b9
e71b
ef7c
f7bd
ffbd
ffbd
ffbd
f7bd
ef5c
e6fa
d699
c637
bdd6
ad54
9491
41e8
0842
0821
0821
0821
0821
0821
0821
0821
0821
0842
10a3
2946
4249
634d
7c10
8c72
8c72
8431
7bf1
8bf3
8bf3
62ee
2104
1062
49c2
d546
ff4f
ed64
dd44
c483
3142
0821
0821
0821
0821
0821
0821
0821
0821
0821
0821
0821
1082
9430
9c51
8bb1
18a3
0821
0821
0821
0821
0821
0821
0821
0821
0821
0821
0821
0821
0821
0821
0821
0821
0821
0821
0821
0821
0821
0821
0821
0821
0821
0821
0821
0821
0821
0821
0821
0821
0821
0821
0821
0821
0821
0821
0821
0821
0821
0821
0821
0821
0821
1082
3187
632d
8472
94f4
9d35
a555
a576
ad96
ad97
adb7
b5b7
b5d7
b5b7
adb7
adb7
ad96
ad76
a556
a535
9d14
94b3
7bf0
4a8a
20e4
0841
0821
0821
0821
0821
0821
0821
0821
0821
0821
0821
0821
0821
0821
0821
0821
0821
0821
0821
0821
0821
0821
0821
0821
0821
0821
0821
0821
0821
0821
0821
0821
0821
0821
0821
0821
0821
0821
0821
0821
0821
0821
0821
0821
0821
0821
0821
1062
18a3
7bb0
f7df
ef7e
8c31
18c3
3187
6b8e
94b3
ad76
b5d7
b5d7
adb7
94f4
7c10
39e8
0862
0821
0821
0841
3962
9be4
b485
7b0f
72d2
6a91
3146
422b
4ad2
4294
4293
320f
2128
1083
0841
0821
0841
1083
216a
42d4
4b9a
4359
3ab5
5b52
9493
ad54
bdd6
ce58
d699
d699
d699
c617
ad75
ad75
b595
ad34
9cf3
94b2
8c50
840f
9c8f
a531
a4f0
a4f1
a512
9cd1
9c6d
7b8b
8410
a513
ad54
b5b5
c5f7
ce58
d6b9
e71b
ef7c
f7bd
ffbd
ffbd
ffbd
f79d
ef5c
defa
d699
ce37
bdd6
ad74
9cd2
5aaa
1062
0821
0821
0821
0821
0821
0821
0821
0821
0821
0821
0841
1083
2946
4a49
6b6e
8431
8c93
94b3
8c53
9414
9414
8bd3
39e8
2125
7ae3
e62a
f6ab
e564
dd24
b423
1061
0821
0821
0821
0821
0821
0821
0821
0821
0821
0821
0821
0821
1083
4a0a
20e4
0821
0821
0821
0821
0821
0821
0821
0821
0821
0821
0821
0821
0821
0821
0821
0821
0821
0821
0821
0821
0821
0821
0821
0821
0821
0821
0821
0821
0821
0821
0821
0821
0821
0821
0821
0821
0821
0821
0841
0821
0821
0821
0821
0821
0841
2125
5b0c
8c72
9d14
a535
a576
adb7
b5d7
b5f8
be18
be39
be39
c639
c659
c659
be39
be39
be18
bdf8
b5d8
b5b7
ad96
a555
9d35
94d3
7bf0
4229
10a3
0821
0821
0821
0821
0821
0821
0821
0821
0821
0821
0821
0821
0821
0821
0821
0821
0821
0821
0821
0821
0821
0821
0821
0821
0821
0821
0821
0821
0821
0821
0821
0821
0821
0821
0821
0821
0821
0821
0821
0821
0821
0821
0821
0821
0821
0842
10a3
18c4
4209
2925
18a3
1062
2925
6b6e
8cb3
a576
b5d7
b5d7
ad96
94d3
73cf
39c7
0862
0821
0821
20c2
8b84
b464
bca5
8350
6ab1
5a51
20c5
1082
2127
3a2f
31ee
2108
1063
0841
0841
1083
218a
42f5
4bbb
435a
32b6
2234
2212
3272
6b92
94b3
ad54
b5b6
c637
ce78
ce78
ad55
a534
a514
ad75
bdd6
b595
ad75
ad54
a534
ad53
ad74
ad74
ad33
a4f2
a4d1
a511
ad33
ad54
b595
bdd6
c637
ce78
deda
e71b
f77c
f7bd
ffbd
ffbd
f7bd
f77c
e73b
deda
d699
c637
bdd6
ad74
9cf3
632c
18c3
0821
0821
0821
0821
0821
0821
0821
0821
0821
0821
0821
0821
0841
18a3
3166
528a
73af
8451
94d3
94b4
9434
9414
8c13
630c
4208
a3e3
f70e
f607
e564
d4e4
8b43
0821
0821
0821
0821
0821
0821
0821
0821
0821
0821
0821
0821
0821
0821
0821
0821
0821
0821
0821
0821
0821
0821
0821
0821
0821
0821
0821
0821
0821
0821
0821
0821
0821
0821
0821
0821
0821
0821
0821
0821
0821
0821
0821
0821
0821
0821
0821
0821
0821
0821
0821
0821
39a7
6b8e
8431
2946
0821
0821
0821
1082
4229
7c10
9cf4
a535
ad76
b5b7
b5f8
be19
c659
c67a
ce9a
cebb
cebb
d6db
d6db
d6db
cebb
cebb
ce9b
ce9a
c65a
be39
be18
b5d7
ad97
a556
9d15
94b3
634d
2945
0841
0821
0821
0821
0821
0821
0821
0821
0821
0821
0821
0821
0821
0821
0821
0821
0821
0821
0821
0821
0821
0821
0821
0821
0821
0821
0821
0821
0821
0821
0821
0821
0821
0821
0821
0821
0821
0821
0821
0821
0821
0821
0821
0821
1062
18c4
20e4
18c4
18a3
1082
0821
2125
634d
8cb2
a576
b5d7
b5d7
a576
94b3
6b8e
2966
0841
0821
1061
72c3
ac44
bca5
d5a9
b4cb
520b
2928
0821
0821
0842
1907
1907
0863
0841
1084
218b
4315
53bc
437b
32b7
2234
2213
2213
2212
21f2
3a92
6bd3
94b3
a513
b575
bdd6
c617
a534
a534
a514
a534
ad74
ad75
ad74
ad74
ad54
ad54
ad54
a533
a533
ad33
b574
b594
bdd5
bdf6
c617
ce58
d699
defa
e73b
f79c
ffbd
ffbd
f7bd
f79c
ef5b
e71a
deb9
d699
ce58
bdf6
ad74
9cf3
6b4c
20e4
0821
0821
0821
0821
0821
0821
0821
0821
0821
0821
0821
0821
0821
0821
0842
18c4
39c7
5b0c
7c10
8c92
9cf4
9cf4
9493
8472
7bf0
6b2b
c4a4
ff90
eda5
e544
ccc4
5a22
0821
0821
0821
0821
0821
0821
0821
0821
0821
0821
0821
0821
0821
0821
0821
0821
0821
0821
0821
0821
0821
0821
0821
0821
0821
0821
0821
0821
0821
0821
0821
0821
0821
0821
0821
0821
0821
0821
0821
0841
1884
2908
0842
0821
0821
0821
0821
0821
0821
0821
0821
0821
73af
8c72
8c72
8431
18a3
0821
18c3
5acb
8c92
9d15
a576
adb7
b5f8
be39
c67a
ce9b
d6db
d6fc
df1c
df3d
df3d
df5d
e75d
e75d
df5d
df3d
df1d
d71c
d6dc
cebb
ce9a
c659
be18
b5d7
ad96
a555
9cf4
7bf0
39c7
0842
0821
0821
0821
0821
0821
0821
0821
0821
0821
0821
0821
0821
0821
0821
0821
0821
0821
0821
0821
0821
0821
0821
0821
0821
0821
0821
0821
0821
0821
0821
0821
0821
0821
0821
0821
0821
0821
0821
0821
0821
0821
0821
18c4
ce59
ef9e
528a
18a3
0821
0841
2945
6b6e
94b3
a576
b5d7
b5d7
a535
8c92
5b0c
2104
0841
0841
5202
a424
b4a5
c526
de0b
7303
1081
0821
0821
0821
0821
0842
0862
1084
29ac
4316
53dc
437b
32b7
2255
2234
2213
2213
2213
21f2
21f2
2212
42d4
6bf4
8c51
9cd2
a534
b575
ad75
a534
ad55
b575
ad54
ad54
ad75
ad74
ad74
ad74
b575
b595
b5b5
bdd5
c5f6
c636
ce57
d678
d699
deda
e71b
ef5c
f79d
f7bd
f79d
ef7c
ef3b
e71a
deda
d699
ce58
c617
bdd6
b575
a4f3
630c
20e4
0821
0821
0841
0841
0841
0841
0841
0841
0841
0841
0841
0841
0841
0841
0841
0841
1062
2125
4a49
6b8e
8451
94d3
9d35
9d14
94b3
8452
8bca
dd67
ff4f
ed84
dd44
bc83
3142
0841
0841
0841
0841
0841
0821
0821
0821
0821
0821
0821
0821
0821
0821
0821
0821
0821
0821
0821
0821
0821
0821
0821
0821
0821
0821
0821
0821
0821
0821
0821
0821
0821
0821
0821
0821
0821
0821
0821
20c5
49cd
49cd
418c
0842
0821
0821
0821
0821
0821
0821
0821
1082
8c52
8c72
8c72
8431
0862
18e4
632d
94d3
a535
ad96
b5d7
be39
c67a
cebb
d6fc
df1c
df5d
e77e
e77e
e79e
e79e
e79e
e79e
e79e
e79e
e79e
e79e
e77e
e75e
df3d
d6fc
d6db
ce9a
c659
be18
adb7
a576
9d14
8451
4209
0842
0821
0821
0821
0821
0821
0821
0821
0821
0821
0821
0821
0821
0821
0821
0821
0821
0821
0821
0821
0821
0821
0821
0821
0821
0821
0821
0821
0821
0821
0821
0821
0821
0821
0821
0821
0821
0821
0821
0821
0821
0841
3186
ffff
ffff
8c72
1083
0841
0841
3186
73af
94d3
ad96
b5d7
ad96
9cf4
8431
4a6a
10a3
0841
3142
9bc4
b485
bcc5
e64c
93c4
20e2
0821
0821
0821
0821
0841
10a4
29ac
4337
53fd
437c
32d8
2a55
2234
2234
2213
2213
2213
2212
21f2
21f2
21f1
2a33
4b36
6373
6b6e
8c30
9cb2
a513
a534
ad54
ad74
ad34
a513
ad54
b595
bdd6
bdd6
c5f6
c617
c637
ce57
d678
deb8
ded9
e71a
e71a
e73b
ef5c
ef5c
ef3b
e73b
e71b
defa
deb9
d699
ce58
c617
bdd6
b5b5
ad54
9cf3
5acb
18c3
0841
0841
0841
0841
0841
0841
0841
0841
0841
0841
0841
0841
0841
0841
0841
0841
0841
0842
18a3
31a7
5b0c
7c10
8c92
9d14
a556
9d14
8c33
9be7
ee4b
f6cb
ed84
dd24
ac23
1081
0841
0841
0841
0841
0841
0841
0841
0841
0841
0841
0841
0841
0841
0841
0841
0841
0841
0821
0821
0821
0821
0821
0821
0821
0821
0821
0821
0821
0821
0821
0821
0821
0821
0821
0821
0821
0821
0821
0821
20e6
49cd
49cd
41ad
0842
0821
0821
0821
0821
0821
0821
0821
0821
31a7
8c72
8451
52ab
18e4
634d
94f4
a555
adb7
b5f8
c659
ce9a
d6dc
df1d
e75d
e77e
e79e
e79e
e79e
e79e
e79e
e79e
e79e
e79e
e79e
e79e
e79e
e79e
e79e
e79e
e77e
df3d
d6fc
cebb
c67a
be39
b5d7
ad76
9d35
8c72
4229
0842
0821
0821
0821
0821
0821
0821
0821
0821
0821
0821
0821
0821
0821
0821
0821
0821
0821
0821
0821
0821
0821
0821
0821
0821
0821
0821
0821
0821
0821
0821
0821
0821
0821
0821
0821
0821
0821
0821
0821
0821
0842
7baf
a514
18c3
0821
0821
1062
4208
7c10
94f4
ad96
b5b7
9d35
8c92
6b6e
31c7
0842
18a1
8343
ac64
bca5
de0a
b4a7
3982
0841
0821
0821
0841
10a4
29cd
4b58
53fd
439c
32d8
2a76
2255
2234
2234
2234
2213
2213
2213
2212
21f2
21f2
21f1
21f1
3295
4b57
424d
41e8
5acb
73ae
8410
8c71
9491
9491
8c71
9491
9cf3
ad54
b595
bdd6
c617
ce58
d698
deb8
ded9
e6f9
e6fa
e6fa
deda
deda
deda
d6b9
d699
d679
ce58
c637
c617
bdd6
b595
ad54
a513
9472
7b51
520c
0841
0841
0841
0841
0841
0841
0841
0841
0842
0842
0842
0841
0841
0841
0841
0841
0841
0841
0841
1062
2925
4a6a
73cf
8c72
94f4
a556
a576
8c32
b445
f70f
f627
e584
d504
8b43
0841
0841
0841
0841
0841
0841
0841
0841
0841
0841
0841
0841
0841
0841
0841
0841
0841
0841
0841
0841
0841
0841
0841
0841
0821
0821
0821
0821
0821
0821
0821
0842
0821
0821
0821
0821
0821
0821
0821
0821
1084
396b
49ad
3128
0841
0821
0821
0821
0821
0821
0821
0821
0821
0821
20e4
0862
18a3
632d
94d3
a555
adb7
be18
c65a
cebb
d6fc
df1c
df1c
df1c
df1c
df1d
df3d
df3d
e75d
e77e
e77e
e79e
e79e
e79e
e79e
e79e
e79e
e79e
e79e
e79e
e79e
e77e
df3d
d6dc
ce9a
be39
b5d8
ad96
9d35
8451
39e8
0841
0821
0821
0821
0821
0821
0821
0821
0821
0821
0821
0821
0821
0821
0821
0821
0821
0821
0821
0821
0821
0821
0821
0821
0821
0821
0821
0821
0821
0821
0821
0821
0821
0821
0821
0821
0821
0821
0821
0821
0821
0821
1062
0821
0821
0821
18e4
52cb
8472
9d14
adb7
a556
94b3
7c10
52ab
2966
18a2
6aa3
a424
b485
cd68
cd89
6263
0841
0821
0841
10a4
29cd
4b58
53fe
439c
32d9
2a76
2255
2255
2235
2234
2234
2234
2213
2213
2212
21f2
21f2
21f1
21d1
19d1
2212
4317
42d3
18e6
18a3
2925
31a6
4208
4a28
4a28
4208
39c7
4a49
73ae
9cb2
ad34
b595
bdd6
c636
ce37
ce57
d677
d678
d678
ce78
ce58
ce38
c637
c617
c5f7
bdd6
b5b5
b575
ad54
a513
8c50
83b1
6ad0
6270
6270
1083
0841
0841
0841
0841
0841
0841
0842
0842
0842
0842
0842
0841
0841
0841
0841
0842
0842
0841
0842
18e4
3a08
6b6e
8451
94b3
a535
ad96
9cd1
c4c5
ff91
f5c6
e565
ccc4
6243
0842
0841
0841
0841
0841
0841
0841
0841
0841
0841
0841
0841
0841
0841
0841
0841
0841
0841
0841
0841
0841
0841
0841
0841
0841
0841
0841
0841
0841
18a3
632c
738e
20e4
0821
0821
0821
0821
0821
0821
0821
0821
0842
1063
0821
0821
0821
0821
0821
0821
0821
0821
0821
0821
0821
0821
1062
52ab
94b3
a555
adb7
be18
c67a
cebb
cebb
cebb
ce9a
ce9a
ce9a
ce9a
ce9a
cebb
cebb
d6db
d6fc
df1c
df3d
e77e
e79e
e79e
e79e
e79e
e79e
e79e
e79e
e79e
e79e
e79e
df5d
d6fc
ce9b
c639
b5f8
ad76
9d14
7c10
2946
0821
0821
0821
0821
0821
0821
0821
0821
0821
0821
0821
0821
0821
0821
0821
0821
0821
0821
0821
0821
0821
0821
0821
0821
0821
0821
0821
0821
0821
0821
0821
0821
0821
0821
0821
0821
0821
2104
1083
0821
0821
0821
0821
0821
0862
31a7
73af
94b3
a555
a576
94d3
8c72
6b6e
39e8
3166
5245
a446
bca6
bce6
de0b
7b23
18a2
18a5
0842
1084
3a92
541e
439d
32d9
2a77
2276
2256
2255
2255
2234
2234
2234
2213
3253
6312
5af2
21f2
21f2
21f1
2212
2212
21d1
3294
4b57
29cc
0842
0841
0841
0842
1062
1062
0842
0842
0841
18c3
41e8
736d
9491
ad53
b594
bdd5
bdd5
bdd5
c5f6
c5f6
c5f6
bdd6
b5b5
b595
b595
ad74
ad54
a533
9cd2
840f
5aaa
2945
5a4e
6270
6270
6270
20c5
0841
0841
0841
0841
0841
0842
0842
39a8
9c74
4a2a
0842
0842
0842
0842
0842
0842
0842
0842
0842
10a3
31a7
5b0c
8431
8cb3
9d15
ad96
a4ad
dd87
ff6f
eda5
e565
c4a4
41c4
0862
0841
0841
0841
0841
0841
0841
0841
0841
0841
0841
0841
0841
0841
0841
0841
0841
0841
0841
0841
0841
0841
0841
0841
0841
0841
0841
0841
0841
3186
8c51
8c51
4229
0821
0821
0821
0821
0821
0821
0821
0821
0821
0821
0821
0821
0821
0821
0821
0821
0821
0821
0821
0821
0821
0841
39c8
8c72
a535
ad96
be18
c659
c67a
c659
be39
be19
be18
be18
be18
be18
be18
be19
be39
c659
c67a
ce9a
cebb
d6fc
df1d
e75d
e77e
e79e
e79e
e79e
e79e
e79e
e79e
e79e
e79e
e75e
d6fc
ce9b
be39
b5d7
a576
9cf4
6b6e
18c3
0821
0821
0821
0821
0821
0821
0821
0821
0821
0821
0821
0821
0821
0821
0821
0821
0821
0821
0821
0821
0821
0821
0821
0821
0821
0821
0821
0821
0821
0821
0821
0821
0821
0821
0821
4a4a
8c52
73af
1062
0821
0821
0821
0841
2104
52cb
8451
9d14
a555
94d4
8c72
73af
4a6a
5acb
ad54
b4ec
b4c7
bce7
de2c
9be5
2902
28e7
418c
28e7
0841
218b
53dc
439d
2a97
2276
2256
2255
2255
2255
2234
2234
2234
2213
52d2
7351
7351
2a32
21f2
21f1
3ab4
3ad4
21f1
2212
4316
42b2
18c5
0821
0821
0841
1928
320e
0842
0841
0841
0841
0841
18a3
3186
7b8a
acef
b572
b573
ad53
b573
b574
b574
ad54
a533
a513
9cd2
9491
7bef
630c
41e8
20e4
1062
0841
3128
5a2e
6270
3128
0841
0841
0841
0841
0841
0842
0842
18c3
9c93
b537
9c94
18a3
0842
0842
0842
0862
1062
1062
0862
0842
1082
2966
52cb
7c10
8c92
9d14
ad76
ac69
ee6b
fecc
eda5
dd45
b444
3186
1083
0841
0841
0841
0841
0841
0841
0841
0841
0841
0841
0841
0841
0841
0841
0841
0841
0841
0841
0841
0841
0841
0841
0841
0841
0841
0841
0841
0841
18c4
738e
7bcf
2925
0841
0841
0841
0841
0821
0821
0821
0821
0821
0821
0821
0821
0821
0821
0821
0821
0821
0821
0821
0821
0821
20e4
73cf
9d14
ad96
b5f8
be39
be18
b5f8
b5d7
adb7
ad96
ad96
ad96
ad76
ad96
ad96
ad97
adb7
b5d7
b5f8
be18
be39
c67a
cebb
d6dc
df1d
e75e
e79e
e79e
e79e
e79e
e79e
e79e
e79e
e79e
e75e
d6fc
ce9a
be39
b5b7
a555
94d3
4a6a
0842
0821
0821
0821
0821
0821
0821
0821
0821
0821
0821
0821
0821
0821
0821
0821
0821
0821
0821
0821
0821
0821
0821
0821
0821
0821
0821
0821
0821
0821
0821
0821
0821
0821
0821
5aec
8c52
8431
0841
0821
0821
0841
18c3
4249
7bf0
94b3
9d14
94d3
8431
6b8e
4a6a
738e
f7be
ffff
ffff
de51
de0c
bd08
41a2
0841
18a4
314a
18a4
0821
10a4
42d5
541e
32f9
2a76
2256
2255
2255
2235
2234
2234
2234
2213
2a33
6312
52d2
21f2
21f1
21d1
2a32
2a52
19d0
21d0
3274
4b36
29ab
0842
0862
3a4f
6cbe
647d
2149
0841
0841
0841
0841
0841
0841
2902
9c05
cd8a
ded1
cdac
c54c
bd2d
b50d
accd
7b8b
5269
41e8
2945
18c4
1062
0841
0841
0841
0841
0841
0841
1063
0841
0841
0841
0841
0841
0842
0842
0842
4a6a
9cb3
a4f4
9cb3
4a49
0842
0842
0862
1062
3166
2125
1062
0862
1062
2945
528a
7bf0
8c92
9cf4
a555
b465
f730
f648
eda5
dd25
9bc5
39e8
18c4
0842
0841
0841
0841
0841
0841
0841
0841
0841
0841
0841
0841
0841
0841
0841
0841
0841
0841
0841
0841
0841
0841
0841
0841
0841
0841
0841
0841
0841
0862
0842
0841
0841
0841
0841
0841
0841
0841
0841
0821
0821
0821
0821
0821
0821
0821
0821
0821
0821
0821
0821
0821
0862
528a
94d3
a555
b5d7
b5f8
b5b7
ad96
a576
a555
9d35
9d14
9d14
9cf4
9cf4
9cf4
9d14
9d14
9d35
a555
a576
ad96
b5d7
b5f8
be39
c67a
cebb
d6fc
df3d
e77e
e79e
e79e
e79e
e79e
e79e
e79e
e79e
e75d
d6fc
c67a
be18
ad96
9d35
8431
2925
0821
0821
0821
0821
0821
0821
0821
0821
0821
0821
0821
0821
0821
0821
0821
0821
0821
0821
0821
0821
0821
0821
0821
0821
0821
0821
0821
0821
0821
0821
0821
0821
0821
0821
1062
4a4a
2925
0821
0821
0841
18e4
4229
73af
8c92
94d3
8c92
7c10
632d
4a49
39c7
a534
ffff
ffff
ffff
ef38
d5cd
7306
18c3
0841
0821
0821
0821
0821
0841
218b
53dc
439c
2a97
2256
2255
2255
2234
2234
2234
2213
2213
2213
2212
21f2
21f2
21f1
21d1
19d1
19d0
19b0
19b0
2211
4316
42b2
2149
5397
6cdf
5c3e
6cdf
53b8
10a4
0841
0841
0841
0841
0841
0841
5a43
bcc5
f70e
f70d
e5c6
dda6
d566
c4e5
8ba4
18c2
0841
0841
0841
0841
0841
0841
0841
0841
0841
0841
0841
0841
0841
0841
0841
0841
0841
0842
0842
18c4
8c71
9cd3
8c71
18c3
0842
0842
1062
4a6a
d6bb
d6db
528a
1062
1062
2125
4a8a
73cf
8c72
9cf4
a4f1
cce5
ff91
f5e6
ed85
cce4
8ba8
4a49
2105
0842
0841
0841
0841
0841
0841
0841
0841
0841
0841
0841
0841
0841
0841
0841
0841
0841
0841
0841
0841
0841
0841
0841
0841
0841
0841
0841
0841
0841
0841
0841
0841
0841
0841
0841
0841
0841
0841
0841
0841
0841
0841
0821
0821
0821
0821
0821
0821
0821
0821
0821
0821
2125
8431
9d35
ad96
adb7
a576
a535
9d14
94d3
8c72
73d0
634d
5aec
52ab
528a
52ab
5aec
6b4e
7bf0
8c72
94d3
9d14
a555
ad76
adb7
b5f8
be39
c67a
cedb
df1c
e75e
e79e
e79e
e79e
e79e
e79e
e79e
e79e
df3d
cedb
c659
b5f8
a576
9cf4
5acc
0842
0821
0821
0821
0821
0821
0821
0821
0821
0821
0821
0821
0821
0821
0821
0821
0821
0821
0821
0821
0821
0821
0821
0821
0821
0821
0821
0821
0821
0821
0821
0821
0821
0821
0821
0821
0821
0841
1082
2925
4a6a
73cf
8472
8451
7bf0
634d
4249
2125
18e4
20e4
8c2f
ffff
ffff
ffff
eef7
8bc6
2903
0821
0821
0821
0821
0821
0821
0821
10a4
42f5
541e
32f9
2255
2255
2235
2234
2234
2234
2213
2213
2213
21f2
21f2
21f1
21f1
19d1
19d0
19d0
19b0
19af
19d0
3294
5bfa
6cde
649f
439c
3b3a
5c3e
6cdf
42b2
0862
0841
0841
0841
0841
0841
20c2
93c4
d587
ffb1
ee48
e5c6
dda6
d545
b4a5
5223
0841
0841
0841
0841
0841
0841
0841
0841
0841
0841
0841
0841
0841
0841
0841
0841
0841
0841
0842
0842
2966
39e8
2966
0842
0842
1062
1083
738e
ef9e
f79e
7c10
1083
1082
2925
4a6a
73cf
8c72
9cf4
a48c
dda7
ff70
edc5
e565
c4a4
7bab
52ab
2946
1062
0842
0842
0842
0841
0841
0841
0841
0841
0841
0841
0841
0841
0841
0841
0841
0841
0841
0841
0841
0841
0841
0841
0841
0841
0841
0841
0841
0841
0841
0841
0841
0841
0841
0841
0841
0841
0841
0841
0841
0841
0841
0841
0841
0821
0821
0821
0821
0821
0821
0821
0842
528b
94f4
a576
a576
a535
9cf4
8472
6b4e
4229
2945
18a3
1062
0842
0841
0821
0842
0842
1062
18c3
2946
4a49
6b6e
8c72
9cf4
a535
ad76
b5b7
be18
c659
cebb
d6fc
e75d
e79e
e79e
e79e
e79e
e79e
e79e
e77e
df1c
ce9a
be39
adb7
a535
8431
2125
0821
0821
0821
0821
0821
0821
0821
0821
0821
0821
0821
0821
0821
0821
0821
0821
0821
0821
0821
0821
0821
0821
0821
0821
0821
0821
0821
0821
0821
0821
0821
0821
0841
0842
1082
18c3
2945
3a08
5acb
6b6e
6b6e
632d
52ab
4208
2945
10a3
0841
1062
3164
9c28
d631
f77a
f757
ac88
39a4
1082
0821
0821
0821
0821
0821
0821
0821
0842
21ac
53dc
437c
2a76
2255
2235
2234
2234
2213
2213
2213
2212
21f2
21f2
21f1
21d1
19d1
19d0
19d0
19b0
19af
2a32
5c1b
753f
5c7f
3b5b
2a96
32b7
437b
647f
6c9e
29ab
0842
0841
0841
0841
0841
0841
5203
bca5
f6cc
ff4e
e5c6
e5a6
dd65
cd05
9bc4
20e2
0841
0841
0841
0841
0841
0841
0841
0841
0841
0841
0841
0841
0841
0841
0841
0841
0841
0842
0842
0842
0842
0842
0842
0842
0842
1062
39a7
ad76
b5b7
3187
1062
1062
2945
528a
7bf0
8c72
9cf4
ac68
ee6c
fecb
eda5
dd45
b464
7bef
5aec
3186
1083
0842
0842
0842
0842
0842
0842
0842
0842
0842
0842
0842
0842
0842
0842
0841
0841
0841
0841
0841
0841
0841
0841
0841
0841
0841
0841
0841
0841
0841
0841
0841
0841
0841
0841
0841
0841
0841
0841
0841
0841
0841
0841
0841
0841
0841
0821
0821
0821
0821
0821
18e4
7bf0
9d35
a555
9cf4
8451
5aec
2966
1083
0841
0821
0821
0821
0821
0821
0821
0821
0821
0821
0821
0821
0841
1083
3186
5b0c
8472
9d14
a555
ad96
b5f8
c639
ce9a
d6fc
df5d
e79e
e79e
e79e
e79e
e79e
e79e
e75d
d6db
c65a
b5f8
a576
94f4
4a8a
0841
0821
0821
0821
0821
0821
0821
0821
0821
0821
0821
0821
0821
0821
0821
0821
0821
0821
0821
0821
0821
0821
0821
0821
0821
0821
0821
0821
0821
0821
0821
0821
0821
0821
0862
10a3
2104
2945
2966
2966
2945
2105
18c3
1082
0841
0821
0821
1061
7306
8b8c
834f
c56e
c54a
5a64
18a3
0821
0821
0821
0821
0821
0821
0821
0821
0821
10a5
42f5
53fe
32d8
2255
2234
2234
2234
2213
2213
2213
2212
21f2
21f2
21f1
19d1
19d1
19d0
19d0
2211
4317
6cfe
6d1f
541e
32f9
2a76
2255
2a55
32d8
4bbc
649f
5c1a
18e6
0841
0841
0841
0841
0841
18a2
8b84
d567
ffb1
f669
e5c6
dda6
d545
bca5
6263
0862
0841
0841
0841
0841
0841
0841
0841
0841
0841
0841
0841
0842
0842
0842
0842
0842
0842
0842
0842
0842
0842
0842
0842
0842
0862
1062
1083
18a3
1062
0862
1083
2966
52cb
7bf0
8c92
9cf3
b465
f730
f647
eda5
dd25
a427
8431
630c
31a7
1083
0842
0842
0842
0842
0842
0842
0842
0842
0842
0842
0842
0842
0842
0842
0842
0842
0842
0842
0842
0842
0841
0841
0841
0841
0841
0841
0841
0841
0841
0841
0841
0841
0841
0841
0841
0841
0841
0841
0841
0841
0841
0841
0841
0841
0841
0841
0841
0841
0841
0842
39e8
94b3
9d14
94b3
634d
2966
1062
0842
20e4
0842
0841
0821
0821
0821
0821
0821
0821
0821
0821
0821
0821
0821
0821
0821
1062
3186
6b6e
94d3
9d35
ad96
b5d7
be39
ce9a
d6fc
e75d
e79e
e79e
e79e
e79e
e79e
e77e
df1c
ce9a
be18
ad97
9d15
73af
10a3
0821
0821
0821
0821
0821
0821
0821
0821
0821
0821
0821
0821
0821
0821
0821
0821
0821
0821
0821
0821
0821
0821
0821
0821
0821
0842
0862
1083
18c4
1906
1083
0821
0821
0821
0821
0821
0841
0841
0841
0841
0841
0821
0821
0821
0821
0821
3982
832c
72d0
7af0
7b11
6ac7
18a2
0841
0821
0821
0821
0821
0821
0821
0821
0821
0821
0842
29ac
53dc
435b
2a75
2234
2234
2234
2213
2213
2213
21f2
21f2
21f1
21d1
19d1
21d1
2212
32b5
5c1b
755f
64bf
439c
2ab8
2a76
2a56
2255
2a75
32d7
3b19
53fd
6cbf
4b35
1063
0841
0841
0841
0841
0841
41c2
b485
ee8b
ff6f
ede6
e5a6
dd85
cd05
a404
2902
0841
0841
0841
0841
0841
1062
1083
0842
0842
0842
0842
0842
0842
0842
0842
0842
0842
0842
0842
0842
0842
0842
0842
0842
0842
0842
1062
1062
0842
0842
10a3
3187
5b0c
7c10
8cb3
9490
cce5
ff91
f5e6
ed85
d505
942a
8431
632d
31a7
10a3
1062
18a3
18a3
1062
0842
0842
0842
0842
0842
0842
0842
0842
0842
0842
0842
0842
0842
0842
0842
0842
0842
0842
0842
0842
0841
0841
0841
0841
0841
0841
0841
0841
0841
0841
0841
0841
0841
0841
0841
0841
0841
0841
0841
0841
0841
1062
18a3
2104
2946
31a7
6b6e
9cf4
8451
4a6a
18a3
0841
0841
4a0a
732f
526b
0842
0841
0821
0821
0821
0821
0821
0821
0821
0821
0821
0821
0821
0821
0821
0821
18a3
4a8a
8c72
9d14
ad76
b5d7
be39
ce9b
d6fc
e77e
ef9e
e79e
e79e
e79e
e79e
df5d
d6db
c659
b5d7
a555
8c72
2966
0821
0821
0821
0821
0821
0821
0821
0821
0821
0821
0821
0821
0821
0821
0821
0821
0821
0841
0842
1063
10a4
18e5
2127
2989
31ec
424e
4ab0
5312
5353
5b74
18e5
0821
0821
0821
0821
0821
0821
0821
0821
0821
0821
0821
0821
0821
0821
0821
41c2
832e
72f0
7b11
72d0
28e4
0821
0821
0821
0821
0821
0821
0821
0821
0821
0821
0821
0821
10a5
42f5
53dd
32b7
2234
2234
2213
2213
2213
2212
21f2
21f2
21f1
21f1
2a32
3ab5
4b99
6cde
753f
543e
3b1a
2a97
2a76
2a56
2a55
2255
3b18
4338
3b18
4339
5c3e
6cbe
320e
0842
0841
0841
0841
0841
1082
8343
cd26
ff90
f689
e5c6
e5a6
d545
bcc5
6ac3
1062
0842
0842
0842
1042
730f
7b50
18c4
0842
0842
0842
0842
0842
0842
0842
0842
0842
0842
0842
0842
0842
0842
0842
0842
0842
0842
0842
0842
0842
0842
18c4
39e8
634d
8431
94b3
9c6c
dda7
ff4f
f5c5
e585
c4c4
8c4e
8431
632d
31a7
18c4
20e4
7bcf
8c51
18e4
1062
0842
0842
0842
0842
0842
0842
0842
0842
0842
0842
0842
0842
0842
0842
0842
0842
0842
0842
0842
0842
0842
0842
0842
0841
0841
0841
0841
0841
0841
0841
0841
0841
0841
0841
0841
0841
0841
0842
1082
2105
39c7
528a
632d
5b0c
4a49
7c10
7c10
39c7
0862
0841
0841
0842
5a6c
734f
62ce
0842
0841
0841
0821
0821
0821
0821
0821
0821
0821
0821
0841
0841
0842
0842
0863
1083
18c5
424b
8452
9d15
ad96
b5f8
c65a
cebb
df3d
e77e
e79e
e79e
e79e
e79e
e77e
d6fc
c67a
b5f8
a576
94f4
4a4a
0821
0821
0821
0821
0821
0821
0821
0821
0821
0821
0821
0821
0821
0821
0821
0821
2168
3a4e
4ad0
5313
5b74
5b95
5bb6
5bb6
5b96
5375
5334
4af3
42d2
5354
2147
0821
0821
0821
0821
0821
0821
0821
0821
0821
0821
0821
0821
0821
0821
0821
1881
6aa9
7b10
72d0
5a4e
0842
0821
0821
0821
0821
0821
0821
0821
0821
0821
0821
0821
0821
0842
29ac
53bb
435a
2a55
2234
2213
2213
2213
21f2
21f2
21f2
2a33
3ad6
4b58
5bfb
753f
64df
4bbd
32d9
2a77
2a76
2a76
2a56
2a55
2255
3af8
4338
32b6
3296
437a
645e
643c
2148
0841
0841
0841
0841
0841
3962
ac64
e64a
ff90
ede7
e5a6
dd85
cd25
ac44
3142
0842
0842
0842
0842
732f
7b50
20c4
0842
0842
0842
0842
0842
0842
0842
0842
0842
0842
0842
0842
0842
0842
0842
0842
0842
0842
0842
0842
0842
1062
2125
4a4a
73af
8472
94d4
ac69
ee8c
fecb
eda5
dd45
b444
7bb0
8431
630c
31a7
2105
bdf7
ffff
ffff
b596
18a3
0842
0842
0842
0842
0842
0842
0842
0842
0842
0842
0842
0842
0842
0842
0842
0842
0842
0842
0842
0842
0842
0842
0842
0842
0842
0842
0841
0841
0841
0841
0841
0841
0841
0841
0841
0841
0862
20e4
39e8
5b0c
7bd0
8431
6b4d
39a7
31a7
73af
3186
0842
0821
0821
0821
0841
18a3
49e9
20e5
0841
0841
0821
0821
0821
0841
0842
0842
0862
1083
10a4
18c5
18e6
1907
2149
296a
29ab
31cd
3a0e
5b11
8c94
a535
ad97
be19
c67a
d6dc
df3d
e79e
e79e
e79e
e79e
e79e
df1c
ce9a
be18
ad96
9d14
632d
0862
0821
0821
0821
0821
0821
0821
0821
0821
0821
0821
0821
0821
0821
0821
0821
31aa
6419
5bb7
5376
4b35
42f4
42b2
3a91
3250
3230
320f
29ee
29ee
4b34
29aa
0821
0821
0821
0821
0821
0821
0821
0821
0821
0821
0821
0821
0821
0821
0821
0821
1082
3166
2906
0841
0821
0821
0821
0821
0821
0821
0821
0821
0821
0821
0821
0821
0821
0821
10a5
42f5
4bbc
32b7
2234
2213
2213
2212
2212
2a54
3af7
4b58
4b36
5c3b
753f
5c7f
435c
2ab8
2a77
2a77
2a76
2a76
2a56
2255
2255
2255
2a75
2234
2254
32d7
4bbb
6c9f
5377
10a4
0841
0841
0841
0841
1062
72e3
c506
ff70
f6ca
e5c6
e5a6
d565
c4e5
7b03
1082
0842
0842
0842
1062
18a3
0842
0842
0842
0842
0842
0842
0842
0842
0842
0842
0842
0842
0842
0842
0842
0842
0842
0842
0842
0842
0842
0842
10a3
3187
5aec
7c10
8c92
9cf4
b4eb
ff50
f647
eda5
dd25
9ba6
7371
7c10
5aec
39c7
2945
c659
ffff
ffff
c659
20e4
1083
0842
0842
0842
0842
0842
0842
0842
0842
0842
0842
0842
0842
0842
0842
0842
0842
0842
0842
0842
0842
0842
0842
0842
0842
0842
0842
0842
0841
0841
0841
0841
0841
0841
0841
1082
2966
52ab
73cf
8c92
8c92
73af
39c8
1083
39c7
39c7
0841
0841
0841
0821
0821
0841
0841
0842
0841
0841
0821
0821
0821
0821
0842
1907
2128
2969
298b
31cc
31ed
3a0f
3a30
3a51
4252
4272
4272
3a73
3a52
5b32
8cb4
a556
adb7
be19
ce9b
d6fc
e75e
e79e
e79e
e79e
e79e
df3d
cebb
be39
adb7
9d35
73cf
10a3
0821
0821
0821
0821
0821
0821
0821
0821
0821
0821
0821
0821
0821
0821
0821
2148
5bd8
3a92
3251
3250
3230
3230
3210
2a0f
2a0f
2a0f
29ee
29ee
4af3
3a2d
0821
0821
0821
0821
0821
0821
0821
0821
0821
0821
0821
0821
0821
0821
0821
0821
0821
0821
0821
0821
0821
0821
0821
0821
0821
0821
0842
0862
0842
0841
0821
0821
0821
0821
0842
29ac
53bb
3b39
2234
2213
2213
2a75
3af7
4b79
42f4
3ab2
649c
6d1f
541e
3b1b
2a98
2a97
2a77
2a76
2a76
2a56
2a56
2255
2255
2235
2234
2234
2234
2a55
3af8
53fc
6c9e
3a91
0842
0841
0841
0841
0841
3122
a424
e609
ffb1
ee07
e5c6
dd86
cd25
ac64
4182
0842
0842
0842
0842
0842
0842
0842
0842
0842
0842
0842
0842
0842
0842
0842
0842
0842
0842
0842
0842
0842
0842
0842
0842
0842
0842
1062
2105
4229
6b6e
8451
94b3
9d35
b594
ff71
f5e6
ed85
cd05
9cb0
8c92
7bf0
52cb
2966
18c4
738e
f79e
f79e
8410
10a3
0842
0842
0842
0842
0842
0842
0842
0842
0842
0842
0842
0842
0842
0842
0842
0842
0842
0842
0842
0842
0842
0842
0842
0842
0842
0842
0842
0842
0842
0842
0842
0841
0841
0841
1082
3187
630c
8451
94d3
94d4
8431
4a6a
18c3
0841
2966
0862
3186
738e
39e8
0841
0821
0821
0821
0841
0821
0821
0821
0821
0821
0821
0842
296a
3a30
3a50
3a51
3a51
3a52
3a32
3a31
3211
31f1
29d0
29b0
218f
218f
218e
5b10
94d4
a556
b5d8
c65a
cebb
df1c
e77e
e79e
e79e
e79e
e75d
d6db
c659
b5d7
a535
8431
20e4
0821
0821
0821
0821
0821
0821
0821
0821
0821
0821
0821
0821
0821
0821
0821
18e5
63d8
3a92
3251
3251
3230
3230
3230
3210
320f
2a0f
2a0f
29ee
42b2
42af
0841
0821
0821
0821
0821
0821
0821
0841
0841
0841
0841
0841
0841
0821
0821
0821
0821
0821
0821
0821
0821
0821
0821
0821
0821
0821
1063
296a
2128
18e6
1084
0863
0842
0841
0821
10a5
42f4
4bbc
2a96
2a75
3b18
4b7a
42f5
29ed
42d3
751e
64bf
43bd
32d9
2a98
2a97
2a97
2a77
2a76
2a76
2a56
2a55
2255
2255
2235
2234
2234
2234
2213
2a75
4339
5c1d
645d
298a
0841
0841
0842
0842
1062
6aa3
c4e5
f72f
f6ec
e5c6
e5a6
d565
c4e5
8364
18a2
0842
0842
0842
0842
0842
0842
0842
0842
0842
0842
0842
0842
0842
0842
0842
0842
0842
0842
0842
0842
0842
0842
0842
0842
0842
18c3
31a7
5aec
7bf0
8c72
94f4
a556
ad96
b5b6
cdaf
c58e
ad53
94f4
8c72
73cf
4a6a
2125
1062
18a3
39a7
2966
18a3
0842
0842
0842
0842
0842
0842
0842
0842
0842
0862
1062
1083
1062
1062
0862
0842
0842
0842
0842
0842
0842
0842
0842
0842
0842
0842
0842
0842
0842
0842
0842
0842
0842
0842
1062
3186
632d
8472
94f4
9d35
8c93
634d
2945
0842
0862
1083
0841
7bcf
a514
9cf3
0841
0841
0841
0821
0821
0821
0821
0821
0821
0842
0821
0841
2128
3a30
31ef
29cf
29af
218e
216e
214d
194d
192d
192c
190c
190c
110c
110c
216d
6b91
9d15
ad96
be19
c67a
d6db
e75d
e79e
e79e
e79e
e75e
d6dc
c659
b5d7
a555
8c72
2125
0821
0821
0821
0821
0821
0821
0821
0821
0821
0821
0821
0821
0821
0821
0821
1083
5bd7
3ab3
3251
3251
3251
3230
3230
3230
3210
320f
2a0f
2a0f
3a91
5312
0842
0821
0821
0821
0821
0821
0841
0841
0842
1062
0862
0842
0841
0821
0821
0821
0821
0821
0821
0821
0821
0821
0821
0821
0821
0821
10a5
31ef
320f
3a0f
31ed
298b
2129
18e6
1084
1063
29cc
53ba
435a
4b9a
42f5
29ab
2149
53d8
753f
545f
3b5c
2ab9
2a98
2a98
2a97
2a77
2a77
2a76
2a76
2a56
2a55
2255
2255
2234
2234
2234
2214
2213
2213
3295
4b79
645e
5bd9
18c6
0842
0842
0842
0842
28e2
9be4
ddc8
ffb1
ee27
e5c6
dd86
d545
b484
49e2
0842
0842
0842
0842
0842
0842
0842
0842
0842
0842
0842
0842
0842
0842
0842
0842
0842
0842
0842
0842
0842
0842
0842
0842
1083
2946
4a6a
6b8e
8451
94b3
9d35
ad96
ad96
ad96
ad96
ad96
a535
94d3
8451
6b6e
4209
20e4
0842
0842
1083
1083
0842
0842
0842
0842
0842
0842
0842
0842
0842
0862
1062
1083
18a4
1083
1083
1062
0862
0842
0842
0842
0842
0842
0842
0842
0842
0842
0842
0842
0842
0842
0842
0842
0842
0842
0842
2925
5aec
8451
9cf4
a576
9d14
8431
4a49
10a3
0841
0842
0841
0841
4a6a
a514
6b4d
0841
0841
0841
0841
0821
0821
0821
0821
3148
522c
1083
0841
18e6
3a30
216d
190b
190b
110b
10eb
10eb
10eb
10eb
10eb
10ec
110c
110c
110c
110c
320e
8473
a535
b5d8
be39
ce9b
df1c
e77e
e79e
e79e
e77e
d6fc
c65a
b5d7
a555
8c92
2946
0821
0821
0821
0821
0821
0821
0821
0821
0821
0821
0821
0821
0821
0821
0821
0862
5b95
42f4
3272
3251
3251
3251
3230
3230
3230
3230
320f
2a0f
3a71
5354
1083
0821
0821
0821
0821
0821
0841
0842
18c4
9453
524b
0862
0841
0821
0821
0821
0821
0821
0821
0821
0821
0821
0821
0821
0821
0841
2128
29ce
192c
216d
29af
31f0
3a10
3a10
31ee
298c
29ac
4b36
4b36
29cc
10a5
29ed
6cfd
6d1f
4bfe
331b
2ab9
2a98
2a98
2a97
2a97
2a77
2a77
2a76
2a76
2a56
2255
2255
2235
2234
2234
2234
2213
2213
2213
2233
32b6
539a
6c7e
4af4
1063
0842
0842
0842
0842
5a43
bcc5
f6ed
ff2d
e5c6
e5a6
dd65
c505
93a4
18c2
0842
1062
0842
0842
0842
0842
0842
0842
0842
0842
0842
0842
0842
0842
0842
0842
0842
0842
0842
0842
0842
0842
1083
2125
4229
634d
8431
8c92
9cf4
a556
ad96
ad96
ad96
ad96
ad76
9d14
8c92
7c10
5b0c
31a7
18a3
0842
0842
0842
0842
0842
0842
0842
0842
0842
0842
0842
0842
1062
1062
1083
20e4
62ec
2946
18a3
1083
1062
0842
0842
0842
0842
0842
0842
0842
0842
0842
0842
0842
0842
0842
0842
0842
0842
0842
18c3
4a6a
7c11
94d4
a576
ad76
94d3
73af
3187
0842
0841
0841
0841
0841
0841
1062
0841
0841
0841
0841
0841
0841
0821
0821
41eb
acfb
bd5c
9c78
0842
18c5
3a2f
298e
10eb
10eb
10eb
10eb
10eb
10eb
10eb
10eb
10eb
10eb
10ec
110c
110c
192c
5b30
9cf4
ad97
be19
c67a
d6fc
e75e
e79e
e79e
e77e
d6fc
c65a
b5d8
a555
8c92
2966
0821
0821
0821
0821
0821
0821
0821
0821
0821
0821
0821
0821
0821
0821
0821
0841
5333
4b36
3272
3272
3251
3251
3251
3230
3230
3230
3230
320f
3250
5b75
10c4
0821
0821
0821
0821
0821
0841
0862
4a2a
ff9f
bd78
1083
0842
0821
0821
0821
0821
0821
0821
0821
0821
0821
0821
0821
0821
0842
298b
216d
10ea
10ea
10eb
190c
194d
218e
29d0
3211
3a31
42b4
3a30
31cd
5397
755f
5c9f
439d
32fa
2ab9
2a98
2a98
2a98
2a97
2a97
2a77
2a76
2a76
2a56
2a56
2255
2255
2235
2234
2234
2234
2213
2213
2213
2213
2a34
3af7
53fc
6c7d
320d
0842
0842
0842
0842
20c2
93a4
d587
ffb1
f648
e5c6
dda6
d545
bca5
5a23
0842
1062
10a3
0842
0842
0842
0842
0842
0842
0842
0842
0842
0842
0842
0842
0842
0842
0842
0842
0842
0842
1083
2925
4208
632d
7c10
8c72
94d3
a535
ad96
ad96
ad96
ad96
ad96
a555
94d3
8c72
73cf
4a8a
2945
1062
0842
0842
0842
0842
0842
0842
0842
0842
0842
0842
0842
0842
1062
1083
20e4
ad56
ffff
ef9e
41e9
1083
1062
0842
0842
0842
0842
0842
0842
0842
0842
0842
0842
0842
0842
0842
0842
0842
0842
1062
3187
6b8e
94b3
a555
b5d7
a556
8cb3
632d
2105
0842
0841
0841
0841
0841
0841
0841
0841
0841
0841
0841
0841
0841
0841
0842
62cf
c57d
cdde
b53c
20e5
10a4
39ee
29ae
10eb
10ea
10eb
10eb
10eb
10eb
10eb
10eb
10eb
10eb
10eb
10ec
110c
110c
31ed
8473
a556
b5d8
be39
cebb
df3d
e79e
e79e
e77e
d6fc
c65a
b5d7
a555
8c92
2946
0821
0821
0821
0821
0821
0821
0821
0821
0821
0821
0821
0821
0821
0821
0821
0821
42b0
5398
3a72
3272
3272
3251
3251
3251
3251
3230
3230
3230
3230
5b96
2126
0821
0821
0821
0821
0821
0841
0842
1082
62cd
3187
0862
0841
0841
0821
0821
0821
0821
0821
0821
0821
0821
0821
0821
0821
1063
31cd
192b
10ca
10ea
10ea
10eb
10eb
10eb
110c
192c
214d
218f
42b5
751e
753f
543f
3b5c
2ada
2ab9
2ab9
2a98
2a98
2a98
2a97
2a97
2a77
2a76
2a76
2a56
2a55
2255
2255
2234
2234
2234
2234
2213
2213
2213
21f2
2212
2a54
4338
5c3d
641b
2128
0842
0842
0842
0842
49e3
b4a5
eecc
ff4e
e5c6
e5a6
dd85
cd05
9be4
20e2
0842
18c3
18c4
1062
0842
0842
0842
0842
0842
0842
0842
0842
0842
0842
0842
0842
0842
0842
1062
18c3
2946
4229
632d
7bf0
8c72
94d3
9d35
ad76
ad96
ad96
ad96
ad96
ad76
9d14
8c93
8431
634d
39e8
18e4
0842
0842
0842
0842
0842
0842
0842
0842
0842
0842
0842
0842
0842
1062
18a3
2926
ef7d
ffff
ffff
7bb0
18c4
1083
1062
0842
0842
0842
0842
0842
0842
0842
0842
0842
0842
0842
0842
0842
0842
0842
18c3
4a8a
8451
9d14
adb7
b5f8
a535
8c92
5acb
18c4
0841
0841
0841
0841
0841
0841
0841
0841
0841
0841
0841
0841
0841
0841
0841
39a9
acda
bd5c
83b4
1063
1063
31cd
31ef
190b
10ea
10ea
10eb
10eb
10eb
10eb
10eb
10eb
10eb
10eb
10eb
10ec
110c
192c
6b91
9d15
adb7
be19
ce9a
d71c
e77e
e79e
e75e
d6db
c659
b5d7
a555
8472
2125
0821
0821
0821
0821
0821
0821
0821
0821
0821
0821
0821
0821
0821
0821
0821
0821
3a0d
5bd9
3a93
3a72
3272
3272
3251
3251
3251
3251
3230
3230
3230
5376
2989
0821
0821
0821
0821
0821
0841
0841
0862
2105
3166
10a3
0841
0841
0821
0821
0821
0821
0821
0821
0821
0821
0821
0821
0821
18a5
31ce
10ea
10ca
10ea
10ea
10ea
10eb
10eb
10eb
10eb
192c
4317
755f
6d1f
4bde
331b
2ad9
2ab9
2ab9
2ab9
2a98
2a98
2a98
2a97
2a77
2a77
2a76
2a76
2a56
2255
2255
2255
2234
2234
2234
2214
2213
2213
2213
21f2
21f2
2212
3295
4b79
647e
5376
10a4
0842
0842
0842
18a2
8b64
d546
ffb1
f669
e5c6
dda6
d545
bcc5
6283
1062
1082
2125
2125
18a3
1062
0842
0842
0842
0842
0842
0842
0842
0842
0842
0842
1062
18a3
2105
31a7
4a6a
634d
7bf0
8c72
94b3
9d14
ad76
ad96
ad96
ad96
ad96
ad96
9d35
94d3
8452
73af
528a
2946
1083
0842
0842
0842
0842
0842
0842
0842
0842
0842
0842
0842
0842
0842
1062
1083
18c4
ad56
ffdf
dedb
39c8
1083
1062
0842
0842
0842
0842
0842
0842
0842
0842
0842
0842
0842
0842
0842
0842
0842
0842
2945
6b4d
8cb3
a555
b5f8
b5f8
a535
8c72
52ab
18a3
0841
0841
0841
0841
0841
0841
0841
0841
0841
0841
0841
0841
0841
0841
0841
0841
18a4
41eb
0842
0821
0862
29ab
3210
190b
10ea
10ea
10ea
10eb
10eb
10eb
10eb
10eb
10eb
10eb
10eb
10eb
10ec
110c
4a6f
94d4
ad76
b5f8
c67a
d6fc
e77e
e79e
df5d
d6db
c659
b5b7
a535
7c31
18e4
0821
0821
0821
0821
0821
0821
0821
0821
0821
0821
0821
0821
0821
0821
0821
0821
2989
641a
3ab3
3a93
3a72
3272
3272
3251
3251
3251
3251
3230
3230
5355
3a0c
0821
0821
0821
0821
0821
0841
0841
1082
7bcf
9492
5aab
0842
0841
0841
0821
0821
0821
0821
0821
0821
0821
0821
0821
0841
2128
29ad
10ca
10ca
10ca
10ea
10ea
10eb
10eb
10eb
218f
5c3b
757f
5cbf
43be
32fb
2ada
2ab9
2ab9
2ab9
2a98
2a98
2a98
2a97
2a97
2a77
2a77
2a76
2a56
2a56
2255
2255
2235
2234
2234
2234
2213
2213
2213
2213
21f2
21f2
21f2
2233
3ad6
53db
6c7e
3a4f
0842
0842
0842
0842
41a2
b485
ee8b
ff6f
ede6
e5a6
dd85
cd05
a404
2922
0842
18c4
31a7
31a7
2125
18c4
10a3
1082
1062
1062
1062
1062
1062
1083
18c4
2125
3187
4229
5aec
6b8e
8411
8c72
94d3
9d14
a576
ad96
ad96
ad96
ad96
ad96
a535
94d4
8c72
7c10
5b0c
39c8
18c4
0842
0842
0842
0842
0842
0842
0842
0842
0842
0842
0842
0842
0842
0842
1062
1062
1083
18c4
41e8
3167
18a3
1083
1062
0842
0842
0842
0842
0842
0842
0842
0842
0842
0842
0842
0842
0842
0842
0842
1062
39c8
7bf0
94f4
ad96
be18
b5f8
a535
8c72
52ab
18a3
0842
0841
0841
0841
0841
0841
0841
0841
0841
0841
0841
0841
0841
0841
0841
0841
0841
0842
0821
0821
0842
2969
3a10
192c
10ea
10ea
10ea
10ea
10eb
10eb
192c
190b
10eb
10eb
10eb
10eb
10eb
10ec
29ad
8473
a556
b5d8
c659
cedb
df5d
e79e
df3d
cebb
be39
adb7
9d35
73af
10a3
0821
0821
0821
0821
0821
0821
0821
0821
0821
0821
0821
0821
0821
0821
0821
0821
2107
643a
3ad4
3a93
3a93
3a72
3272
3272
3271
3251
3251
3251
3230
4b14
428f
0821
0821
0821
0821
0821
0841
0841
18a3
8430
94d3
6b6d
0862
0841
0841
0821
0821
0821
0821
0821
0821
0821
0821
0821
0842
298a
216c
10c9
10ca
10ca
10ea
10ea
10ea
10eb
192c
5c1c
7d9f
5cbf
4bff
331c
2ada
2ad9
2ab9
2ab9
2ab9
2a98
2a98
2a98
2a97
2a97
2a77
2a76
2a76
2a56
2a56
2255
2255
2235
2234
2234
2234
2213
2213
2213
2212
21f2
21f2
2212
3295
4b7a
645d
4af4
10a4
0842
0842
0842
0842
1082
7b23
cd26
ff90
f6aa
e5c6
e5a6
d565
bcc5
72c3
1062
1062
2105
4208
4a4a
39e8
31a7
2966
2945
2125
2125
2925
2946
3187
39e8
4a4a
5aec
6b6e
7bf0
8451
8c92
94d3
9d35
ad76
ad96
ad96
ad96
ad96
ad96
a535
94f4
8c92
8431
6b4e
4229
2125
1062
0842
0842
0842
0842
0842
0842
0842
39a7
528b
1083
0842
0842
0842
0842
0842
1062
1062
1083
18a4
1083
1083
1062
0842
0842
0842
0842
0842
0842
0842
0842
0842
0842
0842
0842
0842
0842
0842
0842
1083
4a49
8451
9d14
b5d7
be19
b5f8
a535
8c92
5acb
18c4
0842
0842
0842
0841
0841
0841
0841
0841
0841
0841
0841
0841
0841
0841
0841
0862
41ab
3148
0841
0821
0842
2128
3a30
194c
10ca
10ea
10ea
10ea
10ea
192c
31ce
31ce
190b
10eb
10eb
10eb
10eb
10eb
214c
73f2
a535
b5b7
be39
cebb
df3d
e77e
df1c
ce9a
be18
ad96
9d14
630c
0842
0821
0821
0821
0821
0821
0821
0821
0821
0821
0821
0821
0821
0821
0821
0821
0821
10c4
641a
42f5
3a93
3a93
3a93
3a72
3272
3272
3272
3251
3251
3251
42f4
5312
0842
0821
0821
0821
0821
0841
0841
0841
31a7
528a
20e4
0841
0841
0821
0821
0821
0821
0821
0821
0821
0821
0821
0821
1063
31cc
190b
10c9
10ca
10ca
10ca
10ea
10ea
10eb
10eb
29f1
751e
755f
5c7f
3b5d
2ada
2ad9
2ab9
2ab9
2ab9
2a98
2a98
2a98
2a97
2a97
2a77
2a76
2a76
2a56
2a55
2255
2255
2234
2234
2234
2234
2213
2213
2213
21f2
21f2
2a33
3af7
53fc
643c
31ed
0842
0842
0842
0842
0842
0842
0842
3962
ac44
e62a
ff90
ede7
e5a6
dd85
cd25
ac44
3962
0842
1083
2946
4a4a
630c
5b0c
52ab
528a
4a6a
4a6a
528a
52ab
5aec
634d
73af
7c10
8451
8c72
94b3
9cf4
a535
ad76
ad96
ad96
ad96
ad96
ad76
a535
94d4
8c92
8431
6b8e
4a6a
2966
10a3
0842
0842
0842
0842
0842
0842
0842
1062
73af
73cf
39e8
0842
0842
0842
0842
0842
0842
1062
1062
1083
1062
1062
0842
0842
0842
0842
0842
0842
0842
0842
0842
0842
0842
0842
0842
0842
0842
0842
0842
18c3
52ab
8c72
9d35
b5d8
be19
bdf8
a556
8cb3
632d
2105
0842
0842
0842
0842
0841
0841
0841
0841
0841
0841
0841
0841
0841
0841
0841
18a4
524e
49ec
0842
0842
0821
18e6
3a2f
216d
10ca
10ca
10ea
10ea
10ea
192b
31ce
29ce
110b
10eb
10eb
10eb
10eb
10eb
190c
6350
9d35
adb7
be19
ce9a
df1d
e75e
d6fc
c67a
b5f8
a576
94d3
4229
0821
0821
0821
0821
0821
0821
0821
0821
0821
0821
0821
0821
0821
0821
0821
0821
0821
1063
63f8
4b36
3ab3
3a93
3a93
3a93
3a92
3272
3272
3272
3251
3251
42b3
5b75
0862
0821
0821
0821
0821
0821
0841
0841
0841
0842
0841
0841
0841
0821
0821
0821
0821
0821
0821
0821
0821
0821
0821
18c5
31cd
10ea
10c9
10c9
10ca
10ca
10ea
10ea
10ea
10eb
10eb
3ad6
7d9f
6d1f
4bff
331c
2ad9
2ab9
2ab9
2ab9
2a98
2a98
2a98
2a97
2a77
2a77
2a76
2a76
2a56
2255
2255
2235
2234
2234
2234
2214
2213
2213
2213
2213
3275
4359
643d
5377
1906
0842
0842
0842
0842
0842
0842
0842
0842
1062
72e3
c506
ff4f
f6cb
e5c6
e5a6
d565
c4e5
7b23
1082
0842
18a3
3166
4a6a
6b6e
7bf0
7bd0
73cf
73cf
7bcf
7bf0
7c10
8431
8c72
8c92
94b3
9cf4
9d35
a556
ad96
ad96
ad96
ad96
ad76
a555
9d14
94d3
8c72
8431
6b8e
528a
3186
18c4
0862
0842
0842
0842
0842
0842
0842
0842
0842
4229
5acc
18c4
0842
0842
0842
0842
0842
0842
0842
0842
0862
0842
0842
0842
18a4
49cb
18a4
0842
0842
0842
0842
0842
0842
0842
0842
0842
0842
0842
0842
0842
18c4
5acb
8c92
a555
b5f8
be19
be18
ad76
94d3
73af
3187
0842
0842
0842
0842
0842
0841
0841
0841
0841
0841
0841
0841
0841
0841
0841
0841
20c5
18a4
0842
1082
0821
18c5
3a0e
298d
10ea
10ca
10ca
10ea
10ea
10ea
190b
110b
10eb
10eb
10eb
10eb
10eb
10eb
110b
52ef
9d15
ad97
be18
ce9a
df1c
df3d
cebb
c659
b5d7
a555
8c72
2946
0821
0821
0821
0821
0821
0821
0821
0821
0821
0821
0821
0821
0821
0821
0821
0821
0821
0842
5b96
5378
3ab4
3ab4
3a93
3a93
3a93
3a92
3a72
3272
3272
3251
3a92
5bb7
10a4
0821
0821
0821
0821
0821
0821
0841
0841
0841
0841
0841
0821
0821
0821
0821
0821
0821
0821
0821
0821
0821
0841
2127
298d
10c9
10c9
10c9
10ca
10ca
10ca
10ea
10ea
10eb
10eb
192c
5c3c
7dbf
5cbf
439e
32fa
2ab9
4b58
3af8
2a98
2a98
2a97
2a97
2a77
2a77
2a76
2a56
2a56
2255
2255
2235
2234
2234
2234
2213
2213
2213
2a34
3ad7
53bb
645d
3a70
1063
0842
0842
0842
0842
0842
0842
0842
0842
0842
0842
2922
a424
e5e9
ffb1
ee07
e5c6
dd86
cd25
b464
41a2
0842
0842
18c3
3166
4a6a
6b4d
7c10
8451
8c72
8c72
8c92
8c93
94b3
94d3
9cf4
9d35
a556
ad96
ad96
ad96
ad96
ad76
a555
9d14
94d4
94b3
8c72
7c10
6b6e
4a6a
3187
18c4
1062
0842
0842
0842
0842
0842
0842
0842
0842
0842
0842
0842
0842
0842
0842
0842
0842
0842
0842
0842
0842
0842
0842
0842
0842
2927
626f
2906
0842
0842
0842
0842
0842
0842
0842
0842
0842
0842
0842
0842
0842
18c4
5acc
8c92
a555
b5f8
be19
be19
adb7
9d14
8431
4a4a
18a3
0842
0842
0842
0842
0842
0842
0842
0842
0841
0841
0841
0841
0841
0841
0841
0841
1082
18c3
31a7
10a3
1084
31ed
29ae
10ea
10ca
10ca
10ca
10ea
10ea
10ea
10ea
10ea
10eb
10eb
10eb
10eb
10eb
10eb
4aaf
9cf4
ad97
be18
c67a
d71c
d71c
ce9a
be18
ad96
9d14
6b8e
1083
0821
0821
0821
0821
0821
0821
0821
0821
0821
0821
0821
0821
0821
0821
0821
0821
0821
0821
4b13
5bb9
3ab4
3ab4
3ab4
3a93
3a93
3a93
3a92
3a72
3272
3272
3a92
63d8
1906
0821
0821
0821
0821
0821
0821
0821
0821
0841
0821
0821
0821
0821
0821
0821
0821
0821
0821
0821
0821
0821
0842
298a
214b
10c9
10c9
10c9
10c9
10ca
10ca
10ea
10ea
10ea
10eb
190b
3a73
6cdd
755f
545f
3b5d
63f8
a556
94d6
2a98
2a98
2a97
2a97
2a77
2a76
2a76
2a56
2a56
2255
2255
2235
2234
2234
2234
2213
2213
2a75
4339
5c3d
5bfa
2169
0842
0842
0842
0842
0842
0842
0842
0842
0842
0842
0842
0842
1062
6283
c4e5
f72e
ff0c
e5c6
e5a6
dd65
c4e5
8b64
18a2
0842
0862
18a3
2966
4229
5b0c
73cf
8431
8c72
8cb3
94d3
9cf4
9d14
9d35
a535
a555
a555
a535
a535
9d14
9cf4
94d3
94b3
8c72
8431
73cf
630d
4a49
2966
18c4
1062
0842
0842
0842
0842
0842
0842
0842
0842
0842
0842
0842
0842
0842
0842
0842
0842
0842
0842
0842
0842
0842
0842
0842
0842
0842
0842
1083
0842
0842
0842
0842
0842
0842
0842
0842
0842
0842
0842
0842
0842
0842
18c4
52ab
8c72
a535
b5f8
be19
be19
b5f8
a555
8c93
634d
2946
0842
0842
0842
0842
0842
0842
0842
0842
0842
0841
0841
0841
1063
0841
0842
1083
528a
ef5d
ffff
8410
18c4
31ac
31ce
10ea
10ca
10ca
10ca
10ca
10ea
10ea
10ea
10ea
10ea
10eb
10eb
10eb
10eb
10eb
4a8e
94f4
ad97
be18
c67a
d6fc
d6db
c659
b5d8
a576
94d3
4a49
0841
0821
0821
0821
0821
0821
0821
0821
0821
0821
0821
0821
0821
0821
0821
0821
0821
0821
0821
426f
641b
3ad4
3ab4
3ab4
3ab4
3ab3
3a93
3a93
3a93
3a93
3a93
3ab3
5bd8
2969
0821
0821
0821
0821
0821
0821
0821
0821
0821
0821
18e4
1083
0821
0821
0821
0821
0821
0821
0821
0821
0821
1063
31ac
190a
10c9
10c9
10c9
10c9
10ca
10ca
10ca
10ea
10ea
10eb
192c
31ef
320e
753e
6d1f
4bff
6c3a
9d37
94d7
2ab8
2a98
2a97
2a97
2a77
2a76
2a76
2a56
2a55
2255
2255
2234
2234
2234
2234
2234
32b7
4b9b
645e
4b14
10a4
0842
0842
0842
0842
0842
0842
0842
0842
0842
0842
0842
0842
0842
0842
20e2
9be4
dda8
ffb1
ee27
e5c6
dd86
d545
b485
49e3
0842
0842
0842
10a3
2125
39c8
528b
634d
73cf
8431
8451
8c72
8c93
94b3
94d3
94d3
94d3
94d3
94b3
8c93
8c72
8452
8431
7bcf
6b4d
52ab
39e8
2925
18a3
1062
0842
0842
0842
0842
0842
0842
0842
0842
0842
0842
0842
0842
0842
0842
0842
0842
0842
0842
0842
0842
0842
0842
0842
0842
0842
0842
0842
0842
0842
0842
0842
0842
0842
0842
0842
0842
0842
0842
0842
0842
0842
0842
18a3
4a6a
8451
9d15
b5d7
be19
be39
be39
ad97
9cf4
8431
4a6a
18c4
0842
0842
0842
0842
1062
1062
0842
0842
0842
0842
1883
18c4
18c4
18c4
18e4
a535
ffff
ffff
ffff
39c8
31cb
31ef
190a
10c9
10ca
10ca
10ca
10ca
10ea
10ea
10ea
10ea
10ea
10eb
10eb
10eb
10eb
4aaf
94f4
ad97
be18
c67a
d6fc
ce9a
be18
adb7
9d35
7c10
2104
0821
0821
0821
0821
0821
0821
0821
0821
0821
0821
0821
0821
0821
0821
0821
0821
0821
0821
0821
31cb
643b
42f5
42f5
42f5
4316
4b36
4b57
5377
5398
5bd9
63f9
641a
6c3a
31ec
0821
0821
0821
0821
0821
0842
0821
0821
0821
52cb
7c10
73af
2925
0821
0821
0821
0821
0821
0821
0821
0821
18c5
31cd
10c9
10c9
10c9
10c9
10c9
10c9
10ca
10ca
10ea
10ea
10ea
216e
31ac
1063
42f4
7d7f
64bf
4bbe
643e
643e
53de
4b7d
433b
3afa
32b8
2a97
2a76
2a56
2255
2255
2235
2234
2234
2234
2a75
3b19
5c1d
643c
31ed
0842
0842
0842
0842
0842
0842
0842
0842
0842
0842
0842
0842
0842
0842
0842
0842
1062
5a43
bcc5
f6ed
ff2d
e5c6
e5a6
dd65
c505
93a4
20c2
0842
0842
0842
1062
18e4
2966
4208
52ab
632d
738e
7bf0
7c10
8431
8451
8451
8451
8451
8431
7c10
7bf0
73af
632d
52ab
4209
3166
20e4
1083
0842
0842
0842
0842
0842
0842
0842
0842
0842
0842
0842
0842
0842
0842
0842
0842
0842
0842
0842
0842
0842
0842
0842
0842
0842
0842
0842
0842
0842
0842
0842
0842
0842
0842
0842
0842
0842
0842
0842
0842
0842
0842
0842
0842
1062
39e8
7c10
9cf4
ad97
be19
be39
be39
b5f8
a555
94b3
73af
39e8
10a3
0862
1062
39c8
738e
6b4d
18c4
0842
0842
18a4
6b4e
a515
3167
18a4
18a3
9cf3
ffff
ffff
df1c
18c4
2969
320f
190b
10c9
10c9
10ca
10ca
10ca
10ca
10ca
10ea
190b
214c
190b
298c
216c
110b
52cf
9cf4
ad97
be19
ce9a
cebb
c659
b5d7
a576
94d4
528b
0842
0821
0821
0821
0821
0821
0821
0821
0821
0821
0821
0821
0821
0821
0821
0821
0821
0821
0821
0821
2148
6c5c
5bfa
643b
6c5c
6c7c
6c7c
6c5b
6c3a
6c39
63d6
5312
426f
31ec
2147
0821
0821
0821
0842
10c5
2128
0842
0821
0821
7bf0
7c10
7c10
4a49
0821
0821
0821
0821
0821
0821
0821
0841
2127
298c
10c8
10c8
10c9
10c9
10c9
10c9
10ca
10ca
10ca
10ea
10eb
29cf
2149
0841
10a4
5c1a
757f
5c5f
4bbe
6c5f
643f
643f
645f
643f
643f
5bfe
53bd
4b7c
431a
32d8
3297
2a55
2a55
32b7
4b9b
647e
5398
1907
0842
0842
0842
0842
0842
0842
0842
0842
0842
0842
0842
0842
0842
0842
0842
0842
0842
0842
20c2
93a4
d587
ffb1
f648
e5c6
dda6
d545
bca5
5a43
0842
0842
0842
0842
0862
1083
20e4
2966
39c8
4a49
52ab
5aec
632d
6b4d
6b6e
6b6e
6b4e
632d
5aec
52ab
4a49
39c8
2966
2104
10a3
1062
0842
0842
0842
0842
0842
0842
0842
0842
0842
0842
0842
0842
0842
0842
0842
0842
0842
0842
0842
0842
0842
0842
0842
0842
0842
0842
0842
0842
0842
0842
0842
0842
0842
0842
0842
0842
0842
0842
0842
0842
0842
0842
0842
0842
0842
0842
2966
6b8e
94b3
a576
bdf8
be39
be39
be19
adb7
9d15
8c92
6b6e
39c7
18c3
3186
ad96
bdd7
a534
3166
1062
10a3
41e9
ffff
ffff
d69a
20e5
18a3
20e4
ad55
9cf4
52aa
1082
2127
3a0f
192b
10c9
10c9
10c9
10ca
10ca
10ca
10ca
10ea
296d
298d
3a2e
7bf1
7bf1
52ce
5b30
9d15
adb7
be39
ce9a
c67a
be18
ad96
9d15
7bf0
2104
0821
0821
0821
0821
0821
0821
0821
0821
0821
0821
0821
0821
0821
0821
0821
0821
0821
0821
0821
0821
18e5
6419
63d8
5b75
4af2
426f
31ec
2969
31c9
7bf1
7bf0
4a6a
0841
0821
0821
0821
0842
18c6
298b
3a0f
3a10
10a5
0821
0842
6b4d
7c10
7c10
31a7
0821
0821
0821
0821
0821
0821
0821
0842
298a
214b
10a8
10a8
10c9
10c9
10c9
10c9
10c9
10ca
10ca
10ea
110b
31ef
18c6
0841
0841
2149
6cdd
6d1f
541f
643f
641f
539f
539f
53bf
5bdf
5bff
641f
643f
643f
643f
641f
5bfe
5bfd
643e
6c9f
5357
2108
1084
0863
0842
0842
0842
0842
0842
0842
0842
0842
0842
0842
0842
0842
0842
0842
0842
0842
0842
0842
49e3
b485
eeac
ff4e
edc6
e5a6
dd85
cd05
8ba4
1082
0842
0842
0842
0842
0842
1062
1083
18c4
2105
2946
3187
39c7
39e8
4208
4208
39e8
39c8
3187
2946
2105
18c4
1083
1062
0842
0842
0842
0842
0842
0842
0842
0842
0842
0842
0842
0842
0842
0842
0842
0842
0842
0842
0842
0842
0842
0842
0842
0842
0842
0842
0842
0842
0842
0842
0842
0842
0842
0842
0842
0842
0842
0842
0842
0842
0842
0842
0842
0842
0842
0842
0842
0842
18e4
52cb
8c72
9d15
b5b7
be19
be19
be19
be18
ad96
9d14
8c72
6b6e
4229
8410
bdd7
c638
b5b6
3187
1062
18a3
4a6a
ffff
ffff
c618
20e5
2125
39a7
3186
18c3
1062
0841
18e6
3a0e
214c
10c9
10c9
10c9
10c9
10ca
212b
218c
190a
214c
296d
632f
7bf1
7bf1
73d0
73b1
9d35
adb7
be39
c67a
be19
adb7
a555
94b3
4229
0841
0821
0821
0821
0821
0821
0821
0821
0821
0821
0821
0821
0821
0821
0821
0821
0821
0821
0821
0821
0821
1063
18e6
10a4
0863
0842
0841
0821
0821
528a
7bcf
7bcf
738e
1062
0821
0862
18c6
298b
3a10
3211
29af
31f0
296a
0842
0821
0842
39e8
20e4
0841
20e6
20c5
0841
0821
0821
0821
0821
18c4
73d0
73b0
5aee
10c8
10c8
10c9
10c9
10c9
10c9
10ca
10ca
10ca
192c
31ee
1083
0841
0841
0842
3250
755f
64df
5c3f
6c5f
539f
3afd
3afc
3b1d
431d
433e
4b5e
4b7e
539f
5bdf
5bff
643f
643f
641f
63fe
5bdc
5b7a
4b17
4293
31ee
296a
2108
2949
41cd
20e6
0842
0842
0842
0842
0842
0842
0842
0842
0842
0842
0842
18a2
8b64
d546
ffb1
f669
e5c6
e5a6
d545
a424
18a2
0842
0842
0842
0842
0842
0842
0842
0842
1062
1083
10a3
18a3
18c4
18c4
18c4
18c4
18c3
10a3
1083
1062
0842
0842
0842
0842
18a4
1083
0842
0842
0842
0842
0842
0842
0842
0842
0842
0842
0842
0842
0842
0842
0842
0842
0842
0842
0842
0842
0842
0842
0842
0842
0842
0842
0842
0842
0842
0842
0842
0842
0842
0842
0842
0842
0842
0842
0842
0842
0842
0842
0842
0842
0842
1063
39c8
73cf
94d3
a556
b5f8
be19
be19
be19
b5f8
ad76
9d14
8c92
73cf
6b8e
b596
b5d6
8c51
1083
0842
1062
18c4
738f
9cd4
4a2a
31a7
4229
4208
10a3
0862
0841
0841
10c5
3a0e
216c
10c9
10c9
10c9
10c9
10ea
31cd
31ee
216c
10ea
10ea
31ec
7bf1
7bf1
5b0f
8432
a535
b5d8
c65a
be39
b5d7
a576
9cf4
632d
10a3
0821
0821
0821
0821
0821
0821
0821
0821
0821
0821
0821
0821
0821
0821
0821
0821
0821
0821
0821
0821
0821
0821
0821
0821
0821
0821
0821
0821
0821
2104
7bcf
7bcf
4229
0863
18e6
298b
3a10
3211
218f
192d
10ec
214e
320f
10a4
0821
0821
0821
0821
3127
520d
520d
2907
0821
0821
0821
0841
6b4e
8452
8452
8431
31cc
10e9
10c9
10c9
10c9
10c9
10c9
10ca
10ca
216d
29ac
0842
0841
0841
0841
1083
4b77
755f
5c7f
6c7f
5bff
431d
2a7b
2a5a
2a7a
2a9a
329b
32bb
3afc
433d
4b7e
4b5c
431b
4b3b
4b5c
537d
5b9d
5bbe
63de
63fe
641f
6bfe
6bdd
639b
5317
320f
298b
1908
18a5
1063
0842
0842
0842
0842
0842
0842
0842
41a2
b465
ee6a
ff8f
ede6
e5a6
dd85
8b84
1082
0842
0842
0842
0842
0842
20e4
4a4a
18c4
0842
0842
0842
0842
0842
0842
0842
0842
0842
0842
0842
0842
0842
0842
0842
20c5
5a8d
62ad
2906
0842
0842
0842
0842
0842
0842
0842
0842
0842
0842
0842
0842
0842
0842
0842
0842
0842
0842
0842
0842
0842
0842
0842
0842
0842
0842
0842
0842
0842
0842
0842
0842
0842
0842
0842
0842
0842
0842
0842
0842
0842
0842
0842
0842
0842
20e4
52ab
8451
9cf4
ad96
be18
be19
be19
be19
b5f8
ad96
9d35
94d3
8451
8451
7bef
528a
31a7
2946
2125
2946
39a8
4a2a
52ab
632d
5aec
2945
0842
0841
0841
0841
1084
31ed
29ad
10c9
10c9
10c9
10c9
10c9
298c
29ad
192b
10ca
10ca
10ea
214b
31cc
3a2d
94b3
a556
b5f8
be39
b5d8
a576
9d14
73cf
2125
0821
0821
0821
0821
0821
0821
0821
0821
0821
0821
0821
0821
0821
0821
0821
0821
0821
0821
0821
0821
0821
0821
0821
0821
0821
0821
0821
0821
0821
0821
0821
18c4
2125
2127
29ac
3a0f
31f0
218e
192c
10eb
10eb
10eb
190c
31f0
216a
0841
0821
0821
0821
3148
520d
520d
3148
0821
0821
0821
0841
6b4e
8431
8452
8451
5b0f
31cd
298d
216c
192b
18ea
10ea
10ca
10ea
29ae
2128
0841
0841
0841
0841
0841
18e6
647c
6d1f
647f
645f
4b7f
32bc
2239
2219
2239
2239
2a7a
32bb
3adb
2a57
29f5
2a16
2a36
3257
3277
3a98
3ad9
42fa
4b3b
537d
5b9d
5bbe
5bbe
5bde
63fe
63fe
63dd
5b9b
5338
42b4
3a30
298c
2128
18c6
1084
1062
1082
72e3
cd06
ff90
f6aa
e5c6
c4e5
41a3
0842
0842
0842
0842
0842
0842
6b2d
9492
5acb
0842
0842
0842
0842
0842
0842
0842
0842
0842
0842
0842
0842
0842
0842
0842
2906
62ce
62ce
3988
0842
0842
0842
0842
0842
0842
0842
0842
0842
0842
0842
0842
0842
0842
0842
0842
0842
0842
0842
0842
0842
0842
0842
0842
0842
0842
0842
0842
0842
0842
0842
0842
0842
0842
0842
0842
0842
0842
0842
0842
0842
0842
1062
0842
0842
1062
3187
632e
8c72
9d14
ad97
bdf8
be19
be19
be19
be18
b5b7
a556
9d14
94d3
8c72
7c10
73af
6b6e
634d
634d
6b8e
7bf0
8431
738e
39e8
1083
0841
0841
0841
0841
1063
31cb
31ce
10e9
10c9
10c9
10c9
10c9
10c9
10ea
10c9
10ca
10ca
10ca
10ca
18ea
5b2f
9d14
ad96
bdf8
b5f8
ad96
9d14
8431
3187
0841
0821
0821
0821
0821
0821
0821
0821
0821
0821
0821
0821
0821
0821
0821
0821
0821
0821
0821
0821
0821
0821
0821
0821
0821
0821
0821
0821
0821
0821
0821
1063
18e7
29ac
3a0f
31ef
216d
190c
10eb
10eb
10eb
10eb
10eb
10eb
216e
320f
1084
0821
0821
0821
1884
398a
418a
1063
0821
0821
0821
0821
39e8
8411
8431
6b6e
2127
2149
298b
31cd
31ee
31ce
29ad
216c
192c
31ee
18c5
0841
0841
0841
0841
0841
0841
29cc
74fe
6cdf
6c7f
5bdf
3afd
2a5a
2239
2239
2a7a
32bb
2a79
19b4
1993
1993
1993
1993
19b3
21b3
21d4
21f4
2a15
2a36
3a99
42b9
42da
3ab8
42d9
431a
4b3b
535b
537c
5b9d
5bbd
63de
63de
63dd
5b9b
5359
4ad5
3a51
3a0d
734a
bd2c
de8f
9c06
41a3
1062
0842
0842
0842
0842
0842
0842
39c8
738e
2925
0842
0842
0842
0842
0842
0842
0842
0842
0842
0842
0842
0842
0842
0842
0842
1083
39a8
49ea
1083
0842
0842
0842
0842
0842
0842
0842
0842
0842
0842
0842
0842
0842
0842
0842
0842
0842
0842
0842
0842
0842
0842
0842
0842
0842
0842
0842
0842
0842
0842
0842
0842
0842
0842
0842
0842
0842
0842
0842
0842
18a3
73af
7bcf
18c4
0842
1884
49ee
5a71
6af1
8c73
9d14
ad96
b5f8
be18
be19
be19
be18
b5f8
adb7
a576
9d35
9cf4
94d3
94b3
94b3
94b3
94b3
8c92
7bd0
4249
18c4
0842
0841
0841
0841
0841
0862
298a
31ee
18ea
10c9
10c9
10c9
10c9
10c9
10c9
10c9
10c9
10ca
10ca
10ca
298b
7c32
a535
adb7
b5d8
ad97
9d35
8431
39c7
0841
0821
0821
0821
0821
0821
0821
0821
0821
0821
0821
0821
0821
0821
0821
0821
0821
0821
0821
0821
0821
0821
0821
0821
0821
0821
0821
0821
0821
0821
0821
1084
29ac
3a0f
31cf
216d
190b
10eb
10eb
10eb
10eb
10eb
10eb
10eb
10eb
110c
31f0
2149
0841
0821
0821
0821
0821
0841
0821
0821
0821
0821
0821
0841
18c3
3187
18a3
0841
0842
1063
10a5
1907
2149
31cc
3a0e
31ee
31cd
1063
0841
0841
0841
0841
0841
0841
0842
42d3
753f
6cbf
643f
4b5e
329b
2a7a
329b
32bb
2a37
1993
1973
1993
1993
1972
1972
1972
1972
1972
1972
1992
1992
21b3
21d4
21d4
21d4
29f5
2a15
3236
3256
3a97
3ab8
42d9
42f9
4b3a
4b5b
537c
5b9d
5bbd
63de
63fe
63dd
63dc
63ba
5316
4272
31ce
214a
18e7
10a5
1063
0842
0842
0842
0842
0842
0842
0842
0842
0842
0842
0842
0842
0842
0842
0842
0842
0842
0842
0842
0842
0842
0842
0842
0842
0842
0842
0842
0842
0842
0842
0842
0842
0842
0842
0842
0842
0842
0842
0842
0842
0842
0842
0842
0842
0842
0842
0842
0842
0842
0842
0842
0842
0842
0842
0842
0842
0842
0842
0842
0842
0842
0842
0842
0842
2966
8c71
8c71
2945
0842
2907
5a30
5a50
6271
6b30
8c72
9cf4
a555
adb7
b5f8
be18
be19
be19
be18
bdf8
b5d7
adb7
ad96
a576
a535
9d14
8c93
73cf
4a4a
20e4
0842
0841
0841
0841
0841
0841
0842
2949
320e
190a
10c9
10c9
10c9
10c9
10c9
10c9
10c9
10c9
10c9
10ca
10ea
4aae
94d4
a576
adb7
a576
9d15
8452
39c8
0841
0821
0821
0821
0821
0821
0821
0821
0821
0821
0821
0821
0821
0821
0821
0821
0821
0821
0821
0821
0821
0821
0821
0821
0821
0821
0821
0821
0821
0821
0821
0821
0842
298b
29ae
190b
18ea
190b
18eb
10eb
10eb
10eb
10eb
10eb
10eb
10eb
10eb
216d
31ee
1084
0821
0821
0821
0821
0821
0821
0821
0821
0821
0821
0821
0821
0821
0821
0821
0821
0821
0821
0862
18c4
2126
2947
2968
2148
0842
0821
0841
0841
0841
0841
0841
0841
10a4
5bd9
751f
6c7f
53bf
3b1e
32dc
32ba
21d5
1973
1993
1993
1993
1993
1993
1972
1972
1972
1972
1972
1972
1972
1972
1972
1972
1972
1972
1992
1992
21b3
21b3
21d4
29f4
2a15
3236
3256
3a77
3a98
42d9
42f9
4b1a
4b5b
537c
5b9d
5bde
63fe
63ff
63fe
5bdd
5b9a
5317
4293
320f
296b
2107
10a5
0842
0842
0842
0842
0842
0842
0842
0842
0842
0842
0842
0842
0842
0842
0842
0842
0842
0842
0842
0842
0842
0842
0842
0842
0842
0842
0842
0842
0842
0842
0842
0842
0842
0842
0842
0842
0842
0842
0842
0842
0842
0842
0842
0842
0842
0842
0842
0842
0842
0842
0842
0842
0842
0842
0842
0842
0842
0842
0842
0842
4a49
4a29
1062
0842
3129
5a30
5a30
5a50
4a2b
632d
8431
94b3
9d14
a555
ad76
adb7
b5d7
b5d7
b5d7
adb7
ad96
a555
9d14
94d3
8452
6b6e
4229
18e4
0842
0841
0841
0841
0841
0841
0841
0841
2127
3a0e
192b
10c8
10c9
10c9
10c9
10c9
10c9
10c9
10c9
10c9
10c9
298b
7c12
9d35
a576
a555
94f4
7c33
4a8e
1083
0821
0821
0821
0821
0821
0821
0821
0821
0821
0821
0821
0821
0821
0821
0821
0821
0821
0821
0821
0821
0821
0821
0821
0821
0821
0821
0821
0821
0821
0821
0821
0821
0821
18c5
320e
192b
190b
214b
190b
190b
10ea
10ea
10ea
10ea
10eb
10eb
10eb
110b
31f0
2129
0841
0821
0821
0821
0821
0821
0821
0821
0821
0821
0821
0821
0821
0821
0821
0821
0821
0821
18a3
2946
94b3
9492
2105
18c4
0821
0821
0841
0841
0841
0841
0841
0841
0841
2149
6c9d
74df
643f
4b9f
32bb
19b4
1993
1973
1993
1993
29f5
3a97
3256
1993
1972
1972
1972
1972
1972
1972
1972
1972
1972
1972
1972
1972
1972
1972
1972
1972
1992
21b3
42d7
3a96
21d4
21d3
21f4
2a15
2a35
3256
3277
3a98
42d9
42fa
4b1b
4b5c
537d
5b9d
5bde
63fe
63ff
63fe
63dd
5b9b
0842
0842
0842
0842
0842
0842
0842
0842
0842
0842
0842
0842
0842
0842
0842
0842
0842
0842
0842
0842
0842
0842
0842
0842
0842
0842
0842
0842
0842
0842
0842
0842
0842
0842
0842
0842
0842
0842
0842
0842
0842
0842
0842
0842
0842
0842
0842
0842
0842
0842
0842
0842
0842
0842
0842
0842
0842
0842
0842
0842
0842
0842
0842
0842
0842
314a
520f
396a
18c4
2966
4a8a
6b8e
8451
8c93
94d3
9cf4
9d14
9d14
9d14
9cf4
94d4
8cb3
8451
73cf
52cb
31a7
18a3
0842
0841
0841
0841
0841
0841
0841
0841
0841
18e6
3a0e
214b
10c8
10c8
10c9
10c9
10c9
10c9
10e9
10ea
190a
212b
5b2f
94f4
a556
9d35
8cb4
6b92
4290
3a0e
1084
0821
0821
0821
0821
0821
0821
0821
0821
0821
0821
0821
0821
0821
0821
0821
0821
0821
0821
0821
0821
0821
0821
0821
0821
0821
0821
0821
0821
0821
0821
0821
0821
0821
0862
31ab
31ce
52d0
a557
52af
192b
18ea
10ea
10ea
10ca
10ca
10ea
10ea
10eb
216d
31ee
1083
0821
0821
0821
0821
0821
0821
0821
0821
0821
0821
0821
0821
0821
0821
0821
0841
1082
20e4
9492
ffff
ffff
8c72
20e4
1062
0821
0841
0841
0841
0841
0841
0841
0841
0842
322f
74df
6c7f
537e
3258
19b4
1994
1993
1993
1993
42f9
537a
535a
29f4
1993
1993
1973
1972
1972
1972
1972
1972
1972
1972
1972
1972
1972
1972
1972
1972
1972
42d7
5b7a
5b79
3214
1972
1972
1972
1992
1993
21b3
21d4
21f4
2a15
2a36
3257
3277
3ab8
42d9
42fa
4b1b
4b5c
537d
5bde
0842
0842
0842
0842
0842
0842
0842
0842
0842
0842
0842
0842
0842
0842
0842
0842
0842
0842
0842
0842
1082
3143
41a3
2903
1062
0842
0842
0842
0842
0842
0842
0842
0842
0842
0842
0842
0842
0842
0842
0842
0842
0842
0842
0842
0842
0842
0842
0842
0842
0842
0842
0842
0842
0842
0842
0842
0842
0842
0842
0842
0842
0842
0842
0842
0842
0842
0862
0842
0842
1062
18c4
3187
4a6a
632d
73af
7c10
8431
8451
8431
7c10
73cf
634d
528b
39c7
20e4
1062
0842
0841
0841
0841
0841
0841
0841
0841
0841
0841
18c5
39ed
216c
10e9
10e9
190a
190a
192b
214b
216c
298d
29ad
52d0
8cb3
9d15
94d4
7c32
5b11
4250
3a2f
3a0e
10a5
0821
0821
0821
0821
0821
0821
0821
0821
0821
0821
0821
0821
0821
0821
0821
0821
0821
0821
0821
0821
0821
0821
0821
0821
0821
0821
0821
0821
0821
0821
0821
0821
0821
0842
2106
5b32
f7be
ffff
ef7d
296b
190a
10ea
10ca
10ca
10ca
10ca
10ca
10ca
10eb
31ef
2128
0841
0821
0821
0821
0821
0821
0821
0821
0821
0821
0821
0821
0821
0821
0821
0841
1082
20e4
94b3
ffff
ffff
8431
20e4
1062
0821
0841
0841
0841
0841
0841
0841
0841
0841
1063
42f4
641e
53be
3aba
21f6
1994
1994
1994
1994
42f9
535a
4b3a
21d4
1993
1993
1973
1973
1973
1973
1972
1972
1972
1972
1972
1972
1972
1972
1972
1972
1992
4297
5b7a
5b7a
3235
1972
1972
1971
1971
1971
1972
1972
1972
1992
1993
21b3
21d4
21d4
29f5
2a15
2a36
3ab9
535c
641f
0842
0842
0842
0842
0842
0842
0842
0842
0842
0842
0842
0842
0842
0842
0842
0842
0842
0842
0842
5224
e6d0
ffd2
fec9
dd86
9c04
3143
0842
0842
0842
0842
0842
0842
0842
0842
0842
0842
0842
0842
0842
0842
0842
0842
0842
0842
0842
0842
0842
0842
0842
0842
0842
0842
0842
0842
0842
0842
0842
0842
0842
0842
0842
0842
0842
0842
0842
0842
0842
0842
2926
6aef
62ce
18a3
18a3
2125
3187
39e8
4229
4a49
4229
4208
31a7
2925
18c3
1062
0842
0842
0842
0842
0841
0841
0841
0841
0841
0841
0841
0841
1084
31ec
29ad
296c
29ad
29ad
31ce
31ee
3a0f
3a0f
3a2f
52d0
8453
94b3
7c11
5aef
3a0c
298a
2969
2128
2107
10a5
0821
0821
0821
0821
0821
0821
0821
0821
0821
0821
0821
0821
0821
0821
0821
0821
0821
0821
0821
0821
0821
0821
0821
0821
0821
0821
0821
0821
0821
0821
0821
0821
0821
0862
10a3
52ae
ffff
ffff
f7df
39ed
190a
18ea
10ca
10ca
10ca
10ca
10ca
10ca
10ca
216d
31cd
0863
0821
0821
0821
0821
0821
0821
0821
0821
0821
0821
0821
0821
0821
0821
0821
0821
18a3
2125
94b3
94b3
2125
18a3
0821
0821
0841
0841
0841
0841
0841
0841
0841
0841
0841
0863
4af7
641f
431c
2a37
19b4
1994
1994
1994
21d4
3277
2a16
1993
1993
1993
1973
1973
1973
1973
1973
1973
1973
1972
1972
1972
1972
1972
1972
1972
1972
21b3
3a56
3255
1992
1972
1972
1972
1971
1972
1972
1972
1972
1972
1972
1972
1972
1993
1993
21d4
3277
4b3b
63ff
5338
1062
0842
0842
0842
0842
0842
0842
0842
0842
0842
0842
0842
0842
0842
0842
0842
0842
0842
5a43
f6c7
ffaa
fff4
fff3
fee9
e5c6
bca5
41a3
1042
0842
0842
0842
0842
0842
0842
0842
0842
0842
0842
0842
0842
0842
0842
0842
0862
1062
0842
0842
0842
0842
0842
0842
0842
0842
0842
0842
0842
0842
0842
0842
0842
0842
0842
0842
0842
0842
0842
0842
0842
524b
7b71
7b71
39a8
0842
0842
0862
1062
1083
1083
1083
1062
0862
0842
0842
0842
0842
0842
0842
0842
0841
0841
0841
0841
0841
0841
0841
0841
1063
31cc
3a0f
3a0e
3a0e
3a0e
3a0d
31ed
31cc
31ab
424c
6b6f
632e
420a
2147
18c5
10a4
1083
0862
0842
0842
0841
0821
0821
0821
0821
0821
0821
0821
0821
0821
0821
0821
0821
0821
0821
0821
0821
0821
0821
0821
0821
0821
0821
0821
0821
0821
0821
0821
0821
0821
0821
0821
0821
0821
0841
1062
2947
8c95
ce7b
5b10
190a
10ea
10ea
10ca
10ca
10ca
10ca
10ca
10ca
10ca
10eb
31ef
1907
1062
0821
0821
0821
0821
0821
0821
0821
0821
0821
0821
0821
0821
0821
0821
0821
0842
18a3
20e4
18e4
18a3
0842
0821
0821
0841
0841
0841
0841
0841
0841
0841
0841
0841
0841
298c
643f
539e
3299
21d5
1994
1994
1994
1994
1994
1994
1993
1993
1993
1973
1973
1973
1973
1973
1973
1973
1973
1973
1973
1972
1972
1972
1972
1972
1972
1992
1972
1972
1972
1972
1972
1972
1972
1972
1972
1972
1972
1972
1992
1992
21b3
21d4
3257
431b
5bde
5bdc
214a
1062
0842
0842
0842
0842
0842
0842
0842
0842
0842
0842
0842
0842
0842
0842
0842
0842
18a2
dde6
ff07
ff07
ff8a
fff3
fff4
ff0a
e5c6
c4c5
49e3
1062
1042
1042
1042
1042
1042
0842
0842
0842
0842
0842
0842
0842
0842
2946
526b
732f
41c9
0842
0842
0842
0842
0842
0842
0842
0842
0842
0842
0842
0842
0842
0842
0842
0842
0842
0842
0842
0842
0842
0842
3167
7b71
7b50
20e4
0842
0842
0842
0842
0842
0842
0842
0842
0842
0842
0842
0842
0842
0842
0842
0842
0841
0841
0841
0841
0841
0841
0841
0841
20e6
4a2f
422f
298a
2949
2128
2107
18e6
18c5
2126
2966
18e4
1062
0842
0841
0841
0821
0821
0821
0821
0821
0821
0821
0821
0821
0821
0821
0821
0821
0821
0821
0821
0821
0821
0821
0821
0821
0821
0821
0821
0821
0821
0821
0821
0821
0821
0821
0821
0821
0821
0821
0821
0821
0821
0821
0841
0842
1083
31cc
31cd
190a
18ea
10c9
10c9
10c9
10c9
10c9
10ca
10ca
10ca
10ca
10ca
216c
31ed
2105
1083
0862
0821
0821
0821
0821
0821
0821
0821
0821
0821
0821
0821
0821
0821
0821
0821
1062
1062
0821
0821
0821
0821
0841
0841
0841
0841
0841
0841
0841
0841
0841
0841
1084
539a
5bff
42fc
2a17
19b4
1994
1994
1994
1994
1994
1994
1994
1993
1993
1993
1993
1973
1973
1973
1973
1973
1973
1973
1973
1973
1973
1972
1972
1972
1992
1972
1972
1972
1972
1972
1972
1972
1972
1972
1972
1972
1972
1993
3276
537a
5b7b
431a
5bde
6c5f
3a50
1083
1062
0842
0842
0842
0842
0842
0842
0842
0842
0842
0842
0842
0842
1042
1042
1042
1042
5223
fec7
fee7
ff07
ff07
ff89
fff3
fff5
ff2a
e5e6
c4e5
5203
1062
1042
1042
1042
1042
1042
1042
1042
1042
1042
0842
0842
20e4
7bf0
8451
8431
7b70
1063
0842
0842
0842
0842
0842
0842
0842
0842
0842
0842
0842
0842
0842
0842
0842
0842
0842
0842
0842
0842
0842
0842
18c4
0862
0842
0842
0842
0842
0842
0842
0842
0842
0842
0842
0842
0842
0842
0842
0842
0842
0842
0841
0841
0841
0841
0841
0841
0841
0841
20e6
41cd
398b
1083
0863
0842
0842
0841
0841
0821
0821
0821
0821
0821
0821
0821
0821
0821
0821
0821
0821
0821
0821
0821
0821
0821
0821
0821
0821
0821
0821
0821
0821
0821
0821
0821
0821
0821
0821
0821
0821
0821
0821
0821
0821
0821
0821
0821
0821
0821
0821
0821
0821
0821
0841
0841
0862
0862
2107
39ee
190a
10c9
10c9
10c9
10c9
10c9
10c9
10c9
10c9
10c9
10c9
10ea
216c
424f
39ea
18e4
18c3
1082
0821
0821
0821
0821
0821
0821
0821
0821
0821
0821
0821
0821
0821
0821
0841
0821
0821
0821
0821
0821
0841
0841
0841
0841
0841
0841
0841
0841
0841
0841
0842
3a31
643f
4b5e
3279
21d5
1994
1994
1994
1994
1994
1994
1994
1994
1994
1994
1993
1993
1993
1993
1973
1973
1973
1973
1973
1973
1973
1973
1973
1973
1973
1972
1972
1972
1972
1972
1972
1972
1972
1972
1972
1992
1993
21d3
537a
5bbc
63fd
641f
749f
adff
5acd
18a4
1063
0842
0842
0842
0842
0842
0842
0842
0842
1042
1042
1042
1042
1042
1042
1042
1042
72e4
fe66
fec7
fee7
ff07
ff07
ff69
fff2
fff5
ff2b
ede6
cd05
5a43
1062
1062
1062
1062
1062
1062
1042
1042
1042
1042
1042
4a6a
7bf0
8451
8451
6b6e
1063
0842
0842
0842
0842
0842
0842
0842
0842
0842
0842
0842
0842
0842
0842
0842
0842
0842
0842
0842
0842
0842
0842
0842
0842
0842
0842
0842
0842
0842
0842
0842
0842
0842
0842
0842
0842
0842
0842
0842
0842
0842
0842
0841
0841
0841
0841
0841
0841
0841
0841
1884
0842
0821
0821
0821
0821
0821
0821
0821
0821
0821
0821
0821
0821
0821
0821
0821
0821
0821
0821
0821
0821
0821
0821
0821
0821
0821
0821
0821
0821
0821
0821
0821
0821
0821
0821
0821
0821
0821
0821
0821
0821
0821
0821
0821
0821
0821
0821
0821
0821
0821
0821
0841
0842
1082
1083
1062
1083
31cb
214b
10c9
10c9
10c9
10c9
10c9
10c9
10c9
10c9
10c9
190a
214b
31cd
4ab1
9cf6
4a49
2105
18a3
1082
0821
0821
0821
0821
0821
0821
0821
0821
0821
0821
0821
0821
0821
0821
0821
0821
0821
0821
0821
0841
0841
0841
0841
0841
0841
0841
0841
0841
0841
0841
18e7
63fd
5bdf
3adb
21f7
19b4
19b4
19b4
1994
1994
1994
1994
1994
1994
1994
1994
1994
1994
1993
1993
1993
1993
1973
1973
1973
1973
1973
1973
1973
1973
1973
1993
1993
1992
1972
1972
1972
1972
1972
1972
1992
1993
21b3
537a
63dd
6c1f
6c5f
957f
ef7f
41e9
18a4
1063
0842
0842
0842
0842
0842
0842
1042
1042
1042
1042
1042
1042
1042
1062
1062
1062
6264
ee06
fe66
fea7
fee7
ff07
ff07
ff69
fff1
fff6
ff4b
ee06
cd25
6283
1062
1062
1062
1062
1062
1062
1062
1062
1042
1042
2946
7bf0
7c10
7c10
3166
0842
0842
0842
0842
0842
0842
0842
0842
0842
0842
0842
0842
0842
0842
0842
0842
0842
0842
0842
0842
0842
0842
0842
0842
0842
0842
0842
0842
0842
0842
0842
0842
0842
0842
0842
0842
0842
0842
0842
0842
0842
0842
0842
0841
0841
0841
0841
0841
0841
0841
0841
0841
0841
0821
0821
0821
0821
0821
0821
0821
0821
0821
0821
0821
0821
0821
0821
0821
0821
0821
0821
0821
0821
0821
0821
0821
0821
0821
0821
0821
0821
0821
0821
0821
0821
0821
0821
0821
0821
0821
0821
0821
0821
0821
0821
0821
0821
0821
0821
0821
0821
0821
0821
0841
1082
62ec
9492
2945
0862
2107
31cd
10c9
10a8
10a9
10a9
10a9
10a9
10a9
10c9
190a
298c
3a2f
6352
defc
ffff
ffff
9492
2104
18a3
0821
0821
0821
0821
0821
0821
0821
0821
0821
0821
0821
0821
0821
0821
0821
0821
0821
0821
0821
0841
0841
0841
0841
0841
0841
0841
0841
0841
0841
0841
0842
42d6
643f
4b3d
2a58
19b5
19b4
19b4
19b4
19b4
19b4
19b4
1994
1994
1994
1994
1994
1994
1994
1994
1994
1994
1993
1993
1993
1993
1993
1993
21b3
21d3
29f3
3233
3a53
3a73
3233
1993
1972
1972
1972
1972
1992
1993
21b4
3ab8
5bde
6c3f
641d
5b11
4a2a
18a4
1083
1062
0842
0842
0842
1042
1042
1042
1062
1062
1042
1042
1062
1062
1062
1062
1062
1062
2923
cd25
ee06
fe66
fea7
fee7
ff07
ff07
ff69
fff0
fff6
ff6c
ee06
cd25
6ac3
1082
1062
1062
1062
1062
1062
1062
1062
1062
1062
39e8
526a
4209
1062
0842
0842
0842
0842
0842
0842
0842
0842
0842
0842
0842
0842
0842
0842
0842
0842
0842
0842
0842
0842
0842
0842
0842
0842
0842
0842
0842
0842
0842
0842
0842
0842
0842
0842
0842
0842
0842
0842
0842
0842
0842
0842
0842
0841
0841
0841
0841
0841
0841
0841
0841
0841
0841
0821
0821
0821
0821
0821
0821
0821
0821
0821
0821
0821
0821
0821
0821
0821
0821
0821
0821
0821
0821
0821
0821
0821
0821
0821
0821
0821
0821
0821
0821
0821
0821
0821
0821
0821
0821
0821
0821
0821
0821
0821
0821
0821
0821
0821
0821
0821
0821
0821
0821
1062
20e4
ef9d
ffff
7bcf
1082
1083
31ab
212b
10a8
10a8
10a8
10a8
10a9
10c9
192b
3a0e
4a90
4a8e
8c53
ffff
ffff
ffff
ce79
3186
20e4
10a3
0862
0841
0841
0842
0842
0842
0842
0842
0841
0821
0821
0821
0821
0821
0821
0821
0821
0821
0841
0841
0841
0841
0841
0841
0841
0841
0841
0841
0841
0841
216b
643f
53bf
3aba
21f6
19b5
19b5
19b5
19b4
19b4
19b4
19b4
19b4
1994
1994
1994
1994
1994
1994
1994
1994
21b4
21d4
29f4
3234
3a54
3a74
4274
4294
4294
4294
4294
42b4
42b3
3233
1973
1973
1973
1973
1993
1993
2a16
3ada
539e
641f
4272
18c4
18a4
1083
1063
1062
0842
1042
1042
1042
1042
1062
3969
520d
3949
1062
1062
1062
1062
1062
1062
1062
1062
72e4
d545
ede6
fe66
fea7
fee7
ff07
ff07
ff68
fff0
fff6
ff6c
ee27
d545
7304
1082
1062
1062
1062
1062
1062
1062
1062
1062
1062
1062
1042
1042
1042
0842
0842
0842
0842
0842
0842
0842
0842
0842
0842
0842
0842
0842
0842
0842
0842
0842
0842
0842
0842
0842
0842
0842
0842
0842
0842
0842
0842
0842
0842
0842
0842
0842
0842
0842
0842
0842
0842
0842
0842
0842
0842
0841
0841
0841
0841
0841
0841
0841
0841
0841
0841
0821
0821
0821
0821
0821
0821
0821
0821
0821
0821
0841
0821
0821
0821
0821
0821
0821
0821
0821
0821
0821
0821
0821
0821
0821
0821
0821
0821
0821
0821
0821
0821
0821
0821
0821
0821
0821
0821
0821
0821
0821
0821
0821
0821
0821
0821
0821
0821
0821
0821
0841
1082
8c72
ce59
3166
1062
0841
2107
29ac
10c9
10a8
10a8
10c9
192a
298c
3a0e
ad18
ce1b
7bb2
73b0
ffff
ffff
ffff
defc
426c
3a0b
31ca
31ca
31cb
31eb
31eb
320c
3a0c
3a0c
3a0c
18c4
0841
0821
0821
0821
0821
0821
0821
0821
0821
0841
0841
0841
0841
0841
0841
0841
0841
0841
0841
0841
0841
1084
537a
641f
433d
2a38
21d5
19b5
19b5
19b5
19b5
19b5
19b4
19b4
19b4
19b4
21b4
21d4
29f4
3214
3254
3a74
4294
4294
42b4
42b4
42b4
4ab4
4ab4
4ab4
4ab4
4ab4
4ab4
4ad4
52f5
3a94
1993
1973
1993
1993
1993
21f5
3a98
4b5d
641f
4b17
18a5
1063
1063
1062
1062
1062
1042
1042
1042
1042
1062
2907
624f
624f
624f
1884
1062
1062
1062
1062
1062
1062
1062
1082
7b24
d545
ede6
fe66
fea7
fee7
ff07
ff07
ff48
ffef
fff7
ff8d
f627
d545
8324
1882
1062
1062
1062
1062
1062
1062
1062
1062
1062
1062
1062
1042
1042
0842
0842
0842
0842
0842
0842
0842
0842
0842
0842
0842
0842
0842
0842
0842
0842
0842
0842
0842
0842
0842
0842
0842
0842
0842
0842
0842
0842
0842
0842
0842
0842
0842
0842
0842
0842
0842
0842
0842
0842
0842
0841
0841
0841
0841
0841
0841
0841
0841
0841
0841
0821
0821
0821
0821
0821
0821
0821
0821
0842
3186
4a6a
18e4
0821
0821
0821
0821
0821
0821
0821
0821
0821
0821
0821
0821
0821
0821
0821
0821
0821
0821
0821
0821
0821
0821
0821
0821
0821
0821
0821
0821
0821
0821
0821
0821
0821
0821
0821
0821
0821
0821
0841
0862
1082
18a3
1062
0841
0841
1063
31ab
192a
10c9
192a
29ac
31cc
31ab
5acf
ff7f
ffdf
eefe
7416
adda
e75e
d6fd
7456
63b5
5b95
5354
5375
5b75
5b75
5b75
5b75
5b75
5b76
5b96
426e
10a4
0821
0821
0821
0821
0821
0821
0821
0821
0841
0841
0841
0841
0841
0841
0841
0841
0841
0841
0841
0841
0842
3a30
6c7f
53be
3aba
21f6
19b5
19b5
19b5
21b5
21d5
29f5
2a35
3255
3a75
4295
42b5
42b5
42b5
4ab5
4ab5
4ab5
4ad5
4ad5
4ad5
4ad5
4ad5
52f5
5316
5336
5336
5336
52f6
4ad5
29f4
1973
1993
1993
1993
21d4
3257
4b1c
5bff
5bbb
2108
0842
0842
0842
0842
1042
1042
1042
1042
1062
1062
1062
20c5
624f
624f
5a4f
18c5
1062
1062
1062
1062
1062
1062
1062
1062
20e4
7b25
d545
ede6
fe66
fea7
fee7
ff07
ff07
ff48
ffce
fff7
ff8d
f647
d565
8b64
18a2
1062
1062
1062
1062
1062
1062
1062
1062
1062
1062
1062
1042
1042
0842
0842
0842
0842
0842
0842
0842
0842
0842
0842
0842
0842
0842
0842
0842
0842
0842
0842
0842
0842
0842
0842
0842
0842
0842
0842
0842
0842
0842
0842
0842
0842
0842
0842
0842
0842
0842
0842
0842
0842
0841
0841
0841
0841
0841
0841
0841
0841
0841
0841
0821
0821
0821
0821
0821
0821
0821
0821
18a3
634d
634d
4a6a
0821
0821
0821
0821
0821
0821
0821
0821
0821
0821
0821
0821
0821
0821
0821
0821
0821
0821
0821
0821
0821
0821
0821
0821
0821
0821
0821
0821
0821
0821
0821
0821
0821
0821
0821
0821
0821
0821
0841
0841
0841
0862
0841
0841
0821
0821
2107
29ac
29ac
31cc
296a
18c5
1063
2926
eede
ff9f
ce1d
5333
5312
5b52
5312
4ad1
42b1
3a70
3250
3a50
3a50
3a50
3250
3250
3250
3250
42f3
5b96
3a2d
1083
0821
0821
0821
0821
0821
0821
0821
0841
0841
0841
0841
0841
0841
0841
0841
0841
0841
0841
0842
0842
2127
6c3d
643f
431c
2a58
21d5
21f5
3a75
4296
42b6
42b6
4ab6
4ad6
4ad5
4ad5
4ad5
4ad5
4ad5
4ad5
4af5
4af6
5336
5337
5337
5337
5316
4af6
42b5
4294
3a54
3234
2a14
21d4
1993
1993
1993
1993
19b4
2a37
42fb
5bbe
63fe
29ac
1062
0842
0842
1042
1042
1042
1042
1042
1062
1062
1062
1062
1063
3148
49cc
28e6
1062
1062
1062
1062
1062
1062
1062
1062
1083
20e4
3186
bd6e
d586
f627
fe66
fea7
fee7
ff07
ff07
ff48
ffce
fff7
ffae
f647
d565
93a4
18c2
1062
1062
1062
1062
1062
1062
1062
1062
1062
1062
1062
1062
1042
0842
1083
398a
2907
0842
0842
0842
0842
0842
0842
0842
0842
0842
0842
0842
0842
0842
0842
0842
0842
0842
0842
0842
0842
0842
0842
0842
0842
0842
0842
0842
0842
0842
0842
0842
0842
0842
0842
0842
0841
0841
0841
0841
0841
0841
0841
0841
0841
0841
0821
0821
0821
0821
0821
0821
0821
0821
1083
5aec
634d
4209
0821
0821
0821
0821
0821
0821
0821
0821
0821
0821
0821
0821
0821
0821
0821
0821
0821
0821
0821
0821
0821
0821
0821
0821
0821
0821
0821
0821
0821
0821
0821
0821
0821
0821
0821
0821
0821
0821
0821
0821
0821
0821
1062
0821
0821
0821
1063
31ab
2969
18c5
0862
0821
0821
0842
4a0a
7bf3
7417
4b13
3a70
4270
3a4f
322f
2a0e
29ee
2a0e
2a0f
2a0f
2a0f
2a0f
2a0f
2a0f
2a0f
3250
4b14
5b96
31eb
0862
0821
0821
0821
0821
0821
0821
0841
0841
0841
0841
0841
0841
0841
0841
0841
0841
0841
0842
1083
41e8
ce9d
df3f
6c5e
3aba
21f6
3a96
4ad6
4ad6
4ad6
4ad6
4ad6
4ad6
4af6
52f6
5317
5337
5357
5357
5337
4b17
4ad6
42b5
3a75
3255
3214
29f4
21d4
19b4
1994
1994
1994
1994
1994
1994
1993
19b4
2a16
3aba
539e
643f
3a73
1063
0842
1042
1042
1042
1042
1042
1062
1062
1062
1062
1062
1062
1062
1062
1062
1062
1062
1062
1062
1062
1062
1062
1062
1062
18c4
2925
9cd3
ffde
d611
d587
ede6
fe46
fea7
fee7
fee7
ff07
ff28
ffcd
fff7
ffaf
f667
dd65
9bc4
20c3
1062
1062
1062
1062
1062
1062
1062
1062
1062
1062
1062
1062
1042
3949
520d
51ed
1063
0842
0842
0842
0842
0842
0842
0842
0842
0842
0842
0842
0842
0842
0842
0842
0842
0842
0842
0842
0842
0842
0842
0842
0842
0842
0842
0842
0842
0842
0842
0842
0842
0842
0842
0841
0841
0841
0841
0841
0841
0841
0841
0841
0841
0821
0821
0821
0821
0821
0821
0821
0821
0821
1062
2105
0841
0821
0821
0821
0821
0821
0821
0821
0821
0821
0821
0821
0821
0821
0821
0821
0821
0821
0821
0821
0821
0821
0821
0821
0821
0821
0821
0821
0821
0821
0821
0821
0821
0821
0821
0821
0821
0821
0821
0821
0821
0842
1083
18c3
1082
0841
0821
0821
10a4
0842
0821
0821
0821
0821
0821
1063
3a2c
5b95
4af3
322f
3a4f
2a0e
29ee
29ee
2a0f
2a0f
322f
2a0f
2a0f
320f
320f
322f
3230
3230
3271
5355
5b95
29aa
0842
0821
0821
0821
0821
0821
0841
0841
0841
0841
0841
0841
0841
0841
0841
0841
0841
1062
18e4
a535
ffff
ffff
df3f
4b3c
2a58
4ad6
4af6
4af7
5317
5338
5b58
5b58
5358
5337
4af7
42b6
4296
3a55
3235
2a15
21f5
21d5
19b4
19b4
19b4
19b4
19b4
1994
1994
1994
1994
1994
1994
1994
1994
21f5
3299
4b5d
641f
5338
10a5
0842
1042
1042
1042
1042
1062
1062
1062
1062
1062
1062
1062
1062
1062
1062
1062
1062
1062
1062
1062
1062
1062
1062
1063
1883
20e5
3166
bdd7
ffff
ffdf
d632
cd46
e5c6
fe46
fea7
fec7
fee7
ff07
ff28
ffcc
fff6
ffd0
f688
dd86
a404
20e3
1062
1062
1062
1062
1062
1062
1062
1062
1062
1062
1062
1062
20e6
49cc
3969
1063
0842
0842
0842
0842
0842
0842
0842
0842
0842
0842
0842
0842
0842
0842
0842
0842
0842
0842
0842
0842
0842
0842
0842
0842
0842
0842
0842
0842
0842
0842
0842
0842
0842
0842
0841
0841
0841
0841
0841
0841
0841
0841
0841
0841
0821
0821
0821
0821
0821
0821
0821
0821
0821
0821
0821
0821
0821
0821
0821
0821
0821
0821
0821
0821
0821
0821
0821
0821
0821
0821
0821
0821
0821
0821
0821
0821
0821
0821
0821
0821
0821
0821
0821
0821
0821
0821
0821
0821
0821
0821
0821
0821
0821
0821
0821
1082
18a3
20e4
2945
18c3
18a3
0841
0821
0821
0821
1082
2105
1082
0821
0821
0842
31cb
5b75
4af3
320f
320f
2a0f
2a0f
2a0f
2a0f
3250
4af3
42b2
3230
3230
3230
3230
3230
3230
3230
3a92
5376
5b75
2969
0842
0821
0821
0821
0821
0841
0841
0841
0841
0841
0841
0841
0841
0841
0841
0841
1062
18c4
bdf7
ffff
ffff
d6ff
539e
3299
42b8
5358
5338
4b18
4ad7
42b6
3a76
3256
2a15
29f5
21d5
21b5
19b5
19b5
19b5
19b5
19b5
19b5
19b5
19b5
19b4
19b4
19b4
19b4
19b4
1994
1994
1994
1994
21d5
3258
431c
5bff
5bdc
2129
0842
1042
1042
1042
1042
1062
1062
1062
1062
1062
1062
1062
1062
1062
1062
1062
1062
1062
1062
1062
1062
1062
1062
1062
1062
1062
18a4
20e5
4a6a
ffff
ffff
d69a
6285
c4e5
e5c6
f646
fe86
fec7
fee7
ff07
ff27
ffcc
fff6
ffd1
f688
dd86
a424
2903
1062
1062
1062
1062
1062
1062
1062
1062
1062
1062
1062
1042
1062
1062
0842
0842
0842
0842
0842
0842
0842
0842
0842
0842
0842
0842
0842
0842
0842
0842
0842
0842
0842
0842
0842
0842
0842
0842
0842
0842
0842
0842
0842
0842
0842
0842
0842
0842
0842
0841
0841
0841
0841
0841
0841
0841
0841
0841
0841
0821
0821
0821
0821
0821
0821
0821
0821
0821
0821
0821
0821
0821
0821
0821
0821
0821
0821
0821
0821
0821
0821
0821
0821
0821
0821
0821
0821
0821
0821
0821
0821
0821
0821
0821
0821
0821
0821
0821
0821
0821
0821
0821
0821
0821
0821
0821
0821
0821
0821
0862
18c3
2125
738e
b5b6
4208
20e4
18a3
0821
0821
1062
62ec
6b4d
528a
1062
0821
0842
29aa
5b95
4b14
3230
2a0f
320f
320f
320f
320f
3a71
4af3
42b3
4293
3230
3230
3230
3230
3230
3230
3250
3ab2
5bb7
5354
2147
0842
0821
0821
0821
0841
0841
0841
0841
0841
0841
0841
0841
0841
0841
0841
0842
1083
2946
c618
c65a
955f
5bdf
3adb
2a17
2a36
3236
2a16
21f6
21d6
19b6
19b6
19b5
19b5
19b5
19b5
19b5
19b5
19b5
19b5
19b5
19b5
19b5
19b5
19b5
19b5
19b5
19b5
19b4
19b4
19b4
19b4
19b5
2a37
42fb
5bbf
641e
31ce
1062
1042
1042
1042
1062
1062
1062
1062
1062
1062
1062
1062
1062
1062
1062
1062
1062
1062
1062
1062
1062
1062
1062
1062
1062
1062
1062
1063
18c4
2105
3187
52ab
39c8
2105
5204
bcc5
e5a6
f646
fe86
fec7
fee7
ff07
ff27
ffab
fff6
ffd1
f6a8
dda6
ac45
3143
1062
1062
1062
1062
1062
1062
1062
1062
1062
1062
1062
1042
0842
0842
0842
0842
0842
0842
0842
0842
0842
0842
0842
0842
0842
0842
0842
0842
0842
0842
0842
0842
0842
0842
0842
0842
0842
0842
0842
0842
0842
0842
0842
0842
0842
0842
0842
0842
0841
0841
0841
0841
0841
0841
0841
0841
0841
0841
0821
0821
0821
0821
0821
0821
0821
0821
0821
0821
0821
0821
0821
0821
0821
0821
0821
0821
0821
0821
0821
0821
0821
0821
0821
0821
0821
0821
0821
0821
0821
0821
0821
0821
0821
0821
0821
0821
0821
0821
0821
0821
0821
0821
0821
0821
0821
0821
0821
0821
1082
20e4
8c92
ffff
ffff
ef9d
4208
18c3
0862
0821
2104
6b4d
6b4d
632c
10a3
0821
0841
2989
5b95
4b35
3250
3210
3210
3230
3230
3230
3230
3a71
42b3
42b3
3250
3230
3250
3250
3250
3251
3251
3251
42d3
5bd8
5333
1906
0841
0821
0821
0841
0841
0841
0841
0841
0841
0841
0841
0841
0841
0842
0842
0842
1083
18c4
2948
641c
643f
433d
2a39
19d6
19d6
19d6
19d6
19d6
19b6
19b6
19b6
19b6
19b6
19b5
19b5
19b5
19b5
19b5
19b5
19b5
19b5
19b5
19b5
19b5
19b5
19b5
19b5
19b5
19b5
19b5
2a17
3abb
539e
643f
42b5
1063
1042
1042
1042
1062
1062
1062
1062
1062
1062
1062
1062
1062
1062
1062
1062
1062
1062
1062
1062
1062
1062
1062
1062
1062
1062
1062
1062
1062
1083
18c4
20e4
2946
20e4
18c4
1063
41a3
bca5
e5a6
f626
fe86
fec7
fee7
ff07
ff27
ffab
fff5
ffd2
fec9
e5a6
b485
3963
1062
1062
1062
1062
1062
1062
1062
1062
1062
1062
1062
1042
0842
0842
0842
0842
0842
0842
0842
0842
0842
0842
0842
0842
0842
0842
0842
0842
0842
0842
0842
0842
0842
0842
0842
0842
0842
0842
0842
0842
0842
0842
0842
0842
0842
0842
0842
0841
0841
0841
0841
0841
0841
0841
0841
0841
0821
0821
0821
0821
0821
0821
0821
0821
0821
0821
0821
0821
0821
0821
0821
0821
0821
0821
0821
0821
0821
0821
0821
0821
0821
0821
0821
0821
0821
0821
0821
0821
0821
0821
0821
0821
0821
0821
0821
0821
0821
0821
0821
0821
0821
0821
0821
0821
0821
0821
1062
18c3
2966
a514
ffff
ffff
ffff
4229
2104
18a3
0841
0842
4a69
632c
4a69
0841
0821
0841
2989
5b95
5355
3251
3230
3230
3230
3230
3230
3230
3230
3a51
3251
3250
3251
3251
3251
3251
3251
3251
3251
3271
42f4
63f8
4af2
18c5
0841
0821
0841
0841
0841
0841
0842
0841
0841
0841
0841
0841
0842
0842
0842
0842
1062
1063
42b4
6c7f
4b9f
329b
21f7
19d6
19d6
21d6
21f6
21f6
19d6
19d6
19b6
19b6
19b6
19b6
19b6
19b6
19b5
19b5
19b5
19b5
19b5
19b5
19b5
19b5
19b5
19b5
19b5
19b5
21f6
329a
4b5e
641f
537a
18c6
1042
1042
1042
1062
1062
1062
1062
1062
1062
1062
1062
1062
1062
1062
1062
1062
1062
1062
1062
1062
1062
1062
1062
1062
1062
1062
1062
1062
1062
1062
1062
1083
20e4
1063
20c5
2907
1062
3963
b485
e5a6
f626
fe86
fec7
fee7
ff07
ff07
ffaa
fff4
fff3
fee9
e5c6
bca5
3983
1062
1062
1062
1062
1062
1062
1062
1062
1062
1062
1042
1042
0842
0842
0842
0842
0842
0842
0842
0842
0842
0842
0842
0842
0842
0842
0842
0842
0842
0842
0842
0842
0842
0842
0842
0842
0842
0842
0842
0842
0842
0842
0842
0842
0842
0842
0841
0841
0841
0841
0841
0841
0841
0841
0841
0821
0821
0821
0821
0821
0821
0821
0821
0821
0821
0821
0821
0821
0821
0821
0821
0821
0821
0821
0821
0821
0821
0821
0821
0821
0821
0821
0821
0821
0821
0821
0821
0821
0821
0821
0821
0821
0821
0821
0821
0821
0821
0821
0821
0821
0821
0821
0821
0821
0821
0821
1082
18e4
630c
ef7d
ffff
ce79
2125
18c3
0841
0821
0821
1082
528a
4a29
18a3
0821
0821
2168
5b75
5376
3a71
3230
3230
42b1
73f3
8453
4af1
3250
3251
3251
3251
3251
3251
3251
3251
3251
3251
3271
3271
3a72
4b35
63f9
42b0
10a4
0821
0841
0841
0842
4a09
9453
39a8
0841
0841
0841
0841
0842
0842
0842
0842
0842
0842
2129
645e
5bff
3afd
2a19
21f7
2a37
3a77
42b7
42d8
3ab8
21f6
19d6
19d6
19d6
19d6
19b6
19b6
19b6
19b6
19b6
19b5
19b5
19b5
19b5
19b5
19b5
19b5
19b5
21d6
3279
433d
5bff
63fd
214a
1042
1042
1042
1062
1062
1062
1062
1062
1062
1062
1062
1062
1062
1062
1062
1062
1062
1062
1062
1062
1062
1062
1062
1062
1062
1063
1063
1063
1063
1063
1063
1063
1063
1083
1063
626f
6a90
2907
1063
3143
ac65
dda6
f626
fe86
fec7
fee7
ff07
ff07
ff8a
fff4
fff4
fee9
e5c6
bcc5
41c3
1062
1062
1062
1062
1062
1062
1062
1062
1062
1062
1042
0842
0842
0842
0842
0842
0842
2946
52ab
528b
18a3
0842
0842
0842
0842
0842
0842
0842
0842
0842
0842
0842
0842
0842
0842
0842
0842
0842
0842
0842
0842
0842
0842
0842
0842
0841
0841
0841
0841
0841
0841
0841
0841
0841
0821
0821
0821
0821
0821
0821
0821
0821
0821
0821
0821
0821
0821
0821
0821
0821
0821
0821
0821
0821
0821
0821
0821
0821
0821
0821
0821
0821
0821
0821
0821
0821
0821
0821
0821
0821
0821
0821
0821
0821
0821
0821
0821
0821
0821
0821
0821
0821
0821
0821
0821
0841
18a3
2104
39c7
632d
2125
18c3
1082
0821
0821
0821
39c7
6b6d
6b6d
4228
0821
0821
2148
5b75
5397
3a92
3230
3230
7413
a535
a535
94d4
3a71
3251
3251
3251
3271
3272
3272
3272
3272
3272
3272
3272
3272
3a92
5356
6419
426f
1083
0841
0841
20e5
cdfa
de5c
cdda
18c4
0841
0841
0841
0842
0842
0842
0842
0842
0842
0863
5338
645f
4b5f
3a9a
3a98
42b7
4af8
5b7a
5b9a
4b18
3257
19d6
19d6
19d6
19d6
19d6
19d6
19d6
19b6
19b6
19b6
19b6
19b6
19b5
19b5
19b5
19b5
21d6
2a38
42fc
5bdf
645f
3a30
1063
1042
1042
1062
1062
1062
1062
1062
1062
1062
1062
1062
1062
1062
1062
1062
1062
1062
1062
1062
1062
1062
1062
1063
1063
1063
1063
1063
1063
1063
1063
1063
1063
1063
1063
1063
49cc
624f
18a5
1063
1063
2923
ac44
dd85
f626
fe86
fec7
fee7
ff07
ff07
ff8a
fff3
fff4
ff0a
e5c6
c4e5
49e3
1062
1062
1062
1062
1062
1062
1062
1062
1062
1042
0842
0842
0842
0842
0842
1062
73af
8431
8431
52ab
0842
0842
0842
0842
0842
0842
0842
0842
0842
0842
0842
0842
0842
0842
0842
0842
0842
0842
0842
0842
0842
0842
0842
0842
0841
0841
0841
0841
0841
0841
0841
0841
0841
0821
0821
0821
0821
0821
0842
1084
0842
0821
0821
0821
0821
0821
0821
0821
0821
0821
0821
0841
0842
0841
0841
0821
0821
0821
0821
0821
0821
0821
0821
0821
0821
0821
0821
0821
0821
0821
0821
0821
0821
0821
0821
0821
0821
0821
0821
0821
0821
0821
0821
0821
0821
0842
10a3
18c3
2104
18c3
1083
0841
0821
0821
0821
2945
6b6d
6b6d
4208
0821
0821
2127
5b74
5bb7
3a92
3251
3251
94d4
a535
a535
a515
42b1
3251
3271
3272
3a92
5356
5336
3a92
3a72
3a72
3272
3272
3272
3272
3ab3
5397
6419
3a2d
1063
0841
2105
cdda
de3c
cdda
1083
0841
0841
0841
0842
0842
0842
0842
0842
0842
0842
31ce
6c9f
5c1f
535d
4b19
535a
5b9a
5339
4af8
4af7
42b7
21f7
19d6
19d6
19d6
19d6
19d6
19d6
19d6
19d6
19d6
19b6
19b6
19b6
19b6
19b6
19d6
2a18
3adb
539f
645f
4af7
1084
1042
1042
1062
1062
1062
1062
1062
1062
1062
1062
1062
1062
1062
1062
1062
1062
1062
1062
1062
1062
1062
1063
1063
1063
1063
1063
1063
1063
1063
1063
1063
1063
1063
1063
1063
1063
1063
1063
1063
1063
1063
1063
2903
a404
dd85
f606
fe86
fec7
fee7
ff07
ff07
ff89
fff2
fff5
ff2a
ede6
c4e5
5223
1062
1062
1062
1062
1062
1062
1062
1062
1062
1042
0842
0842
0842
0842
2105
8431
8431
8431
7bf0
1062
0842
0842
0842
0842
0842
0842
0842
0842
0842
0842
0842
0842
0842
0842
0842
0842
0842
0842
0842
0842
0842
0842
0842
0841
0841
0841
0841
0841
0841
0841
0841
0841
0821
0821
0821
0821
0821
314a
49ce
20e6
0821
0821
0821
0821
0821
0821
0821
0821
0841
0842
1062
10a3
1082
0862
0841
0821
0821
0821
0821
0821
0821
0821
0821
0821
0821
0821
0821
0821
0821
0821
0821
0821
0821
0821
0821
0821
0821
0821
0821
0821
0821
0821
0821
0821
0821
0821
0862
10a3
0841
0821
0821
0821
0821
0821
0841
2966
31a7
0841
0821
0821
2106
5354
5bd8
3ab3
3251
3251
5332
a535
a535
7c34
3251
3272
3272
3a72
5356
745a
745a
5336
3a92
3a92
3a92
3a92
3a92
3a92
3a92
42d4
5bb8
63f8
31ec
0862
0841
39a8
8c12
3987
0841
0841
0841
0842
0862
0842
0842
0842
0842
0862
20c2
5225
7c9c
6c9f
641f
63dd
5b7a
4b18
4af8
4af8
4af7
42d7
2217
19d7
19d7
19d7
19d6
19d6
19d6
19d6
19d6
19d6
19d6
19d6
19d6
19b6
19b6
21f7
329b
4b7e
643f
5bbb
18e7
1042
1042
1062
1062
1062
1062
1062
1062
1062
1062
1062
1062
1062
1062
1062
1062
1062
1062
1062
1062
1063
1063
1884
41cc
20c5
1063
1063
1063
1063
1063
1063
1063
1063
1063
1063
1063
1063
1063
1063
1063
1063
1063
1063
1063
20e3
9be4
dd65
f606
fe66
fec7
fee7
ff07
ff07
ff69
fff2
fff5
ff2b
ede6
cd05
5a63
1062
1062
1062
1062
1062
1062
1062
1062
1042
0842
0842
0842
0842
0842
5aec
8431
8431
39e8
0842
0842
0842
0842
0842
0842
0842
0842
0842
0842
0842
0842
0842
0842
0842
0842
0842
0842
0842
0842
0842
0842
0842
0842
0841
0841
0841
0841
0841
0841
0841
18e4
0842
0821
0821
0821
0821
0821
3129
49ce
20c5
0821
0821
0821
0821
0821
0821
0821
0821
0841
1062
18c4
83f0
4a29
1082
0842
0821
0821
0821
0821
0821
0821
0821
0821
0821
0821
0821
0821
0821
0821
0821
0821
0821
0821
0821
0821
0821
0821
0821
0821
0821
0821
0821
0821
0821
0821
0821
0821
0862
0821
0821
0821
0821
0821
0821
0821
0821
0821
0821
0821
0821
1906
5334
63f9
4b35
3ab3
3272
3251
4ad2
42b2
3a72
3272
3272
3a72
3a92
5356
745a
743a
4b36
3a93
3a93
3a92
3a93
3a93
3a93
3ab3
4b15
5bd9
6c3b
5354
2148
0842
0841
0842
0841
0841
0841
0842
3168
41ca
0842
0842
0842
18a2
41a2
7303
93c4
a516
7cff
6c5f
5b9d
4b19
4af8
4af8
4af8
4ad8
3a97
21f7
19d7
19d7
19d7
19d7
19d7
19d7
19d6
19d6
19d6
19d6
19d6
19d6
19d6
21f7
327a
433e
5c1f
643e
298c
1042
1042
1062
1062
1062
1062
1062
1062
1062
1062
1062
1062
1062
1062
1062
1062
1062
1062
1062
1063
1063
1063
1063
62b1
8bd8
6af2
1063
1063
1063
1063
1063
1063
1063
1063
1063
1063
1063
1063
1063
1063
1063
1063
1063
1063
1063
1063
20c3
93a4
d565
ee06
fe66
fea7
fee7
ff07
ff07
ff69
fff1
fff6
ff4b
ee06
cd25
6283
1062
1062
1062
1062
1062
1062
1062
1042
0842
0842
0842
0842
0842
18a3
2946
3166
2105
0842
0842
0842
0842
0842
0842
0842
0842
0842
0842
0842
0842
0842
0842
0842
0842
0842
0842
0842
0842
0842
0842
0842
0842
0841
0841
0841
0841
0841
1062
528b
73af
630c
18a3
0821
0821
0821
0821
0841
0842
0821
0821
0821
0821
0821
0821
0821
0821
0821
0842
18a3
8c31
ffff
defb
20e4
1062
0821
0821
0821
0821
0821
0821
0821
0821
0821
0821
0821
0821
0821
0821
0821
0821
0821
0821
0821
0821
0821
0821
0821
0821
0821
0821
0821
0821
0821
0821
0821
0821
0821
18a1
49e2
6aa3
6ac3
4a02
1061
0821
0821
0821
0821
0821
0821
1063
2148
42b0
5bb7
63d8
5356
42d4
3a72
3272
3272
3272
3272
3a92
3a92
3a93
5356
4b15
3ab3
3a93
3a93
3a93
3a93
3a93
3ad4
4b56
641a
6c3b
5354
29aa
1083
0841
0841
0841
1884
20e6
0842
62af
bd7d
c5be
83b3
1082
3142
6aa3
93a4
b4a7
e66d
d652
851e
6c7f
5bde
533a
4af8
4af8
42d8
42b8
2a37
19d7
19d7
19d7
19d7
19d7
21f7
21f7
21f7
19d7
19d7
19d6
19d6
19d6
21d7
2a59
42fd
5bdf
6c5f
3a72
1063
1042
1062
1062
1062
1062
1062
1062
1062
1062
1062
1062
1062
1062
1062
1062
1062
1062
1063
1063
1063
1063
1063
1063
524e
8bb7
6290
1063
1063
1063
1063
1063
1063
1063
1063
1063
1063
1063
1063
1063
1063
1063
1063
1063
1063
1063
1063
1063
18a3
8b84
d565
ee06
fe66
fea7
fee7
ff07
ff07
ff69
fff0
fff6
ff6c
ee07
cd25
72c3
1082
1062
1062
1062
1062
1062
1062
0842
0842
0842
0842
0842
0842
18c4
73af
7bd0
39c7
0842
0842
0842
0842
0842
0842
0842
0842
0842
0842
0842
0842
0842
0842
0842
0842
0842
0842
0842
0842
0842
0842
0842
0841
0841
0841
0841
0841
10a3
73af
73af
73af
2946
0821
0821
0821
0821
0821
0821
0821
0821
0821
0821
0821
0821
0821
0821
0821
0841
1082
528a
ef5d
ad55
18a3
0862
0821
0821
0821
0821
0821
0821
0821
0821
0821
0821
0821
0821
0821
0821
0821
0821
0821
0821
0821
0821
0821
0821
0821
0821
0821
0821
0821
0821
0821
0821
0821
0841
3982
72e3
8363
93a4
9be4
ac44
a424
3982
0821
0821
0821
0821
0821
0821
0821
0862
1906
3a4e
5b96
63f9
5398
42f5
3a93
3a72
3a92
3a92
3a93
3a93
3ab3
3ab3
42d4
42d5
3ab3
3a93
3ab3
42d4
5378
643b
6c3a
4af2
2148
0862
0841
0841
0841
0841
5a51
5a51
20e6
8bf5
d61f
de5f
b51a
6284
8364
a446
de0c
eeae
cd68
b486
94d8
74bf
641f
535c
4af9
42d8
3a98
2a37
21f7
19d7
19d7
19d7
21f7
2217
2237
2257
2257
2237
2217
21f7
19d7
21d7
2a39
3adc
539f
6c5f
5338
10a5
1042
1062
1062
1062
1062
1062
1062
1062
1062
1062
1062
1062
1062
1062
1062
1062
1062
1063
1063
1063
1063
1063
1063
1063
1063
20e6
1083
1063
1083
1083
1063
1063
1063
1063
1063
1063
1063
1063
1063
1063
1063
1063
1063
1063
1063
1063
1063
1063
1063
18a3
8344
d545
ede6
fe66
fea7
fee7
ff07
ff07
ff48
fff0
fff6
ff6c
ee27
d545
7b04
1082
1062
1062
1062
1062
1062
0842
0842
0842
0842
0842
0842
3187
7bf0
8410
5aec
0842
0842
0842
0842
0842
0842
0842
0842
0842
0842
0842
0842
0842
0842
0842
0842
0842
0842
0842
0842
0842
0842
0841
0841
0841
0841
0841
0841
1062
6b6e
73af
6b8e
2105
0821
0821
0821
0821
0821
0821
0821
0821
0821
0821
0821
0821
0821
0821
0821
0841
0862
1083
20e4
18a3
1062
0841
0821
0821
0821
0821
0821
0821
0821
0821
0821
0821
0821
0821
0821
0821
0821
0821
0821
0821
0821
0821
0821
0821
0821
0821
0821
0821
0821
0821
0821
0821
0821
3962
72e3
8343
8b83
93c4
9be4
9c04
a424
ac64
3142
0821
0821
0821
0821
0821
0821
0821
0821
0842
18c5
4a4f
6b34
6b34
5bb8
4b36
3ab4
3a93
3a93
3a93
3ab3
3ab4
4b16
4b36
4af5
3ab4
42f5
53b9
6c5c
6419
4290
1906
0842
0841
0841
0841
0841
0841
418c
49cd
1063
7310
c59d
cdbe
b4f6
9be5
cd8a
eeae
d5aa
b4a5
b464
b464
a48e
7cff
6c5f
539e
42da
3258
21f8
21d8
21d8
21d7
21f7
2218
2258
2278
2278
2298
2298
2277
2277
2257
2217
2218
329c
4b7f
643f
5bfd
2108
1042
1042
1062
1062
1062
1062
1062
1062
1062
1062
1062
1062
1062
1062
1062
1062
1062
1063
1063
1063
1063
1063
1063
1063
1063
1063
1063
1063
20c6
396b
396b
20c6
1063
1063
1063
1063
1063
1063
1063
1063
1063
1063
1063
1063
1063
1063
1063
1063
1063
1063
1063
1083
7b04
d545
ede6
fe66
fea7
fee7
ff07
ff07
ff48
ffef
fff7
ff8d
f627
d545
8344
1882
1062
1062
1062
1062
1042
0842
0842
0842
0842
0842
1062
5acb
73af
39c7
0842
0842
0842
0842
0842
0842
0842
0842
0842
0842
0842
0842
0842
0842
0842
0842
0842
0842
0842
0842
0842
0842
0841
0841
0842
1062
0841
0841
0841
1062
39c7
18a3
0821
0821
0821
0821
0821
0821
0821
0821
0821
0821
0821
0821
0821
0821
0821
0821
0821
0841
0842
1062
0862
0841
0841
0821
0821
0821
0821
0821
0821
0821
0821
0821
0821
0821
0821
0821
0821
0821
0821
0821
0821
0821
0821
0821
0821
0821
0821
0821
0821
0821
0821
0821
0821
18a1
6ac3
7b23
8b63
93a3
93c4
9be4
9c04
9c04
a424
93a4
0841
0821
0821
0821
0821
0821
0821
0821
0821
1062
624f
6a91
6ab1
6b34
6419
641a
5377
42f5
3ab3
3ab3
42d4
4b37
5337
4b16
4b36
5bfa
6c7c
63d7
3a2d
18c5
0842
0821
0841
0841
0841
0841
0841
0841
0841
18a2
41c3
93cb
acaf
bd09
e68e
de0b
bcc6
b465
ac64
ac44
ac44
a426
84dc
6c9f
539f
329b
21f8
21f8
21d8
21f8
2218
2238
2278
2a98
2a98
2a98
2ab8
2ab8
2ab8
2a98
2a98
2a78
329b
433e
5c1f
6c5e
31ce
1062
1042
1062
1062
1062
1062
1062
1062
1062
1062
1062
1062
1062
1062
1062
1062
1062
1063
1063
1063
1063
1063
1063
1063
1063
1063
1063
1063
1063
3128
418b
418b
3128
1063
1063
1063
1063
1063
1063
1063
1063
1063
1063
1063
1063
1063
1063
1063
1063
1063
1063
1083
1083
18a3
72e4
cd25
ede6
fe46
fea7
fee7
ff07
ff07
ff48
ffce
fff7
ff8e
f647
d565
8b64
18a2
1062
1062
1062
1042
1063
1063
0842
0842
0842
0842
0842
1062
0842
0842
0842
0842
0842
0842
0842
0842
0842
0842
0842
0842
0842
0842
0842
0842
0842
0842
0842
0842
0842
0842
0842
0841
1082
3166
39c7
1082
0841
0841
0841
0821
0821
0821
0821
0821
0821
0821
0821
0821
0821
0821
0821
0821
0821
0821
0821
0821
0821
0821
0821
0821
0821
0821
0821
0821
0821
0821
0821
0821
0821
0821
0821
0821
0821
0821
0821
0821
0821
0821
0821
0821
0821
0821
0821
0821
0821
0821
0821
0821
0821
0821
0821
0821
0821
0821
41a2
8323
8b63
8b83
93a4
93c4
9be4
9be4
9be4
9be4
a404
2902
0821
0821
0821
0821
0821
0821
0821
0821
18a4
6a90
72d1
72b1
5a2e
2168
4ad1
63f8
643b
5bb9
4316
3ad4
42d5
4b16
4b57
641b
6c7c
5b75
31cb
1083
0841
0821
0821
0841
0841
0841
0841
0841
1082
3962
6ac3
93a4
b4a7
de4d
e64c
bce7
b465
ac64
ac64
ac44
a424
9be4
8b63
6b92
6cbf
53df
32dd
2219
21f8
21f8
2238
2258
2a98
2a98
2ab8
2ab8
2ad8
2ad8
2ad8
2ad8
2ab8
2ab8
32fb
435e
5bff
6c7f
42b5
1083
1042
1062
1062
1062
1062
1062
1062
1062
1062
1062
1062
1062
1062
1062
1062
1063
1063
1063
1063
1063
1063
1063
1063
1063
1063
1063
1063
1063
1063
2907
398b
398b
2907
1063
1063
1063
1063
1063
1063
1063
1063
1063
1063
1063
1063
1063
1063
1063
1063
10a3
2143
29c4
2a04
2a04
29c4
7324
cd25
ede6
fe46
fea7
fee7
ff07
ff07
ff48
ffcd
fff7
ffae
f667
d565
93a4
20c3
1062
1062
1083
49cd
418b
1062
0842
0842
0842
0842
0842
0842
0842
0842
0842
0842
0842
0842
0842
0842
0842
0842
0842
0842
0842
0842
0842
0842
0842
0842
0842
0842
0842
0842
0862
2925
f7de
f79e
41e8
1062
0841
0841
0821
0821
0821
0821
0821
0821
0821
0821
0821
0821
0821
0821
0821
0821
0821
0821
0821
0821
0821
0821
0821
0821
0821
0821
0821
0821
0821
0821
0821
0821
0821
0821
0821
0821
0821
0821
0821
0821
0821
0821
0821
0821
0821
0821
0821
0821
0821
0821
0821
0821
0821
0821
0821
0821
0821
5a62
8b83
93a4
93a4
93c4
93c4
93c4
9bc4
9bc4
93c4
93a4
41a2
0821
0821
0821
0821
0821
0821
0821
0821
0821
5a8e
72f2
72f2
39a8
0821
0862
1907
426f
5bd7
6c5b
5bfa
4b57
5398
6c5c
6c5b
5333
2969
0863
0821
0821
0821
0821
0841
0841
0841
1062
3122
6283
8b84
ac66
de0c
e68d
c528
b485
ac64
ac64
ac44
a424
9be4
946e
9470
5a88
2127
643e
5c3f
433f
2a5b
2218
2238
2279
2a99
2ab9
2ab9
2ad9
2ad9
2af9
2af9
2af9
2af9
2af9
331a
437d
53ff
6c9f
539a
18c5
1042
1042
1062
1062
1062
1062
1062
1062
1062
1062
1062
1062
1062
1062
1062
1062
1063
1063
1063
1063
1063
1063
1063
1063
1063
1063
1063
1063
1063
1063
1063
18a5
18a5
1063
1063
1063
1063
1063
1063
1063
1063
1063
1063
1063
1063
1063
1063
1063
1063
10a3
29a4
3aa5
4305
4326
4326
4306
42e5
73a5
cd25
ede6
fe46
fea7
fee7
fee7
ff07
ff28
ffcd
fff6
ffaf
f667
dd85
9be4
20e3
1062
1063
41ac
396b
1062
0842
0842
0842
0842
0842
0842
0842
0842
0842
0842
0842
0842
0842
0842
0842
0842
0842
0842
0842
0842
0842
0842
0842
0842
0842
0842
0842
0841
0842
31a7
ef7d
f7be
31a7
0842
0841
0841
0821
0821
0821
0821
0821
0821
0821
0821
0821
0821
0821
0821
0821
0821
0821
0821
0821
0821
0821
0821
0821
0821
0821
0821
0821
0821
0821
0821
0821
0821
0821
0821
0821
0821
0821
0821
0821
0821
0821
0821
0821
0821
0821
0821
0821
0821
0821
0821
0821
0821
0821
0821
0821
0821
0821
6283
9bc4
9be4
a425
b4a7
9be4
93c4
93a4
93a4
8b83
8343
3962
0821
0821
0821
0821
0821
0821
0821
0821
0821
4a6a
7bf0
7bf0
39e8
0821
0821
0821
0842
18e5
3a0d
5b76
6c5b
6c7c
6c3a
42b1
2127
0842
0821
0821
0821
0821
0821
0841
1061
20e2
5a22
8363
a425
d5cb
eeae
d589
b485
ac64
ac64
ac44
a424
9c04
93a4
8bc9
8c92
8c72
8431
10a3
4af6
6c9f
4b9f
32bc
2259
2299
2ab9
2ab9
2ad9
2ad9
2af9
2af9
2b19
2b19
3319
3319
333a
3b7d
53ff
647f
6c9e
326b
10c2
1062
1062
1062
1062
1062
1062
1062
1062
1062
1062
1062
1062
1062
1062
1884
18a5
1083
1063
1063
1063
1063
1063
1063
1063
1063
1063
1063
1063
1063
1063
1063
1063
1063
1063
1063
1063
1063
1063
1063
1063
1063
1063
1063
1063
1063
1063
1063
1063
1063
2123
3aa5
4346
4ba6
53c7
53e7
53e7
4ba6
4b86
73c5
cd25
ede6
fe66
fea7
fec7
fee7
ff07
ff28
ffcc
fff6
ffd0
f688
dd86
a425
2923
0842
0862
0862
0842
0842
0842
0842
0842
0842
0842
0842
0842
0842
0842
0842
0842
0842
0842
0842
0842
0842
0842
0842
0842
0842
0842
0842
0842
0842
0842
0842
0841
0841
1062
3186
2966
1082
0841
0841
0821
0821
0821
0821
0821
0821
0821
0821
0821
0821
0821
0821
0821
0821
0821
0821
0821
0821
0821
0821
0821
0821
0821
0821
0821
0821
0821
0821
0821
0821
0821
0821
0821
0821
0821
0821
0821
0821
0821
0821
0821
0821
0821
0821
0821
0821
0821
0821
0821
0821
0821
0821
0821
0821
0821
0821
49e2
9c04
a424
c549
fffb
bce8
93c4
8b83
8b63
8343
72e3
18a1
0821
0821
0821
0821
0821
0821
0821
0821
0821
10a3
41e8
41e8
0841
0821
0821
0821
0821
0821
0841
10a4
29aa
5313
3a4e
18e5
0842
0821
0821
0821
0841
0841
0841
18c2
49e2
7b23
9c05
c549
eeae
de0b
bcc6
b464
ac64
ac44
ac24
a404
93c4
8343
5202
4207
8c72
8c72
73af
0842
216b
6c7f
5c1f
433e
2abb
2ab9
2ab9
2ad9
2af9
2af9
2b19
2b19
3339
3339
3339
335a
3b9c
4bff
647f
6cdf
4bd2
2aa4
2203
1963
10e3
18c5
10a4
1062
1062
1062
1062
1062
1062
1062
1062
1062
1084
41ac
41ad
3128
1063
1063
1063
1063
1063
1063
1063
1063
1063
1063
1063
1063
1063
1063
1063
1063
1063
1063
1063
1063
1063
1063
1063
1063
1063
1063
1063
1063
1063
1063
1063
1083
29c4
4306
4ba6
5c27
5c88
64a8
64a8
5c68
5c47
5c27
7426
c525
e5e6
fe66
fea7
fec7
fee7
ff07
ff27
ffcc
fff6
ffd1
f6a8
dda6
ac45
3143
0842
0842
0842
0842
0842
0842
0842
0842
0842
0842
0842
0842
0842
0842
0842
0842
0842
0842
0842
0842
0842
0842
0842
0842
0842
0842
0842
0842
0842
0842
0841
0841
0841
0842
1062
0861
10a2
10a2
0861
0821
0821
0821
0821
0821
0821
0821
0821
0821
0821
0821
0821
0821
0821
0821
0821
0821
0821
0821
0821
0821
0821
0821
0821
0821
0821
0821
0821
0821
0821
0821
0821
0821
0821
0821
0821
0821
0821
0821
0821
0821
0821
0821
0821
0821
0821
0821
0821
0821
0821
0821
0821
0821
0821
0821
18a1
9be4
ac44
ac65
cd69
ac45
93c4
8b83
8343
7303
5202
0821
0821
0821
0821
0821
0884
10e8
194c
196d
194b
10c7
0842
0821
0821
0821
0821
0821
0821
0821
0821
0821
0841
1083
10a4
0841
0821
0821
0821
0841
0841
18a2
41a3
72e3
93c4
bce8
ee8e
e64c
c4e6
b465
ac64
ac64
ac44
a404
9be4
8b63
5a63
2902
1062
0842
4209
4a6a
2945
0842
1084
539a
647f
4bbf
331c
2ad9
2ad9
2af9
2b19
2b19
3339
3339
3359
3359
337a
3b9c
4bff
5c7f
6cdf
5cb8
3ba6
3345
3327
434e
5376
5bdb
322a
10e3
1082
1062
1062
1062
1062
1062
1062
1062
28e7
41ad
41ad
418c
1063
1063
1063
1063
1063
1063
1063
1063
1063
1063
1063
1063
1063
1063
1063
1063
1063
1063
1063
1063
1063
1063
1063
1063
1063
1063
1063
1063
1063
1063
1063
1083
3224
4b47
5407
64a8
6d08
6d49
6d49
6d29
6d08
64e8
64a8
7c46
c505
e5e6
f646
fe86
fec7
fee7
ff07
ff27
ffab
fff6
ffd3
ff0a
e5a6
b465
3163
0842
0842
0842
0842
0842
0842
0842
0842
0842
0842
0842
0842
0842
0842
0842
0842
0842
0842
0842
0842
0842
0842
0842
0842
0842
0842
0842
0842
0842
0841
0841
0841
0841
10c2
21e3
2263
2263
2203
1122
0841
0821
0821
0821
0821
0821
0821
0821
0821
0821
0821
0821
0821
0821
0821
0821
0821
0821
0821
0821
0821
0821
0821
0821
0821
0821
0821
0821
0821
0821
0821
0821
0821
0821
0821
0821
0821
0821
0821
0821
0821
0821
0821
0821
0821
0821
0821
0821
0821
0821
0821
0821
0821
0821
0821
41c2
a424
ac44
a424
a404
9bc4
8b83
7b03
6262
1081
0821
0821
0821
0842
1109
198e
21b0
21d1
21f2
2213
2a34
21f1
10c7
0821
0821
0821
0821
0821
0821
0821
0821
0821
0821
0821
0821
0821
0821
0841
1061
3142
6aa4
a46b
b4c9
de4d
ee8d
c527
b485
b464
ac64
ac44
a424
9be4
8b84
6aa3
3142
1082
0842
0842
0842
0842
0842
0842
0842
0842
3210
6cbf
5c1f
3b5e
32fa
2af9
2b19
2b19
3339
335a
335a
337a
339a
3b9b
4bfe
5c5f
6cdf
6d1d
548e
5431
5c18
5bfd
53bc
435a
5bdd
4b92
2a64
21a3
10e3
1062
1062
1062
1062
1062
1062
1083
398b
41ac
2907
1063
1063
1063
1063
1063
1063
1063
1083
1083
18a4
1083
1083
1063
1063
1063
1063
1063
1063
1063
1063
1063
1063
1063
1063
1063
1063
1063
1063
1063
1063
1063
1083
4a6a
8395
7bd3
6cca
7589
7dc9
7dea
7dca
75a9
7589
6d69
6d08
7466
bd05
e5c6
f646
fe86
fec7
fee7
ff07
ff28
ffcc
fff6
fff4
ff0a
e5a6
b485
3963
0842
0842
0842
0842
0842
0842
0842
0842
0842
0842
0842
0842
0842
0842
0842
0842
0842
0842
0842
0842
0842
0842
0842
0842
0842
0842
0842
0841
0841
0841
0841
10e2
2243
2ae4
3304
3304
2ae4
2aa4
1962
0841
0821
0821
0821
0821
0821
0821
0821
0821
0821
0821
0821
0821
0821
0821
0821
0821
0821
0821
0821
0821
0821
0821
0821
0821
0821
0821
0821
0821
0821
0821
0821
0821
0821
0821
0821
0821
0821
0821
0821
0821
0821
0821
0821
0821
0821
0821
0821
0821
0821
0821
0821
0821
0821
0821
3982
93a4
a404
9be4
93a4
8343
5a42
1081
0821
0821
0821
0842
110a
198d
19af
21d0
21d1
21f2
21f2
2213
2a34
2a34
1109
0821
0821
0821
0821
0821
0821
0821
0821
0821
0821
0821
0841
1061
2902
5a43
8b64
b4cc
ffbf
f75b
cd8a
b4a5
b464
ac64
ac44
a424
9be4
93a4
72e3
41a2
18a2
0842
0842
0842
0842
0842
0842
0842
0842
0842
0842
18e6
645d
647f
4bbf
333c
2b19
2b19
3339
335a
335a
337a
337a
3bbb
43fe
545f
6cbf
751f
6cbe
5c3e
53dc
435a
3b17
2ab4
32d5
4b9b
5bf9
3306
2aa4
2203
1903
1062
1062
1062
1062
1063
1063
1063
1063
1063
1063
1063
1063
1063
1063
1063
1083
18a4
18c4
20e5
18a4
1083
1083
1063
1063
1063
1063
1063
1063
1063
1063
1063
1063
1063
1063
1063
1063
1063
1063
1063
1063
1063
62d0
8bb7
83b6
74cd
7dc9
864a
866a
866a
864a
7e2a
7dea
7589
64e8
6c46
bce5
e5c6
f626
fe87
fec7
ff07
ff48
ff89
ffcc
fff6
fff4
fee9
e5c6
bca5
41c3
0842
0842
0842
0842
0842
0842
0842
0842
0842
0842
0842
0842
0842
0842
0842
0842
0842
0842
0842
0842
0842
0842
0842
0842
0842
0842
0841
0841
0841
10a2
2243
2b04
3364
3ba5
3ba5
3385
3344
2aa4
10e2
0821
0821
0821
0821
0821
0821
0821
0821
0821
0821
0821
0821
0821
0821
0821
0821
0821
0821
0821
0821
0821
0821
0821
0821
0821
0821
0821
0821
0821
0821
0821
0821
0821
0821
0821
0821
0821
0821
0821
0821
0821
0821
0821
0821
0821
0821
0821
0821
0821
0821
0821
0821
0821
0821
0821
0841
3142
41c2
3982
20c1
0821
0821
0821
0821
0841
1109
196d
198e
21b0
21d1
21f1
21f2
2212
2212
2213
2a34
2234
10a6
0821
0821
0821
0821
0821
0821
0821
0821
0821
0841
20c2
49e2
8323
9c05
cd6a
eeb0
eed9
d5d1
b465
ac65
ac44
a424
a404
93c4
7b23
49e2
20c2
0842
0842
0842
0842
0842
0842
0842
0842
0842
0842
0842
0842
0862
4b55
6cbf
541f
3b7d
331a
3339
335a
335a
337a
337a
3b9b
43de
541f
649f
74ff
645e
439a
3b37
32f5
2ad4
2ab3
2ab3
2ab4
4359
5c1c
438a
3304
2aa4
21e3
10e3
1062
1062
1063
1063
1063
1063
1063
1063
1063
1063
1063
1063
1063
1063
18a3
20e5
736e
9cf4
2946
18a4
1083
1063
1063
1063
1063
1063
1063
1063
1063
1063
1063
1063
1063
1063
1063
1063
1063
1063
1063
1063
420a
8395
7bd3
750a
7e0a
868b
8ecb
8eeb
8ecb
8eab
866a
7e0a
6d69
64a8
6406
b4c5
e5a6
f626
fe86
fec7
ff07
ff68
ff69
ffcb
fff5
fff4
ff0a
e5c6
bcc5
49c3
1062
0842
0842
0842
0842
18a5
1062
0842
0842
0842
0842
0842
0842
0842
0842
0842
0842
0842
0842
0842
0842
0842
0842
0842
0842
0841
0841
0861
21e3
2ae4
3385
3c05
4445
4445
3c25
3bc5
3324
2243
0861
0821
0821
0821
0821
0821
0821
0821
0821
1062
0841
0821
0821
0821
0821
0821
0821
0821
0821
0821
0821
0821
0821
0821
0821
0821
0821
0821
0821
0821
0821
0821
0821
0821
0821
0821
0821
0821
0821
0821
0821
0821
0821
0821
0821
0821
0821
0821
0821
0821
0821
0821
0821
0821
0821
0821
0821
0821
0821
0821
0821
0821
0821
0821
08a5
196d
198e
19af
21d0
21d1
21f1
21f2
2212
2213
2212
2213
2234
21af
0841
0821
0821
0821
0821
0821
0821
0841
18a1
41a2
72e3
9bc4
bd08
eeae
e62c
bce7
b485
b465
ac65
ac44
a404
9bc4
8363
5a43
2902
1062
0842
0842
0842
0842
0842
0842
0842
0842
0842
0842
0842
0842
0842
0862
2a0a
6cbf
5c5f
43bf
335b
333a
335a
337a
335c
3b5e
437f
4bbf
5c5f
6cdf
647e
3b77
3335
2b14
2af4
2af3
2ad3
2ab3
2ab3
3b17
5bdc
5411
3b86
32e4
2a64
1943
1082
1062
1063
1063
1063
1063
1063
1063
1063
1063
1063
1063
1063
1083
18c4
39c8
ffff
ffff
9cd4
20e5
18a4
1063
1063
1063
1063
1063
1063
1063
1063
1063
1063
1063
1063
1063
1063
1063
1063
1063
1063
1063
29a4
4b46
5c48
6d49
7e2a
8ecb
972c
974c
972c
970b
8ecb
864a
75c9
6d28
5c88
63e6
b4a5
dda6
f626
fea7
fee7
ff27
ff48
ff68
ffaa
fff3
fff4
ff0a
e5c6
c4e5
49e3
1062
0842
0842
2928
520f
398a
0842
0842
0842
0842
0842
0842
0842
0842
0842
0842
0842
0842
0842
0842
0842
0842
0842
0841
0841
0841
1122
2ac4
3364
3c05
4486
4cc6
4ce6
44c6
4445
3bc5
2ae4
1962
0821
0821
0821
0821
0821
0821
18a3
738e
a534
73af
1062
0821
0821
0821
0821
0821
0821
0821
0821
0821
0821
0821
0821
0821
0821
0821
0821
0821
0821
0821
0821
0821
0821
0821
0821
0821
0821
0821
0821
0821
0821
0821
0821
0821
0821
0821
0821
0821
0821
0821
0821
0821
0821
0821
0821
0821
0821
0821
0821
0821
0821
0821
0821
112a
198e
19af
21b0
21d0
21d1
21f1
21f2
21f2
2212
2212
21f2
2212
2213
0884
0821
0821
0821
0821
0821
0841
3142
6aa3
93a4
b4a7
e66d
ee8d
c507
b485
b465
ac65
ac44
a424
9be4
8b83
6283
3122
1062
0842
0842
0842
0842
0842
0842
0842
0842
0842
0842
0842
0842
0842
0842
0842
0842
1924
5c3a
6cbf
53ff
3b7d
333d
3b3e
3b1f
331f
3b1f
437f
541f
6cbf
6cbf
3b98
3354
3334
2b34
2b13
2b13
2af3
2ad2
2ab2
32f5
539a
6458
5449
43a7
2aa4
19a3
10a3
1063
1063
1063
1063
1063
1063
1063
1063
1063
1063
1063
1063
1063
18a4
3988
df1c
ffdf
7baf
18c4
1083
1063
1063
1063
1063
1063
1063
1063
1063
1063
18a4
1083
1063
1063
1063
1063
1063
1063
1063
1083
3225
4b66
5c68
6d49
7e2a
8ecb
974c
9f8c
9f8c
974c
970b
8eab
862a
75a9
6d29
5c87
6365
b464
e5a5
f646
fea6
fee7
ff27
ff27
ff47
ffa9
fff2
fff5
ff2a
ede6
c505
5203
0842
0842
2928
520f
396a
0842
0842
0842
0842
0842
0842
0842
0842
0842
0842
0842
0842
0842
0842
0842
0842
0842
0841
0841
10c2
2a63
3324
3be5
4486
4d06
4d47
5567
4d47
4ce6
4445
3364
2a83
10c2
0821
0821
0821
0821
0821
4229
b5b6
bdf7
b5b6
6b6d
0821
0821
0821
0821
0821
0821
0821
0821
0821
0821
0821
0821
0821
0821
0821
0821
0821
0821
0821
0821
0821
0821
0821
0821
0821
0821
0821
0821
0821
0821
0821
0821
0821
0821
0821
0821
0821
0821
0821
0821
0821
0821
0821
0821
0821
0821
0821
0821
0821
0821
0821
0842
196d
21d0
21d0
21d1
21d1
21f1
21f1
21f2
21f2
21f2
21f2
21f2
21f1
21f2
10c7
0821
0821
0821
0821
0841
3142
8343
ac66
c56c
8cb2
5b74
42f6
4b36
6393
8c0a
a424
9be4
93a4
72c3
3982
1082
0841
0841
0842
0842
0842
0842
0842
0842
0842
0842
0842
0842
0842
0842
0842
0842
0842
0842
10c3
4354
74ff
645f
4bbf
3b1f
32ff
2adf
32ff
3b5f
4bdf
647f
6cdf
4bfa
3355
3354
3354
3334
2b33
2b13
2af3
2ad2
2ab2
32d3
4b58
641b
5c4c
4be8
2aa4
21a3
10a3
1063
1063
1063
1063
1063
1063
2903
4183
49c3
3143
18a3
1063
1063
1083
18c4
3167
4209
20e5
18a4
1083
1063
1063
1063
1063
1063
1063
1063
1083
49ab
5a2e
49cc
1884
1063
1063
1063
1063
1063
1063
2124
4306
53e7
64c8
75aa
866b
96ec
9f6c
9fac
9fac
9f8c
974c
8e4d
8d8e
864b
860b
63e6
6aa3
7b23
b464
dda6
f626
fea6
fee7
ff27
ff27
ff47
ffa9
fff2
fff6
ff4b
ede6
c4e5
3122
0842
0842
18a4
1062
0842
0842
0842
0842
0842
0842
0842
0842
0842
0842
0842
0842
0842
0842
0842
0842
0842
0841
0882
2223
3304
3ba5
4445
4ce6
5587
55c7
5de7
55c7
5567
44a6
3be5
3324
2263
1102
0841
0821
0821
0821
6b4d
bdd7
c618
bdd7
5aec
0821
0821
0821
0821
0821
0821
0821
0821
0821
0821
0821
0821
0821
0821
0821
0821
0821
0821
0821
0821
0821
0821
0821
0821
0821
0021
0021
0821
0821
0821
0821
0821
0821
0821
0821
0821
0821
0821
0821
0821
0821
0821
0821
0821
0821
0821
0821
0821
0821
0821
0821
0863
19af
21d1
21f1
21f2
21f1
21f1
21f1
21f1
21f1
21f1
21f1
21f1
21d1
21d0
10e8
0821
0821
0821
0821
1061
72e4
cdaa
9ccf
2a31
2a33
2a75
2a96
32b8
32fa
331b
5375
7b25
49c2
18a2
0841
0841
0841
0841
0842
0842
0842
0842
0842
0842
0842
0842
0842
0842
0842
0842
0842
0842
0842
298c
539b
5c1f
6cdf
649f
4bdf
331f
2ade
2ade
331f
4bbf
5c5f
6cdf
543d
3375
3375
3354
3354
3334
3333
2b13
2af2
2ad2
2ab2
2ab2
4316
5bdc
5c51
4387
2a84
1983
1083
1063
1063
1063
1063
1063
3963
bcea
b424
ac24
b48a
838b
20c3
1063
1083
1083
18a4
18c4
18a3
1083
1083
1063
1063
1063
1063
1063
1063
1063
20c5
5a2e
5a2e
5a2e
3949
1063
1063
1063
1063
1063
10a3
3265
4b87
6488
7569
862b
96cc
9f4d
9f8d
9fad
9fad
9f8c
9531
8c33
8c32
8d10
7d09
62a3
72e3
7b23
8b63
b464
dd85
f626
fea6
fee7
ff27
ff27
ff47
ff89
fff1
fff6
ff4b
ee06
7b24
0842
0842
0842
18a4
18a5
0842
0842
0842
0842
0842
0842
0842
0842
0842
0842
0842
0842
0842
0842
0842
0841
0882
2203
2b04
3385
4425
4cc6
5567
5de7
5e48
5e68
5e48
55c7
4d26
4466
3bc5
3344
2ac4
21e3
10c2
0821
0821
18c4
94b2
b5d6
a514
3166
0821
0821
0821
0821
0821
0821
0821
0821
0821
0821
0821
0821
0821
0821
0821
0821
0821
0821
0821
0821
0821
0821
0021
0021
0021
0021
0021
0021
0021
0021
0021
0821
0821
0821
0821
0821
0821
0821
0821
0821
0821
0821
0821
0821
0821
0821
0821
0821
0821
0821
0821
0842
21b0
21f2
2212
2212
3274
3ad5
2a12
21f1
21f1
21d1
21d1
21d0
21b0
19af
10c7
0821
0821
0821
0821
18a2
bd2b
946e
21d0
2233
2a54
2a76
2a97
32b7
32b8
32d9
331b
32b6
1062
0841
0841
0841
0841
0842
0842
0842
0842
0842
0842
0842
0842
0842
0842
0842
0842
0842
0842
0842
0842
2129
5bfe
433d
53de
6cbf
541f
3b5f
2adf
32ff
437f
5c3f
6cdf
649e
3b97
3375
3374
3354
3354
3333
3333
2b13
2af2
2ad2
2a92
2a92
32d4
539a
5bf5
3305
4b08
5aeb
2926
1063
1063
1063
1063
18a3
8324
f6ad
bc85
bc86
ffdf
ffdf
6288
1083
1063
1063
1063
1083
1063
1063
1063
1063
1063
1063
1063
1063
28e7
3129
20e6
5a2e
5a2e
5a2e
2906
1063
1063
1063
1063
1063
2144
4306
5407
6ce9
7dca
8e8c
9f2d
9f8d
a7ad
9fad
9f8c
974c
9472
8c33
8c32
8c12
6b04
72e3
7b23
8343
8b63
93a4
ac64
dd85
f626
fea6
fee7
ff07
ff27
ff47
ff89
fff0
fff6
ff6c
b4a6
0842
0842
0842
396a
41ac
0862
0842
0842
0842
0842
0842
0842
0842
0842
0842
0842
0842
0842
0842
0842
0841
19a3
2ae4
3385
3c25
44a6
4d27
55c7
5e48
66a8
66c8
66a8
5e28
5587
4ce6
4466
3c05
3385
3324
2a83
1122
0821
0821
1083
3186
0842
0821
0821
0821
0821
0821
0821
0821
0821
0821
0821
0821
0821
0821
0821
0821
0821
0821
0821
0821
0821
0821
0021
0021
0021
0021
0021
0021
0021
0021
0021
0021
0021
0021
0821
0821
0821
0821
0821
0821
0821
0821
0821
0821
0821
0821
0821
0821
0821
0821
0821
0821
0821
0841
198e
2212
2213
2a33
749b
d73f
4b57
21f2
21d1
21d1
21d0
21b0
19af
196d
0864
0821
0821
0821
0821
1082
6ae6
21cf
2212
2a34
2a75
2a96
2a97
32b8
32b8
32b8
32d9
32fa
21cf
0841
0841
0841
0841
0842
0842
0842
0842
0842
1083
1083
0842
0842
0842
0842
0842
0842
1062
7330
8392
41ca
537a
539e
431c
6cbf
645f
439f
32ff
3b5f
53ff
6c9f
6cbf
43b9
3375
3375
3354
3354
3333
3333
2b13
2af2
2ad2
2ab2
2a91
2271
2a93
4338
5bd9
3b09
7bf0
7bd0
738f
18c4
1063
1063
1063
3122
9383
ee8d
cce6
bc85
eed8
e6d9
72e5
1882
1063
1063
1063
1063
1063
1063
1063
1063
1063
1063
1063
1063
396b
49cd
1083
28e6
49ab
3128
1083
1063
1063
1063
1063
1083
2a04
4b46
5c28
6d09
85eb
96ad
a74e
a78e
a78e
9f6d
9f4c
96cc
8c91
8c32
8c32
83ad
72e3
7b23
8343
8b63
8b83
93a4
93a4
ac44
dd85
f626
fe86
fee7
ff07
ff27
ff47
ff88
ffef
fff6
c58a
0842
0842
0842
18a4
20c5
0842
0842
0842
0842
0842
0842
0842
0842
0842
0842
0842
0842
0842
0842
0841
10c2
2a84
3344
3c05
44a6
4d27
55a7
5e28
6688
66e9
6f09
66e9
6688
5e07
5587
4d26
44c6
4445
3bc5
3324
2a83
10e2
0821
0821
0821
0821
0821
0821
0821
0821
0821
0821
0821
0821
0821
0821
0821
0821
0821
0821
0821
0821
0821
0821
0821
0821
0021
0021
0021
0021
0021
0021
0021
0021
0021
0021
0021
0021
0021
0021
0021
0821
0821
0821
0821
0821
0821
0821
0821
0821
0821
0821
0821
0821
0821
0821
0821
0821
0821
1109
2213
2213
2234
4337
957c
4316
21f2
21d1
21d0
21b0
19af
198e
110a
0841
0821
0821
0821
0821
0841
216a
2212
2a33
2a54
2a75
2a96
2a97
32b8
32b8
32b8
32b8
32d8
32d9
0863
0841
0841
0841
0842
0842
0842
0842
2946
52ab
4a8a
18e4
0842
0842
0842
0842
0842
3167
8392
8392
6b0f
3a73
5bff
3afb
53dd
5c1d
439d
3b3d
439d
543d
649d
4bfa
3375
3375
3354
3354
3354
3333
2b13
2af3
2ad2
2ab2
2a91
2271
2251
2a71
3ad6
5bba
534f
7bf0
7bd0
73af
1083
1063
1063
1063
3122
9383
e62b
d547
b443
b444
ac04
7ae2
20c2
1063
1063
1063
1063
1063
1063
1063
1063
1063
1063
1063
1063
1884
18a4
1063
1063
1063
1063
1063
1063
1063
1063
1063
10a3
3225
4b66
5c28
6ce9
7dcb
96ad
af6f
a76f
9f4e
9f2d
96ec
8e8b
7deb
848f
7c8e
7386
7b23
8363
8b63
8b83
93a3
93a4
93c4
93c4
ac44
dd65
f626
fe86
fee7
ff07
ff27
ff47
ff68
ffcf
9c8c
0842
0842
0842
0842
0842
0842
0842
0842
0842
0842
0842
0842
0842
0842
0842
0842
0842
0842
0842
0841
1942
2ae4
3ba5
4446
4d06
55a7
5e28
6688
66e9
6f29
6f49
6f29
66c8
6688
5e28
55c7
4d47
4cc6
3c45
33a5
2b04
21e3
0841
0821
0821
0821
0821
0821
0821
0821
0821
0821
0821
0821
0821
0821
0821
0821
0821
0821
0821
0821
0821
0821
0821
0021
0021
0021
0021
0021
0021
0021
0021
0021
0021
0021
0021
0021
0021
0021
0021
0021
0821
0821
0821
0821
0821
0821
0821
0821
0821
0821
0821
0821
0821
0821
0821
0821
0821
0863
21b0
2213
2233
2a34
2a34
2213
21f2
21f1
21d0
19af
198e
194c
0884
0821
0821
0821
0821
0821
0821
21f0
2a54
2a75
2a75
2a76
2a96
2a97
2ab7
32b8
32b8
32b7
2a97
32b8
1108
0841
0841
0841
0842
0842
0842
0842
422b
5b32
5b33
422c
18c5
0842
0842
0842
0842
1062
730f
8391
3988
216a
641f
435d
2ab7
2ab6
2af6
3316
3336
3356
3b76
3375
3375
3355
3354
3334
3333
3333
2af3
2af2
2ad2
2a92
2271
2271
2251
7bb4
9435
6bb9
4af2
4a49
5b0c
39e8
1063
1063
1063
1063
28e2
8b23
d569
e5ea
bc63
b423
a409
8bac
5229
1063
1063
1063
1063
1063
1063
1063
1063
1063
1063
1063
1063
1063
1063
1063
1063
1063
1063
1063
1063
1063
1063
1063
1083
29e4
4326
53e7
64a9
756a
8e2d
a70f
9f0e
96cd
8eac
866b
7e0a
7569
64e8
5c88
7364
8b63
8b83
93a4
93a4
93a4
93c4
93c4
9bc4
9bc4
ac24
d565
f606
fe86
fec7
ff07
ff27
ff27
ee67
2923
0842
0842
0842
0842
0842
0842
0842
0842
0842
0842
0842
0842
0842
0842
0842
0842
0842
0842
0842
0841
1983
3304
3bc5
4486
5547
5de8
6668
6ee9
6f29
6f69
6f89
6f69
6f29
66e9
6688
5e28
55a7
4d26
4486
3be5
3324
2263
0881
0821
0821
0821
0821
0821
0821
0821
0821
0821
0821
0821
0821
0821
0821
0821
0821
0821
0821
0821
0821
0821
0821
0021
0021
0021
0021
0021
0021
0021
0021
0021
0021
0021
0021
0021
0021
0021
0021
0021
0021
0821
0821
0821
0821
0821
0821
0821
0821
0821
0821
0821
0821
0821
0821
0821
0821
0821
08a5
21f1
2213
2213
2213
2213
21f2
21f1
21b0
198e
196c
10a6
0821
0821
0821
0821
0821
0821
0842
2a54
2a76
2a96
2a97
2a97
2a97
2a97
2a97
2a97
2a97
2a97
2a96
2a76
194a
0841
0841
0841
0842
0842
10a4
39ed
4ab2
3a50
3a10
3a51
4ab3
4270
31ab
18c6
0862
0842
0842
0842
0842
10a5
5bbc
53be
32d9
2ab6
2af6
3316
3356
3b76
3b76
3375
3375
3355
3334
3334
3313
2b13
2af2
2ad2
2ab2
2291
2271
2251
3271
9415
9415
73b7
5337
18c5
1063
1063
1063
1063
1063
1063
18a2
7ae2
c4c7
ee6c
bc64
b445
9411
9412
8bd1
2926
1063
1063
1063
1063
1063
1063
1063
1063
1063
1063
1063
1063
1063
1063
1063
1063
1063
1063
1063
1063
1063
1063
1063
2144
3ac5
4b87
5c28
6ca9
7d4b
85ec
860c
860b
860b
7dca
7569
64c8
5c27
4ba6
7b44
93a4
93c4
9bc4
9be4
9bc4
9bc4
9bc4
9bc4
9bc4
9bc4
a424
d545
ee06
fe86
fec7
ff07
f6a6
4a03
0842
0842
0842
0842
0842
0842
0842
0842
0842
0842
0842
0842
0842
0842
0842
0842
0842
0842
0842
0841
0841
1983
3304
3bc5
4ca6
5567
5e08
66a9
6f09
776a
778a
77aa
7789
6f69
6f29
66c8
5e48
55c7
4d46
44a6
3be5
3344
2a83
08a1
0821
0821
0821
0821
0821
0821
0821
0821
0841
1062
0821
0821
0821
0821
0821
0821
0821
0821
0821
0821
0821
0821
0021
0021
0021
0021
0021
0021
0021
0021
0021
0021
0021
0021
0021
0021
0021
0021
0021
0021
0021
0821
0821
0821
0821
0821
0821
0821
0821
0821
0821
0821
0821
0821
0821
0821
0821
1082
4a6c
4af3
2a12
2212
2212
21f2
21d1
19af
194c
10a5
0821
0821
0821
0821
0821
0821
0821
0842
2a55
2ab7
32b8
32b8
3b39
3af9
2a97
2a97
2a96
2a96
2a76
2a75
2a54
1909
0841
0841
0841
1063
298a
4a91
3210
214c
190b
10eb
110b
194c
29af
3a52
4ab3
4292
31cc
18e6
1062
0842
0842
42d5
5bff
3b1a
2ad6
32f6
3336
3b56
3b76
3b76
3375
3355
3334
3314
3313
2af3
2af3
2ad2
2ab2
2a92
2271
2251
2230
2210
52d2
6b33
3a95
5379
296a
1063
1063
1063
1063
1063
1063
1882
6a62
b445
f6ad
bc84
b447
9412
9412
8bd2
3146
1063
1063
1063
1063
1063
1063
1063
1063
1063
1063
1063
1063
1063
1063
1063
1063
1063
1063
1063
1063
1063
1063
1063
10a3
29c4
42e6
4b67
5be8
6469
6cc9
750a
752a
7529
6d09
64a8
5407
4b66
3ac5
7324
93c4
9be4
a404
a404
a425
ac86
a425
9be4
9bc4
93c4
93c4
9be4
bcc5
dd85
e5c6
c505
8323
0842
0842
0842
0842
0842
0842
0842
0842
0842
0842
0842
0842
0842
0842
0842
0842
0842
0842
0842
0842
0841
0841
1983
3304
3bc5
4ca6
5568
6629
6ec9
774a
778a
77aa
77aa
778a
6f69
6f09
66c8
5e48
55c7
4d26
4486
3be5
3324
2263
0881
0821
0821
0821
0821
0821
0821
0821
0842
18a3
41c9
18a3
0842
0821
0821
0821
0821
0821
0821
0821
0821
0821
0821
0021
0021
0021
0021
0021
0021
0021
0021
0021
0021
0021
0021
0021
0021
0021
0021
0021
0021
0021
0821
0821
0821
0821
0821
0821
0821
0821
0821
0821
0821
0821
0821
0821
0821
0841
a534
ffff
ef7d
428e
194c
198e
198e
194b
10c7
0843
0821
0821
0821
0821
0821
0821
0821
0821
0821
2213
32b8
32d9
3b1a
b69f
b67f
3af8
2a97
2a76
2a75
2a55
2a34
2212
10a5
0841
0842
2127
4270
3a51
216d
10eb
10ea
10eb
10eb
10eb
10eb
10eb
190c
194d
29af
3a52
4ab4
4ab3
31ed
2107
320e
643f
435c
32d7
32f6
3316
3b56
3b76
3b76
3355
3335
3314
2af3
2af3
2ad3
2ad2
2ab2
2a92
2271
2251
2230
2210
21f0
19af
196f
2a13
5339
3a51
1063
1063
1063
1063
1063
1063
1083
5202
a404
f6ad
c4a5
bc63
a42b
93ef
7b2c
1883
1063
1063
1063
1063
1063
1063
1063
1063
1063
1063
1063
1063
1063
1063
1063
1063
1063
1083
1063
1063
1063
1063
1063
1063
10a3
2184
3a85
4326
5387
53e8
5c28
5c68
5c68
5c47
53e7
4b66
3a85
1923
6263
9be4
a404
a424
a424
cd69
ff96
e6b0
a445
9bc4
93c4
93a4
93a4
8b83
8b83
8343
7b23
5223
0842
0842
0842
0842
0842
0842
0842
0842
0842
0842
0842
0842
0842
0842
0842
0842
0842
0842
0842
0841
0841
0841
1963
3b26
43e6
4ca7
5d88
6669
770a
7f6b
7fab
77aa
778a
776a
6f49
6f09
66a8
5e28
55a7
4d06
4466
3bc5
3304
2223
0861
0821
0821
0821
0821
0821
0821
0821
1083
9cd4
ffff
8431
1083
0821
0821
0821
0821
0821
0821
0821
0821
0821
0821
0021
0021
0021
0021
0021
0021
0021
0021
0021
0021
0021
0021
0021
0021
0021
0021
0021
0021
0021
0021
0821
0821
0821
0821
0821
0821
0821
0821
0821
0821
0821
0821
0821
0842
18a3
df1c
ffff
ffff
630c
0862
0841
0841
0821
0821
0821
0821
0821
0821
0821
0821
0821
0821
0821
0821
196c
32d8
32d9
32fa
7d1e
9dff
3b19
2a97
2a76
2a55
2a34
2212
19ae
0842
18c5
3a2e
4271
298e
190b
10ea
10ea
10eb
10eb
10eb
10eb
10eb
10eb
10ec
110c
110c
190d
194e
29b0
3a53
4ad5
5336
643e
4bbd
32f8
2ad5
32f5
3315
3335
3335
3315
3314
2af4
2ad3
2ad3
2ab2
2ab2
2a92
2a92
2271
2231
2210
21f0
19cf
196f
194f
21b1
42d7
5316
10a4
1063
1063
1063
1063
1063
1063
4182
9ba3
ee8d
cd06
bc63
b443
a3e3
72a2
18a3
1063
1063
1063
1063
1063
1063
1063
1063
1063
1063
1063
1063
1063
1063
1063
1083
1083
18a3
1083
1063
1063
1063
1063
1063
1063
1083
18e3
29c4
3a85
4306
4b66
4b87
4b87
4b66
4326
3245
1903
1062
3963
9be4
a424
ac44
ac44
cd89
fffb
ffb8
b4c7
9be4
93c4
93a4
8b83
8b63
8343
7b23
72e3
3122
0842
4a49
5acb
4208
0842
0842
0842
0842
0842
0842
0842
0842
0842
0842
0842
0842
0842
0842
0842
0841
0841
0841
3a28
53c9
5469
4cc7
5dc9
76aa
7f4c
87ac
7fab
778b
774a
6f29
6f09
6ee9
66a9
5e29
5567
4ce6
4445
33a5
2ae4
19c3
0841
0821
0821
0821
0821
0821
0821
0841
18a3
9cd4
ffff
9493
1083
0821
0821
0821
0821
0821
0821
0821
0821
0021
0021
0021
0021
0021
0021
0021
0021
0021
0021
0021
0021
0021
0021
0021
0021
0021
0021
0021
0021
0021
0021
0021
0821
0821
0821
0821
0821
0821
0821
0821
0821
0821
18c3
41e8
5acb
630c
a514
f7de
ce59
2105
0821
0821
0821
0821
0821
0821
0821
0821
0821
0821
0821
0821
0821
0821
0821
0863
2a76
32d9
32fa
32fa
32fa
32b8
2a97
2a75
2a54
2212
21d0
1908
31cc
4291
31ce
192b
10ea
10ea
10ea
10eb
10eb
10eb
10eb
10eb
10eb
110c
110c
110c
110c
190c
190c
190d
194e
3a74
4b14
53d8
5bfe
3b19
2ad5
2ad5
32f5
32f5
32f4
2af4
2ad4
2ad3
2ab3
2a92
2a92
2a92
2a92
2a92
2a71
2210
21f0
19d0
198f
1970
21b1
2a13
42d7
5b79
2128
1063
1063
1063
1063
1063
1063
3122
9363
de0b
dd68
bc63
b443
abe3
8303
20c2
1063
1063
1063
1063
1063
1063
1063
1063
1063
1063
1063
1063
1063
1063
1083
2946
632d
7bf0
3187
1083
1063
1063
1063
1063
1063
1063
1063
1083
18e3
2184
3225
3a85
3aa5
3265
29c4
18c3
1062
1062
1082
8b64
a424
ac44
ac44
b465
cd89
cd8a
ac45
9be4
93c4
9383
8b63
8343
7b23
72e3
5a42
1062
3186
7bef
7bf0
7bcf
18c4
0842
0842
0842
0842
0842
0842
0842
0842
0842
0842
0842
0842
0842
0841
0841
0841
0841
3a28
53ea
5489
54e7
65e9
7eec
8fae
8fed
878c
772a
6eaa
642f
640f
660a
6669
5de8
4d47
44a6
3c05
3364
2ac4
1122
0821
0821
0821
0821
0821
0821
0821
0821
0842
18a4
4209
18a3
0842
0821
0821
0821
0821
0821
0821
0821
0021
0021
0021
0021
0021
0021
0021
0021
0021
0021
0021
0021
0021
0021
0021
0021
0021
0021
0021
0021
0021
0021
0021
0021
0821
0821
0821
0821
0821
0821
0821
0821
0841
3186
5acb
6b4d
738e
7bcf
8410
94b2
7bcf
2966
0821
0821
0821
0821
0821
0821
0821
0821
0821
0821
0821
0821
0821
0821
0821
0821
10c6
2ab7
32f9
32f9
32d9
32b8
2a97
2a75
2a33
21f1
29ee
4291
320f
214c
10ea
10ca
10ea
10ea
10eb
10eb
10eb
10eb
10eb
10eb
110c
110c
110c
110c
190c
190d
190d
190d
29b0
4af6
3a2c
432f
643f
435b
2ab6
2ab4
2ad4
2ad4
2ad4
2ab4
2ab3
2a93
2a72
2272
2252
2252
2a72
2a72
2a51
2210
2211
2a12
3234
42b6
4b38
5338
4293
298b
18a5
1063
1063
1063
1063
1063
1063
20e2
8323
cd48
e60a
bc63
b443
ac03
8b43
3122
1063
1063
1063
1063
1063
1063
1063
1063
1063
1063
1063
1063
1063
1063
1083
5aec
8c92
94b3
8410
20e4
1083
1063
1063
1063
1063
1063
1063
1063
1063
1063
10a3
18e3
18e3
18c3
1063
1062
1062
1062
1062
4183
a404
ac44
ac44
ac44
ac44
ac44
a424
9be4
93c4
8b83
8363
7b23
72e3
6a83
2902
0842
2966
7bf0
7bf0
7bef
2946
0842
0842
0842
0842
0842
0842
0842
0842
0842
0842
0842
0842
0842
0841
0841
0841
0841
2183
4367
4406
54c7
65c9
7ecc
97cf
8fae
7f2c
6e8a
64ad
62d2
62d2
642d
55c7
5567
4ce6
4466
3bc5
3324
2263
08a1
0821
0821
0821
0821
0821
0821
0821
0821
0821
0821
1062
0821
0821
0821
0821
0821
0821
0821
0821
0021
0021
0021
0021
0021
0021
0021
0021
0021
0021
0021
0021
0021
0021
0021
0021
0021
0021
0021
0021
0021
0021
0021
0021
0021
0021
0821
0821
0821
0821
0821
0821
0841
31a6
5acb
6b2d
736e
73ae
7bcf
7bef
8410
8c51
8410
2966
0821
0821
0821
0821
0821
0821
0821
0821
0821
0821
0821
0821
0821
0821
0821
0821
10a5
2a33
32d8
32b8
32b7
2a96
2a54
21f1
1929
4ab1
320f
190b
10ca
10ca
10ea
10ea
10eb
10eb
10eb
10eb
10eb
10eb
110c
110c
110c
110c
214d
296e
190d
190d
192e
3a33
52f5
1925
2a68
643d
4b9c
32d6
2a94
2a94
2a94
2a93
2a93
2a73
2272
2252
2232
2231
2211
2232
2a72
3273
3ab5
42f7
5339
5317
3a51
2969
10a4
1062
1062
1063
1063
1063
1063
1063
1063
1063
18a2
7ac2
bca6
ee8c
bc64
b443
ac03
9383
4182
1063
1063
1063
1063
1063
1063
1063
1063
1063
1063
1063
1063
1063
1063
1083
6b6e
9492
94b3
7bf0
18a3
1083
1063
1063
1063
1063
1063
1063
1063
1063
1062
1062
1062
1062
1062
1062
1062
1062
1062
1062
1062
5a43
a424
ac44
ac44
ac44
a424
a404
9be4
93c4
8b83
8343
7b03
6aa3
3962
0842
0842
1062
5acb
6b6d
4a49
0842
0842
0842
0842
0842
0842
0842
0842
0842
0842
0842
0842
0842
0841
0841
0841
0841
0841
1942
3304
3bc6
4c87
5d69
6e2b
7ecc
7ecc
6e4a
5dc9
5cc9
62d1
62d1
546a
4d27
4ce6
4486
3c05
3385
2ae4
21e3
0841
0821
0821
0821
0821
0821
0821
0821
0821
0821
0821
0821
0821
0821
0821
0821
0821
0821
0821
0021
0021
0021
0021
0021
0021
0021
0021
0021
0021
0021
0021
0021
0021
0021
0021
0021
0021
0021
0021
0021
0021
0021
0021
0021
0021
0021
0821
0821
0821
0821
0821
0821
2104
5acb
632c
6b6d
738e
7bcf
7bef
7bef
7bef
8410
8c51
73ae
1082
0821
0821
0821
0821
0821
0821
0821
0821
0821
0821
0821
0841
0841
0841
0841
0841
0841
10c6
194b
198d
194c
10c7
0842
0842
296a
4ab2
29ae
10ea
10ea
10ea
10eb
10eb
10eb
10eb
10eb
10eb
110c
110c
110c
110c
192d
6291
6ab2
298e
192d
218f
4ad6
3a30
1082
2184
53d8
53be
32d8
2274
2273
2273
2273
2253
2252
2232
2232
2232
2a53
3274
3ad6
4b39
537a
4b16
3a30
2128
1083
1062
1062
1062
1062
1062
1063
1063
1063
1063
1063
1063
1063
1882
6262
b445
f6ad
bc84
bc43
b423
9ba3
51e2
1063
1063
1063
1063
1063
1063
1063
1063
1063
1063
1063
1063
1063
1063
1083
20e5
73af
73af
4209
1083
1063
1063
1063
1063
1063
1063
1063
1063
1062
1062
1062
1062
1062
1062
1062
1062
1062
1062
1062
1062
1062
5223
9be4
a424
a424
a424
a404
9be4
93a4
8b83
8323
6ac3
3162
0842
0842
0842
0842
0842
0842
0842
0842
0842
0842
0842
0842
0842
0842
0842
0842
0842
0842
0842
0842
0841
0841
0841
0841
0841
1102
2ac4
3b85
4446
54e8
5d69
65a9
65a9
5d48
4cc7
4446
43e7
4be8
4466
4466
4445
3c05
33a5
3324
2a83
10e2
0821
0821
0821
0821
0821
0821
0821
0821
0821
0821
0821
0821
0821
0821
0821
0821
0821
0821
0021
0021
0021
0021
0021
0021
0021
0021
0021
0021
0021
0021
0021
0021
0021
0021
0021
0021
0021
0021
0021
0021
0021
0021
0021
0021
0021
0021
0021
0821
0821
0821
0821
0841
4a49
632c
6b4d
738e
73ae
7bcf
7bef
7bef
8410
8410
8410
8430
39c7
0821
0821
0821
0821
0821
0821
0821
0821
0821
0821
0821
0841
0842
0862
1062
1083
1062
0842
0842
0821
0821
0821
0841
0841
1062
3a2e
4272
214d
10eb
10eb
10eb
10eb
10eb
10eb
10eb
110c
110c
110c
110c
190c
190d
5a51
6ab2
214e
192e
31f2
5317
2128
0842
10e2
42d0
5bff
3b19
2a54
2253
2233
2232
2232
2233
2a54
3295
42f8
4b5a
537a
4b16
320e
1907
1083
1062
1062
1062
1062
1062
1062
1062
1062
1063
1063
1063
1063
1063
1063
1063
1063
51e2
a3e4
f6ad
c4c5
bc63
b423
a3c3
6242
1883
1063
1063
1063
1063
1063
1063
1063
1063
1063
1063
1063
1063
1063
1063
1083
18a3
1083
1083
1063
1063
1063
1063
1063
1063
1063
1063
1062
1062
1062
1062
1062
1062
1062
1062
1062
1062
1062
1062
1062
1062
1042
2922
72c3
93c4
9be4
9bc4
93a4
8b83
7b23
5223
20c2
0842
0842
0842
0842
0842
0842
0842
0842
0842
0842
0842
0842
0842
0842
0842
0842
0842
0842
0842
0842
0841
0842
0841
0841
0841
0841
0882
2a64
3325
3ba6
4426
4c87
54a7
4c87
4446
3bc6
3b65
3345
3345
3385
3ba5
3385
3364
3304
2aa4
1982
0841
0821
0821
0821
0821
0821
0821
0821
0821
0821
0821
0821
0821
0821
0821
0821
0821
0821
0821
0021
0021
0021
0021
0021
0021
0021
0021
0021
0021
0021
0021
0021
0021
0021
0021
0021
0021
0021
0021
0021
0021
0021
0021
0021
0021
0021
0021
0021
0821
0821
0821
0821
18a3
630c
6b6d
738e
73ae
73ae
7bcf
7bcf
7bef
7bef
7bef
7bef
7bef
5aab
0821
0821
0821
0821
0821
0821
0821
0821
0821
0821
0821
0841
1062
1083
18c4
2105
18a3
1062
0842
0821
0821
0821
0841
0841
0841
18c5
4ab2
3a10
192c
10eb
10eb
10eb
10eb
10eb
110c
110c
110c
110c
190c
190d
190d
190d
190d
192d
196f
4295
4ab3
1063
0842
0862
2188
5bfd
433b
2a55
2213
2234
2a75
32b7
4319
537b
537a
4ad5
31ac
18c6
1063
1062
1062
1062
1062
1062
1062
1062
1062
1062
1062
1062
1063
1063
1063
1063
1063
1063
1063
1063
4182
9ba3
ee6c
cd06
bc63
b443
a3e3
72c2
18a2
1063
1063
1063
1063
1063
1063
1063
1063
1063
1063
1063
1063
1063
1063
1063
1063
1083
1063
1063
1063
1063
1063
1063
1063
1063
1062
1062
1062
1062
1062
1062
1062
1062
1062
1062
1062
1062
1062
1062
1062
0842
0842
1062
18a2
3142
41a3
4183
3122
18a2
0842
0842
0842
0842
0842
0842
0842
0842
0842
0842
0842
0842
0842
0842
0842
0842
0842
0842
0842
0842
0842
0842
0842
0842
0842
0842
0841
0841
0841
1963
2aa4
3325
3b85
3ba5
3bc6
3b85
3325
2aa4
21e3
19a3
21e3
2a63
2aa4
2ac4
2aa4
2243
1962
0861
0821
0821
0821
0821
0821
0821
0841
39a7
2105
0821
0821
0821
0821
0821
0821
0821
0821
0821
0021
0021
0021
0021
0021
0021
0021
0021
0021
0021
0021
0021
0021
0021
0021
0021
0021
0021
0021
0021
0021
0021
0021
0021
0021
0021
0021
0021
0021
0021
0821
0821
0821
0821
2104
6b6d
73ae
7bcf
7bcf
7bcf
7bcf
7bcf
7bcf
7bcf
7bcf
7bcf
738e
5acb
0841
0821
0821
0821
0821
0821
0821
0821
0821
0821
0821
0842
1082
2945
b5b6
d6ba
526a
1083
0862
0821
0821
0821
0841
0841
0841
0842
2969
4ad3
29af
190b
10eb
10eb
10eb
110c
110c
110c
110c
190c
190d
190d
190d
190d
192d
192e
29b1
5317
31ac
0842
0842
0842
1083
5359
4b5c
3277
3ab8
4b5b
539c
535a
4293
296b
10a5
1042
1062
1062
1062
1062
1062
1062
1062
1062
1062
1062
1062
1062
1062
1062
1063
1063
1063
1063
1063
1063
1063
1063
3122
9363
bd2d
acce
b465
b443
abe3
8323
20e2
1063
1063
1063
1063
1063
1063
1063
1063
1063
1063
1063
1063
1063
1063
1063
1063
1063
1063
1063
1063
1063
1063
1063
1063
1063
1062
1062
1062
1062
1062
1062
1062
1062
1062
1062
1062
1062
1062
1062
1042
0842
0842
0842
0842
0842
0842
0842
0842
0842
0842
0842
0842
0842
0842
0842
0842
0842
0842
0842
1062
1062
0842
0842
0842
0842
0842
0842
0842
0842
0842
0842
0842
2905
2926
0842
0841
0841
0821
0841
1963
2a64
2ac4
32e4
2ac4
2244
1942
0881
0821
0821
0821
0841
08a1
10c2
10a2
0861
0821
0821
0821
0821
0821
0821
0821
0821
2946
5aec
5acb
0841
0821
0821
0821
0821
0821
0821
0821
0021
0021
0021
0021
0021
0021
0021
0021
0021
0021
0021
0021
0021
0021
0021
0021
0021
0021
0021
0021
0021
0021
0021
0021
0021
0021
0021
0021
0021
0021
0021
0021
0821
0821
0821
2104
73ae
7bef
8410
8430
9492
8410
7bcf
7bcf
73ae
73ae
738e
6b6d
526a
0841
0821
0821
0821
0821
0821
0821
0821
0821
0821
0821
0862
18a3
528a
ffff
ffff
94b2
18c4
1082
0821
0821
0821
0841
0841
0841
0841
0862
3a2f
4293
216e
10eb
10eb
110c
110c
110c
110c
110c
190d
190d
190d
190d
192d
192e
194e
3a53
52f6
18a5
0842
0842
0842
0842
3a31
5bbe
539d
5b7b
5b37
31ac
1084
0842
0842
0842
1042
1062
1062
1062
1062
1062
1062
1062
1062
1062
1062
1062
1062
1062
1062
1062
1063
1063
1063
1063
1063
1063
1063
20e2
8323
9490
94b1
ac69
b443
ac03
9363
3122
1063
1063
1063
1063
1063
1063
1063
1063
1063
1063
1063
1063
1063
1063
1063
1063
1063
1063
1063
1063
1063
1063
1063
1063
1062
1062
1062
1062
1062
1062
1062
1062
1062
1062
1062
1062
1062
1062
1042
0842
0842
0842
0842
0842
0842
0842
0842
0842
0842
0842
0842
0842
0842
0842
0842
0842
0842
1063
520c
7b12
6a90
18a4
0842
0842
0842
0842
0842
0842
0842
0842
0842
3146
83b1
83b1
2926
0842
0842
0842
0842
0841
0882
10e2
10e2
08a2
0841
0821
0821
0821
0821
0821
0821
0821
0821
0821
0821
0821
0821
0821
0821
0821
0821
0821
0821
1083
4a49
31a7
0821
0821
0821
0821
0821
0821
0821
0021
0021
0021
0021
0021
0021
0021
0021
0021
0021
0021
0021
0021
0021
0021
0021
0021
0021
0021
0021
0021
0021
0021
0021
0021
0021
0021
0021
0021
0021
0021
0021
0021
0821
0821
0821
10a3
738e
8410
8430
a514
f7de
b596
7bcf
73ae
738e
738e
6b4d
630c
31a7
0821
0821
0821
0821
0821
0821
0821
0821
0821
0821
0821
0842
1082
2925
b596
defb
8c31
528a
1062
0821
0821
0821
0841
0841
0841
0841
0841
18c5
4ab3
3a32
192d
110c
110c
190c
190d
192d
194e
216e
218f
29b0
29f1
3213
3a54
4295
4af7
3a2f
0842
0842
0842
0842
0842
2129
3210
2108
1063
1083
0842
0842
0842
0842
0842
1042
1062
1062
1062
1062
1062
1062
1062
1062
1062
1062
1062
1062
1062
1062
1062
1063
1063
1063
1063
1063
1063
1063
18a2
72c3
a46a
b54f
b485
b443
ac03
9b83
4182
1063
1063
1063
1063
1063
1063
1063
1063
1063
1063
1063
1063
1063
1063
1063
1063
1063
1063
1063
1063
1063
1063
1062
1062
1062
1062
1062
1062
1062
1062
1062
1062
1062
1062
1062
1062
1062
1062
0842
0842
0842
0842
0842
0842
0842
0842
0842
0842
0842
0842
0842
0842
0842
0842
0842
0862
1082
2926
8333
8354
8333
628f
0842
0842
0842
0842
0842
0842
0842
0842
0842
3167
83b1
83b1
3146
1083
1083
18c3
1083
0862
0841
0821
0821
0821
0821
0821
0821
0821
0821
0821
0821
0821
0821
0821
0821
0821
0821
0821
0821
0821
0821
0821
0821
0821
0821
0821
0821
0821
0821
0821
0821
0821
0821
0021
0021
0021
0021
0021
0021
0021
0021
0021
0021
0021
0021
0021
0021
0021
0021
0021
0021
0021
0021
0021
0021
0021
0021
0021
0021
0021
0021
0021
0021
0021
0021
0021
0021
0821
0821
0841
52aa
8430
8c51
8c71
c618
a514
7bef
73ae
738e
6b4d
630c
52aa
18c3
0821
0821
0821
0821
0821
0821
0821
0821
0821
0821
0821
0841
1062
1083
18c3
8410
9cd3
9cd3
5acb
0821
0821
0821
0841
0841
0841
0841
0841
0842
2969
4ad4
31f1
31d0
3211
3a53
4294
42b4
4ab4
4ab4
4293
4271
3a0f
31cd
298b
2128
18e6
1084
0842
0842
0842
0842
0842
0842
0842
0842
0842
0842
0842
0842
0842
0842
0842
1042
1062
1062
1062
1062
1062
1062
1062
1062
1062
1062
1062
1062
1062
1062
1062
1063
1063
1063
1063
1063
1063
1063
1082
6242
ac25
f6ad
c484
bc43
b423
9ba3
5202
1083
1063
1063
1063
1063
1063
1063
1063
1063
1063
1063
1063
1063
1063
1063
1063
1063
1063
1063
1063
1063
1062
1062
1062
1062
1062
1062
1062
1062
1062
1062
1062
1062
1062
1062
1062
1062
1042
0842
0842
0842
0842
0842
0842
0842
0842
0842
0842
0842
0842
0842
0842
0842
0842
1082
1943
29c4
528a
8354
8374
8354
62ae
1903
10c2
1082
0842
0842
0842
0841
0841
0842
1062
3167
3146
20e4
18c4
2966
ad96
6b4d
1082
0841
0821
0821
0821
0821
0821
0821
0821
0821
0821
0821
0821
0821
0821
0821
0821
0821
0821
0821
0821
0821
0821
0821
0821
0821
0821
0821
0821
0821
0821
0821
0821
0021
0021
0021
0021
0021
0021
0021
0021
0021
0021
0021
0021
0021
0021
0021
0021
0021
0021
0021
0021
0021
0021
0021
0021
0021
0021
0021
0021
0021
0021
0021
0021
0021
0021
0021
0821
0821
0821
20e4
73ae
8c51
8c51
8c51
8430
7bef
73ae
6b6d
632c
5acb
3166
0841
0821
0821
0821
0821
0821
0821
0821
0821
0821
0821
0821
0841
0842
0862
1062
8410
9cd3
9cd3
52ab
0821
0821
0821
0841
0841
0841
0841
0841
0841
0862
3a0d
3a2f
31ed
29ab
2149
2107
18c5
1083
1063
0842
0842
0842
0842
0842
0842
0842
0842
0842
0842
0842
0842
0842
0842
0842
0842
0842
0842
0842
0842
0842
0842
0842
1042
1042
1062
1062
1062
1062
1062
1062
1062
1062
1062
1062
1062
1062
1062
1062
1062
1063
1063
1063
1063
1063
1063
1063
51e2
a3e4
f6ad
c4c5
bc63
b423
a3c3
6262
1882
1063
1063
1063
1063
1063
1063
1063
1063
1063
1063
1063
1063
1063
1063
1063
1063
1063
1063
1063
1062
1062
1062
1062
1062
1062
1062
1062
1062
1062
1062
1062
1062
1062
1062
1062
1042
0842
0842
0842
0842
0842
0842
0842
0842
0842
0842
0842
0842
0842
0842
0842
0842
10c2
29c4
3aa5
42e5
4326
734f
8374
7b72
530a
3a85
3244
29c3
1923
10a2
0862
0841
0841
0842
1062
10a3
2946
8410
6b6e
528b
ffdf
bdf7
18a3
0842
0821
0821
0821
0821
0821
0821
0821
0821
0821
0821
0821
0821
0821
0821
0821
0821
0821
0821
0821
0821
0821
0821
0821
0821
0821
0821
0821
0821
0821
0821
0021
0021
0021
0021
0021
0021
0021
0021
0021
0021
0021
0021
0021
0021
0021
0021
0021
0021
0021
0021
0021
0021
0021
0021
0021
0021
0021
0021
0021
0021
0021
0021
0021
0021
0021
0021
0821
0821
0821
0821
39a8
7390
7bd1
8430
8410
7bef
73ae
6b6d
5aeb
31a7
0841
0821
0821
0821
0821
0821
0821
0821
0821
0821
0821
0821
0821
0821
0841
0841
0841
2966
8c51
73ae
2125
0821
0821
0821
0841
0841
0841
0841
0841
0841
0841
0842
0842
0842
0842
0842
0842
0842
0842
0842
0842
0842
0842
0842
0842
0842
0842
0842
0842
0842
0842
0842
0842
0842
0842
0842
0842
0842
0842
0842
0842
0842
0842
1042
1042
1062
1062
1062
1062
1062
1062
1062
1062
1062
1062
1062
1062
1062
1062
1062
1062
1063
1063
1063
1063
1063
1063
3962
9ba3
e64c
d527
bc63
b443
a3e3
7ac2
18a2
1063
1063
1063
1063
1063
1063
1063
1063
1063
1063
1063
1063
1063
1063
1063
1063
1063
1063
1062
1062
1062
1062
1062
1062
1062
1062
1062
1062
1062
1062
1062
1062
1062
1062
1042
0842
0842
0842
0842
0842
0842
0842
0842
0842
0842
0842
0842
0842
0842
0842
0842
10a2
29e4
3ae5
4346
4b86
63e9
6c0b
5baa
4b86
4b66
4346
4325
3ae5
3aa5
2a04
1943
1082
0841
0842
1082
18c4
9cd3
ffff
ffff
632d
528b
2966
1062
0841
0821
0821
0821
0821
0821
0821
0821
0821
0821
0821
0821
0821
0821
0821
0821
0821
0821
0821
0821
0821
0821
0821
0821
0821
0821
0821
0821
0821
0821
0021
0021
0021
0021
0021
0021
0021
0021
0021
0021
0021
0021
0021
0021
0021
0021
0021
0021
0021
0021
0021
0021
0021
0021
0021
0021
0021
0021
0021
0021
0021
0021
0021
0021
0021
0021
0021
0821
0821
0821
0842
51ef
5a30
5a51
7370
7bcf
73ae
6b6d
52aa
2945
0841
0821
0821
0821
0821
0821
0821
0821
0821
0821
0821
0821
0821
0821
0821
0821
0821
0821
0821
0841
0821
0821
0821
0821
0821
0841
0841
0841
0841
0841
0841
0841
0842
0842
0842
0842
0842
0842
0842
0842
0842
0842
0842
0842
0842
0842
0842
0842
0842
0842
0842
0842
0842
0842
0842
0842
0842
0842
0842
0842
0842
0842
0842
0842
1042
1042
1062
1062
1062
1062
1062
1062
1062
1062
1062
1062
1062
1062
1062
1062
1062
1062
1063
1063
1063
1063
1063
1063
2902
8b63
ddca
dda9
bc63
b443
ac03
8323
28e2
1063
1063
1063
1063
1063
1063
1063
1063
1063
1063
1063
1063
1063
1063
1063
1063
1062
1062
1062
1062
1062
1062
1062
1062
1062
1062
1062
1062
1062
1062
1062
1062
1062
1042
0842
0842
0842
0842
0842
0842
0842
0842
0842
0842
0842
0842
0842
0842
0842
0842
0862
2183
3ae5
4b66
53c6
5c07
94d1
94d2
6c6b
5427
5407
53e6
4ba6
4b86
4346
4305
3a85
21a3
10a2
0842
1082
18c4
9cf4
ffff
ffff
5acb
20e4
1083
0842
0841
0821
0821
0821
0821
0821
0821
0821
0821
0821
0821
0821
0821
0821
0821
0821
0821
0821
0821
0821
0821
0821
0821
0821
0821
0821
0821
0821
0821
0821
0021
0021
0021
0021
0021
0021
0021
0021
0021
0021
0021
0021
0021
0021
0021
0021
0021
0021
0021
0021
0021
0021
0021
0021
0021
0021
0021
0021
0021
0021
0021
0021
0021
0021
0021
0021
0021
0021
0821
0821
314a
5210
5210
5210
520e
2125
2125
18c3
0862
0821
0821
0821
0821
0821
0821
0821
0821
0821
0821
0821
0821
0821
0821
0821
0821
0821
0821
0821
0821
0821
0821
0821
0821
0821
0821
0821
0841
0841
0841
0841
0841
0841
0841
0842
0842
0842
0842
0842
0842
0842
0842
0842
0842
0842
0842
0842
0842
0842
0842
0842
0842
0842
0842
0842
0842
0842
0842
0842
0842
0842
0842
0842
0842
0842
0842
1042
1062
1062
1062
1062
1062
1062
1062
1062
1062
1062
1062
1062
1062
1062
1062
1062
1062
1063
1063
1063
1063
1063
20c2
8303
cd28
e64b
bc64
b443
ac03
9363
3142
1063
1063
1063
1063
1063
1063
1063
1063
20e4
3143
3123
18a3
1063
1063
1063
1062
1062
1062
1062
1062
1062
1062
1062
1062
1062
1062
1062
1062
1062
1062
1062
1062
1042
0842
0842
0842
0842
0842
0842
0842
0842
0842
0842
0842
0842
0842
0842
0842
0842
0842
18e3
3a85
4b66
53e7
5c47
64a8
84ce
8cf0
6cc9
64a8
5c87
5c67
5c47
5407
53c6
4b86
4325
3aa5
21a3
1082
1062
1083
2104
8c51
630c
18c4
1082
0842
0821
0821
0821
0821
0821
0821
0821
0821
0821
0821
0821
0821
0821
0821
0821
0821
0821
0821
0821
0821
0821
0821
0821
0821
0821
0821
0821
0821
0821
0821
0021
0021
0021
0021
0021
0021
0021
0021
0021
0021
0021
0021
0021
0021
0021
0021
0021
0021
0021
0021
0021
0021
0021
0021
0021
0021
0021
0021
0021
0021
0021
0021
0021
0021
0021
0021
0021
0021
0021
0821
0821
28e7
5210
5210
5210
396b
0821
0821
0821
0821
0821
0821
0821
0821
0821
0821
0821
0821
0821
0821
0821
0821
0821
0821
0821
0821
0821
0821
0821
0821
0821
0821
0821
0821
0821
0821
0821
0841
0841
0841
0841
0841
0841
0841
0842
0842
0842
0842
0842
0842
0842
0842
0842
0842
0842
0842
0842
0842
0842
0842
0842
0842
0842
0842
0842
0842
0842
0842
0842
0842
0842
0842
0842
0842
0842
0842
1042
1042
1062
1062
1062
1062
1062
1062
1062
1062
1062
1062
1062
1062
1062
1062
1062
1062
1062
1062
1063
1063
1063
18a2
72a2
bc86
f68d
bc84
bc43
ac23
9ba3
41a2
1063
1063
1063
1063
1063
1063
1063
41a3
cd8c
cce5
bc64
8b43
3943
1062
1062
1062
1062
1062
1062
1062
1062
1062
1062
1062
1062
1062
1062
1062
1062
1062
1062
1042
0842
0842
0842
0842
0842
0842
0842
0842
0842
0842
0842
0842
0842
0842
0842
0842
0842
1082
29e4
4325
53c6
5c47
64c8
6d28
6d49
6d69
6d49
6d49
6d28
64e8
64c8
5c87
5c47
53e7
4b86
4325
3264
1902
0862
1062
1083
18e4
18a3
1082
0862
0842
0821
0821
0821
0821
0821
0821
0821
0821
0821
0821
0821
0821
0821
0821
0821
0821
0821
0821
0821
0821
0821
0821
0821
0841
0842
0841
0841
0821
0821
0821
0021
0021
0021
0021
0021
0021
0021
0021
0021
0021
0021
0021
0021
0021
0021
0021
0021
0021
0021
0021
0021
0021
0021
0021
0021
0021
0021
0021
0021
0021
0021
0021
0021
0021
0021
0021
0021
0021
0021
0821
0821
0821
41ac
51ef
49ee
1063
0821
0821
0821
0821
0821
0821
0821
0821
0821
0821
0821
0821
0821
0821
0821
0821
0821
0821
0821
0821
0821
0821
0821
0821
0821
0821
0821
0821
0821
0821
0821
0841
0841
0841
0841
0841
0841
0841
0842
0842
0842
0842
0842
0842
0842
0842
0842
0842
0842
0842
0842
0842
0842
0842
0842
0842
0842
0842
0842
0842
0842
0842
0842
0842
0842
0842
0842
0842
0842
0842
1042
1042
1062
1062
1062
1062
1062
1062
1062
1062
1062
1062
1062
1062
1062
1062
1062
1062
1062
1062
1062
1063
1063
1082
5a42
ac24
f6ad
c4a4
bc63
b423
9bc3
5a02
1082
1063
1063
1083
1063
1063
3123
a3e4
ff2e
dd45
ccc4
c4a4
9383
28e2
1062
1062
1062
1062
1062
1062
1062
1062
1062
1062
1062
1062
1062
1062
1062
1062
1042
0842
0842
0842
0842
0842
0842
0842
0842
0842
0842
0842
0842
0842
0842
0842
0842
0842
0862
2143
3ac5
4b86
5c27
64c8
6d49
75a9
7dc9
7de9
7dc9
75c9
75a9
7569
6d49
6d08
64c8
5c67
53e7
4b66
3ae5
2183
0862
0842
0862
1082
1062
0842
0842
0841
0821
0821
0821
0821
0821
0821
0821
0821
0821
0841
41aa
6b11
2926
0821
0821
0821
0821
0821
0821
0821
0821
0841
0841
0842
1082
0862
0842
0841
0821
0821
0021
0021
0021
0021
0021
0021
0021
0021
0021
0021
0021
0021
0021
0021
0021
0021
0021
0021
0021
0021
0021
0021
0021
0021
0021
0021
0021
0021
0021
0021
0021
0021
0021
0021
0021
0021
0021
0021
0021
0821
0821
0821
0821
0821
0821
0821
0821
0821
0821
0821
0821
0821
0821
0821
0821
0821
0821
0821
0821
0821
0821
0821
0821
0821
0821
0821
0821
0821
0821
0821
0821
0821
0821
0821
0821
0821
0821
0841
0841
0841
0841
0841
0841
0841
0842
0842
0842
0842
0842
0842
0842
0842
0842
0842
0842
2125
52ab
4a6a
1062
0842
0842
0842
0842
0842
0842
0842
0842
0842
0842
0842
0842
0842
0842
0842
0842
0842
0842
1042
1062
1062
1062
1062
1062
1062
1062
1062
1062
1062
1062
1062
1062
1062
1062
1062
1062
1062
1062
1062
1062
1063
49c2
a3c4
f6ad
ccc5
bc63
b423
a3c3
6a82
1882
1083
1083
18c4
18a3
1083
5a23
bc85
ff2e
d525
ccc4
c4a4
ac23
49c3
1062
1062
1062
1062
1062
1062
1062
1062
1062
1062
1062
1062
1062
1062
1062
1042
0842
0842
0842
0842
0842
0842
0842
0842
0842
0842
0842
0842
0842
0842
0842
0842
0842
1082
2163
3aa5
4346
53e7
5c88
6d28
75a9
7e0a
864a
866a
864a
7e2a
7e0a
7dea
75a9
7569
6d28
64a8
5c27
4ba6
4305
29c3
0862
0841
0841
0841
0841
0841
0841
0841
0821
0821
0821
0821
0821
0821
0821
0821
0821
20e6
9417
a479
7b53
0841
0821
0821
0821
0821
0821
0821
0821
0841
1062
18c4
3187
20c4
1062
0842
0841
0821
0021
0021
0021
0021
0021
0021
0021
0021
0021
0021
0021
0021
0021
0021
0021
0021
0021
0021
0021
0021
0021
0021
0021
0021
0021
0021
0021
0021
0021
0021
0021
0021
0021
0021
0021
0021
0021
0021
0021
0821
0821
0821
0821
0821
0821
0821
0821
0821
0821
0821
0821
0821
0821
0821
0821
0821
0821
0821
0821
0862
31a7
52cb
4a6a
39e8
2105
0842
0821
0821
0821
0821
0821
0821
0821
0821
0821
0821
0821
0841
0841
0841
0841
0841
0841
0841
0842
0842
0842
0842
0842
0842
0842
0842
0842
0842
1062
5acb
632d
632d
3186
0842
0842
0842
0842
0842
0842
0842
0842
0842
0842
0842
0842
0842
0842
0842
0842
0842
0842
1042
1042
1062
1062
1062
1062
1062
1062
1062
1062
1062
1062
1062
1062
1062
1062
1062
1062
1062
1062
1062
1062
1062
3962
9383
e64c
d527
bc63
b443
a3e3
7ae3
18a2
1083
2966
ad55
5acc
18c3
72a3
c4a5
ff2e
d505
ccc4
c4a4
ac23
5a22
1062
1062
1062
1062
1062
1062
1062
1062
1062
1062
1062
1062
1062
1062
1042
0842
0842
0842
0842
0842
0842
0842
0842
0842
0842
0842
0842
0842
0842
0842
0842
1062
1903
2a04
3ae5
4b66
53c6
5c47
64e8
7589
7e0a
868a
8eab
8ecb
8ecb
8eab
868a
866a
7e2a
75c9
7569
64e8
5c67
53c6
4325
29e4
0842
0821
0821
0821
0821
0821
0821
0821
0821
0821
0821
0821
0821
0821
0821
0821
0821
1083
8bf6
9c38
6b11
0821
0821
0821
0821
0821
0821
0821
0841
0842
1083
9cb4
ffff
e6fd
18c4
0862
0841
0821
0021
0021
0021
0021
0021
0021
0021
0021
0021
0021
0021
0021
0021
0021
0021
0021
0021
0021
0021
0021
0021
0021
0021
0021
0021
0021
0021
0021
0021
0021
0021
0021
0021
0021
0021
0021
0021
0021
0021
0021
0821
0821
0821
0821
0821
0821
0821
0821
0821
0821
0821
0821
0821
0821
0821
0821
0821
0842
4229
73f0
a555
a556
7c11
6baf
7c11
73af
3187
0841
0821
0821
0821
0821
0821
0821
0821
0821
0821
0841
0841
0841
0841
0841
0841
0841
0842
0842
0842
0842
0842
0842
0842
0842
0842
0842
0842
4229
632d
632d
2105
0842
0842
0842
0842
0842
0842
0842
0842
0842
0842
0842
0842
0842
0842
0842
0842
0842
0842
0842
1042
1062
1062
1062
1062
1062
1062
1062
1062
1062
1062
1062
1062
1062
1062
1062
1062
1062
1062
1062
1062
1062
2902
8b43
d5aa
ddc9
bc63
b443
ac03
8b23
28e2
18a3
5acc
ffff
b5b6
20e4
7ae3
cce6
ff2e
d504
ccc4
c484
ac03
51e2
1062
1062
1062
1062
1062
1062
1062
1062
1062
1062
1062
1062
1062
1042
0842
0842
0842
0842
0842
0842
0842
0842
0842
0842
0842
0842
0842
0842
0842
0862
18c3
29e4
3ac5
4346
4ba6
5407
5c67
64e8
6d69
7dea
866a
8ecb
970b
972b
972b
970b
8eeb
8ecb
866a
7e2a
75a9
6d28
5c87
53c6
4325
21a3
0841
0821
0821
0821
0821
0821
0821
0821
0821
0821
0821
0821
0821
0821
0821
0821
0821
0821
18a3
41ca
0842
0821
0821
0821
0821
0821
0821
0821
0842
1062
2926
f79e
ffff
ffff
630e
1083
0842
0821
0021
0021
0021
0021
0021
0021
0021
0021
0021
0021
0021
0021
0021
0021
0021
0021
0021
0021
0021
0021
0021
0021
0021
0021
0021
0021
0021
0021
0021
0021
0021
0021
0021
0021
0021
0021
0021
0021
0021
0021
0821
0821
0821
0821
0821
0821
0821
0821
0821
0821
0821
0821
0821
0821
0821
0821
1062
634e
73d0
528b
4a4a
52ab
20e4
18e4
31a7
5acc
7c11
528b
0841
0821
0821
0821
0821
0821
0821
0821
0821
0841
0841
0841
0841
0841
0841
0841
0842
0842
0842
0842
0842
0842
0842
0842
0842
0842
0842
18a3
2966
2946
0842
0842
0842
0842
0842
0842
0842
0842
0842
0842
0842
0842
0842
0842
0842
0842
0842
0842
0842
0842
1042
1042
1062
1062
1062
1062
1062
1062
1062
1062
1062
1062
1062
1062
1062
1062
1062
1062
1062
1062
1062
1062
20c2
7b03
cd07
ee4c
bc64
b443
ac03
9363
3142
1083
18c4
630c
2946
20c3
8303
cd06
f70d
d4e4
ccc4
c483
ac03
49c2
1062
1062
1062
1062
1062
1062
1062
1062
1062
1062
1062
1062
1042
0842
0842
0842
0842
0842
0842
0842
0842
0842
0842
0842
0842
0842
0842
0842
1062
1923
3264
4305
4b86
53e7
5c47
64c8
6d28
7569
7dca
864a
8eab
972b
9f6c
9f8c
9f6c
976c
974b
970b
8eab
864a
75c9
6d28
5c87
4bc6
42e5
1943
0841
0821
0821
0821
0821
0821
0821
0821
0821
0821
0821
0821
0821
0821
0821
0821
0821
0821
0821
0821
0821
0821
0821
0821
0821
0821
0821
0821
0841
0842
1083
a4f5
ffdf
d69b
18e4
0862
0841
0821
0021
0021
0021
0021
0021
0021
0021
0021
0021
0021
0021
0021
0021
0021
0021
0021
0021
0021
0021
0021
0021
0021
0021
0021
0021
0021
0021
0021
0021
0021
0021
0021
0021
0021
0021
0021
0021
0021
0021
0021
0821
0821
0821
0821
0821
0821
0841
0821
0821
0821
0821
0821
0821
0821
0821
0841
632d
6b8f
31a7
1062
0821
0821
0821
0821
0821
10a3
4229
7bf0
4a4a
0821
0821
0821
0821
0821
0821
0821
0821
0841
0841
0841
0841
0841
0841
0841
0842
0842
0842
0842
0842
0842
0842
0842
0842
0842
0842
0842
0842
0842
0842
0842
0842
0842
0842
0842
0842
0842
0842
0842
0842
0842
0842
0842
0842
0842
0842
0842
0842
0842
0842
1042
1042
1062
1062
1062
1062
1062
1062
1062
1062
1062
1062
1062
1062
1062
1062
1062
1062
1062
1062
1062
1882
6a82
b485
f6ad
bc84
bc43
ac23
9ba3
49a2
1063
1083
18a3
1083
20c3
8b43
d547
f6ed
d4e4
ccc4
c483
a3e3
4182
1062
1062
1062
1062
1062
1062
1062
1062
1062
1062
1062
1042
0842
0842
0842
0842
0842
0842
0842
0842
0842
0842
0842
0842
0842
0842
0842
0862
1923
3265
4326
4ba6
5407
5c88
6ce8
7569
75c9
7e0a
866a
8eab
970b
9f6c
9fac
9fac
9fac
9fac
9f6c
972b
8ecb
866a
75c9
6d28
5c67
4b86
3aa5
10c2
0821
0821
0821
0821
0821
0821
0821
0821
0821
0821
0821
0821
0821
0821
0821
0821
0821
0821
0821
0821
0821
0821
0821
0821
0821
0821
0821
0821
0821
0841
1062
18a3
2946
2105
1062
0842
0841
0821
0021
0021
0021
0021
0021
0021
0021
0021
0021
0021
0021
0021
0021
0021
0021
0021
0021
0021
0021
0021
0021
0021
0021
0021
0021
0021
0021
0021
0021
0021
0021
0021
0021
0021
0021
0021
0021
0021
0021
0021
0821
0821
0821
0821
0821
2104
7bf0
6b6e
0821
0821
0821
0821
0821
0821
0821
39c7
7bf0
39c7
0842
0821
0821
0821
0821
0821
0821
0821
1082
4a4a
7c11
20e4
0821
0821
0821
0821
0821
0821
0821
0841
0841
0841
0841
0841
0841
0841
0841
0842
0842
0842
0842
0842
0842
0842
0842
0842
0842
0842
0842
0842
0842
0842
0842
0842
0842
0842
0842
0842
0842
0842
0842
0842
0842
0842
0842
0842
0842
0842
0842
0842
0842
0842
1042
1062
1062
1062
1062
1062
1062
1062
1062
1062
1062
1062
1062
1062
1062
1062
1062
1062
1062
1062
1062
5a22
ac04
f6cd
c4a5
bc63
b423
9bc3
5a22
1062
1062
1062
1062
20c2
9363
dd88
f6ac
cce4
ccc4
bc83
a3c3
3942
1062
1062
1062
1062
1062
1062
1062
1062
1062
1042
0842
0842
0842
0842
0842
0842
0842
0842
0842
0842
0842
0842
0842
0842
0842
0842
0842
10c2
2a04
4305
4b86
5407
5c88
6d08
7569
7dea
864a
8eab
8eeb
972c
9f6c
9fac
a7cd
a7ed
a7ed
9fcc
9f8c
974c
8ecb
860b
7589
64e8
5427
4366
3244
1082
0821
0821
0821
0821
0821
0821
0821
0821
0821
0821
0821
0821
0821
0821
0821
0821
0821
0821
0821
0821
0821
0821
0821
0821
0821
0821
0821
0821
0821
0841
0841
0842
1082
0862
0842
0841
0821
0821
0021
0021
0021
0021
0021
0021
0021
0021
0021
0021
0021
0021
0021
0021
0021
0021
0021
0021
0021
0021
0021
0021
0021
0021
0021
0021
0021
0021
0021
0021
0021
0021
0021
0021
0021
0021
0021
0021
0021
0021
0821
0821
0821
0821
0821
39e8
7bf0
7bf0
10a3
0821
0821
0821
0821
0821
0841
6baf
52cb
1082
0821
0821
0821
0821
0821
0821
0821
0821
0821
18e4
634e
5acc
0821
0821
0821
0821
0821
0821
0821
0841
0841
0841
0841
0841
0841
0841
0841
0842
0842
0842
0842
0842
0842
0842
0842
0842
0842
0842
0842
0842
0842
0842
0842
0842
0842
0842
0842
0842
0842
0842
0842
0842
0842
0842
0842
0842
0842
0842
1062
20c6
1083
0842
1042
1042
1062
1062
1062
1062
1062
1062
1062
1062
18a4
3127
18c5
1062
1062
1062
1062
1062
1062
1062
1062
49a2
a3c3
ee8d
cce6
bc63
b423
a3c3
6a82
1882
1062
1062
1062
28e2
9383
dde9
ee6b
cce4
ccc4
bc63
9bc3
3122
1062
1062
1062
1062
1062
1062
1062
1062
1042
0842
0842
0842
0842
0842
0842
0842
0842
0842
0842
0842
0842
0842
0842
0842
0842
0842
0862
1943
3aa5
4346
53c6
5c47
64c8
6d49
7dca
864a
8eab
970c
9f4c
9f8c
a7cd
a7ed
a7ed
a7ed
a7ed
a7ed
9fac
974c
8ded
8412
83f1
6c6b
5407
4346
2a04
0862
0821
0821
0821
0821
0821
0821
0821
0821
0821
0821
0821
0821
0821
0821
0821
0821
0821
0821
0821
0821
0821
0821
0821
0821
0821
0821
0821
0821
0821
0821
0821
0841
0842
0841
0841
0821
0821
0821
0021
0021
0021
0021
0021
0021
0021
0021
0021
0021
0021
0021
0021
0021
0021
0021
0021
0021
0021
0021
0021
0021
0021
0021
0021
0021
0021
0021
0021
0021
0021
0021
0021
0021
0021
0021
0021
0021
0021
0021
0021
0821
0821
0821
0821
1062
4208
3186
0821
0821
0821
0821
0821
0821
18c4
7c11
31c7
0821
0821
0821
0821
0821
0821
0821
0821
0821
0821
0842
4a6a
73f0
0842
0821
0821
0821
0821
0821
0821
0821
0841
0841
0841
0841
0841
0841
0841
0842
18a3
5aec
4a6a
0842
0842
0842
0842
0842
0842
0842
1062
1062
1062
0862
0842
0842
0842
0842
0842
0842
0842
0842
0842
0842
0842
0842
0842
0842
0842
0842
2907
49cd
398b
0842
0842
1042
1042
1062
1062
1062
1062
1062
1062
1083
5a2e
5a4f
520d
18a4
1062
1062
1062
1062
1062
1062
1062
3942
9383
e62c
d547
bc63
b443
a3e3
7ae2
18a2
1062
1062
1062
2902
9ba3
e62a
ee4a
cce4
ccc4
bc63
9ba3
2902
1062
1062
1062
1062
1062
1062
1062
1042
0842
0842
0842
0842
0842
0842
0842
0842
0842
0842
0842
0842
0842
0842
0842
0842
0842
0842
1062
2183
3ac5
4b66
53e7
5c67
6ce8
7589
7dea
866b
8ecc
972c
9f8d
a7cd
a7ed
a7ed
a7ed
a7ed
a7ed
a7ed
9f8c
972c
8cb0
83f2
83f2
7c0e
5407
4346
2a04
0861
0821
0821
0821
0821
0821
0821
0821
0821
0821
0821
0821
0821
0821
0821
0821
0821
0821
0821
0821
0821
0821
0821
0821
0821
0821
0821
0821
0821
0821
0821
0821
0821
0821
0821
0821
0821
0821
0021
0021
0021
0021
0021
0021
0021
0021
0021
0021
0021
0021
0021
0021
0021
0021
0021
0021
0021
0021
0021
0021
0021
0021
0021
0021
0021
0021
0021
0021
0021
0021
0021
0021
0021
0021
0021
0021
0021
0021
0021
0021
0821
0821
0821
0821
0821
0821
0821
10a4
0821
0821
0821
0821
0821
2966
73f0
2125
0821
0821
0821
0821
0821
0821
0821
0821
0821
0821
0821
39c8
7c31
10a3
0821
0821
0821
0821
0821
0821
0821
0841
0841
0841
0841
0841
0841
0841
0842
630c
9492
9492
3186
0842
0842
0842
0842
0842
0842
20c4
7b51
5a6d
1062
0862
0842
0842
0842
0842
0842
0842
0842
0842
0842
0842
0842
0842
0842
0842
0842
20e6
41ad
394a
0842
0842
0842
1042
1042
1062
1062
1062
1062
1062
20e6
5a4f
5a4f
5a4f
20c5
1062
1062
1062
1062
1062
1062
1062
28e2
8b43
d589
dde9
bc63
b443
ac03
8b43
2902
1062
1062
1062
3142
a3c3
ee6c
ee09
cce4
ccc4
bc63
9383
20e2
1062
1062
1062
1062
1062
1042
0842
0842
0842
0842
0842
0842
0842
0842
0842
0842
0842
0842
0842
0842
0842
0842
0842
0842
0842
0842
1062
2183
3ac5
4b66
53e7
5c68
6ce8
7589
7dea
866b
96ec
9f4c
9f8d
a7cd
a7ee
afee
afee
a7ed
a7ed
a7ed
9fac
974c
8dce
8412
83f2
6c8b
5c47
4b66
3284
10a2
0821
0821
0821
0821
0821
0821
0821
0821
0821
0821
0821
0821
0821
0821
0821
0821
0821
0821
0821
0821
0821
0821
0821
0821
0821
0821
0821
0821
0821
0821
0821
0021
0021
0021
0021
0021
0021
0021
0021
0021
0021
0021
0021
0021
0021
0021
0021
0021
0021
0021
0021
0021
0021
0021
0021
0021
0021
0021
0021
0021
0021
0021
0021
0021
0021
0021
0021
0021
0021
0021
0021
0021
0021
0021
0021
0021
0021
0021
0021
0821
0821
0821
0821
0821
0842
29ab
5357
1906
0821
0821
0821
0821
3187
73d0
2125
0821
0841
0842
0842
0821
0821
0821
0821
0821
0821
0821
39c7
7c31
18a3
0821
0821
0821
0821
0821
0821
0821
0841
0841
0841
0841
0841
0841
0841
0841
4a49
9492
8c72
18c4
0842
0842
0842
0842
0842
1062
3988
ac98
9c36
1083
1062
0842
0842
0842
0842
0842
0842
0842
0842
0842
0842
0842
0842
0842
0842
0842
0842
1083
1062
0842
0842
0842
0842
1042
1042
1062
1062
1062
1062
1063
41ab
5a2e
49ec
1063
1062
1062
1062
1062
1062
1062
1062
18a2
7ae2
c4e7
ee6c
bc64
b443
ac03
9383
3942
1062
1062
1062
3962
a3e3
eead
e5c8
cce4
ccc4
bc63
8b43
18c2
1062
1062
1062
1042
1042
0842
0842
0842
0842
0842
0842
0842
0842
0842
0842
0842
0842
0842
0842
0842
0842
0842
0842
0842
0842
0842
0862
1923
3a85
4346
53c7
5c47
64c8
7549
7dca
864b
96cc
9f2d
a78d
a7ce
a7ee
afee
afee
a7ed
a7ed
a7ed
9fac
9f6c
970b
862b
7d8b
6d48
5c87
4bc6
42e5
1943
0841
0821
0821
0821
0821
0821
0821
0821
0821
0821
0821
0821
0821
0821
0821
0821
0821
0821
0821
0821
0821
0821
0821
0821
0821
0821
0821
0821
0821
0821
0821
0021
0021
0021
0021
0021
0021
0021
0021
0021
0021
0021
0021
0021
0021
0021
0021
0021
0021
0021
0021
0021
0021
0021
0021
0021
0021
0021
0021
0021
0021
0021
0021
0021
0021
0021
0021
0021
0021
0021
0021
0021
0021
0021
0021
0021
0021
0021
0021
0821
0821
0821
0821
0842
29ec
53da
4b9a
5378
10c5
0821
0821
0821
2125
7c11
3187
1063
2104
2946
2104
1062
0821
0821
0821
0821
0821
0841
4209
7c11
1082
0821
0821
0821
0821
0821
0821
0821
0841
0841
0841
0841
0841
0841
0841
0841
1062
2946
39a8
6acd
6ace
1083
0842
0842
0842
0842
1083
4a0b
3168
1062
0842
0842
0842
0842
0842
0842
0842
0842
0842
0842
0842
0842
0842
0842
0842
0842
0842
0842
0842
0842
0842
0842
0842
0842
1042
1042
1062
1062
1062
1062
1063
1884
1062
1062
1062
1062
1062
1062
1062
1062
1062
1882
6a82
b465
f6ad
bc84
bc43
ac23
9ba3
49c2
1062
1062
1062
41a2
ac04
a44e
938d
c4a5
c4a4
b443
8323
18a2
1062
1062
1042
0842
0842
0842
0842
0842
0842
0842
0842
0842
0842
0842
0842
0842
0842
0842
0842
0842
0842
0842
0842
0842
0842
0842
0842
10a2
2a04
4305
4b86
5407
6488
6d09
758a
860b
8e8c
970d
a76e
a7ae
a7ce
a7ee
a7ee
a7ed
a7cd
a7cd
9fac
9f6c
970b
8eab
7e0a
7569
64c8
5407
4345
2a24
0861
0821
0821
0821
0821
0821
0821
0821
0821
0821
0821
0821
0821
0821
0821
0821
0821
0821
0821
0821
0821
0821
0821
0821
0821
0821
0821
0821
0821
0821
0021
0021
0021
0021
0021
0021
0021
0021
0021
0021
0021
0021
0021
0021
0021
0021
0021
0021
0021
0021
0021
0021
0021
0021
0021
0021
0021
0021
0021
0021
0021
0021
0021
0021
0021
0021
0021
0021
0021
0021
0021
0021
0021
0021
0021
0021
0021
0021
0021
0821
0821
0821
0842
320e
5bda
4b58
2a74
4317
4b57
10a4
0821
0821
1062
7c11
4a6a
2104
4229
73af
4229
18e4
0821
0821
0821
0821
0821
1082
5aec
6b6e
0821
0821
0821
0821
0821
0821
0821
0821
0841
0841
0841
0841
0841
0841
0841
0841
0842
0842
522a
9c34
9c34
49e9
0842
0842
0842
0842
0842
1062
1062
0842
0842
0842
0842
0842
0842
0842
0842
0842
0842
0842
0842
0842
0842
0842
0842
0842
0842
0842
0842
0842
0842
0842
1062
0842
0842
0842
1042
1062
1062
1062
1062
1062
1062
1062
1062
1062
1062
1062
1062
1062
1062
1062
5a02
ac04
f6ad
c4a5
bc63
b423
a3c3
5a22
1082
1062
1062
49c2
9b87
72f0
72cf
9b8a
c4a4
b443
7ae3
1882
1042
0842
0842
0842
0842
0842
0842
0842
0842
0842
0842
0842
0842
0842
0842
0842
0842
0842
0842
0842
0842
0842
0842
0842
0842
0842
0842
0842
1903
3264
4326
4ba6
5c27
64a8
6d29
7daa
8e4c
96cd
a74e
a78e
a7ae
a7ce
a7cd
a7ad
9f8d
9f8c
9f6c
972c
8eeb
868b
7e2a
7589
64e8
5c47
4b86
3aa5
10e2
0821
0821
0821
0821
0821
0821
0821
0821
0821
0821
0821
0821
0821
0821
0821
0821
0821
0821
0821
0821
0821
0821
0821
0821
0821
0821
0821
0821
0021
0021
0021
0021
0021
0021
0021
0021
0021
0021
0021
0021
0021
0021
0021
0021
0021
0021
0021
0021
0021
0021
0021
0021
0021
0021
0021
0021
0021
0021
0021
0021
0021
0021
0021
0021
0021
0021
0021
0021
0021
0021
0021
0021
0021
0021
0021
0021
0021
0021
0821
0821
0863
3a4f
5bdb
4338
2a53
21d1
2212
4338
4b36
1084
0821
0821
52cc
73af
39e8
52cc
ad97
52cc
2105
0842
0821
0821
0821
0821
3187
73f0
39c8
0821
0821
0821
0821
0821
0821
0821
0821
0821
0841
0841
0841
0841
0841
0841
10a2
1983
21c3
42a8
8430
8c12
2905
0842
0842
0842
0842
0842
0842
0842
0842
0842
0842
0842
0842
0842
0842
0842
0842
0842
0842
0842
0842
0842
0842
0842
0842
0842
0842
0842
0842
396a
520f
51ee
1083
0842
0842
0842
1042
1042
1062
1062
1062
1062
1062
1062
1062
1062
1062
1062
1062
1062
1062
41a2
9bc3
ee8d
cce6
bc63
b423
a3e3
72a2
1882
1062
1062
5a02
ac25
834f
72cf
b447
c4a4
b443
72c2
1082
0842
0842
0842
0842
0842
0842
0842
0842
0842
0842
0842
0842
0842
0842
0842
0842
0842
0842
0842
0842
0842
0842
0842
0842
1063
1084
0842
0842
0862
1923
3265
4326
4ba7
5c27
64a9
752a
85cb
968d
a72f
a76f
a78e
a78e
9f6d
9f4c
972c
972c
970b
8eeb
8eab
866a
7e0a
7589
6d08
5c67
4ba6
4305
2163
0841
0821
0821
0821
0821
0821
0821
0821
0821
0821
0821
0821
0821
0821
0821
0821
0821
0863
0842
0821
0821
0821
0821
0821
0821
0821
0821
0821
0021
0021
0021
0021
0021
0021
0021
0021
0021
0021
0021
0021
0021
0021
0021
0021
0021
0021
0021
0021
0021
0021
0021
0021
0021
0021
0021
0021
0021
0021
0021
0021
0021
0021
0021
0021
0021
0021
0021
0021
0021
0021
0021
0021
0021
0021
0021
0021
0021
0021
0021
0883
3a91
5bfb
4338
2a53
21f1
19d1
19d1
2212
4358
4b15
0883
0821
18c3
7c31
634e
4249
4a4a
3187
18a4
0821
0821
0821
0821
2125
634e
6b8f
0862
0821
0821
0821
0821
0821
0821
0821
0821
0821
0841
0841
0842
0842
0841
1962
2ac4
3324
3344
3344
3b65
3305
2a64
1983
10e2
0862
0842
0842
0842
0842
0842
0842
0842
0842
0842
0842
0842
0842
0842
0842
0842
0842
0842
0842
0842
0842
0842
0842
0842
0842
1884
520f
520f
520f
396a
0842
0842
0842
0842
0842
1042
1042
1062
1062
1062
1062
1062
1062
1062
1062
1062
1062
1062
3142
9383
e62b
d567
bc63
b443
a3e3
8303
20c2
1062
1062
6242
bc64
f6ee
d525
ccc4
c4a4
b423
6a82
1062
0842
0842
0842
0842
0842
0842
0842
0842
0842
0842
1883
628f
72f1
18a4
0842
0842
0842
0842
0842
0842
0842
0842
0842
0862
49ce
49cd
1084
0842
0842
0862
1903
3224
4306
4b87
5c08
64a9
754b
8e2d
a70f
a72f
9f2e
9f0d
970c
96cc
8eab
8eab
8e8b
868b
866a
7e2a
75c9
6d69
64e8
5c67
4bc6
4305
29c3
0861
0821
0821
0821
0821
0821
0821
0821
0821
0821
0821
0821
0821
0821
0841
1906
4ab0
7459
2148
0821
0821
0821
0821
0821
0821
0821
0821
0021
0021
0021
0021
0021
0021
0021
0021
0021
0021
0021
0021
0021
0021
0021
0021
0021
0021
0021
0021
0021
0021
0021
0021
0021
0021
0021
0021
0021
0021
0021
0021
0021
0021
0021
0021
0021
0021
0021
0021
0021
0021
0021
0021
0021
0021
0021
0021
0021
0021
0021
1084
42d3
5bfc
4338
2a54
21f2
21f2
21f2
21f1
21f1
2a33
4b79
42d3
0862
0821
3186
8452
6b6e
4209
2125
1062
0842
0842
18a3
31c7
634e
73d0
18e4
0821
0821
0821
0821
0821
0821
0821
0821
0821
0821
0841
4208
6b4e
52ab
31a8
3b26
3385
3be5
3c05
3c25
3c05
3be5
3ba5
3364
3324
2ac4
21e3
10e2
0842
0842
0842
0842
0842
0842
0842
0842
0842
0842
0842
0842
0842
0842
0842
0842
0842
0842
0842
0842
0842
0842
1063
49cd
520f
520f
28e7
0842
0842
0842
0842
0842
0842
0842
1042
1042
1042
1062
1062
1062
1062
1062
1062
1062
1062
20e2
8b23
d569
e5ea
bc63
b443
ac03
8b43
2902
1062
1062
6a82
bc85
ff2e
d525
ccc4
c4a4
b423
6242
1062
0842
0842
0842
0842
0842
0842
0842
0842
0842
0842
3148
ac59
ac59
3989
0842
0842
0842
0842
0842
0842
0842
0842
0842
1063
41ac
49cd
1063
0842
0842
0842
0842
10a2
21a4
3ac5
4b67
5c08
6ca9
7d6b
8e0d
966d
968d
8e8c
8e6b
864b
862a
7e2a
7e0a
7e0a
7dea
75c9
7569
6d28
64a8
5c47
4ba6
4305
2a04
0861
0821
0821
0821
0821
0821
0821
0821
0821
0821
0821
0821
1083
31cb
63f6
8d5e
8d9f
95bf
4af1
0821
0821
0821
0821
0821
0821
0821
0821
0021
0021
0021
0021
0021
0021
0021
0021
0021
0021
0021
0021
0021
0021
0021
0021
0021
0021
0021
0021
0021
0021
0021
0021
0021
0021
0021
0021
0021
0021
0021
0021
0021
0021
0021
0021
0021
0021
0021
0021
0021
0021
0021
0021
0021
0021
0021
0021
0021
0021
10c5
42f4
5c1d
4338
2a54
21f2
21f2
21f2
21f2
21f2
21f2
21f2
2a54
4b9a
3ab2
0842
0821
2945
73f0
7c11
632d
4a6a
4229
4a6a
632d
7c10
634e
18c3
0821
0821
0821
0821
0821
0821
0821
0821
0821
0821
0821
1062
738e
73af
7bd0
5b8b
4be8
3c05
4486
4cc6
4ce6
4ce6
44a6
4466
4425
3be5
3ba5
3365
3304
21c3
0842
0842
0842
0842
0842
0842
0842
0842
0842
0842
0842
0842
0842
0842
0842
0842
0842
0842
0842
0842
0842
0842
18c5
3149
3128
1062
0842
0842
0842
0842
0842
0842
0842
0842
0842
0842
1042
1042
1042
1042
1042
1062
1062
1062
18a2
7ae2
c4c7
ee6c
bc64
b443
ac03
9363
2902
1042
1082
72a2
c4a5
ff0e
d504
ccc4
bc83
ac03
5a02
1062
0842
0842
0842
0842
0842
0842
0842
0842
0842
0842
18a4
8353
8b94
20c5
0842
0842
0842
0842
0842
0842
0842
0842
0842
0842
1063
1062
0842
0842
0842
0842
0842
0842
0862
1923
3a65
4b67
5c08
6ca9
752a
7d8b
7dcb
7dcb
7dca
7daa
7589
7589
7589
7569
7569
6d49
6d08
64c8
5c67
5407
4b86
3b05
29c3
0861
0821
0821
0821
0821
0821
0821
0821
0821
0842
1907
4af2
7cfb
8dbf
855f
74be
6c7d
8d7f
749a
10a4
0821
0821
0821
0821
0821
0821
0021
0021
0021
0021
0021
0021
0021
0021
0021
0021
0021
0021
0021
0021
0021
0021
0021
0021
0021
0021
0021
0021
0021
0021
0021
0021
0021
0021
0021
0021
0021
0021
0021
0021
0021
0021
0021
0021
0021
0021
0021
0021
0021
0021
0021
0021
0021
0021
0021
0021
10e6
4b36
5c1d
3b18
2a54
2213
2213
2213
2213
2212
21f2
21f2
21f2
21f2
2a75
53bb
3a71
0842
0821
0862
39e8
634e
73f0
7bf1
73d0
5aec
2966
0841
0821
0821
0821
0821
0821
0821
0821
0821
0821
0821
0821
0821
1083
6b6e
73af
73af
4b89
4407
4466
4d06
5567
55a7
55a7
5587
4d47
4d06
4cc6
4486
4425
3bc5
3324
21a3
0842
0842
0842
0842
0842
0842
0842
0842
0842
0842
0842
0842
18a4
3969
20c5
0842
0842
0842
0842
0842
0842
0842
0842
0842
0842
0842
0842
0842
0842
0842
0842
0842
0842
0842
0842
0842
0842
0842
2125
2925
0842
1042
1042
1062
5a22
b445
f6ad
bc84
bc43
ac23
8303
20c2
0842
1882
7ae3
cce6
f70e
cce4
c4a4
bc84
ac25
49c2
1062
0842
0842
0842
0842
0842
0842
0842
0842
0842
0842
0842
0842
0842
0842
0842
0842
0842
0842
0842
0842
0842
0842
0842
0842
0842
0842
0842
0842
0842
0842
0842
0842
0842
0842
18e2
3225
4b47
5be8
6469
6cc9
6d09
6d29
6d29
6d09
6ce8
64e8
64e8
64c8
64c8
64a8
5c87
5c67
5407
4ba6
4345
3ac5
2163
0841
0821
0821
0821
0821
0821
0821
10a4
320c
6c37
8d9e
8dbf
7d1f
6c5d
53da
4b58
5bda
7cfe
8d7e
31eb
0821
0821
0821
0821
0821
0021
0021
0021
0021
0021
0021
0021
0021
0021
0021
0021
0021
0021
0021
0021
0021
0021
0021
0021
0021
0021
0021
0021
0021
0021
0021
0021
0021
0021
0021
0021
0021
0021
0021
0021
0021
0021
0021
0021
0021
0021
0021
0021
0021
0021
0021
0021
0021
0021
0021
1907
5378
5c1e
3b19
2a54
2213
2213
2213
2213
2213
2213
2213
2213
2213
2213
2213
2a95
53dc
322f
0841
0821
0821
0821
0841
0842
0841
0821
0821
0821
0821
0821
0821
0821
0821
0821
0821
0821
0821
0821
0821
0821
0821
18c3
4a6a
2986
32e4
3be5
4cc6
5587
5e07
5e48
5e68
5e48
5e08
55c7
55a7
5547
4d06
4466
3bc5
3304
10e2
0842
0842
0842
0842
0842
0842
0842
0842
0842
0842
0842
49ed
5a70
520e
0842
0842
0842
0842
0842
0842
0842
0842
0842
0842
0842
0842
0842
0842
0842
0842
1062
1062
0842
0842
0842
0842
18e4
c638
e71c
73af
0842
0842
0862
2902
8b44
f6ad
c4a5
b443
9ba3
49a2
1062
0842
18a2
8303
cd06
f6cd
cce5
cce5
c4c6
ac46
5204
10a3
0842
0842
0842
0842
0842
0842
0842
0842
0842
0842
0842
0842
0842
0842
0842
0842
0842
0842
0842
0842
0842
0842
0842
0842
0842
0842
0842
0842
0842
0842
0842
0842
0842
0842
0842
10c2
3224
4b26
53a7
5c08
5c48
5c68
5c68
5c48
5c47
5c47
5c27
5c27
5c27
5427
5407
53e6
4ba6
4346
3ae5
2a24
10e2
0821
0821
0821
0821
0842
2147
5333
853c
95ff
857f
74de
643c
5399
4b37
4316
42f6
4b78
6c7d
8d9f
5bb5
0842
0821
0821
0821
0821
0021
0021
0021
0021
0021
0021
0021
0021
0021
0021
0021
0021
0021
0021
0021
0021
0021
0021
0021
0021
0021
0021
0021
0021
0021
0021
0021
0021
0021
0021
0021
0021
0021
0021
0021
0021
0021
0021
0021
0021
0021
0021
0021
0021
0021
0021
0021
0021
0821
2148
53b9
5c1e
3b19
2a55
2234
2233
2233
2213
2213
2213
2213
2213
2213
2213
2213
2213
2213
32b6
53fc
320d
0841
0821
0821
0821
0821
0821
0821
0821
0821
0821
0821
0821
0821
0821
0821
0821
0821
0821
0821
0821
0821
0821
0841
0841
0841
2ae4
3c05
4d06
55e7
6668
66c8
6709
66e9
66c8
6688
5e68
5e08
55a7
4d06
4446
3385
2243
0842
0842
0842
0842
0842
0842
0842
0842
0842
0842
0842
396a
5a70
41ab
0842
0842
0842
0842
0842
0842
0842
0842
0842
0842
0842
0842
0842
0842
0842
18c4
5aeb
52ab
1083
0842
0842
0842
4a4a
e73c
ef7d
bdd7
1062
0842
0842
1062
2902
8b88
8b45
6a83
3962
1062
0842
0842
18a2
8b43
d547
f6cd
d526
cd06
c4e7
b488
5205
18e4
18a3
0842
0842
0842
0842
0842
1063
5aec
4a4a
0842
0842
0842
0842
0842
0842
0842
0842
0842
0842
0842
0842
0842
0842
0842
0842
0842
0842
0842
0842
0842
0842
0842
0842
0842
0841
0841
10a2
29e4
42e6
4b46
4b86
53a7
53a7
4ba6
4b86
4b86
4b86
4b86
4b86
4b86
4b66
4346
4325
3ac5
3244
1922
0861
1084
2908
316a
3a4e
7478
95de
95df
7d3f
6c9d
5bfb
4b79
4337
4317
4316
42f6
42f6
4316
5bfa
7d1f
851c
2127
0821
0821
0821
0021
0021
0021
0021
0021
0021
0021
0021
0021
0021
0021
0021
0021
0021
0021
0021
0021
0021
0021
0021
0021
0021
0021
0021
0021
0021
0021
0021
0021
0021
0021
0021
0021
0021
0021
0021
0021
0021
0021
0021
0021
0021
0021
0021
0021
0021
0021
0021
0021
0842
3ab2
5c5e
3b19
2a55
2234
2234
2234
2234
2234
2234
2234
2234
2234
2234
2234
2234
2214
2213
2234
32d7
53fc
29cc
0821
0821
0821
0821
0821
0821
0821
0821
0821
0821
0821
0821
0821
0821
0821
0821
0821
0821
0821
0821
0821
0821
0841
0841
2aa4
3c05
4d27
5e08
66c8
6f49
6f89
6f89
6f69
6f49
6f09
66c8
5e48
5587
4cc6
3c05
3324
1922
0842
0842
0842
0842
0842
0842
0842
0842
0842
0842
0842
1083
1063
0842
0842
0842
0842
0842
0842
0842
0842
0842
0842
0842
0842
0842
0842
0842
3187
6b2d
6b2d
2105
0842
0842
0842
1062
9cf3
c638
41e8
0842
0842
0842
0842
0842
1062
1082
1062
0862
0842
0842
0842
20c2
9363
d588
eead
d526
d58a
ffbc
ef19
9470
2925
18c4
1062
0842
0842
0842
0842
18c4
6b6e
5aec
0842
0842
1083
2906
1062
0842
0842
0842
0842
0842
0842
0842
0842
0842
0842
0842
0842
0842
0842
0842
0842
0842
0842
0842
0842
0841
0841
0841
1082
2143
3224
3aa5
3ae5
42e5
3ae5
3ae5
3ac5
3ac5
3ac5
3ac5
3ac5
3ac5
3aa4
3244
21a3
1902
0861
0862
420e
7418
95be
9e3f
8dbf
74ff
645d
53ba
4b58
4337
4317
4317
4316
4316
42f6
42f5
42f5
5398
749d
8d7f
42b0
0821
0821
0821
0021
0021
0021
0021
0021
0021
0021
0021
0021
0021
0021
0021
0021
0021
0021
0021
0021
0021
0021
0021
0021
0021
0021
0021
0021
0021
0021
0021
0021
0021
0021
0021
0021
0021
0021
0021
0021
0021
0021
0021
0021
0021
0021
0021
0021
0021
0021
0021
0021
0021
0862
4b36
53dd
2a96
2235
2235
2234
2234
2234
2234
2234
2234
2234
2234
2234
2234
2234
2234
2234
2234
3af8
5bfc
218a
0821
0821
0821
0821
0821
0821
0821
0821
0821
0821
0821
0821
0821
0821
0821
0821
0821
0821
0821
0821
0821
0841
0841
2a84
4c68
5d69
6648
6f09
77a9
77ea
77ea
77ea
77ca
77a9
6f49
66a8
5e07
4d27
4466
3ba5
2ac4
1082
0842
0842
0842
0842
0842
0842
0842
0842
0842
0842
0842
0842
0842
0842
0842
0842
0842
0842
0842
0842
0842
0842
0842
0842
0842
0842
0842
1083
4a49
4208
1062
0842
0842
0842
0842
0842
1062
0842
0842
0842
0842
0842
0842
0842
0842
0842
0842
0842
0842
0842
28e2
9383
ddea
ee8c
d569
ff9c
ffff
ffff
ffdf
31a7
20e4
18a3
0842
0842
0842
0842
0842
18c4
10a3
1063
10a6
298c
4a71
298c
10c7
0863
0842
0842
0842
0842
0842
0842
0842
0842
0842
0842
0842
0842
0842
0842
0842
0842
0842
0841
0841
0841
0841
0841
0841
1082
18e2
1923
1943
1943
1923
1923
1922
1922
1923
1923
1922
1902
10c2
0882
18c5
3a6e
7cb9
9e3f
9e3f
8d9f
74be
5c1c
539a
4b58
4338
4337
4337
4317
4316
4316
42f6
42f6
42f5
42d5
4b36
641b
853f
6c59
10a4
0821
0021
0021
0021
0021
0021
0021
0021
0021
0021
0021
0021
0021
0021
0021
0021
0021
0021
0021
0021
0021
0021
0021
0021
0021
0021
0021
0021
0021
0021
0021
0021
0021
0021
0021
0021
0021
0021
0021
0021
0021
0021
0021
0021
0021
0021
0021
0021
0021
0021
0021
0021
0021
1083
4b77
4bdc
2a96
2255
2255
2255
2255
2255
2235
2235
2235
2235
2234
2234
2234
2234
2234
2234
2255
3b19
5bfc
2149
0821
0821
0821
0821
0821
0821
0821
0821
0821
0821
0821
0821
0821
0821
0821
0821
0821
0821
0821
0821
0821
0841
3b26
5ca9
65aa
6e6a
6f09
77ca
7fea
7fea
7fea
7fea
77ea
77a9
6f09
5e68
55a7
4ce6
4445
3385
2264
0862
0842
0842
0842
0842
0842
0842
0842
0842
0842
0842
0842
0842
0842
0842
0842
0842
0842
0842
0842
0842
0842
0842
0842
0842
0842
0842
0842
0842
0842
0842
0842
0842
0842
0842
0842
0842
0842
0842
0842
0842
0842
0842
0842
0842
0842
0842
0842
0842
0842
2922
9bc4
e64c
ee4c
d549
ffde
ffff
ffff
ffff
73af
2946
20e4
1083
0862
0842
0842
0842
0863
10c6
194c
198e
21d0
21f1
2212
2213
21d1
190a
0863
0842
0842
0842
0842
0842
0842
0842
0842
0842
0842
0842
0842
0842
0842
0841
0841
0841
0841
0841
0841
0841
0841
0841
0841
0841
0841
0841
0841
0841
0841
0841
0841
0841
0862
2989
5bb5
8dbd
9e5f
8ddf
7d1f
6c9e
5c1c
4b9a
4b58
4b58
4358
4338
4337
4317
4317
4316
4316
42f6
42f5
42f5
3ad5
42f5
5399
74be
853e
31ca
0021
0021
0021
0021
0021
0021
0021
0021
0021
0021
0021
0021
0021
0021
0021
0021
0021
0021
0021
0021
0021
0021
0021
0021
0021
0021
0021
0021
0021
0021
0021
0021
0021
0021
0021
0021
0021
0021
0021
0021
0021
0021
0021
0021
0021
0021
0021
0021
0021
0021
0021
0021
0021
0021
10a4
53b9
4bbc
2a96
2255
2255
2255
2255
2255
2255
2255
2255
2255
2255
2255
2255
2255
2235
2235
2255
435a
5bfc
1928
0821
0821
0821
0821
0821
0821
0821
0821
0821
0821
0821
0821
0821
0821
0821
0821
0821
0821
0821
0821
1102
3b86
5cea
65ca
6e8a
6f09
77ca
7feb
87eb
87eb
7feb
7fea
77ca
6f69
66c8
5e28
5587
4cc6
3c05
3365
21e3
0842
0842
0842
0842
0842
0842
0842
0842
0842
0842
0842
0842
0842
0842
0842
0842
0842
0842
0842
0842
0842
0842
0842
0842
0842
0842
0842
0842
0842
0842
0842
0842
0842
0842
0842
0842
0842
0842
0842
0842
0842
0842
0842
0842
0842
0842
0842
0842
0842
3142
a3c3
e64c
ee2a
d527
ef17
ffff
ffff
d69a
3187
18e4
1083
0842
0842
0842
0842
0863
10e8
194c
198e
19af
21b0
21d0
21f1
21f2
2213
2234
218e
1084
0842
0842
0842
0842
0842
0842
0842
0842
0842
0842
0842
0842
0841
0841
0841
0841
0841
0841
0841
0841
0841
0821
0821
0821
0821
0821
0821
0821
0821
0841
18c5
428f
7cfa
9e3f
963f
857f
74df
643d
53bb
4b79
4b59
4b59
4b58
4b58
4338
4337
4337
4317
4316
4316
42f6
42f6
42f5
3ad5
3ad5
3ad5
4b37
643b
855f
5b74
0842
0021
0021
0021
0021
0021
0021
0021
0021
0021
0021
0021
0021
0021
0021
0021
0021
0021
0021
0021
0021
0021
0021
0021
0021
0021
0021
0021
0021
0021
0021
0021
0021
0021
0021
0021
0021
0021
0021
0021
0021
0021
0021
0021
0021
0021
0021
0021
0021
0021
0021
0021
0021
0021
0021
10c5
53db
4b9c
2a77
2256
2256
2256
2256
2255
2255
2255
2255
2255
2255
2255
2255
2255
2255
2255
2a76
437b
53fb
18e6
0821
0821
0821
0821
0821
0821
0821
0821
0821
0821
0821
0821
0821
0821
0821
0821
0821
0821
0841
2a84
3be6
5508
660a
6ea9
776a
7fea
87eb
87eb
87eb
87eb
7feb
7fea
77ca
6f49
66a8
5e08
5567
44a6
3be5
3324
1922
0842
0842
0842
0842
0842
18c2
3963
39a3
2923
0862
0842
0842
0842
0842
0842
0842
0842
0842
0842
0842
0842
0842
0842
0842
0842
0842
0842
0842
0842
0842
0842
0842
0842
0842
0842
0842
0842
0842
0842
0842
0842
0842
0842
0842
1062
1063
1084
10a5
41c5
a3e4
ee8d
e5e9
cd06
cd07
d5ae
ce14
41e7
2104
18c4
0842
0842
0842
0842
0862
10e8
194c
196d
198f
19af
21d0
21d1
21f1
21f1
21f2
2213
2234
198e
0863
0842
0842
0842
0842
0842
0842
0842
0842
0842
0842
0841
0841
0841
0841
0841
0841
0841
0841
0841
0821
0821
0821
0821
0821
0821
0821
0863
29aa
63f6
95de
9e5f
8ddf
7d3f
6c9e
5c1c
53bb
4b7a
4b79
4b79
4b59
4b58
4b58
4358
4338
4337
4317
4317
4316
4316
42f6
42f5
42f5
3ad5
3ad5
3ad4
42f5
5bd9
7cfe
7cbb
1906
0021
0021
0021
0021
0021
0021
0021
0021
0021
0021
0021
0021
0021
0021
0021
0021
0021
0021
0021
0021
0021
0021
0021
0021
0021
0021
0021
0021
0021
0021
0021
0021
0021
0021
0021
0021
0021
0021
0021
0021
0021
0021
0021
0021
0021
0021
0021
0021
0021
0021
0021
0021
0021
0021
0021
1907
5c1c
439c
2a77
2256
2256
2256
2256
2256
2256
2256
2256
2256
2256
2256
2256
2255
2255
2255
2a97
4bdd
53da
10c5
0821
0821
0821
0821
0821
0821
0821
0821
0821
0821
0821
0821
0821
0821
0821
0821
0821
1983
3b85
4466
5567
6669
774a
7fcb
87eb
87ec
87ec
87eb
87eb
87eb
7fea
77ea
6f89
6709
5e68
55c7
4d06
4446
3385
2a64
0842
0842
0842
0842
49e3
ac65
d545
dd86
eece
7b26
1082
0842
0842
0842
0842
0842
0842
0842
0842
0842
0842
0842
0842
0842
0842
0842
0842
0842
0842
0842
0842
0842
0842
0842
0842
0842
0842
0842
0842
0862
1063
1084
10a5
18e7
212a
298c
31ef
3a32
5acb
ac24
eecd
dd67
d505
cce5
bc86
93a6
2924
18c4
1062
0842
0842
0842
0842
10a5
194c
196d
198e
19af
21b0
21d0
21d1
21f1
21f1
21f2
21f2
2213
2213
1909
0842
0842
0842
0842
0842
0842
0842
0842
0842
0841
0841
0841
0841
0841
0841
0841
0841
0841
0821
0821
0821
0821
0821
0821
0821
0842
5b95
9e5f
963f
859f
74df
645e
53dc
53bb
4b9a
4b7a
4b79
4b79
4b59
4b59
4b58
4b58
4338
4337
4337
4317
4317
4316
42f6
42f6
42f5
3ad5
3ad5
3ad4
3ad4
3ad4
4b57
6c7c
853f
426e
0821
0021
0021
0021
0021
0021
0021
0021
0021
0021
0021
0021
0021
0021
0021
0021
0021
0021
0021
0021
0021
0021
0021
0021
0021
0021
0021
0021
0021
0021
0021
0021
0021
0021
0021
0021
0021
0021
0021
0021
0021
0021
0021
0021
0021
0021
0021
0021
0021
0021
0021
0021
0021
0021
0021
0021
1928
5c3d
437c
2a97
2a76
2a76
2276
2276
2276
2276
2256
2256
2256
2256
2256
2256
2256
2ab7
437c
5c7f
5398
1907
0821
0821
0821
0821
0821
0821
0821
0821
0821
0821
0821
0821
0821
0821
0821
0821
0861
2ae4
3be5
4ce7
5de8
6eca
7fab
87ec
8fec
8fec
8fec
87ec
87eb
7feb
7fea
77ea
6f89
6f09
6688
55e7
4d27
4486
3bc5
3304
10c2
0842
0842
3983
b485
d545
dd85
e5c6
ff90
de09
5a43
0842
0842
0842
0842
0842
0842
0842
0842
0842
0842
0842
0842
0842
0842
0842
0842
0842
0842
0842
0842
0842
0842
0842
0862
1063
1084
10a5
18e7
2129
298c
31cf
3232
3a75
42b7
42d9
42f9
42d9
62ed
b445
f6ee
dd46
c4a4
c4a4
bc65
8345
18c3
0842
0842
0842
0842
0842
0863
112a
196d
198e
198f
19af
21b0
21d0
21d1
21f1
21f1
21f2
21f1
21f1
2212
21d0
0863
0842
0842
0842
0842
0842
0842
0842
0841
0841
0841
0841
0841
0841
0841
0841
0841
0821
0821
0821
0821
0821
0821
0821
0821
0821
3a2d
9e5f
8ddf
6c9f
53dc
53bb
4b9a
4b9a
4b7a
4b7a
4b79
4b79
4b59
4b58
4b58
4358
4338
4337
4337
4317
4316
4316
42f6
42f6
42f5
3ad5
3ad5
3ad4
3ab4
3ab4
4315
5bf9
851e
6c18
1083
0021
0021
0021
0021
0021
0021
0021
0021
0021
0021
0021
0021
0021
0021
0021
0021
0021
0021
0021
0021
0021
0021
0021
0021
0021
0021
0021
0021
0021
0021
0021
0021
0021
0021
0021
0021
0021
0021
0021
0021
0021
0021
0021
0021
0021
0021
0021
0021
0021
0021
0021
0021
0021
0021
0021
0021
216a
5c5d
437c
2a97
2a77
2a77
2a77
2a77
2a77
2a77
2a76
2a76
2a76
2276
2a76
32b8
439c
647f
4b57
18e6
0821
0821
0821
0821
0821
0821
0821
0821
0821
0821
0821
0821
0821
0821
0821
0821
0821
1102
3345
4426
5527
6629
770a
87cc
8fed
97ed
8fed
8fec
87ec
7feb
7fea
77ca
7789
6f49
66c8
5e48
55c7
4d26
4466
3bc5
3304
10e2
0842
1062
7b23
c4e5
d545
dd85
e5c6
ff90
e629
9bc4
18a2
0842
0842
0842
0842
0842
0842
0842
0842
0842
0842
0842
0842
0842
0842
0842
0842
0842
0842
1062
1063
10a5
18c6
2129
216b
29ce
3231
3a74
42b6
42d8
42d9
42da
3ab9
3a99
3258
2a36
2a36
6b0b
b465
f70e
dd25
ccc4
c484
b423
72c3
1062
0842
0842
0842
0842
0842
1084
196d
198e
19af
19af
21b0
21d0
21d0
21d1
21d1
21f1
21f1
21f1
21d1
21f1
21f2
10c6
0842
0842
0842
0842
0842
0842
0841
0841
0841
0841
0841
0841
0841
0841
0841
0821
0821
0821
0821
0821
0821
0821
0821
0821
0821
10c5
853c
9e5f
751f
5bfd
4bbb
4b9a
4b9a
53bb
63fd
5bdc
4b59
4b59
4b58
4b58
4338
4337
4337
4317
4317
4316
42f6
42f6
42f5
42d5
3ad5
3ad4
3ad4
3ab4
3ab4
3ad4
5377
749c
84fd
2989
0021
0021
0021
0021
0021
0021
0021
0021
0021
0021
0021
0021
0021
0021
0021
0021
0021
0021
0021
0021
0021
0021
0021
0021
0021
0021
0021
0021
0021
0021
0021
0021
0021
0021
0021
0021
0021
0021
0021
0021
0021
0021
0021
0021
0021
0021
0021
0021
0021
0021
0021
0021
0021
0021
0021
0021
0021
29ac
5c7e
3b5c
2a97
2a97
2a97
2a97
2a97
2a97
2a77
2a77
2a77
2a77
32d9
4bbd
649f
4b36
10a5
0821
0821
0821
0821
0821
0821
0821
0821
0821
0821
0821
0821
0821
0821
0821
0821
0821
0821
1963
3365
4446
5527
6609
770b
8fcd
9fef
9fef
97ed
8fec
87eb
7fea
776a
6f29
66e9
66a8
5e48
55e7
5567
4cc6
4425
3385
2ae4
10a2
0842
1882
93a4
c4e5
d545
dd85
e5c6
ff90
e629
a424
2902
0842
0842
0842
0842
0842
0842
0842
0842
0842
0842
0842
0842
0842
0862
1063
1084
18c6
1908
216b
29ad
3210
3a53
4295
42d7
42d9
42d9
3ab9
3a98
3257
2a36
21f5
21d4
21b4
1993
19b3
3257
732a
bc85
ff2e
d525
ccc4
c484
b423
6a63
1062
0842
0842
0842
0842
0842
10c7
198f
21af
21b0
21d0
21d0
21d0
21d0
21d1
21d1
21d1
21d1
21d1
21d1
21d0
21d1
10e8
0842
0842
0842
0842
0842
0841
0841
0841
0841
0841
0841
0841
0841
0841
3146
5a6c
18c4
0821
0821
0821
0821
0821
0821
0821
0821
0841
5333
a69f
859f
645e
53bb
4b9a
4b9a
63fd
641d
641d
53ba
4b58
4b58
4358
4338
4337
4337
4317
4316
4316
42f6
42f6
42f5
3ad5
3ad5
3ad4
3ab4
3ab4
3ab3
3ab3
4315
641a
851e
5333
0841
0021
0021
0021
0021
0021
0021
0021
0021
0021
0021
0021
0021
0021
0021
0021
0021
0021
0021
0021
0021
0021
0021
0021
0021
0021
0021
0021
0021
0021
0021
0021
0021
0021
0021
0021
0021
0021
0021
0021
0021
0021
0021
0021
0021
0021
0021
0021
0021
0021
0021
0021
0021
0021
0021
0021
0021
0821
29ee
647e
3b5b
2a98
2a98
2a98
2a97
2a97
2a97
2a97
2a97
32fa
4bfe
64bf
4315
10a4
0821
0821
0821
0821
0821
0821
0821
0821
0821
0821
0821
0821
0821
0821
0821
0821
0821
0821
0821
1922
3345
4406
54e7
65c9
76ab
8fae
a7f1
9fef
8fed
87ec
7fcb
776a
6ec9
5e48
5e08
55c7
5587
4d27
4cc6
4446
3bc5
3324
21e3
0842
0842
18a2
93c4
c4e5
d545
dd85
e5c6
ff90
e629
a424
2902
0842
0842
0842
0842
0842
0842
0842
0842
0862
1063
1084
18c6
1908
214a
29ac
31ef
3a32
3a74
42b6
42b7
3ab8
3a98
3277
3257
2a16
21f5
21d4
19b3
1993
1993
1972
1972
1972
1972
21d4
3ab8
7b28
bca5
ff2e
d505
ccc4
c484
ac23
6242
1062
0842
0842
0842
0842
0842
10e8
21b0
21d0
21d1
21d1
21d1
21d1
21d1
21d1
21d1
21d1
21d1
21d0
21d0
21b0
21af
1109
0842
0842
0842
0842
0841
0841
0841
0841
0841
0841
0841
0841
0841
18a3
8bf3
9413
6b0e
0821
0841
18a4
1062
0821
0821
0821
0821
0821
2148
95fe
961f
6cbf
53db
4b9a
4b7a
5bdc
641d
641d
4b79
4b58
4b58
4338
4337
4337
4317
4317
4316
42f6
42f6
42f5
42d5
3ad5
3ad4
3ad4
3ab4
3ab4
3ab3
3a93
42d4
5398
74bd
749a
18e5
0021
0021
0021
0021
0021
0021
0021
0021
0021
0021
0021
0021
0021
0021
0021
0021
0021
0021
0021
0021
0021
0021
0021
0021
0021
0021
0021
0021
0021
0021
0021
0021
0021
0021
0021
0021
0021
0021
0021
0021
0021
0021
0021
0021
0021
0021
0021
0021
0021
0021
0021
0021
0021
0021
0021
0021
0821
0821
3250
5c9f
3b3b
2a98
2a98
2a98
2a98
2a98
2a98
331b
541e
64bf
42d4
1083
0821
0821
0821
0821
0821
0821
0821
0821
0821
0821
0821
0821
0821
0821
0821
0821
0821
0821
0821
0821
0882
32e4
3bc5
4c87
5d48
6e0a
7f0c
97ae
8fce
8fed
8fed
776b
6ec9
5e28
5587
4d07
4cc6
4486
4446
3be5
3b85
3324
2223
0862
0842
0842
18a2
93c4
c4e5
d545
dd85
e5c6
ff91
e629
a424
2902
0842
0842
0842
0862
1063
1084
10c5
18e7
2149
298c
31ce
3a31
3a73
3a95
4296
3a96
3a96
3276
3235
2a15
21d4
21b3
1992
1992
1972
1972
1972
1972
1972
1972
1972
1972
1972
1993
2a37
42d7
7b26
c4c5
ff2e
d504
ccc4
c484
ac03
5202
0862
0842
0842
0842
0842
0842
10e8
21d0
21f1
21f1
21f2
2a53
3ab4
2a12
21d1
21d0
21d0
21d0
21d0
21b0
19af
198e
10c7
0842
0842
0841
0841
0841
0841
0841
0841
0841
0841
0841
0841
0821
1062
83d2
8c13
62cd
0821
3148
6a91
41ab
0821
0821
0821
0821
0821
0862
6c38
9e7f
7d3f
5c1d
4b9a
4b7a
4b7a
539a
539a
4b58
4b58
4358
4338
4337
4337
4317
4316
4316
42f6
42f6
42f5
3ad5
3ad5
3ad4
3ab4
3ab4
3ab3
3a93
3a93
3a93
4b36
6c3b
851e
3a4d
0021
0021
0021
0021
0021
0021
0021
0021
0021
0021
0021
0021
0021
0021
0021
0021
0021
0021
0021
0021
0021
0021
0021
0021
0021
0021
0021
0021
0021
0021
0021
0021
0021
0021
0021
0021
0021
0021
0021
0021
0021
0021
0021
0021
0021
0021
0021
0021
0021
0021
0021
0021
0021
0021
0021
0021
0821
0821
0841
3a92
5c9f
3b3b
2ab8
2a98
2a98
2ab9
3b3b
543f
64be
3a92
0883
0821
0821
0821
0821
0821
0821
0821
0821
0821
0821
0821
0821
0821
0821
0821
0821
0821
0821
0821
0821
0821
0821
1983
3345
43e6
4c87
5d48
6dea
768b
76cb
7f2c
876c
6eca
5e08
5567
4ca6
4425
3ba5
3365
3344
2ae4
2223
1102
0842
0842
0842
0842
18a2
93c4
c4e5
d545
dd85
e5c6
ff91
e629
a424
2902
1063
10a5
18e7
2129
298b
31ce
3210
3a52
3a74
3a95
3a95
3a75
3255
3234
29f3
21d2
21b2
1991
1971
1971
1951
1951
1971
1971
1971
1972
1972
1972
1972
1972
1972
1972
1972
19b4
3a99
42b4
8324
cce6
ff0e
d4e4
ccc4
c484
ac03
49c2
0842
0842
0842
0842
0842
0842
10a5
21d0
21f2
21f2
2212
63f9
cf1f
63d8
21f1
21d0
21d0
21b0
19af
19af
198e
196d
1085
0842
0841
0841
0841
0841
0841
0841
0841
0841
0841
0841
0821
0821
0821
1083
3988
0842
0821
2907
6a91
3969
0841
0841
0841
0821
0821
0821
3a4e
9e5f
8dbf
647e
539a
4b79
4b79
4b59
4b59
4b58
4b58
4338
4337
4337
4317
4316
4316
42f6
42f6
42f5
42d5
3ad5
3ad5
3ad4
3ab4
3ab4
3ab3
3a93
3a93
3a93
42d4
5bd8
7cfe
63d7
1083
0021
0021
0021
0021
0021
0021
0021
0021
0021
0021
0021
0021
0021
0021
0021
0021
0021
0021
0021
0021
0021
0021
0021
0021
0021
0021
0021
0021
0021
0021
0021
0021
0021
0021
0021
0021
0021
0021
0021
0021
0021
0021
0021
0021
0021
0021
0021
0021
0021
0021
0021
0021
0021
0021
0021
0021
0821
0821
0842
42f4
5c7f
333b
2ab9
2ab9
3b5c
5c5f
64be
3271
0862
0821
0821
0821
0821
0821
0821
0821
0821
0821
0821
0821
0821
0821
0821
0821
0821
0821
0821
0821
0821
0821
0821
0821
0841
21c3
3325
43c6
4c67
54e8
5d69
65c9
65e9
6609
5da8
5547
4ca6
3be5
3344
2243
1943
10c2
0862
0842
0842
0842
0842
0842
0842
18a2
93c4
c4e5
d545
dd85
e5c6
ff91
e629
a424
2902
1908
320f
3a51
3a73
3a94
3a75
3a75
3254
2a13
29f2
21b1
2191
1970
1950
194f
114f
1150
1150
1150
1150
1950
1951
1951
1971
1971
1971
1972
1972
1972
1972
1972
1972
1992
21f5
42da
3a30
8b43
d527
f6ed
d4e4
ccc4
c483
abe3
41a2
0842
0842
0842
0842
0842
0842
0863
198e
21f2
2212
2213
4b37
ae3e
63f9
21f1
21d0
21b0
19af
19af
198e
196d
112a
0842
0841
0841
0841
0841
0841
0841
0841
0841
0841
0841
0821
0821
0821
0821
0821
0821
0821
0821
0821
0842
0842
0842
0842
0841
0841
0821
0821
18c5
853c
9e3f
74df
53db
4b79
4b79
4b59
4b58
4b58
4358
4338
4337
4337
4317
4316
4316
42f6
42f6
42f5
3ad5
3ad5
3ad4
3ab4
3ab4
3ab3
3a93
3a93
3a93
3a92
3a93
4b56
747c
7cdd
2969
0021
0021
0021
0021
0021
0021
0021
0021
0021
0021
0021
0021
0021
0021
0021
0021
0021
0021
0021
0021
0021
0021
0021
0021
0021
0021
0021
0021
0021
0021
0021
0021
0021
0021
0021
0021
0021
0021
0021
0021
0021
0021
0021
0021
0021
0021
0021
0021
0021
0021
0021
0021
0021
0021
0021
0021
0821
0821
0821
0862
4335
5c7f
331b
3b7d
5c7f
64be
322f
0842
0821
0821
0821
0821
0821
0821
0821
0821
0821
0821
0821
0821
0821
0821
0821
0821
0821
0821
0821
0821
0821
0821
0821
0821
0821
0841
1942
32e4
3b85
4406
4c67
4cc7
5507
4d07
4cc7
4466
3bc5
3304
1942
0841
0841
0842
0842
0842
0842
0842
0842
0842
0842
18a2
93c4
c4e5
d545
dd85
e5c6
ff91
e629
a424
2902
2129
3a94
3254
2a13
29d2
21b1
2190
196f
194f
112e
112e
112e
112e
112f
112f
114f
114f
1150
1150
1150
1950
1950
1951
1971
1971
1971
1972
1972
1972
1972
1972
1972
1993
3258
42d8
31aa
8b63
d568
f6cd
cce4
ccc4
bc83
a3e3
3962
0842
0842
0842
0842
0842
0842
0842
10e8
21f2
2213
2213
2213
2a54
2a33
21f1
21d1
21b0
19af
198e
196d
194c
10a5
0841
0841
0841
0841
0841
0841
0841
0841
0841
0841
0821
0821
0821
0821
0821
0821
0821
0821
0821
0841
0841
0842
0862
1062
0842
0841
0821
0821
0842
5354
9e7f
855f
5c3d
4b79
4b59
4b59
4b58
4b58
4338
4337
4337
4317
4316
4316
42f6
42f6
42f5
42d5
3ad5
3ad5
3ad4
3ab4
3ab4
3ab3
3a93
3a93
3a92
3a92
3a92
42f4
6419
851e
5312
0841
0021
0021
0021
0021
0021
0021
0021
0021
0021
0021
0021
0021
0021
0021
0021
0021
0021
0021
0021
0021
0021
0021
0021
0021
0021
0021
0021
0021
0021
0021
0021
0021
0021
0021
0021
0021
0021
0021
0021
0021
0021
0021
0021
0021
0021
0021
0021
0021
0021
0021
0021
0021
0021
0021
0021
0821
0821
0821
0821
0863
4b77
5c5f
5c9f
649d
29ee
0842
0821
0821
0821
0821
0821
0821
0821
0821
0821
0821
0821
0821
0821
0821
0821
0821
0821
0821
0821
0821
0821
0821
0821
0821
0821
0821
0821
0821
0882
2203
3325
3b85
3be6
4406
4406
3be5
3b85
2ac4
10e2
0841
0841
0841
0841
0842
0842
0842
0842
0842
0842
0842
18a2
93c4
c4e5
d545
dd85
e5c6
ff91
e629
a424
2902
18c5
3210
3a74
21b1
194e
112e
110e
112e
112e
112e
112e
112e
112e
112f
112f
112f
114f
114f
1150
1150
1150
1950
1951
1951
1971
1971
1971
1972
1972
1972
1972
1972
21d4
3ab9
3a74
2946
9383
ddc9
f68c
cce4
ccc4
bc63
a3c3
3122
0842
0842
0842
0842
0842
0842
0842
0863
196c
21f2
2213
2213
2212
21f2
21f1
21d1
21b0
198f
196d
194c
10c7
0842
0841
0841
0841
0841
0841
0841
0841
0841
0841
0841
0821
0821
0821
0821
0821
0821
0821
0821
0821
0841
0842
1062
4a4b
83d3
2906
0842
0841
0821
0821
2169
95de
8ddf
6c9e
539a
4b59
4b58
4b58
4358
4338
4337
4317
4317
4316
4316
42f6
42f6
42f5
3ad5
3ad5
3ad4
3ab4
3ab4
3ab3
3a93
3a93
3a93
3a92
3a92
3ab3
42f5
5bb8
7cbd
747a
18e5
0021
0021
0021
0021
0021
0021
0021
0021
0021
0021
0021
0021
0021
0021
0021
0021
0021
0021
0021
0021
0021
0021
0021
0021
0021
0021
0021
0021
0021
0021
0021
0021
0021
0021
0021
0021
0021
0021
0021
0021
0021
0021
0021
0021
0021
0021
0021
0021
0021
0021
0021
0021
0021
0021
0021
0821
0821
0821
0821
0821
1084
53b9
647d
29ac
0821
0821
0821
0821
0821
0821
0821
0821
0821
0821
0821
0821
0821
0821
0821
0821
0821
0821
0821
0821
0821
0821
0821
0821
0821
0821
0821
0821
0821
0821
0821
0841
10e2
2223
32e4
3325
3325
3304
2203
1082
0841
0841
0841
0841
0841
0841
0842
0842
0842
0842
0842
0842
18a2
93c4
c4e5
d545
dd85
e5c6
ff91
e629
a424
2902
1063
2149
3a52
3254
2190
112e
110e
110e
110e
110e
112e
112e
112e
112e
112f
112f
114f
114f
1150
1150
1150
1950
1950
1951
1971
1971
1971
1972
1972
1972
1972
1993
3a75
6bd5
5b30
2923
9ba3
e60a
ee4a
cce4
ccc4
bc63
9ba3
2902
0842
0842
0842
0842
0842
0842
0842
0842
0863
196c
21f2
2212
2212
21f2
21f1
21d0
21af
198e
196c
10e8
0842
0841
0841
0841
0841
0841
0841
0841
0841
0841
0841
0821
0821
0821
0821
0821
0821
0821
0821
0821
0821
0841
0862
18c4
e67f
f73f
7b91
1062
0842
0821
0821
0863
6c58
9e5f
74ff
53db
4b59
4b58
4b58
4338
4337
4337
4317
4316
4316
42f6
42f6
42f5
42f5
3ad5
3ad5
3ad4
3ab4
3ab4
3ab3
3a93
3a93
3a93
3ad4
4b35
5bb8
6c5b
7cdd
7cdc
5b95
2126
0021
0021
0021
0021
0021
0021
0021
0021
0021
0021
0021
0021
0021
0021
0021
0021
0021
0021
0021
0021
0021
0021
0021
0021
0021
0021
0021
0021
0021
0021
0021
0021
0021
0021
0021
0021
0021
0021
0021
0021
0021
0021
0021
0021
0021
0021
0021
0021
0021
0021
0021
0021
0021
0021
0021
0821
0821
0821
0821
0821
0821
10a5
216a
0821
0821
0821
0821
0821
0821
0821
0821
0821
0821
0821
0821
0821
0821
0821
0821
0821
0821
0821
0821
0821
0821
0821
0821
0821
0821
0821
0821
0821
0821
0821
0821
0821
0821
0821
0882
10e2
10e2
1082
0841
0841
0841
0841
0841
0841
0841
0841
0841
0842
0842
0842
0842
0842
18a2
9bc4
c4e5
d565
dd85
e5c6
ff91
e629
a424
2902
0842
1084
298c
3a73
3213
194f
110e
110e
110e
110e
110e
112e
112e
112e
112f
112f
112f
114f
114f
1150
1150
1150
1950
1951
1971
1971
1971
1971
1972
1972
1972
19b3
5b55
8453
8431
5247
a3c3
e64b
ee29
ccc4
cca4
bc63
9383
20e2
0842
0842
0842
0842
0842
0842
0842
0842
0842
0863
10e8
19af
21d1
21f1
21d1
21b0
198e
192b
10a6
0842
0841
0841
0841
0841
0841
0841
0841
0841
0841
0821
0821
0821
0821
0821
0821
0821
0821
0821
0821
0821
0821
0841
0842
1082
a4b7
d63d
4a4b
0862
0841
0821
0821
0821
3a4e
9e3f
857f
643d
4b79
4b58
4358
4338
4337
4317
4317
4316
4316
42f6
42f6
42f5
3ad5
3ad5
3ad4
3ab4
3ab4
3ab3
3ab3
3ab4
4315
5377
641a
74bc
7cfe
7459
42af
1906
0841
0021
0021
0021
0021
0021
0021
0021
0021
0021
0021
0021
0021
0021
0021
0021
0021
0021
0021
0021
0021
0021
0021
0021
0021
0021
0021
0021
0021
0021
0021
0021
0021
0021
0021
0021
0021
0021
0021
0021
0021
0021
0021
0021
0021
0021
0021
0021
0021
0021
0021
0021
0021
0021
0021
0021
0021
0821
0821
0821
0821
0821
0821
0821
0821
0821
0821
0821
0821
0821
0821
0821
0821
0821
0821
0821
0821
0821
0821
0821
0821
0821
0821
0821
0821
0821
0821
0821
0821
0821
0821
0821
0821
0821
0821
0821
0821
0821
0821
0821
0821
0821
0821
0841
0841
0841
0841
0841
0841
0841
0841
0841
0841
0841
0842
0842
0842
0842
2903
a405
cd05
d566
dd85
e5c6
ff91
e609
a424
2902
0842
0842
18c6
31ee
3a74
29d1
192e
110d
110d
110d
110e
110e
112e
112e
112e
112f
112f
112f
112f
1150
1150
1150
1950
1950
1951
1951
1971
1971
1972
1972
1972
21f5
5357
8432
7bf0
41a4
a3e3
ee8c
e5e8
ccc4
cca4
bc63
9363
18a2
0842
0842
0842
0842
0842
0842
0842
0842
0842
0842
0842
0863
10a6
10e8
10e8
10c7
0885
0842
0841
0841
0841
0841
0841
0841
0841
0841
0841
0841
0821
0821
0821
0821
0821
0821
0821
0821
0821
0821
0821
0821
0821
0841
0841
0842
1062
20e4
1062
0842
0841
0821
0821
0821
18e5
853c
95ff
6cbe
539a
4b58
4338
4337
4337
4317
4316
4316
42f6
42f6
42f5
42f5
3ad5
3ad5
3ad4
3ab4
3ad4
42f5
4b57
5bd9
6c7c
7cfe
7cdc
5b95
29aa
1063
0021
0021
0021
0021
0021
0021
0021
0021
0021
0021
0021
0021
0021
0021
0021
0021
0021
0021
0021
0021
0021
0021
0021
0021
0021
0021
0021
0021
0021
0021
0021
0021
0021
0021
0021
0021
0021
0021
0021
0021
0021
0021
0021
0021
0021
0021
0021
0021
0021
0021
0021
0021
0021
0021
0021
0021
0021
0021
0021
0021
0821
0821
0821
0821
0821
0821
0821
0821
0821
0821
0821
0821
0821
0821
0821
0821
0821
0821
0821
0821
0821
0821
0821
0821
0821
0821
0821
0821
0821
0821
0821
0821
0821
0821
0821
0821
0821
0821
0821
0821
0821
0821
0821
0821
0821
0841
0841
0841
0841
0841
0841
0841
0841
0841
0841
0841
0841
0841
0842
0842
18a2
9c05
cd05
d566
dd85
e5c6
ff91
e609
a424
2902
0842
0842
0862
1908
3a31
3a54
2190
112e
110d
110d
110e
110e
112e
112e
112e
112f
112f
112f
112f
1130
1150
1150
1150
1950
1951
1951
1951
1971
1971
1972
1992
3257
42d8
31cd
1063
4182
ac03
f6cd
e5a7
ccc4
cca4
bc43
8b23
18a2
0842
0842
0842
0842
0842
0842
0842
0842
0842
0842
0842
0842
0842
0842
0842
0841
0841
0841
0841
0841
0841
0841
0841
0841
0841
0841
0841
0821
0821
0821
0821
0821
0821
0821
0821
0821
0821
0821
0821
0821
0821
0841
0841
0841
0842
0842
0841
0841
0821
0821
0821
0821
0841
5354
9e3f
7d1f
5bfb
4b58
4338
4337
4317
4317
4316
4316
42f6
42f6
42f5
3ad5
3ad5
3ad5
42f5
4b36
53b8
6c3b
7cdd
851e
7459
428f
18e5
0841
0021
0021
0021
0021
0021
0021
0021
0021
0021
0021
0021
0021
0021
0021
0021
0021
0021
0021
0021
0021
0021
0021
0021
0021
0021
0021
0021
0021
0021
0021
0021
0021
0021
0021
0021
0021
0021
0021
0021
0021
0021
0021
0021
0021
0021
0021
0021
0021
0021
0021
0021
0021
0021
0021
0021
0021
0021
0021
0021
0021
0021
0021
0821
0821
0821
0821
0821
0821
0821
0821
0821
0821
0821
0821
0821
0821
0821
0821
0821
0821
0821
0821
0821
0821
0821
0821
0821
0821
0821
0821
0821
0821
0821
0821
0821
0821
0821
0821
0821
0821
0821
0821
0821
0821
0821
0821
0821
0821
0841
0841
0841
0841
0841
0841
0841
0841
0841
0841
0841
0841
0841
0842
1882
93c4
c4e5
d565
dd85
e5c6
ff91
e609
a424
2902
0842
0842
0842
1063
216a
3a52
3233
196f
110d
110d
110d
110e
110e
112e
112e
112e
112f
112f
112f
112f
1150
1150
1150
1950
1950
1951
1951
1951
1971
1972
21b4
3ab9
3a75
18e7
0842
49a2
ac24
f6ed
e586
ccc4
c4a4
b443
8303
1082
0842
0842
0842
0842
0842
0842
0842
0842
0842
0842
0842
0842
0842
0842
0841
0841
0841
0841
0841
0841
0841
0841
0841
0841
0841
0841
0821
0821
0821
0821
0821
0821
0821
0821
0821
0821
0821
0821
0821
0821
0821
0821
0821
0821
0821
0841
0821
0821
0821
0821
0821
0821
0821
2969
95be
8d9f
645d
4b79
4337
4337
4317
4316
4316
42f6
42f6
42f5
42f5
42f5
4b36
5398
641a
749d
851e
7cdc
5b74
29a9
0863
0021
0021
0021
0021
0021
0021
0021
0021
0021
0021
0021
0021
0021
0021
0021
0021
0021
0021
0021
0021
0021
0021
0021
0021
0021
0021
0021
0021
0021
0021
0021
0021
0021
0021
0021
0021
0021
0021
0021
0021
0021
0021
0021
0021
0021
0021
0021
0021
0021
0021
0021
0021
0021
0021
0021
0021
0021
0021
0021
0021
0021
0021
0021
0021
0021
0821
0821
0821
0821
0821
0821
0821
0821
0821
0821
0821
0821
0821
0821
0821
0821
0821
0821
0821
0821
0821
0821
0821
0821
0821
0821
0821
0821
0821
0821
0821
0821
0821
0821
0821
0821
0821
0821
0821
0821
0821
0821
0821
0821
0821
0821
0821
0841
0841
0841
0841
0841
0841
0841
0841
0841
0841
0841
0841
0841
1882
93c4
c4e5
d565
dd85
e5c6
ff91
e609
a424
2902
0842
0842
0842
0842
10a5
29ad
3a73
29f2
194e
110d
110d
110e
110e
112e
112e
112e
112f
112f
112f
112f
1130
1150
1150
1150
1950
1951
1951
1951
1971
1972
2a15
42d9
31cf
1083
0842
49c2
b424
f70e
dd46
ccc4
c4a4
b443
72c2
1062
0842
0842
0842
0842
0842
0842
0842
0842
0842
0842
0842
0842
0841
0841
0841
0841
0841
0841
0841
0841
0841
0841
0841
0841
0841
0821
0821
0821
0821
0821
0821
0821
0821
0821
0821
0821
0821
0821
0821
0821
0821
0821
0821
0821
0821
0821
0821
0821
0821
0821
0821
0821
0841
1083
6c58
961f
74be
53ba
4337
4317
4317
4316
4316
42f6
42f6
4316
4b78
5bfa
6c7c
7d1e
853e
7459
426f
18c5
0841
0021
0021
0021
0021
0021
0021
0021
0021
0021
0021
0021
0021
0021
0021
0021
0021
0021
0021
0021
0021
0021
0021
0021
0021
0021
0021
0021
0021
0021
0021
0021
0021
0021
0021
0021
0021
0021
0021
0021
0021
0021
0021
0021
0021
0021
0021
0021
0021
0021
0021
0021
0021
0021
0021
0021
0021
0021
0021
0021
0021
0021
0021
0021
0021
0021
0021
0021
0821
0821
0821
0821
0821
0821
0821
0821
0821
0821
0821
0821
0821
0821
0821
0821
0821
0821
0821
0821
0821
0821
0821
0821
0821
0821
0821
0821
0821
0821
0821
0821
0821
0821
0821
0821
0821
0821
0821
0821
0821
0821
0821
0821
0821
0821
0821
0821
0841
0841
0841
0841
0841
0841
0841
0841
0841
0841
0841
0841
1882
93c4
c4e5
d565
dd85
e5c6
ff91
e609
a424
2902
0842
0842
0842
0842
0842
18e6
320f
3a73
21b0
112e
110d
110d
110e
110e
112e
112e
112f
112f
112f
112f
112f
1150
1150
1150
1950
1951
1951
1951
1951
1992
3277
42b7
2129
0842
0842
3942
b424
ff2e
dd45
ccc4
c4a4
b423
5a22
0842
0842
0842
0842
0842
0842
0842
0842
0842
0842
0842
0842
0841
0841
0841
0841
0841
0841
0841
0841
0841
0841
0841
0841
0841
0821
0821
0821
0821
0821
0821
0821
0821
0821
0821
0821
0821
0821
0821
0821
0821
0821
0821
0821
0821
0821
0821
0821
0821
0821
0841
0841
0842
0862
0841
3a4e
95ff
7d3f
5bfc
4b38
4317
4316
4316
4316
4b58
53b9
645c
7cde
855f
84fd
5b94
2989
0862
0021
0021
0021
0021
0021
0021
0021
0021
0021
0021
0021
0021
0021
0021
0021
0021
0021
0021
0021
0021
0021
0021
0021
0021
0021
0021
0021
0021
0021
0021
0021
0021
0021
0021
0021
0021
0021
0021
0021
0021
0021
0021
0021
0021
0021
0021
0021
0021
0021
0021
0021
0021
0021
0021
0021
0021
0021
0021
0021
0021
0021
0021
0021
0021
0021
0021
0021
0021
0021
0021
0821
0821
0821
0821
0821
0821
0821
0821
0821
0821
0821
0821
0821
0821
0821
0821
0821
0821
0821
0821
0821
0821
0821
0821
0821
0821
0821
0821
0821
0821
0821
0821
0821
0821
0821
0821
0821
0821
0821
0821
0821
0821
0821
0821
0821
0821
0821
0821
0821
0841
0841
0841
0841
0841
0841
0841
0841
0841
0841
0841
1882
93c4
c4e5
d565
dd85
e5c6
ff91
e609
a424
2902
0842
0842
0842
0842
0842
0862
2129
3a51
3233
218f
110d
110d
110e
110e
112e
112e
112e
112f
112f
112f
112f
1130
1150
1150
1150
1950
1951
1951
1951
21d4
3ab9
3232
10a5
0842
0842
1082
8324
ff0e
d525
ccc4
c484
9383
2902
0842
0842
0842
0842
0842
0842
0842
0842
0842
0842
0841
0841
0841
0841
0841
0841
0841
0841
0841
0841
0841
0841
0841
0841
0821
0821
0821
0821
0821
0821
0821
0821
0821
0821
0821
0821
0821
0821
0821
0821
0821
0821
0821
0821
0821
0821
0821
0821
0821
0821
0841
0862
41e9
526b
1062
18e6
851c
8dbf
6c7d
4b78
4337
4b58
5399
641b
74be
855f
8d7e
7479
426e
18c5
0821
0021
0021
0021
0021
0021
0021
0021
0021
0021
0021
0021
0021
0021
0021
0021
0021
0021
0021
0021
0021
0021
0021
0021
0021
0021
0021
0021
0021
0021
0021
0021
0021
0021
0021
0021
0021
0021
0021
0021
0021
0021
0021
0021
0021
0021
0021
0021
0021
0021
0021
0021
0021
0021
0021
0021
0021
0021
0021
0021
0021
0021
0021
0021
0021
0021
0021
0021
0021
0021
0021
0021
0021
0821
0821
0821
0821
0821
0821
0821
0821
0821
0821
0821
0821
0821
0821
0821
0821
0821
0821
0821
0821
0821
0821
0821
0821
0821
0821
0821
0821
0821
0821
0821
0821
0821
0821
0821
0821
0821
0821
0821
0821
0821
0821
0821
0821
0821
0821
0821
0821
0821
0821
0841
0841
0841
0841
0841
0841
0841
0841
0841
0841
1882
93c4
c4e5
d565
dd85
e5c6
ff91
e609
a424
2902
0842
0842
0842
0842
0842
0842
1084
298b
3a72
3212
426f
5b30
218e
110e
110e
112e
112e
112f
112f
112f
112f
112f
1150
1150
1150
1950
1951
1951
1971
2a36
42d8
298c
0863
0842
0842
0842
20c2
93c8
a3e4
a3e3
7ae3
3122
0842
0842
0842
0842
0842
0842
0842
0842
0842
0841
0841
0841
0841
0841
0841
0841
0841
0841
0841
0841
0841
0841
0841
0841
0821
0821
0821
0821
0821
0821
0821
0821
0821
0821
0821
0821
0821
0821
0821
0821
0821
0821
0821
0821
0821
0821
0821
0821
0821
0821
0821
0842
18c4
e6bd
f73f
39c8
1062
5354
95ff
74de
5bda
5bfb
6c7d
7d1f
8d9f
851d
5b94
2969
0862
0821
0821
0821
0021
0021
0021
0021
0021
0021
0021
0021
0021
0021
0021
0021
0021
0021
0021
0021
0021
0021
0021
0021
0021
0021
0021
0021
0021
0021
0021
0021
0021
0021
0021
0021
0021
0021
0021
0021
0021
0021
0021
0021
0021
0021
0021
0021
0021
0021
0021
0021
0021
0021
0021
0021
0021
0021
0021
0021
0021
0021
0021
0021
0021
0021
0021
0021
0021
0021
0021
0021
0021
0021
0021
0021
0821
0821
0821
0821
0821
0821
0821
0821
0821
0821
0821
0821
0821
0821
0821
0821
0821
0821
0821
0821
0821
0821
0821
0821
0821
0821
0821
0821
0821
0821
0821
0821
0821
0821
0821
0821
0821
0821
0821
0821
0821
0821
0821
0821
0821
0821
0821
0821
0821
0821
0821
0841
0841
0841
0841
0841
0841
0841
0841
0841
1882
93c4
c4e5
d565
dd85
e5c6
ff91
e609
a424
2902
0842
0842
0842
0842
0842
0842
0842
10c5
31ce
3a73
73b1
7bf1
426f
110e
110e
112e
112e
112e
112f
112f
112f
112f
1130
1150
1150
1150
1950
1951
1992
3a97
3a74
18e7
0842
0842
0842
0842
0842
0862
1882
18a2
1062
0842
0842
0842
0842
0842
0842
0842
0842
0842
0841
0841
0841
0841
0841
0841
0841
0841
0841
0841
0841
0841
0841
0841
0841
0821
0821
0821
0821
0821
0821
0821
0821
0821
0821
0821
0821
0821
0821
0821
0821
0821
0821
0821
0821
0821
0821
0821
0821
0821
0821
0821
0821
0841
1083
a4b5
bd99
18c4
0842
2989
8d9e
855f
74fe
8d7f
8d9e
7479
3a4e
10c5
0821
0821
0821
0821
0821
0021
0021
0021
0021
0021
0021
0021
0021
0021
0021
0021
0021
0021
0021
0021
0021
0021
0021
0021
0021
0021
0021
0021
0021
0021
0021
0021
0021
0021
0021
0021
0021
0021
0021
0021
0021
0021
0021
0021
0021
0021
0021
0021
0021
0021
0021
0021
0021
0021
0021
0021
0021
0021
0021
0021
0021
0021
0021
0021
0021
0021
0021
0021
0021
0021
0021
0021
0021
0021
0021
0021
0021
0021
0821
0821
0821
0821
0821
0821
0821
0821
0821
0821
0821
0821
0821
0821
0821
0821
0821
0821
0821
0821
0821
0821
0821
0821
0821
0821
0821
0821
0821
0821
0821
0821
0821
0821
0821
0821
0821
0821
0821
0821
0821
0821
0821
0821
0821
0821
0821
0821
0821
0821
0821
0821
0841
0841
0841
0841
0841
0841
0841
0841
1882
93c4
c4e5
d565
dd85
e5c6
ff91
e609
a424
2902
0842
0842
0842
0842
0842
0842
0842
0842
1907
3a10
4ad3
5b11
194e
3a2f
6371
6351
29cf
112e
112f
112f
112f
112f
112f
1150
1150
1150
1950
1951
21f4
42b8
31ef
1083
0842
0842
0842
0842
0842
0842
0842
0842
0842
0842
0842
0842
0842
0842
0842
0842
0841
0841
0841
0841
0841
0841
0841
0841
0841
0841
0841
0841
0841
0841
0841
0821
0821
0821
0821
0821
0821
0821
0821
0821
0821
0821
0821
0821
0821
0821
0821
0821
0821
0821
0821
0821
0821
0821
0821
0821
0821
0841
0821
0821
0821
0841
0842
1062
1083
0842
0841
1083
6c38
95ff
853c
5b74
2968
0842
0821
0821
0821
0821
0821
0821
0821
0021
0021
0021
0021
0021
0021
0021
0021
0021
0021
0021
0021
0021
0021
0021
0021
0021
0021
0021
0021
0021
0021
0021
0021
0021
0021
0021
0021
0021
0021
0021
0021
0021
0021
0021
0021
0021
0021
0021
0021
0021
0021
0021
0021
0021
0021
0021
0021
0021
0021
0021
0021
0021
0021
0021
0021
0021
0021
0021
0021
0021
0021
0021
0021
0021
0021
0021
0021
0021
0021
0021
0021
0021
0021
0821
0821
0821
0821
0821
0821
0821
0821
0821
0821
0821
0821
0821
0821
0821
0821
0821
0821
0821
0821
0821
0821
0821
0821
0821
0821
0821
0821
0821
0821
0821
0821
0821
0821
0821
0821
0821
0821
0821
0821
0821
0821
0821
0821
0821
0821
0821
0821
0821
0821
0821
0821
0841
0841
0841
0841
0841
0841
0841
1882
93c4
c4e5
d565
dd85
e5c6
ffb1
e609
a424
2902
0842
0842
0842
0842
0842
0842
0842
0842
1063
214a
3a52
3233
21af
8433
8c73
8c73
6b92
112e
112e
112f
112f
112f
112f
1130
1150
1150
1150
1971
3256
42b6
2149
0842
0842
0842
0842
1083
0842
0842
0842
0842
0842
0842
0842
0842
0842
0842
0841
0841
0841
0841
0841
0841
0841
0841
0841
0841
0841
0841
0841
0841
0841
0841
0821
0821
0821
0821
0821
0821
0821
0821
0821
0821
0821
0821
0821
0841
18a5
20e7
1884
0862
0821
0821
0821
0821
0821
0821
0821
0821
0821
0862
0821
0821
0821
0821
0841
0841
0842
0841
0821
0821
3a2d
3a4e
10a4
0821
0821
0821
0821
0821
0821
0821
0821
0821
0021
0021
0021
0021
0021
0021
0021
0021
0021
0021
0021
0021
0021
0021
0021
0021
0021
0021
0021
0021
0021
0021
0021
0021
0021
0021
0021
0021
0021
0021
0021
0021
0021
0021
0021
0021
0021
0021
0021
0021
0021
0021
0021
0021
0021
0021
0021
0021
0021
0021
0021
0021
0021
0021
0021
0021
0021
0021
0021
0021
0021
0021
0021
0021
0021
0021
0021
0021
0021
0021
0021
0021
0021
0021
0021
0821
0821
0821
0821
0821
0821
0821
0821
0821
0821
0821
0821
0821
0821
0821
0821
0821
0821
0821
0821
0821
0821
0821
0821
0821
0821
0821
0821
0821
0821
0821
0821
0821
0821
0821
0821
0821
0821
0821
0821
0821
0821
0821
0821
0821
0821
0821
0821
0821
0821
0821
0821
0821
0841
0841
0841
0841
0841
0841
1882
93c4
c4e5
d565
dd85
e5c6
ffb1
e609
a424
2902
0841
0841
0841
0842
0842
0842
0842
0842
0842
1084
29ac
3a73
4ad3
8c93
8c73
8c73
8c73
216f
112e
112f
112f
112f
112f
112f
1150
1150
1150
21b2
3a97
3232
10a5
0842
0842
1062
1083
18c4
18a3
1063
0842
0842
0842
0842
0842
0841
0841
0841
0841
0841
0841
0841
0841
0841
0841
0841
0841
0841
0841
0841
0841
0841
0841
0821
0821
0821
0821
0821
0821
0821
0821
0821
0821
0821
0821
0821
0821
1083
41ac
41ac
5aad
634d
2946
0821
0821
0821
0821
0821
0821
0821
1062
18a3
1082
0842
0821
0841
0821
0821
0821
2945
528a
2104
0821
0821
0821
0821
0821
0821
0821
0821
0821
0821
0821
0821
0021
0021
0021
0021
0021
0021
0021
0021
0021
0021
0021
0021
0021
0021
0021
0021
0021
0021
0021
0021
0021
0021
0021
0021
0021
0021
0021
0021
0021
0021
0021
0021
0021
0021
0021
0021
0021
0021
0021
0021
0021
0021
0021
0021
0021
0021
0021
0021
0021
0021
0021
0021
0021
0021
0021
0021
0021
0021
0021
0021
0021
0021
0021
0021
0021
0021
0021
0021
0021
0021
0021
0021
0021
0021
0021
0821
0821
0821
0821
0821
0821
0821
0821
0821
0821
0821
0821
0821
0821
0821
0821
0821
0821
0821
0821
0821
0821
0821
0821
0821
0821
0821
0821
0821
0821
0821
0821
0821
0821
0821
0821
0821
0821
0821
0821
0821
0821
0821
0821
0821
0821
0821
0821
0821
0821
0821
0821
0821
0821
0821
0841
0841
0841
0841
1882
93c4
c4e5
dd66
dda6
e5c6
ffb1
e609
a424
2902
0841
0841
0841
0841
0841
0842
0842
0842
0842
0842
18c6
31ef
3a73
7c13
8c93
8c73
5b11
112e
112e
112e
112f
112f
112f
112f
1130
1150
1950
2a14
42b7
298c
0863
0842
1042
18a3
4a2a
736f
6b2e
18a4
1083
0841
0841
0841
0841
0841
0841
0841
0841
0841
0841
0841
0841
0841
0841
0841
0841
0841
0841
0841
0841
0841
0821
0821
0821
0821
0821
0821
0821
0821
0821
0821
0821
0821
0821
0821
0821
20e7
41ac
41ac
62ee
634d
39c8
0821
0821
0821
0821
0821
0821
1083
18c4
39a8
39a7
3167
524b
524b
1083
0821
0842
8410
8431
630d
0821
0821
0821
0821
0821
0821
0821
0821
0821
0821
0821
0021
0021
0021
0021
0021
0021
0021
0021
0021
0021
0021
0021
0021
0021
0021
0021
0021
0021
0021
0021
0021
0021
0021
0021
0021
0021
0021
0021
0021
0021
0021
0021
0021
0021
0021
0021
0021
0021
0021
0021
0021
0021
0021
0021
0021
0021
0021
0021
0021
0021
0021
0021
0021
0021
0021
0021
0021
0021
0021
0021
0021
0021
0021
0021
0021
0021
0021
0021
0021
0021
0021
0021
0021
0021
0021
0021
0821
0821
0821
0821
0821
0821
0821
0821
0821
0821
0821
0821
0821
0821
0821
0821
0821
0821
0821
0821
0821
0821
0821
0821
0821
0821
0821
0821
0821
0821
0821
0821
0821
0821
0821
0821
0821
0821
0821
0821
0821
0821
0821
0821
0821
0821
0821
0821
0821
0821
0821
0821
0821
0821
0821
0821
0841
0841
0841
1882
93c4
c4e5
dd66
e5a6
e5c6
ffb1
e609
a424
2102
0841
0841
0841
0841
0841
0841
0841
0841
0842
0842
0862
2128
3a31
4ad4
4ad1
4a90
194e
110e
112e
112e
112f
112f
112f
112f
112f
1150
1971
3276
3a74
18e7
0842
0842
1083
2926
ef5d
ffff
ffff
6b4e
18a3
0842
0841
0841
0841
0841
0841
0841
0841
0841
0841
0841
0841
0841
0841
0841
0841
0841
0841
0841
0821
0821
0821
0821
0821
0821
0821
0821
0821
0821
0821
0821
0821
0821
0821
0821
0821
0842
396a
41ac
41ab
2925
0862
0821
0821
0821
0821
0821
0842
18a3
9492
ffff
ffff
83f1
6aee
5a8d
41c9
0821
0821
6b6e
8431
528a
0821
0821
0821
0821
0821
0821
0821
0821
0821
0821
0821
0021
0021
0021
0021
0021
0021
0021
0021
0021
0021
0021
0021
0021
0021
0021
0021
0021
0021
0021
0021
0021
0021
0021
0021
0021
0021
0021
0021
0021
0021
0021
0021
0021
0021
0021
0021
0021
0021
0021
0021
0021
0021
0021
0021
0021
0021
0021
0021
0021
0021
0021
0021
0021
0021
0021
0021
0021
0021
0021
0021
0021
0021
0021
0021
0021
0021
0021
0021
0021
0021
0021
0021
0021
0021
0021
0021
0821
0821
0821
0821
0821
0821
0821
0821
0821
0821
0821
0821
0821
0821
0821
0821
0821
0821
0821
0821
0821
0821
0821
0821
0821
0821
0821
0821
0821
0821
0821
0821
0821
0821
0821
0821
0821
0821
0821
0821
0821
0821
0821
0821
0821
0821
0821
0821
0821
0821
0821
0821
0821
0821
0821
0821
0821
0841
0841
18a2
93c4
c4e5
d566
dda6
e5c6
ffb1
e609
a424
2902
0841
0841
0841
0841
0841
0841
0841
0841
0841
0841
0841
1083
296b
3a72
3213
196f
110e
110e
112e
112e
112e
112f
112f
112f
112f
1150
21d3
3ab7
31ef
1084
0842
1083
18c4
8c52
ffff
ffff
ffff
e71c
2105
18a3
0862
0842
0841
0841
0841
0841
0841
0841
0841
0841
0841
0841
0841
0841
0841
0841
0841
0821
0821
0821
0821
0821
0821
0821
0821
0821
0821
0821
0821
0821
0821
0821
0821
0821
0821
0821
1062
1063
0841
0821
0821
0821
0821
0821
0841
0841
18a3
2946
f79e
ffff
ffff
debb
730f
6ace
2926
0821
0821
0821
20e4
0821
0821
0821
0821
0821
0821
0821
0821
0821
0821
0821
0821
0021
0021
0021
0021
0021
0021
0021
0021
0021
0021
0021
0021
0021
0021
0021
0021
0021
0021
0021
0021
0021
0021
0021
0021
0021
0021
0021
0021
0021
0021
0021
0021
0021
0021
0021
0021
0021
0021
0021
0021
0021
0021
0021
0021
0021
0021
0021
0021
0021
0021
0021
0021
0021
0021
0021
0021
0021
0021
0021
0021
0021
0021
0021
0021
0021
0021
0021
0021
0021
0021
0021
0021
0021
0021
0021
0021
0821
0821
0821
0821
0821
0821
0821
0821
0821
0821
0821
0821
0821
0821
0821
0821
0821
0821
0821
0821
0821
0821
0821
0821
0821
0821
0821
0821
0821
0821
0821
0821
0821
0821
0821
0821
0821
0821
0821
0821
0821
0821
0821
0821
0821
0821
0821
0821
0821
0821
0821
0821
0821
0821
0821
0821
0821
0821
0821
18a2
93c4
c4e5
d565
dd85
e5c6
ffb1
e609
a424
2102
0841
0841
0841
0841
0841
0841
0841
0841
0841
0841
0841
0842
10a5
31cd
3a73
29f2
194e
110e
110e
112e
112e
112e
112f
112f
112f
1950
2a35
3a95
214a
0842
0841
0842
39e8
9472
ffdf
ffff
ffff
9cd4
18a3
1062
0841
0841
0841
0841
0841
0841
0841
0841
0841
0841
0841
0841
0841
0841
0841
0821
0821
0821
0821
0821
0821
0821
0821
0821
0821
0821
0821
0821
0821
0821
0821
0821
0821
0821
0821
0821
0821
0821
0821
0821
0821
0821
0821
0821
0821
0821
1062
18a3
b596
ffff
ffff
7bcf
39a8
20e5
0842
0821
0821
0821
0821
0821
0821
0821
0821
0821
0821
0821
0821
0821
0821
0821
0021
0021
0021
0021
0021
0021
0021
0021
0021
0021
0021
0021
0021
0021
0021
0021
0021
0021
0021
0021
0021
0021
0021
0021
0021
0021
0021
0021
0021
0021
0021
0021
0021
0021
0021
0021
0021
0021
0021
0021
0021
0021
0021
0021
0021
0021
0021
0021
0021
0021
0021
0021
0021
0021
0021
0021
0021
0021
0021
0021
0021
0021
0021
0021
0021
0021
0021
0021
0021
0021
0021
0021
0021
0021
0021
0021
0021
0821
0821
0821
0821
0821
0821
0821
0821
0821
0821
0821
0821
0821
0821
0821
0821
0821
0821
0821
0821
0821
0821
0821
0821
0821
0821
0821
0821
0821
0821
0821
0821
0821
0821
0821
0821
0821
0821
0821
0821
0821
0821
0821
0821
0821
0821
0821
0821
0821
0821
0821
0821
0821
0821
0821
0821
0821
0821
0821
18a2
9bc4
c4e5
d565
dd85
e5c6
ffb1
e609
a424
2102
0841
0841
0841
0841
0841
0841
0841
0841
0841
0841
0841
1083
394a
2949
3210
3a54
21b1
112e
110e
112e
112e
112e
112f
112f
112f
29f2
42b7
3a31
10a5
0841
0841
0842
6b4d
8410
c5f8
debb
b597
2946
1883
0842
0841
0841
0841
0841
0841
0841
0841
0841
0841
0841
0841
0841
0841
0841
0821
0821
0821
0821
0821
0821
0821
0821
0821
0821
0821
0821
0821
0821
0821
0821
0821
0821
0821
0821
0821
0821
0821
0821
0821
0821
0821
0821
2926
41ea
2905
0821
0821
10a3
3166
83f0
736e
18c3
1062
0821
0821
0821
0821
0821
0821
0821
0821
0821
0821
0821
0821
0821
0821
0821
0821
0821
0021
0021
0021
0021
0021
0021
0021
0021
0021
0021
0021
0021
0021
0021
0021
0021
0021
0021
0021
0021
0021
0021
0021
0021
0021
0021
0021
0021
0021
0021
0021
0021
0021
0021
0021
0021
0021
0021
0021
0021
0021
0021
0021
0021
0021
0021
0021
0021
0021
0021
0021
0021
0021
0021
0021
0021
0021
0021
0021
0021
0021
0021
0021
0021
0021
0021
0021
0021
0021
0021
0021
0021
0021
0021
0021
0021
0021
0821
0821
0821
0821
0821
0821
0821
0821
0821
0821
0821
0821
0821
0821
0821
0821
0821
0821
0821
0821
0821
0821
0821
0821
0821
0821
0821
0821
0821
0821
0821
0821
0821
0821
0821
0821
0821
0821
0821
0821
0821
0821
0821
0821
0821
0821
0821
0821
0821
0821
0821
0821
0821
0821
0821
0821
0821
0821
0821
18a2
9bc4
c4e5
d565
dd85
e5c6
ffb1
e609
a424
2902
0841
0841
0841
0841
0841
0841
0841
0841
0841
0841
1063
51ef
5210
5210
318c
3a52
3233
1990
112e
112e
112e
112e
112e
112f
1970
42b6
5b79
29cd
0863
0841
0841
1062
6b4d
83f0
8410
62ec
18a3
1883
0842
0841
0841
0841
0841
0841
0841
0841
0841
0841
0841
0841
0841
0841
0821
0821
0821
0821
0821
0821
0821
0821
0821
0821
0821
0821
0821
0821
0821
0821
0821
0821
0821
0821
0821
0821
0821
0821
0841
4a0a
39a8
0821
0821
1083
7b50
8371
730f
0821
0821
0841
1082
18c4
18a3
1062
0821
0821
0821
0821
0821
0821
0821
0821
0821
0821
0821
0821
0821
0821
0821
0821
0821
0821
0021
0021
0021
0021
0021
0021
0021
0021
0021
0021
0021
0021
0021
0021
0021
0021
0021
0021
0021
0021
0021
0021
0021
0021
0021
0021
0021
0021
0021
0021
0021
0021
0021
0021
0021
0021
0021
0021
0021
0021
0021
0021
0021
0021
0021
0021
0021
0021
0021
0021
0021
0021
0021
0021
0021
0021
0021
0021
0021
0021
0021
0021
0021
0021
0021
0021
0021
0021
0021
0021
0021
0021
0021
0021
0021
0021
0021
0821
0821
0821
0821
0821
0821
0821
0821
0821
0821
0821
0821
0821
0821
0821
0821
0821
0821
0821
0821
0821
0821
0821
0821
0821
0821
0821
0821
0821
0821
0821
0821
0821
0821
0821
0821
0821
0821
0821
0821
0821
0821
0821
0821
0821
0821
0821
0821
0821
0821
0821
0821
0821
0821
0821
0821
0821
0821
0821
18a2
9bc4
c4e5
d565
dd85
e5c6
ffb1
e609
a424
28e2
0841
0841
0841
0841
0841
0841
0841
0841
0841
0841
1063
5210
5210
5210
2928
29ac
3a73
2a13
194f
112e
112e
112e
112e
112f
1970
3a96
4af5
1908
0842
0841
0841
0841
18e4
632c
528b
2946
1062
0842
0841
0841
0841
0841
0841
0841
0841
0841
0841
0841
0841
0841
0821
0821
0821
0821
0821
0821
0821
0821
0821
0821
0821
0821
0821
0821
0821
0821
0821
0821
0821
0821
0821
0821
0821
0821
0821
0821
2926
7b71
7b71
1883
0821
0841
7330
8371
6aef
0842
0821
0821
0821
0862
0841
0821
0821
0821
0821
0821
0821
0821
0821
0821
0821
0821
0821
0821
0821
0821
0821
0821
0821
0821
0021
0021
0021
0021
0021
0021
0021
0021
0021
0021
0021
0021
0021
0021
0021
0021
0021
0021
0021
0021
0021
0021
0021
0021
0021
0021
0021
0021
0021
0021
0021
0021
0021
0021
0021
0021
0021
0021
0021
0021
0021
0021
0021
0021
0021
0021
0021
0021
0021
0021
0021
0021
0021
0021
0021
0021
0021
0021
0021
0021
0021
0021
0021
0021
0021
0021
0021
0021
0021
0021
0021
0021
0021
0021
0021
0021
0021
0821
0821
0821
0821
0821
0821
0821
0821
0821
0821
0821
0821
0821
0821
0821
0821
0821
0821
0821
0821
0821
0821
0821
0821
0821
0821
0821
0821
0821
0821
0821
0821
0821
0821
0821
0821
0821
0821
0821
0821
0821
0821
0821
0821
0821
0821
0821
0821
0821
0821
0821
0821
0821
0821
0821
0821
0821
0821
0821
18a2
9bc4
c4e5
d565
dd85
e5c6
ffb1
e609
a424
20e2
0841
0841
0841
0841
0841
0841
0841
0841
0841
0841
0842
396a
520f
396b
1063
18c6
31ef
3a74
29d2
194f
112e
112e
112e
112f
21b1
3a96
31ef
1084
0841
0841
0841
0841
0841
0841
0841
1062
0841
0841
0841
0841
0841
0841
0841
0841
0841
0841
0841
0841
0841
0821
0821
0821
0821
0821
0821
0821
0821
0821
0821
0821
0821
0821
0821
0821
0821
0821
0821
0821
0821
0821
0821
0821
0821
0821
0821
0821
0842
5a8c
4a0a
0821
0821
0821
20e5
41a8
18c4
0821
0821
0821
0821
0841
2965
3166
0841
0821
0821
0821
0821
0821
0821
0821
0821
0821
0821
0821
0821
0821
0821
0821
0821
0021
0021
0021
0021
0021
0021
0021
0021
0021
0021
0021
0021
0021
0021
0021
0021
0021
0021
0021
0021
0021
0021
0021
0021
0021
0021
0021
0021
0021
0021
0021
0021
0021
0021
0021
0021
0021
0021
0021
0021
0021
0021
0021
0021
0021
0021
0021
0021
0021
0021
0021
0021
0021
0021
0021
0021
0021
0021
0021
0021
0021
0021
0021
0021
0021
0021
0021
0021
0021
0021
0021
0021
0021
0021
0021
0021
0021
0021
0821
0821
0821
0821
0821
0821
0821
0821
0821
0821
0821
0821
0821
0821
0821
0821
0821
0821
0821
0821
0821
0821
0821
0821
0821
0821
0821
0821
0821
0821
0821
0821
0821
0821
0821
0821
0821
0821
0821
0821
0821
0821
0821
0821
0821
0821
0821
0821
0821
0821
0821
0821
0821
0821
0821
0821
0821
0821
0821
18a1
9bc4
c4e5
d565
dd85
e5c6
ffb1
e609
a404
20e2
0841
0841
0841
0841
0841
0841
0841
0841
0841
0841
0841
0841
1063
0842
0841
0842
2128
3a51
3a54
21b1
112e
112e
112e
194f
2a13
3a95
214a
0842
0841
0841
0841
0841
0841
0841
0841
0842
0841
0841
0841
0841
0841
0841
0841
0841
0841
0841
0841
0821
0821
0821
0821
0821
0821
0821
0821
0821
0821
0821
0821
0821
0821
0821
0821
0821
0821
0821
0821
0821
0821
0821
0821
0821
0821
0821
0821
0821
0821
0821
0821
0821
0821
0821
0821
0821
0821
0821
0821
0821
0821
2125
9492
94b2
39c7
0821
0821
0821
0821
0821
0821
0821
0821
0821
0821
0821
0821
0821
0821
0821
0821
0021
0021
0021
0021
0021
0021
0021
0021
0021
0021
0021
0021
0021
0021
0021
0021
0021
0021
0021
0021
0021
0021
0021
0021
0021
0021
0021
0021
0021
0021
0021
0021
0021
0021
0021
0021
0021
0021
0021
0021
0021
0021
0021
0021
0021
0021
0021
0021
0021
0021
0021
0021
0021
0021
0021
0021
0021
0021
0021
0021
0021
0021
0021
0021
0021
0021
0021
0021
0021
0021
0021
0021
0021
0021
0021
0021
0021
0021
0821
0821
0821
0821
0821
0821
0821
0821
0821
0821
0821
0821
0821
0821
0821
0821
0821
0821
0821
0821
0821
0821
0821
0821
0821
0821
0821
0821
0821
0821
0821
0821
0821
0821
0821
0821
0821
0821
0821
0821
0821
0821
0821
0821
0821
0821
0821
0821
0821
0821
0821
0821
0821
0821
0821
0821
0821
0821
0821
18a1
9bc4
c4e5
d565
dd85
e5c6
ffb1
e609
a404
20e2
0821
0841
0841
0841
0841
0841
0841
0841
0841
0841
0841
0841
0841
0841
0841
0841
1063
296b
3a73
3234
1970
112e
112e
1970
3275
3a31
10c5
0841
0841
0841
0841
0841
0841
0841
0841
0841
0841
0841
0841
0841
0841
0841
0841
0841
0841
0821
0821
0821
0821
0821
0821
0821
0821
0821
0821
0821
0821
0821
0821
0821
0821
0821
0821
0821
0821
0821
0821
0821
0821
0821
0821
0821
0821
0821
0821
0821
0821
0821
0821
0821
0821
0821
0821
0821
0821
0821
0821
0821
0821
18e4
94b2
94b2
39e8
0821
0821
0821
0821
0821
0821
0821
0821
0821
0821
0821
0821
0821
0821
0821
0821
0021
0021
0021
0021
0021
0021
0021
0021
0021
0021
0021
0021
0021
0021
0021
0021
0021
0021
0021
0021
0021
0021
0021
0021
0021
0021
0021
0021
0021
0021
0021
0021
0021
0021
0021
0021
0021
0021
0021
0021
0021
0021
0021
0021
0021
0021
0021
0021
0021
0021
0021
0021
0021
0021
0021
0021
0021
0021
0021
0021
0021
0021
0021
0021
0021
0021
0021
0021
0021
0021
0021
0021
0021
0021
0021
0021
0021
0021
0021
0821
0821
0821
0821
0821
0821
0821
0821
0821
0821
0821
0821
0821
0821
0821
0821
0821
0821
0821
0821
0821
0821
0821
0821
0821
0821
0821
0821
0821
0821
0821
0821
0821
0821
0821
0821
0821
0821
0821
0821
0821
0821
0821
0821
1083
18a4
0821
0821
0821
0821
0821
0821
0821
0821
0821
0821
0821
0821
18a1
9bc4
c4e5
d565
dd85
e5c6
ffb1
de09
a404
20c2
0821
0821
0821
0821
0841
0841
0841
0841
0841
0841
0841
0841
0841
0841
0841
0841
0841
10a5
31ce
3a94
29f3
194f
112f
21d2
3a95
29ac
0863
0841
0841
0841
0841
0841
0841
0841
0841
0841
0841
0841
0841
0841
0841
0841
0821
0821
0821
0821
0821
0821
0821
0821
0821
0821
0821
0821
0821
0821
0821
0821
0821
0821
0821
0821
0821
0821
0821
0821
0821
0821
0821
0821
0821
0821
0821
0821
0821
0821
0821
0821
0821
0821
0821
0821
0821
0821
0821
0821
0821
0821
0821
0821
2125
39a7
0821
0821
0821
0821
0821
0821
0821
0821
0821
0821
0821
0821
0821
0821
0821
0821
0821
0821
0021
0021
0021
0021
0021
0021
0021
0021
0021
0021
0021
0021
0021
0021
0021
0021
0021
0021
0021
0021
0021
0021
0021
0021
0021
0021
0021
0021
0021
0021
0021
0021
0021
0021
0021
0021
0021
0021
0021
0021
0021
0021
0021
0021
0021
0021
0021
0021
0021
0021
0021
0021
0021
0021
0021
0021
0021
0021
0021
0021
0021
0021
0021
0021
0021
0021
0021
0021
0021
0021
0021
0021
0021
0021
0021
0021
0021
0021
0821
0821
0821
0821
0821
0821
0821
0821
0821
0821
0821
0821
0821
0821
0821
0821
0821
0821
0821
0821
0821
0821
0821
0821
0821
0821
0821
0821
0821
0821
0821
0821
0821
0821
0821
0821
0821
0821
0821
0821
0821
0821
0821
18a5
41ac
41ac
20c5
0821
0821
0821
0821
0821
0821
0821
0821
0821
0821
0821
18a1
9bc4
c4e5
d565
dd85
e5c6
ffb1
de09
a404
20c2
0821
0821
0821
0821
0821
0821
0821
0841
0841
0841
0841
0841
0841
0841
0841
0841
0841
0842
18e7
3230
3a75
21d2
1970
3234
3a73
1908
0841
0841
0841
0841
0841
0841
0841
0841
0841
0841
0841
0841
0841
0821
0821
0821
0821
0821
0821
0821
0821
0821
0821
0821
0821
0821
0821
0821
0821
0821
0821
0821
0821
0821
0821
0821
0821
0821
0821
0821
0821
0821
0821
0821
0821
0821
0821
0821
0821
0821
0821
0821
0821
0821
0821
0821
0821
0821
0821
20e4
20e4
0821
0821
0821
0821
0821
0821
0821
0821
0821
0821
0821
0821
0821
0821
0821
0821
0821
0821
0821
0821
0821
0821
0821
0021
0021
0021
0021
0021
0021
0021
0021
0021
0021
0021
0021
0021
0021
0021
0021
0021
0021
0021
0021
0021
0021
0021
0021
0021
0021
0021
0021
0021
0021
0021
0021
0021
0021
0021
0021
0021
0021
0021
0021
0021
0021
0021
0021
0021
0021
0021
0021
0021
0021
0021
0021
0021
0021
0021
0021
0021
0021
0021
0021
0021
0021
0021
0021
0021
0021
0021
0021
0021
0021
0021
0021
0021
0021
0021
0021
0021
0021
0821
0821
0821
0821
0821
0821
0821
0821
0821
0821
0821
0821
0821
0821
0821
0821
0821
0821
0821
0821
0821
0821
0821
0821
0821
0821
0821
0821
0821
0821
0821
0821
0821
0821
0821
0821
0821
0821
0821
0821
0821
0821
0821
20e6
41ac
41ac
20e6
0821
0821
0821
0821
0821
0821
0821
0821
0821
0821
0821
18a1
9bc4
c4e5
d565
dd85
e5c6
ffb1
de09
a404
20c2
0821
0821
0821
0821
0821
0821
0821
0821
0821
0821
0841
0841
0841
0841
0841
0841
0841
0841
0862
18e6
216b
192b
10e9
214b
2129
1063
0841
0841
0841
0841
0841
0841
0841
0841
0841
0841
0821
0821
0821
0821
0821
0821
0821
0821
0821
0821
0821
0821
0821
0821
0821
0821
0821
0821
0821
0821
0821
0821
0821
0821
0821
0821
0821
0821
0821
0821
0821
0821
0821
0821
0821
0821
0821
0821
0821
0821
0821
0821
0821
0821
0821
0821
0821
0821
18c4
7b71
7b70
18a3
0821
0821
0821
0821
0821
0821
0821
0821
0821
0821
0821
0821
0821
0821
0821
0821
0821
0821
0821
0821
0821
0821
0021
0021
0021
0021
0021
0021
0021
0021
0021
0021
0021
0021
0021
0021
0021
0021
0021
0021
0021
0021
0021
0021
0021
0021
0021
0021
0021
0021
0021
0021
0021
0021
0021
0021
0021
0021
0021
0021
0021
0021
0021
0021
0021
0021
0021
0021
0021
0021
0021
0021
0021
0021
0021
0021
0021
0021
0021
0021
0021
0021
0021
0021
0021
0021
0021
0021
0021
0021
0021
0021
0021
0021
0021
0021
0021
0021
0021
0021
0821
0821
0821
0821
0821
0821
0821
0821
0821
0821
0821
0821
0821
0821
0821
0821
0821
0821
0821
0821
0821
0821
0821
0821
0821
0821
0821
0821
0821
0821
0821
0821
0821
0821
0821
0821
0821
0821
0821
0821
0821
0821
0821
0842
2908
2908
1062
0821
0821
0821
0821
0821
0821
0821
0821
0821
0821
0821
18a1
9bc4
c4e5
d565
dd85
e5c6
ffb1
dde9
a404
20c2
0821
0821
0821
0821
0821
0821
0821
0821
0821
0821
0821
0821
0821
0821
0821
0841
0841
0841
0841
0841
0841
0841
0841
0841
0841
0841
0841
0841
0841
0841
0841
0821
0821
0821
0821
0821
0821
0821
0821
0821
0821
0821
0821
0821
0821
0821
0821
0821
0821
0821
0821
0821
0821
0821
0821
0821
0821
0821
0821
0821
0821
0821
0821
0821
0821
0821
0821
0821
0821
0821
0821
0821
0821
0821
0821
0821
0821
0821
0821
0821
0821
0821
0821
0821
1082
7b50
732f
1062
0821
0821
0821
0821
0821
0821
0821
0821
0821
0821
0821
0821
0821
0821
0821
0821
0821
0821
0821
0821
0821
0821
0021
0021
0021
0021
0021
0021
0021
0021
0021
0021
0021
0021
0021
0021
0021
0021
0021
0021
0021
0021
0021
0021
0021
0021
0021
0021
0021
0021
0021
0021
0021
0021
0021
0021
0021
0021
0021
0021
0021
0021
0021
0021
0021
0021
0021
0021
0021
0021
0021
0021
0021
0021
0021
0021
0021
0021
0021
0021
0021
0021
0021
0021
0021
0021
0021
0021
0021
0021
0021
0021
0021
0021
0021
0021
0021
0021
0021
0021
0021
0821
0821
0821
0821
0821
0821
0821
0821
0821
0821
0821
0821
0821
0821
0821
0821
0821
0821
0821
0821
0821
0821
0821
0821
0821
0821
0821
0821
0821
0821
0821
0821
0821
0821
0821
0821
0821
0821
0821
0821
0821
0821
0821
0821
0821
0821
0821
0821
0821
0821
0821
0821
0821
0821
0821
0821
0821
18a1
9bc4
c4e5
d565
dd85
e5c6
ffb1
dde9
a404
20c2
0821
0821
0821
0821
0821
0821
0821
0821
0821
0821
0821
0821
0821
0821
0821
0821
0821
0821
0821
0821
0821
0821
0821
0821
0821
0821
0821
0821
0821
0821
0821
0821
0821
0821
0821
0821
0821
0821
0821
0821
0821
0821
0821
0821
0821
0821
0821
0821
0821
0821
0821
0821
0821
0821
0821
0821
0821
0821
0821
0821
0821
0821
0821
0821
0821
0821
0821
0821
0821
0821
0821
0821
0821
0821
0821
0821
0821
0821
0821
0821
0821
0821
0821
0821
0821
0862
1062
0821
0821
0821
0821
0821
0821
0821
0821
0821
0821
0821
0821
0821
0821
0821
0821
0821
0821
0821
0821
0821
0821
0821
0821
0021
0021
0021
0021
0021
0021
0021
0021
0021
0021
0021
0021
0021
0021
0021
0021
0021
0021
0021
0021
0021
0021
0021
0021
0021
0021
0021
0021
0021
0021
0021
0021
0021
0021
0021
0021
0021
0021
0021
0021
0021
0021
0021
0021
0021
0021
0021
0021
0021
0021
0021
0021
0021
0021
0021
0021
0021
0021
0021
0021
0021
0021
0021
0021
0021
0021
0021
0021
0021
0021
0021
0021
0021
0021
0021
0021
0021
0021
0821
0821
0821
0821
0821
0821
0821
0821
0821
0821
0821
0821
0821
0821
0821
0821
0821
0821
0821
0821
0821
0821
0821
0821
0821
0821
0821
0821
0821
0821
0821
0821
0821
0821
0821
0821
0821
0821
0821
0821
0821
0821
0821
0821
0821
0821
0821
0821
0821
0821
0821
0821
0821
0821
0821
0821
0821
18a1
9be4
c4e5
d565
dd85
e5c6
ffb1
dde9
a404
20c2
0821
0821
0821
0821
0821
0821
0821
0821
0821
0821
0821
0821
0821
0821
0821
0821
0821
0821
0821
0821
0821
0821
0821
0821
0821
0821
0821
0821
0821
0821
0821
0821
0821
0821
0821
0821
0821
0821
0821
0821
0821
0821
0821
0821
0821
0821
0821
0821
0821
0821
0821
0821
0821
0821
0821
0821
0821
0821
0821
0821
0821
0821
0821
0821
0821
0821
0821
0821
0821
0821
0821
0821
0821
0821
0821
0821
0821
0821
0821
0821
0821
0821
0821
0821
0821
0821
0821
0821
0821
0821
0821
0821
0821
0821
0821
0821
0821
0821
0821
0821
0821
0821
0821
0821
0821
0821
0821
0821
0821
0821
0821
0021
0021
0021
0021
0021
0021
0021
0021
0021
0021
0021
0021
0021
0021
0021
0021
0021
0021
0021
0021
0021
0021
0021
0021
0021
0021
0021
0021
0021
0021
0021
0021
0021
0021
0021
0021
0021
0021
0021
0021
0021
0021
0021
0021
0021
0021
0021
0021
0021
0021
0021
0021
0021
0021
0021
0021
0021
0021
0021
0021
0021
0021
0021
0021
0021
0021
0021
0021
0021
0021
0021
0021
0021
0021
0021
0021
0021
0021
0821
0821
0821
0821
0821
0821
0821
0821
0821
0821
0821
0821
0821
0821
0821
0821
0821
0821
0821
0821
0821
0821
0821
0821
0821
0821
0821
0821
0821
0821
0821
0821
0821
0821
0821
0821
0821
0821
0821
0821
0821
0821
0821
0821
0821
0821
0821
0821
0821
0821
0821
0821
0821
0821
0821
0821
0821
18a1
9be4
c4e5
d565
dd85
e5c6
ffb1
dde9
a404
20c2
0821
0821
0821
0821
0821
0821
0821
0821
0821
0821
0821
0821
0821
0821
0821
0821
0821
0821
0821
0821
0821
0821
0821
0821
0821
0821
0821
0821
0821
0821
0821
0821
0821
0821
0821
0821
0821
0821
0821
0821
0821
0821
0821
0821
0821
0821
0821
0821
0821
0821
0821
0821
0821
0821
0821
0821
0821
0821
0821
0821
0821
0821
0821
0821
0821
0821
0821
0821
0821
0821
0821
0821
0821
0821
0821
0821
0821
0821
0821
0821
0821
0821
0821
0821
0821
0821
0821
0821
0821
0821
0821
0821
0821
0821
0821
0821
0821
0821
0821
0821
0821
0821
0821
0821
0821
0821
0821
0821
0821
0821
0821
0021
0021
0021
0021
0021
0021
0021
0021
0021
0021
0021
0021
0021
0021
0021
0021
0021
0021
0021
0021
0021
0021
0021
0021
0021
0021
0021
0021
0021
0021
0021
0021
0021
0021
0021
0021
0021
0021
0021
0021
0021
0021
0021
0021
0021
0021
0021
0021
0021
0021
0021
0021
0021
0021
0021
0021
0021
0021
0021
0021
0021
0021
0021
0021
0021
0021
0021
0021
0021
0021
0021
0021
0021
0021
0021
0021
0021
0021
0021
0821
0821
0821
0821
0821
0821
0821
0821
0821
0821
0821
0821
0821
0821
0821
0821
0821
0821
0821
0821
0821
0821
0821
0821
0821
0821
0821
0821
0821
0821
0821
0821
0821
0821
0821
0821
0821
0821
0821
0821
0821
0821
0821
0821
0821
0821
0821
0821
0821
0821
0821
0821
0821
0821
0821
0821
18a1
9be4
c4e5
d565
dd85
e5c6
ffb1
dde9
a404
20c2
0821
0821
0821
0821
0821
0821
0821
0821
0821
0821
0821
0821
0821
0821
0821
0821
0821
0821
0821
0821
0821
0821
0821
0821
0821
0821
0821
0821
0821
0821
0821
0821
0821
0821
0821
0821
0821
0821
0821
0821
0821
0821
0821
0821
0821
0821
0821
0821
0821
0821
0821
0821
0821
0821
0821
0821
0821
0821
0821
0821
0821
0821
0821
0821
0821
0821
0821
0821
0821
0821
0821
0821
0821
0821
0821
0821
0821
0821
0821
0821
0821
0821
0821
0821
0821
0821
0821
0821
0821
0821
0821
0821
0821
0821
0821
0821
0821
0821
0821
0821
0821
0821
0821
0821
0821
0821
0821
0821
0821
0821
0821
0821
0021
0021
0021
0021
0021
0021
0021
0021
0021
0021
0021
0021
0021
0021
0021
0021
0021
0021
0021
0021
0021
0021
0021
0021
0021
0021
0021
0021
0021
0021
0021
0021
0021
0021
0021
0021
0021
0021
0021
0021
0021
0021
0021
0021
0021
0021
0021
0021
0021
0021
0021
0021
0021
0021
0021
0021
0021
0021
0021
0021
0021
0021
0021
0021
0021
0021
0021
0021
0021
0021
0021
0021
0021
0021
0021
0021
0021
0021
0821
0821
0821
0821
0821
0821
0821
0821
0821
0821
0821
0821
0821
0821
0821
0821
0821
0821
0821
0821
0821
0821
0821
0821
0821
0821
0821
0821
0821
0821
0821
0821
0821
0821
0821
0821
0821
0821
0821
0821
0821
0821
0821
0821
0821
0821
0821
0821
0821
0821
0821
0821
0821
0821
0821
0821
18a1
9be4
c4e5
d565
dd85
e5c6
ffb1
dde9
a404
20c2
0821
0821
0821
0821
0821
0821
0821
0821
0821
0821
0821
0821
0821
0821
0821
0821
0821
0821
0821
0821
0821
0821
0821
0821
0821
0821
0821
0821
0821
0821
0821
0821
0821
0821
0821
0821
0821
0821
0821
0821
0821
0821
0821
0821
0821
0821
0821
0821
0821
0821
0821
0821
0821
0821
0821
0821
0821
0821
0821
0821
0821
0821
0821
0821
0821
0821
0821
0821
0821
0821
0821
0821
0821
0821
0821
0821
0821
0821
0821
0821
0821
0821
0821
0821
0821
0821
0821
0821
0821
0821
0821
0821
0821
0821
0821
0821
0821
0821
0821
0821
0821
0821
0821
0821
0821
0821
0821
0821
0821
0821
0821
0821
0021
0021
0021
0021
0021
0021
0021
0021
0021
0021
0021
0021
0021
0021
0021
0021
0021
0021
0021
0021
0021
0021
0021
0021
0021
0021
0021
0021
0021
0021
0021
0021
0021
0021
0021
0021
0021
0021
0021
0021
0021
0021
0021
0021
0021
0021
0021
0021
0021
0021
0021
0021
0021
0021
0021
0021
0021
0021
0021
0021
0021
0021
0021
0021
0021
0021
0021
0021
0021
0021
0021
0021
0021
0021
0021
0021
0021
0021
0821
0821
0821
0821
0821
0821
0821
0821
0821
0821
0821
0821
0821
0821
0821
0821
0821
0821
0821
0821
0821
0821
0821
0821
0821
0821
0821
0821
0821
0821
0821
0821
0821
0821
0821
0821
0821
0821
0821
0821
0821
0821
0821
0821
0821
0821
0821
0821
0821
0821
0821
0821
0821
0821
0821
0821
18a1
9be4
c4e5
d565
dd85
e5c6
ffb1
dde9
a404
20c2
0821
0821
0821
0821
0821
0821
0821
0821
0821
0821
0821
0821
0821
0821
0821
0821
0821
0821
0821
0821
0821
0821
0821
0821
0821
0821
0821
0821
0821
0821
0821
0821
0821
0821
0821
0821
0821
0821
0821
0821
0821
0821
0821
0821
0821
0821
0821
0821
0821
0821
0821
0821
0821
0821
0821
0821
0821
0821
0821
0821
0821
0821
0821
0821
0821
0821
0821
0821
0821
0821
0821
0821
0821
0821
0821
0821
0821
0821
0821
0821
0821
0821
0821
0821
0821
0821
0821
0821
0821
0821
0821
0821
0821
0821
0821
0821
0821
0821
0821
0821
0821
0821
0821
0821
0821
0821
0821
0821
0821
0821
0821
0821
0021
0021
0021
0021
0021
0021
0021
0021
0021
0021
0021
0021
0021
0021
0021
0021
0021
0021
0021
0021
0021
0021
0021
0021
0021
0021
0021
0021
0021
0021
0021
0021
0021
0021
0021
0021
0021
0021
0021
0021
0021
0021
0021
0021
0021
0021
0021
0021
0021
0021
0021
0021
0021
0021
0021
0021
0021
0021
0021
0021
0021
0021
0021
0021
0021
0021
0021
0021
0021
0021
0021
0021
0021
0021
0021
0021
0021
0021
0021
0821
0821
0821
0821
0821
0821
0821
0821
0821
0821
0821
0821
0821
0821
0821
0821
0821
0821
0821
0821
0821
0821
0821
0821
0821
0821
0821
0821
0821
0821
0821
0821
0821
0821
0821
0821
0821
0821
0821
0821
0821
0821
0821
0821
0821
0821
0821
0821
0821
0821
0821
0821
0821
0821
0821
18a1
9be4
c4e5
d565
dd85
e5c6
ffb1
dde9
a404
20c2
0821
0821
0821
0821
0821
0821
0821
0821
0821
0821
0821
0821
0821
0821
0821
0821
0821
0821
0821
0821
0821
0821
0821
0821
0821
0821
0821
0821
0821
0821
0821
0821
0821
0821
0821
0821
0821
0821
0821
0821
0821
0821
0821
0821
0821
0821
1083
0842
0821
0821
0821
0821
0821
0821
0821
0821
0821
0821
0821
0821
0821
0821
0821
0821
0821
0821
0821
0821
0821
0821
0821
0821
0821
0821
0821
0821
0821
0821
0821
0821
0821
0821
0821
0821
0821
0821
0821
0821
0821
0821
0821
0821
0821
0821
0821
0821
0821
0821
0821
0821
0821
0821
0821
0821
0821
0821
0821
0821
0821
0821
0821
0821
0821
0021
0021
0021
0021
0021
0021
0021
0021
0021
0021
0021
0021
0021
0021
0021
0021
0021
0021
0021
0021
0021
0021
0021
0021
0021
0021
0021
0021
0021
0021
0021
0021
0021
0021
0021
0021
0021
0021
0021
0021
0021
0021
0021
0021
0021
0021
0021
0021
0021
0021
0021
0021
0021
0021
0021
0021
0021
0021
0021
0021
0021
0021
0021
0021
0021
0021
0021
0021
0021
0021
0021
0021
0021
0021
0021
0021
0021
0021
0821
0821
0821
0821
0821
0821
0821
0821
0821
0821
0821
0821
0821
0821
0821
0821
0821
0821
0821
0821
0821
0821
0821
0821
0821
0821
0821
0821
0821
0821
0821
0821
0821
0821
0821
0821
0821
0821
0821
0821
0821
0821
0821
0821
0821
0821
0821
0821
0821
0821
0821
0821
0821
0821
0821
18a1
9be4
c4e5
d565
dd85
e5c6
ffb1
dde9
a404
20c2
0821
0821
0821
0821
0821
0821
0821
0821
0821
0821
0821
0821
0821
0821
0821
0821
0821
0821
0821
0821
0821
0821
0821
0821
0821
0821
0821
0821
0821
0821
0821
0821
0821
0821
0821
0821
0821
0821
0821
0821
0821
0821
0821
0821
0821
18c4
73af
7bf0
630d
1062
0821
0821
0821
0821
0821
0821
0821
0821
0821
0821
0821
0821
0821
0821
0821
0821
0821
0821
0821
0821
0821
0821
0821
0821
0821
0821
0821
0821
0821
0821
0821
0821
0821
0821
0821
0821
0821
0821
0821
0821
0821
0821
0821
0821
0821
0821
0821
0821
0821
0821
0821
0821
0821
0821
0821
0821
0821
0821
0821
0821
0821
0821
0821
0021
0021
0021
0021
0021
0021
0021
0021
0021
0021
0021
0021
0021
0021
0021
0021
0021
0021
0021
0021
0021
0021
0021
0021
0021
0021
0021
0021
0021
0021
0021
0021
0021
0021
0021
0021
0021
0021
0021
0021
0021
0021
0021
0021
0021
0021
0021
0021
0021
0021
0021
0021
0021
0021
0021
0021
0021
0021
0021
0021
0021
0021
0021
0021
0021
0021
0021
0021
0021
0021
0021
0021
0021
0021
0021
0021
0021
0021
0021
0821
0821
0821
0821
0821
0821
0821
0821
0821
0821
0821
0821
0821
0821
0821
0821
0821
0821
0821
0821
0821
0821
0821
0821
0821
0821
0821
0821
0821
0821
0821
0821
0821
0821
0821
0821
0821
0821
0821
0821
0821
0821
0821
0821
0821
0821
0821
0821
0821
0821
0821
0821
0821
0821
18a1
9be4
c4e5
d565
dd85
e5c6
ffb1
dde9
a404
20c2
0821
0821
0821
0821
0821
0821
0821
0821
0821
0821
0821
0821
0821
0821
0821
0821
0821
0821
0821
0821
0821
0821
0821
0821
0841
0841
0841
0821
0821
0821
0821
0821
0821
0821
0821
0821
0821
0821
0821
0821
0821
0821
0821
0821
1062
738f
7c10
7c10
7c10
3186
0821
0821
0821
0821
0821
0821
0821
0821
0821
0821
0821
0821
0821
0821
0821
0821
0821
0821
0821
0821
0821
0821
0821
0821
0821
0821
0821
0821
0821
0821
0821
0821
0821
0821
0821
0821
0821
0821
0821
0821
0821
0821
0821
0821
0821
0821
0821
0821
0821
0821
0821
0821
0821
0821
0821
0821
0821
0821
0821
0821
0821
0821
0821
0821
0021
0021
0021
0021
0021
0021
0021
0021
0021
0021
0021
0021
0021
0021
0021
0021
0021
0021
0021
0021
0021
0021
0021
0021
0021
0021
0021
0021
0021
0021
0021
0021
0021
0021
0021
0021
0021
0021
0021
0021
0021
0021
0021
0021
0021
0021
0021
0021
0021
0021
0021
0021
0021
0021
0021
0021
0021
0021
0021
0021
0021
0021
0021
0021
0021
0021
0021
0021
0021
0021
0021
0021
0021
0021
0021
0021
0021
0021
0821
0821
0821
0821
0821
0821
0821
0821
0821
0821
0821
0821
0821
0821
0821
0821
0821
0821
0821
0821
0821
0821
0821
0821
0821
0821
0821
0821
0821
0821
0821
0821
0821
0821
0821
0821
0821
0821
0821
0821
0821
0821
0821
0821
0821
0821
0821
0821
0821
0821
0821
0821
0821
0821
1081
93a4
c4e5
d545
dd85
e5c6
ffb1
dde9
9be4
18a1
0821
0821
0821
0821
0821
0821
0821
0821
0821
0821
0821
0821
0821
0821
0821
0821
0821
0821
0821
0821
0821
0821
0821
0841
1062
41aa
2906
0841
0821
0821
0821
0821
0821
0821
0821
0821
0821
0821
0821
0821
0821
0821
0821
0821
0821
738e
7c10
7c10
7c10
528a
0821
0821
0821
0821
0821
0821
0821
0821
0821
0821
0821
0821
0821
0821
0821
0821
0821
0821
0821
0821
0821
0821
0821
0821
0821
0821
0821
0821
0821
0821
0821
0821
0821
0821
0821
0821
0821
0821
0821
0821
0821
0821
0821
0821
0821
0821
0821
0821
0821
0821
0821
0821
0821
0821
0821
0821
0821
0821
0821
0821
0821
0821
0821
0821
0021
0021
0021
0021
0021
0021
0021
0021
0021
0021
0021
0021
0021
0021
0021
0021
0021
0021
0021
0021
0021
0021
0021
0021
0021
0021
0021
0021
0021
0021
0021
0021
0021
0021
0021
0021
0021
0021
0021
0021
0021
0021
0021
0021
0021
0021
0021
0021
0021
0021
0021
0021
0021
0021
0021
0021
0021
0021
0021
0021
0021
0021
0021
0021
0021
0021
0021
0021
0021
0021
0021
0021
0021
0021
0021
0021
0021
0021
0021
0821
0821
0821
0821
0821
0821
0821
0821
0821
0821
0821
0821
0821
0821
0821
0821
0821
0821
0821
0821
0821
0821
0821
0821
0821
0821
0821
0821
0821
0821
0821
0821
0821
0821
0821
0821
0821
0821
0821
0821
0821
0821
0821
0821
0821
0821
0821
0821
0821
0821
0821
0821
0821
0841
6ac3
c4e5
d545
dd85
e5c6
ffb1
dde9
7b03
0841
0821
0821
0821
0821
0821
0821
0821
0821
0821
0821
0821
0821
0821
0821
0821
0821
0821
0821
0821
0821
0821
0821
0821
0841
20e5
6ad0
520c
0841
0841
0821
0821
0821
0821
0821
0821
0821
0821
0821
0821
0821
0821
0821
0821
0821
0821
4a6a
7c10
7c10
738f
18a3
0821
0821
0821
0821
0821
0821
0821
0821
0821
0841
0842
0821
0821
0821
0821
0821
0821
0821
0821
0821
0821
0821
0821
0821
0821
0821
0821
0821
0821
0821
0821
0821
0821
0821
0821
0821
0821
0821
0821
0821
0821
0821
0821
0821
0821
0821
0821
0821
0821
0821
0821
0821
0821
0821
0821
0821
0821
0821
0821
0821
0821
0821
0821
0821
0821
0021
0021
0021
0021
0021
0021
0021
0021
0021
0021
0021
0021
0021
0021
0021
0021
0021
0021
0021
0021
0021
0021
0021
0021
0021
0021
0021
0021
0021
0021
0021
0021
0021
0021
0021
0021
0021
0021
0021
0021
0021
0021
0021
0021
0021
0021
0021
0021
0021
0021
0021
0021
0021
0021
0021
0021
0021
0021
0021
0021
0021
0021
0021
0021
0021
0021
0021
0021
0021
0021
0021
0021
0021
0021
0021
0021
0021
0021
0821
0821
0821
0821
0821
0821
0821
0821
0821
0821
0821
0821
0821
0821
0821
0821
0821
0821
0821
0821
0821
0821
0821
0821
0821
0821
0821
0821
0821
0821
0821
0821
0821
0821
0821
0821
0821
0821
0821
0821
0821
0821
0821
0821
0821
0821
0821
0821
0821
0821
0821
0821
0821
0821
20c2
9be4
d545
dd85
e5c6
ffb1
bce7
2902
0821
0821
0821
0821
0821
0821
0821
0821
0821
0821
0821
0821
0821
0821
0821
0821
0821
0821
0821
0821
0821
0821
0821
0821
0821
0842
2927
1883
0841
0821
0821
0821
0821
0821
0821
0821
0821
0821
0821
0821
0821
0821
0821
0821
0821
0821
0842
2104
39e8
18c4
0821
0821
0821
0821
0821
0821
0821
0821
0821
0821
49ea
7b71
62ce
0821
0821
0821
0821
0821
0821
0821
0821
0821
0821
0821
0821
0821
0821
0821
0821
0821
0821
0821
0821
0821
0821
0821
0821
0821
0821
0821
0821
0821
0821
0821
0821
0821
0821
0821
0821
0821
0821
0821
0821
0821
0821
0821
0821
0821
0821
0821
0821
0821
0821
0821
0821
0821
0021
0021
0021
0021
0021
0021
0021
0021
0021
0021
0021
0021
0021
0021
0021
0021
0021
0021
0021
0021
0021
0021
0021
0021
0021
0021
0021
0021
0021
0021
0021
0021
0021
0021
0021
0021
0021
0021
0021
0021
0021
0021
0021
0021
0021
0021
0021
0021
0021
0021
0021
0021
0021
0021
0021
0021
0021
0021
0021
0021
0021
0021
0021
0021
0021
0021
0021
0021
0021
0021
0021
0021
0021
0021
0021
0021
0021
0021
0021
0821
0821
0821
0821
0821
0821
0821
0821
0821
0821
0821
0821
0821
0821
0821
0821
0821
0821
0821
0821
0821
0821
0821
0821
0821
0821
0821
0821
0821
0821
0821
0821
0821
0821
0821
0821
0821
0821
0821
0821
0821
0821
0821
0821
0821
0821
0821
0821
0821
0821
0821
0821
0821
0821
18c1
6aa3
9c04
a425
9429
2902
0821
0821
0821
0821
0821
0821
0821
0821
0821
0821
0821
0821
0821
0821
0821
0821
0821
0821
0821
0821
0821
0821
0821
0821
0821
0821
0841
0841
0841
0821
0821
0821
0821
0821
0821
0821
0821
0821
0821
0821
0821
0821
0821
0821
0821
0821
0821
0821
0821
0821
0821
0821
0821
0821
0821
0821
0821
0821
0821
0821
1062
7b71
8391
8371
20e5
0821
0821
0821
0821
0821
0821
0821
0821
0821
0821
0821
0821
0821
0821
0821
0821
0821
0821
0821
0821
0821
0821
0821
0821
0821
0821
0821
0821
0821
0821
0821
0821
0821
0821
0821
0821
0821
0821
0821
0821
0821
0821
0821
0821
0821
0821
0821
0821
0821
0821
0821
0821
0821
0021
0021
0021
0021
0021
0021
0021
0021
0021
0021
0021
0021
0021
0021
0021
0021
0021
0021
0021
0021
0021
0021
0021
0021
0021
0021
0021
0021
0021
0021
0021
0021
0021
0021
0021
0021
0021
0021
0021
0021
0021
0021
0021
0021
0021
0021
0021
0021
0021
0021
0021
0021
0021
0021
0021
0021
0021
0021
0021
0021
0021
0021
0021
0021
0021
0021
0021
0021
0021
0021
0021
0021
0021
0021
0021
0021
0021
0021
0821
0821
0821
0821
0821
0821
0821
0821
0821
0821
0821
0821
0821
0821
0821
0821
0821
0821
0821
0821
0821
0821
0821
0821
0821
0821
0821
0821
0821
0821
0821
0821
0821
0821
0821
0821
0821
0821
0821
0821
0821
0821
0821
0821
0821
0821
0821
0821
0821
0821
0821
0821
0821
0821
0821
0821
0841
0841
0821
0821
0821
0821
0821
0821
0821
0821
0821
0821
0821
0821
0821
0821
0821
0821
0821
0821
0821
0821
0821
0821
0821
0821
0821
0821
0821
0821
0821
0821
0821
0821
0821
0821
0821
0821
0821
0821
0821
0821
0821
0821
0821
0821
0821
0821
0821
0821
0821
0821
0821
0821
0821
0821
0821
0821
0821
0821
0821
0821
0821
0821
0821
5a6c
8371
6ace
0842
0821
0821
0821
0821
0821
0821
0821
0821
0821
0821
0821
0821
0821
0821
0821
0821
0821
0821
0821
0821
0821
0821
0821
0821
0821
0821
0821
0821
0821
0821
0821
0821
0821
0821
0821
0821
0821
0821
0821
0821
0821
0821
0821
0821
0821
0821
0821
0821
0821
0821
0821
0821
0821
0021
0021
0021
0021
0021
0021
0021
0021
0021
0021
0021
0021
0021
0021
0021
0021
0021
0021
0021
0021
0021
0021
0021
0021
0021
0021
0021
0021
0021
0021
0021
0021
0021
0021
0021
0021
0021
0021
0021
0021
0021
0021
0021
0021
0021
0021
0021
0021
0021
0021
0021
0021
0021
0021
0021
0021
0021
0021
0021
0021
0021
0021
0021
0021
0021
0021
0021
0021
0021
0021
0021
0021
0021
0021
0021
0021
0021
0021
0021
0821
0821
0821
0821
0821
0821
0821
0821
0821
0821
0821
0821
0821
0821
0821
0821
0821
0821
0821
0821
0821
0821
0821
0821
0821
0821
0821
0821
0821
0821
0821
0821
0821
0821
0821
0821
0821
0821
0821
0821
0821
0821
0821
0821
0821
0821
0821
0821
0821
0821
0821
0821
0821
0821
0821
0821
0821
0821
0821
0821
0821
0821
0821
0821
0821
0821
0821
0821
0821
0821
0821
0821
0821
0821
0821
0821
0821
0821
0821
0821
0821
0821
0821
0821
0821
0821
0821
0821
0821
0821
0821
0821
0821
0821
0821
0821
0821
0821
0821
0821
0821
0821
0821
0821
0821
0821
0821
0821
0821
0821
0821
0821
0821
0821
0821
0821
0821
0821
0821
0821
0841
1083
1062
0821
0821
0821
0821
0821
0821
0821
0821
0821
0821
0821
0821
0821
0821
0821
0821
0821
0821
0821
0821
0821
0821
0821
0821
0821
0821
0821
0821
0821
0821
0821
0821
0821
0821
0821
0821
0821
0821
0821
0821
0821
0821
0821
0821
0821
0821
0821
0821
0821
0821
0821
0821
0821
0821
0821
0021
0021
0021
0021
0021
0021
0021
0021
0021
0021
0021
0021
0021
0021
0021
0021
0021
0021
0021
0021
0021
0021
0021
0021
0021
0021
0021
0021
0021
0021
0021
0021
0021
0021
0021
0021
0021
0021
0021
0021
0021
0021
0021
0021
0021
0021
0021
0021
0021
0021
0021
0021
0021
0021
0021
0021
0021
0021
0021
0021
0021
0021
0021
0021
0021
0021
0021
0021
0021
0021
0021
0021
0021
0021
0021
0021
0021
0021
0821
0821
0821
0821
0821
0821
0821
0821
0821
0821
0821
0821
0821
0821
0821
0821
0821
0821
0821
0821
0821
0821
0821
0821
0821
0821
0821
0821
0821
0821
0821
0821
0821
0821
0821
0821
0821
0821
0821
0821
0821
0821
0821
0821
0821
0821
0821
0821
0821
0821
0821
0821
0821
0821
0821
0821
0821
0821
0821
0821
0821
0821
0821
0821
0821
0821
0821
0821
0821
0821
0821
0821
0821
0821
0821
0821
0821
0821
0821
0821
0821
0821
0821
0821
0821
0821
0821
0821
0821
0821
0821
0821
0821
0821
0821
0821
0821
0821
0821
0821
0821
0821
0821
0821
0821
0821
0821
0821
0821
0821
0821
0821
0821
0821
0821
0821
0821
0821
0821
0821
0821
0821
0821
0821
0821
0821
0821
0821
0821
0821
0821
0821
0821
0821
0821
0821
0821
0821
0821
0821
0821
0821
0821
0821
0821
0821
0821
0821
0821
0821
0821
0821
0821
0821
0821
0821
0821
0821
0821
0821
0821
0821
0821
0821
0821
0821
0821
0821
0821
0821
0821
0821
0821
0821
0821
0821
0821
0821
0021
0021
0021
0021
0021
0021
0021
0021
0021
0021
0021
0021
0021
0021
0021
0021
0021
0021
0021
0021
0021
0021
0021
0021
0021
0021
0021
0021
0021
0021
0021
0021
0021
0021
0021
0021
0021
0021
0021
0021
0021
0021
0021
0021
0021
0021
0021
0021
0021
0021
0021
0021
0021
0021
0021
0021
0021
0021
0021
0021
0021
0021
0021
0021
0021
0021
0021
0021
0021
0021
0021
0021
0021
0021
0021
0021
0021
0021
0021
0821
0821
0821
0821
0821
0821
0821
0821
0821
0821
0821
0821
0821
0821
0821
0821
0821
0821
0821
0821
0821
0821
0821
0821
0821
0821
0821
0821
0821
0821
0821
0821
0821
0821
0821
0821
0821
0821
0821
0821
0821
0821
0821
0821
0821
0821
0821
0821
0821
0821
0821
0821
0821
0821
0821
0821
0821
0821
0821
0821
0821
0821
0821
0821
0821
0821
0821
0821
0821
0821
0821
0821
0821
0821
0821
0821
0821
0821
0821
0821
0821
0821
0821
0821
0821
0821
0821
0821
0821
0821
0821
0821
0821
0821
0821
0821
0821
0821
0821
0821
0821
0821
0821
0821
0821
0821
0821
0821
0821
0821
0821
0821
0821
0821
0821
0821
0821
0821
0821
0821
0821
0821
0821
0821
0821
0821
0821
0821
0821
0821
0821
0821
0821
0821
0821
0821
0821
0821
0821
0821
0821
0821
0821
0821
0821
0821
0821
0821
0821
0821
0821
0821
0821
0821
0821
0821
0821
0821
0821
0821
0821
0821
0821
0821
0821
0821
0821
0821
0821
0821
0821
0821
0821
0821
0821
0821
0821
0821
0021
0021
0021
0021
0021
0021
0021
0021
0021
0021
0021
0021
0021
0021
0021
0021
0021
0021
0021
0021
0021
0021
0021
0021
0021
0021
0021
0021
0021
0021
0021
0021
0021
0021
0021
0021
0021
0021
0021
0021
0021
0021
0021
0021
0021
0021
0021
0021
0021
0021
0021
0021
0021
0021
0021
0021
0021
0021
0021
0021
0021
0021
0021
0021
0021
0021
0021
0021
0021
0021
0021
0021
0021
0021
0021
0021
0021
0021
0021
0821
0821
0821
0821
0821
0821
0821
0821
0821
0821
0821
0821
0821
0821
0821
0821
0821
0821
0821
0821
0821
0821
0821
0821
0821
0821
0821
0821
0821
0821
0821
0821
0821
0821
0821
0821
0821
0821
0821
0821
0821
0821
0821
0821
0821
0821
0821
0821
0821
0821
0821
0821
0821
0821
0821
0821
0821
0821
0821
0821
0821
0821
0821
0821
0821
0821
0821
0821
0821
0821
0821
0821
0821
0821
0821
0821
0821
0821
0821
0821
0821
0821
0821
0821
0821
0821
0821
0821
0821
0821
0821
0821
0821
0821
0821
0821
0821
0821
0821
0821
0821
0821
0821
0821
0821
0821
0821
0821
0821
0821
0821
0821
0821
0821
0821
0821
0821
0821
0821
0821
0821
0821
0821
0821
0821
0821
0821
0821
0821
0821
0821
0821
0821
0821
0821
0821
0821
0821
0821
0821
0821
0821
0821
0821
0821
0821
0821
0821
0821
0821
0821
0821
0821
0821
0821
0821
0821
0821
0821
0821
0821
0821
0821
0821
0821
0821
0821
0821
0821
0821
0821
0821
0821
0821
0821
0821
0821
0821
0021
0021
0021
0021
0021
0021
0021
0021
0021
0021
0021
0021
0021
0021
0021
0021
0021
0021
0021
0021
0021
0021
0021
0021
0021
0021
0021
0021
0021
0021
0021
0021
0021
0021
0021
0021
0021
0021
0021
0021
0021
0021
0021
0021
0021
0021
0021
0021
0021
0021
0021
0021
0021
0021
0021
0021
0021
0021
0021
0021
0021
0021
0021
0021
0021
0021
0021
0021
0021
0021
0021
0021
0021
0021
0021
0021
0021
0021
0821
0821
0821
0821
0821
0821
0821
0821
0821
0821
0821
0821
0821
0821
0821
0821
0821
0821
0821
0821
0821
0821
0821
0821
0821
0821
0821
0821
0821
0821
0821
0821
0821
0821
0821
0821
0821
0821
0821
0821
0821
0821
0821
0821
0821
0821
0821
0821
0821
0821
0821
0821
0821
0821
0821
0821
0821
0821
0821
0821
0821
0821
0821
0821
0821
0821
0821
0821
0821
0821
0821
0821
0821
0821
0821
0821
0821
0821
0821
0821
0821
0821
0821
0821
0821
0821
0821
0821
0821
0821
0821
0821
0821
0821
0821
0821
0821
0821
0821
0821
0821
0821
0821
0821
0821
0821
0821
0821
0821
0821
0821
0821
0821
0821
0821
0821
0821
0821
0821
0821
0821
0821
0821
0821
0821
0821
0821
0821
0821
0821
0821
0821
0821
0821
0821
0821
0821
0821
0821
0821
0821
0821
0821
0821
0821
0821
0821
0821
0821
0821
0821
0821
0821
0821
0821
0821
0821
0821
0821
0821
0821
0821
0821
0821
0821
0821
0821
0821
0821
0821
0821
0821
0821
0821
0821
0821
0821
0821
0021
0021
0021
0021
0021
0021
0021
0021
0021
0021
0021
0021
0021
0021
0021
0021
0021
0021
0021
0021
0021
0021
0021
0021
0021
0021
0021
0021
0021
0021
0021
0021
0021
0021
0021
0021
0021
0021
0021
0021
0021
0021
0021
0021
0021
0021
0021
0021
0021
0021
0021
0021
0021
0021
0021
0021
0021
0021
0021
0021
0021
0021
0021
0021
0021
0021
0021
0021
0021
0021
0021
0021
0021
0021
0021
0021
0021
0021
0021
0821
0821
0821
0821
0821
0821
0821
0821
0821
0821
0821
0821
0821
0821
0821
0821
0821
0821
0821
0821
0821
0821
0821
0821
0821
0821
0821
0821
0821
0821
0821
0821
0821
0821
0821
0821
0821
0821
0821
0821
0821
0821
0821
0821
0821
0821
0821
0821
0821
0821
0821
0821
0821
0821
0821
0821
0821
0821
0821
0821
0821
0821
0821
0821
0821
0821
0821
0821
0821
0821
0821
0821
0821
0821
0821
0821
0821
0821
0821
0821
0821
0821
0821
0821
0821
0821
0821
0821
0821
0821
0821
0821
0821
0821
0821
0821
0821
0821
0821
0821
0821
0821
0821
0821
0821
0821
0821
0821
0821
0821
0821
0821
0821
0821
0821
0821
0821
0821
0821
0821
0821
0821
0821
0821
0821
0821
0821
0821
0821
0821
0821
0821
0821
0821
0821
0821
0821
0821
0821
0821
0821
0821
0821
0821
0821
0821
0821
0821
0821
0821
0821
0821
0821
0821
0821
0821
0821
0821
0821
0821
0821
0821
0821
0821
0821
0821
0821
0821
0821
0821
0821
0821
0821
0821
0821
0821
0821
0821
0021
0021
0021
0021
0021
0021
0021
0021
0021
0021
0021
0021
0021
0021
0021
0021
0021
0021
0021
0021
0021
0021
0021
0021
0021
0021
0021
0021
0021
0021
0021
0021
0021
0021
0021
0021
0021
0021
0021
0021
0021
0021
0021
0021
0021
0021
0021
0021
0021
0021
0021
0021
0021
0021
0021
0021
0021
0021
0021
0021
0021
0021
0021
0021
0021
0021
0021
0021
0021
0021
0021
0021
0021
0021
0021
0021
0021
0021
0021
0821
0821
0821
0821
0821
0821
0821
0821
0821
0821
0821
0821
0821
0821
0821
0821
0821
0821
0821
0821
0821
0821
0821
0821
0821
0821
0821
0821
0821
0821
0821
0821
0821
0821
0821
0821
0821
0821
0821
0821
0821
0821
0821
0821
0821
0821
0821
0821
0821
0821
0821
0821
0821
0821
0821
0821
0821
0821
0821
0821
0821
0821
0821
0821
0821
0821
0821
0821
0821
0821
0821
0821
0821
0821
0821
0821
0821
0821
0821
0821
0821
0821
0821
0821
0821
0821
0821
0821
0821
0821
0821
0821
0821
0821
0821
0821
0821
0821
0821
0821
0821
0821
0821
0821
0821
0821
0821
0821
0821
0821
0821
0821
0821
0821
0821
0821
0821
0821
0821
0821
0821
0821
0821
0821
0821
0821
0821
0821
0821
0821
0821
0821
0821
0821
0821
0821
0821
0821
0821
0821
0821
0821
0821
0821
0821
0821
0821
0821
0821
0821
0821
0821
0821
0821
0821
0821
0821
0821
0821
0821
0821
0821
0821
0821
0821
0821
0821
0821
0821
0821
0821
0821
0821
0821
0821
0821
0821
0821
0021
0021
0021
0021
0021
0021
0021
0021
0021
0021
0021
0021
0021
0021
0021
0021
0021
0021
0021
0021
0021
0021
0021
0021
0021
0021
0021
0021
0021
0021
0021
0021
0021
0021
0021
0021
0021
0021
0021
0021
0021
0021
0021
0021
0021
0021
0021
0021
0021
0021
0021
0021
0021
0021
0021
0021
0021
0021
0021
0021
0021
0021
0021
0021
0021
0021
0021
0021
0021
0021
0021
0021
0021
0021
0021
0021
0021
0021
0821
0821
0821
0821
0821
0821
0821
0821
0821
0821
0821
0821
0821
0821
0821
0821
0821
0821
0821
0821
0821
0821
0821
0821
0821
0821
0821
0821
0821
0821
0821
0821
0821
0821
0821
0821
0821
0821
0821
0821
0821
0821
0821
0821
0821
0821
0821
0821
0821
0821
0821
0821
0821
0821
0821
0821
0821
0821
0821
0821
0821
0821
0821
0821
0821
0821
0821
0821
0821
0821
0821
0821
0821
0821
0821
0821
0821
0821
0821
0821
0821
0821
0821
0821
0821
0821
0821
0821
0821
0821
0821
0821
0821
0821
0821
0821
0821
0821
0821
0821
0821
0821
0821
0821
0821
0821
0821
0821
0821
0821
0821
0821
0821
0821
0821
0821
0821
0821
0821
0821
0821
0821
0821
0821
0821
0821
0821
0821
0821
0821
0821
0821
0821
0821
0821
0821
0821
0821
0821
0821
0821
0821
0821
0821
0821
0821
0821
0821
0821
0821
0821
0821
0821
0821
0821
0821
0821
0821
0821
0821
0821
0821
0821
0821
0821
0821
0821
0821
0821
0821
0821
0821
0821
0821
0821
0821
0821
0821
0821
0021
0021
0021
0021
0021
0021
0021
0021
0021
0021
0021
0021
0021
0021
0021
0021
0021
0021
0021
0021
0021
0021
0021
0021
0021
0021
0021
0021
0021
0021
0021
0021
0021
0021
0021
0021
0021
0021
0021
0021
0021
0021
0021
0021
0021
0021
0021
0021
0021
0021
0021
0021
0021
0021
0021
0021
0021
0021
0021
0021
0021
0021
0021
0021
0021
0021
0021
0021
0021
0021
0021
0021
0021
0021
0021
0021
0021
0021
0821
0821
0821
0821
0821
0821
0821
0821
0821
0821
0821
0821
0821
0821
0821
0821
0821
0821
0821
0821
0821
0821
0821
0821
0821
0821
0821
0821
0821
0821
0821
0821
0821
0821
0821
0821
0821
0821
0821
0821
0821
0821
0821
0821
0821
0821
0821
0821
0821
0821
0821
0821
0821
0821
0821
0821
0821
0821
0821
0821
0821
0821
0821
0821
0821
0821
0821
0821
0821
0821
0821
0821
0821
0821
0821
0821
0821
0821
0821
0821
0821
0821
0821
0821
0821
0821
0821
0821
0821
0821
0821
0821
0821
0821
0821
0821
0821
0821
0821
0821
0821
0821
0821
0821
0821
0821
0821
0821
0821
0821
0821
0821
0821
0821
0821
0821
0821
0821
0821
0821
0821
0821
0821
0821
0821
0821
0821
0821
0821
0821
0821
0821
0821
0821
0821
0821
0821
0821
0821
0821
0821
0821
0821
0821
0821
0821
0821
0821
0821
0821
0821
0821
0821
0821
0821
0821
0821
0821
0821
0821
0821
0821
0821
0821
0821
0821
0821
0821
0821
0821
0821
0821
0821
0821
0821
0821
0821
0821
0021
0021
0021
0021
0021
0021
0021
0021
0021
0021
0021
0021
0021
0021
0021
0021
0021
0021
0021
0021
0021
0021
0021
0021
0021
0021
0021
0021
0021
0021
0021
0021
0021
0021
0021
0021
0021
0021
0021
0021
0021
0021
0021
0021
0021
0021
0021
0021
0021
0021
0021
0021
0021
0021
0021
0021
0021
0021
0021
0021
0021
0021
0021
0021
0021
0021
0021
0021
0021
0021
0021
0021
0021
0021
0021
0021
0021
0021
0021
0821
0821
0821
0821
0821
0821
0821
0821
0821
0821
0821
0821
0821
0821
0821
0821
0821
0821
0821
0821
0821
0821
0821
0821
0821
0821
0821
0821
0821
0821
0821
0821
0821
0821
0821
0821
0821
0821
0821
0821
0821
0821
0821
0821
0821
0821
0821
0821
0821
0821
0821
0821
0821
0821
0821
0821
0821
0821
0821
0821
0821
0821
0821
0821
0821
0821
0821
0821
0821
0821
0821
0821
0821
0821
0821
0821
0821
0821
0821
0821
0821
0821
0821
0821
0821
0821
0821
0821
0821
0821
0821
0821
0821
0821
0821
0821
0821
0821
0821
0821
0821
0821
0821
0821
0821
0821
0821
0821
0821
0821
0821
0821
0821
0821
0821
0821
0821
0821
0821
0821
0821
0821
0821
0821
0821
0821
0821
0821
0821
0821
0821
0821
0821
0821
0821
0821
0821
0821
0821
0821
0821
0821
0821
0821
0821
0821
0821
0821
0821
0821
0821
0821
0821
0821
0821
0821
0821
0821
0821
0821
0821
0821
0821
0821
0821
0821
0821
0821
0821
0821
0821
0821
0821
0821
0821
0821
0821
0821
0021
0021
0021
0021
0021
0021
0021
0021
0021
0021
0021
0021
0021
0021
0021
0021
0021
0021
0021
0021
0021
0021
0021
0021
0021
0021
0021
0021
0021
0021
0021
0021
0021
0021
0021
0021
0021
0021
0021
0021
0021
0021
0021
0021
0021
0021
0021
0021
0021
0021
0021
0021
0021
0021
0021
0021
0021
0021
0021
0021
0021
0021
0021
0021
0021
0021
0021
0021
0021
0021
0021
0021
0021
0021
0021
0021
0021
0021
0021
0821
0821
0821
0821
0821
0821
0821
0821
0821
0821
0821
0821
0821
0821
0821
0821
0821
0821
0821
0821
0821
0821
0821
0821
0821
0821
0821
0821
0821
0821
0821
0821
0821
0821
0821
0821
0821
0821
0821
0821
0821
0821
0821
0821
0821
0821
0821
0821
0821
0821
0821
0821
0821
0821
0821
0821
0821
0821
0821
0821
0821
0821
0821
0821
0821
0821
0821
0821
0821
0821
0821
0821
0821
0821
0821
0821
0821
0821
0821
0821
0821
0821
0821
0821
0821
0821
0821
0821
0821
0821
0821
0821
0821
0821
0821
0821
0821
0821
0821
0821
0821
0821
0821
0821
0821
0821
0821
0821
0821
0821
0821
0821
0821
0821
0821
0821
0821
0821
0821
0821
0821
0821
0821
0821
0821
0821
0821
0821
0821
0821
0821
0821
0821
0821
0821
0821
0821
0821
0821
0821
0821
0821
0821
0821
0821
0821
0821
0821
0821
0821
0821
0821
0821
0821
0821
0821
0821
0821
0821
0821
0821
0821
0821
0821
0821
0821
0821
0821
0821
0821
0821
0821
0821
0821
0821
0821
0821
0821
0021
0021
0021
0021
0021
0021
0021
0021
0021
0021
0021
0021
0021
0021
0021
0021
0021
0021
0021
0021
0021
0021
0021
0021
0021
0021
0021
0021
0021
0021
0021
0021
0021
0021
0021
0021
0021
0021
0021
0021
0021
0021
0021
0021
0021
0021
0021
0021
0021
0021
0021
0021
0021
0021
0021
0021
0021
0021
0021
0021
0021
0021
0021
0021
0021
0021
0021
0021
0021
0021
0021
0021
0021
0021
0021
0021
0021
0021
0821
0821
0821
0821
0821
0821
0821
0821
0821
0821
0821
0821
0821
0821
0821
0821
0821
0821
0821
0821
0821
0821
0821
0821
0821
0821
0821
0821
0821
0821
0821
0821
0821
0821
0821
0821
0821
0821
0821
0821
0821
0821
0821
0821
0821
0821
0821
0821
0821
0821
0821
0821
0821
0821
0821
0821
0821
0821
0821
0821
0821
0821
0821
0821
0821
0821
0821
0821
0821
0821
0821
0821
0821
0821
0821
0821
0821
0821
0821
0821
0821
0821
0821
0821
0821
0821
0821
0821
0821
0821
0821
0821
0821
0821
0821
0821
0821
0821
0821
0821
0821
0821
0821
0821
0821
0821
0821
0821
0821
0821
0821
0821
0821
0821
0821
0821
0821
0821
0821
0821
0821
0821
0821
0821
0821
0821
0821
0821
0821
0821
0821
0821
0821
0821
0821
0821
0821
0821
0821
0821
0821
0821
0821
0821
0821
0821
0821
0821
0821
0821
0821
0821
0821
0821
0821
0821
0821
0821
0821
0821
0821
0821
0821
0821
0821
0821
0821
0821
0821
0821
0821
0821
0821
0821
0821
0821
0821
0821
0821
0021
0021
0021
0021
0021
0021
0021
0021
0021
0021
0021
0021
0021
0021
0021
0021
0021
0021
0021
0021
0021
0021
0021
0021
0021
0021
0021
0021
0021
0021
0021
0021
0021
0021
0021
0021
0021
0021
0021
0021
0021
0021
0021
0021
0021
0021
0021
0021
0021
0021
0021
0021
0021
0021
0021
0021
0021
0021
0021
0021
0021
0021
0021
0021
0021
0021
0021
0021
0021
0021
0021
0021
0021
0021
0021
0021
0021
0021
0821
0821
0821
0821
0821
0821
0821
0821
0821
0821
0821
0821
0821
0821
0821
0821
0821
0821
0821
0821
0821
0821
0821
0821
0821
0821
0821
0821
0821
0821
0821
0821
0821
0821
0821
0821
0821
0821
0821
0821
0821
0821
0821
0821
0821
0821
0821
0821
0821
0821
0821
0821
0821
0821
0821
0821
0821
0821
0821
0821
0821
0821
0821
0821
0821
0821
0821
0821
0821
0821
0821
0821
0821
0821
0821
0821
0821
0821
0821
0821
0821
0821
0821
0821
0821
0821
0821
0821
0821
0821
0821
0821
0821
0821
0821
0821
0821
0821
0821
0821
0821
0821
0821
0821
0821
0821
0821
0821
0821
0821
0821
0821
0821
0821
0821
0821
0821
0821
0821
0821
0821
0821
0821
0821
0821
0821
0821
0821
0821
0821
0821
0821
0821
0821
0821
0821
0821
0821
0821
0821
0821
0821
0821
0821
0821
0821
0821
0821
0821
0821
0821
0821
0821
0821
0821
0821
0821
0821
0821
0821
0821
0821
0821
0821
0821
0821
0821
0821
0821
0821
0821
0821
0821
0821
0821
0821
0821
0821
0021
0021
0021
0021
0021
0021
0021
0021
0021
0021
0021
0021
0021
0021
0021
0021
0021
0021
0021
0021
0021
0021
0021
0021
0021
0021
0021
0021
0021
0021
0021
0021
0021
0021
0021
0021
0021
0021
0021
0021
0021
0021
0021
0021
0021
0021
0021
0021
0021
0021
0021
0021
0021
0021
0021
0021
0021
0021
0021
0021
0021
0021
0021
0021
0021
0021
0021
0021
0021
0021
0021
0021
0021
0021
0021
0021
0021
0021
0021
0821
0821
0821
0821
0821
0821
0821
0821
0821
0821
0821
0821
0821
0821
0821
0821
0821
0821
0821
0821
0821
0821
0821
0821
0821
0821
0821
0821
0821
0821
0821
0821
0821
0821
0821
0821
0821
0821
0821
0821
0821
0821
0821
0821
0821
0821
0821
0821
0821
0821
0821
0821
0821
0821
0821
0821
0821
0821
0821
0821
0821
0821
0821
0821
0821
0821
0821
0821
0821
0821
0821
0821
0821
0821
0821
0821
0821
0821
0821
0821
0821
0821
0821
0821
0821
0821
0821
0821
0821
0821
0821
0821
0821
0821
0821
0821
0821
0821
0821
0821
0821
0821
0821
0821
0821
0821
0821
0821
0821
0821
0821
0821
0821
0821
0821
0821
0821
0821
0821
0821
0821
0821
0821
0821
0821
0821
0821
0821
0821
0821
0821
0821
0821
0821
0821
0821
0821
0821
0821
0821
0821
0821
0821
0821
0821
0821
0821
0821
0821
0821
0821
0821
0821
0821
0821
0821
0821
0821
0821
0821
0821
0821
0821
0821
0821
0821
0821
0821
0821
0821
0821
0821
0821
0821
0821
0821
0821
0821
0021
0021
0021
0021
0021
0021
0021
0021
0021
0021
0021
0021
0021
0021
0021
0021
0021
0021
0021
0021
0021
0021
0021
0021
0021
0021
0021
