0821
0821
0821
0821
0821
0821
0821
0821
0821
0821
0821
0821
0821
0821
0821
0821
0821
0821
0821
0821
0821
0821
0821
0821
0821
0821
0821
0821
0821
0821
0821
0821
0821
0821
0821
0821
0821
0821
0821
0821
0821
0821
0821
0821
0821
0821
0821
0821
0821
0821
0821
0821
0821
0821
0821
0821
0821
0821
0821
0821
0821
0821
0821
0821
0821
0821
0821
0821
0821
0821
0821
0821
0821
0821
0821
0021
0021
0021
0021
0021
0021
0021
0021
0021
0021
0021
0021
0021
0021
0021
0021
0021
0021
0021
0021
0021
0021
0021
0021
0021
0021
0021
0021
0021
0021
0021
0021
0021
0021
0021
0021
0021
0021
0021
0021
0021
0021
0021
0021
0021
0021
0021
0021
0021
0021
0021
0021
0021
0021
0021
0021
0021
0021
0021
0021
0021
0021
0021
0021
0021
0021
0021
0021
0021
0021
0021
0021
0021
0021
0021
0021
0021
0021
0021
0021
0021
0021
0821
0821
0821
0821
0821
0821
0821
0821
0821
0821
0821
0821
0821
0821
0821
0821
0821
0821
0821
0821
0821
0821
0821
0821
0821
0821
0821
0821
0821
0821
0821
0821
0821
0821
0821
0821
0821
0821
0821
0821
0821
0821
0821
0821
0821
0821
0821
0821
0821
0821
0821
0821
0821
0821
0821
0821
0821
0821
0821
0821
0821
0821
0821
0821
0821
0821
0821
0821
0821
0821
0821
0821
0821
0821
0821
0821
0821
0821
0821
0821
0821
0821
0821
0821
0821
0821
0821
0821
0821
0821
0821
0821
0821
0821
0821
0821
0821
0821
0821
0821
0821
0821
0821
0821
0821
0821
0821
0821
0821
0821
0821
0821
0821
0821
0821
0821
0821
0821
0821
0821
0821
0821
0821
0821
0821
0821
0821
0821
0821
0821
0821
0821
0821
0821
0821
0821
0821
0821
0821
0821
0821
0821
0821
0821
0821
0821
0821
0821
0821
0821
0821
0821
0821
0821
0821
0821
0821
0821
0821
0821
0821
0821
0821
0821
0821
0821
0821
0821
0821
0821
0821
0821
0821
0821
0821
0021
0021
0021
0021
0021
0021
0021
0021
0021
0021
0021
0021
0021
0021
0021
0021
0021
0021
0021
0021
0021
0021
0021
0021
0021
0021
0021
0021
0021
0021
0021
0021
0021
0021
0021
0021
0021
0021
0021
0021
0021
0021
0021
0021
0021
0021
0021
0021
0021
0021
0021
0021
0021
0021
0021
0021
0021
0021
0021
0021
0021
0021
0021
0021
0021
0021
0021
0021
0021
0021
0021
0021
0021
0021
0021
0021
0021
0021
0021
0021
0021
0821
0821
0821
0821
0821
0821
0821
0821
0821
0821
0821
0821
0821
0821
0821
0821
0821
0821
0821
0821
0821
0821
0821
0821
0821
0821
0821
0821
0821
0821
0821
0821
0821
0821
0821
0821
0821
0821
0821
0821
0821
0821
0821
0821
0821
0821
0821
0821
0821
0821
0821
0821
0821
0821
0821
0821
0821
0821
0821
0821
0821
0821
0821
0821
0821
0821
0821
0821
0821
0821
0821
0821
0821
0821
0821
0821
0821
0821
0821
0821
0821
0821
0821
0821
0821
0821
0821
0821
0821
0821
0821
0821
0821
0821
0821
0821
0821
0821
0821
0821
0821
0821
0821
0821
0821
0821
0821
0821
0821
0821
0821
0821
0821
0821
0821
0821
0821
0821
0821
0821
0821
0821
0821
0821
0821
0821
0821
0821
0821
0821
0821
0821
0821
0821
0821
0821
0821
0821
0821
0821
0821
0821
0821
0821
0821
0821
0821
0821
0821
0821
0821
0821
0821
0821
0821
0821
0821
0821
0821
0821
0821
0821
0821
0821
0821
0821
0821
0821
0821
0821
0821
0821
0821
0821
0821
0821
0021
0021
0021
0021
0021
0021
0021
0021
0021
0021
0021
0021
0021
0021
0021
0021
0021
0021
0021
0021
0021
0021
0021
0021
0021
0021
0021
0021
0021
0021
0021
0021
0021
0021
0021
0021
0021
0021
0021
0021
0021
0021
0021
0841
0841
0821
0021
0021
0021
0021
0021
0021
0021
0021
0021
0021
0021
0021
0021
0021
0021
0021
0021
0021
0021
0021
0021
0021
0021
0021
0021
0021
0021
0021
0021
0021
0021
0021
0021
0021
0021
0821
0821
0821
0821
0821
0821
0821
0821
0821
0821
0821
0821
0821
0821
0821
0821
0821
0821
0821
0821
0821
0821
0821
0821
0821
0821
0821
0821
0821
0821
0821
0821
0821
0821
0821
0821
0821
0821
0821
0821
0821
0821
0821
0821
0821
0821
0821
0821
0821
0821
0821
0821
0821
0821
0821
0821
0821
0821
0821
0821
0821
0821
0821
0821
0821
0821
0821
0821
0821
0821
0821
0821
0821
0821
0821
0821
0821
0821
0821
0821
0821
0821
0821
0821
0821
0821
0821
0821
0821
0821
0821
0821
0821
0821
0821
0821
0821
0821
0821
0821
0821
0821
0821
0821
0821
0821
0821
0821
0821
0821
0821
0821
0821
0821
0821
0821
0821
0821
0821
0821
0821
0821
0821
0821
0821
0821
0821
0821
0821
0821
0821
0821
0821
0821
0821
0821
0821
0821
0821
0821
0821
0821
0821
0821
0821
0821
0821
0821
0821
0821
0821
0821
0821
0821
0821
0821
0821
0821
0821
0821
0821
0821
0821
0821
0821
0821
0821
0821
0821
0821
0821
0821
0821
0821
0821
0821
0021
0021
0021
0021
0021
0021
0021
0021
0021
0021
0021
0021
0021
0021
0021
0021
0021
0021
0021
0021
0021
0021
0021
0021
0021
0021
0021
0021
0021
0021
0021
0021
0021
0021
0021
0021
0021
0021
0021
0021
0021
0021
18e7
29ce
216b
1908
10a5
0863
0842
0821
0821
0021
0021
0021
0021
0021
0021
0021
0021
0021
0021
0021
0021
0021
0021
0021
0021
0021
0021
0021
0021
0021
0021
0021
0021
0021
0021
0021
0021
0021
0021
0821
0821
0821
0821
0821
0821
0821
0821
0821
0821
0821
0821
0821
0821
0821
0821
0821
0821
0821
0821
0821
0821
0821
0821
0821
0821
0821
0821
0821
0821
0821
0821
0821
0821
0821
0821
0821
0821
0821
0821
0821
0821
0821
0821
0821
0821
0821
0821
0821
0821
0821
0821
0821
0821
0821
0821
0821
0821
0821
0821
0821
0821
0821
0821
0821
0821
0821
0821
0821
0821
0821
0821
0821
0821
0821
0821
0821
0821
0821
0821
0821
0821
0821
0821
0821
0821
0821
0821
0821
0821
0821
0821
0821
0821
0821
0821
0821
0821
0821
0821
0821
0821
0821
0821
0821
0821
0821
0821
0821
0821
0821
0821
0821
0821
0821
0821
0821
0821
0821
0821
0821
0821
0821
0821
0821
0821
0821
0821
0821
0821
0821
0821
0821
0821
0821
0821
0821
0821
0821
0821
0821
0821
0821
0821
0821
0821
0821
0821
0821
0821
0821
0821
0821
0821
0821
0821
0821
0821
0821
0821
0821
0821
0821
0821
0821
0821
0821
0821
0821
0821
0821
0821
0821
0821
0821
0021
0021
0021
0021
0021
0021
0021
0021
0021
0021
0021
0021
0021
0021
0021
0021
0021
0021
0021
0021
0021
0021
0021
0021
0021
0021
0021
0021
0021
0021
0021
0021
0021
0021
0021
0021
0021
0021
0021
0021
0021
0021
1084
3a53
3a97
3a96
3a75
3253
31f0
298d
192a
10c6
1084
0862
0841
0821
0021
0021
0021
0021
0021
0021
0021
0021
0021
0021
0021
0021
0021
0021
0021
0021
0021
0021
0021
0021
0021
0021
0021
0021
0021
0021
0821
0821
0821
0821
0821
0821
0821
0821
0821
0821
0821
0821
0821
0821
0821
0821
0821
0821
0821
0821
0821
0821
0821
0821
0821
0821
0821
0821
0821
0821
0821
0821
0821
0821
0821
0821
0821
0821
0821
0821
0821
0821
0821
0821
0821
0821
0821
0821
0821
0821
0821
0821
0821
0821
0821
0821
0821
0821
0821
0821
0821
0821
0821
0821
0821
0821
0821
0821
0821
0821
0821
0821
0821
0821
0821
0821
0821
0821
0821
0821
0821
0821
0821
0821
0821
0821
0821
0821
0821
0821
0821
0821
0821
0821
0821
0821
0821
0821
0821
0821
0821
0821
0821
0821
0821
0821
0821
0821
0821
0821
0821
0821
0821
0821
0821
0821
0821
0821
0821
0821
0821
0821
0821
0821
0821
0821
0821
0821
0821
0821
0821
0821
0821
0821
0821
0821
0821
0821
0821
0821
0821
0821
0821
0821
0821
0821
0821
0821
0821
0821
0821
0821
0821
0821
0821
0821
0821
0821
0821
0821
0821
0821
0821
0821
0821
0821
0821
0821
0821
0821
0821
0821
0821
0821
0821
0021
0021
0021
0021
0021
0021
0021
0021
0021
0021
0021
0021
0021
0021
0021
0021
0021
0021
0021
0021
0021
0021
0021
0021
0021
0021
0021
0021
0021
0021
0021
0021
0021
0021
0021
0021
0021
0021
0021
0021
0021
0842
298d
3a97
21d4
21d3
2a15
3236
3277
3a97
3a96
3a74
3211
29ce
216b
1908
10a5
0863
0842
0821
0821
0021
0021
0021
0021
0021
0021
0021
0021
0021
0021
0021
0021
0021
0021
0021
0021
0021
0021
0021
0021
0821
0821
0821
0821
0821
0821
0821
0821
0821
0821
0821
0821
0821
0821
0821
0821
0821
0821
0821
0821
0821
0821
0821
0821
0821
0821
0821
0821
0821
0821
0821
0821
0821
0821
0821
0821
0821
0821
0821
0821
0821
0821
0821
0821
0821
0821
0821
0821
0821
0821
0821
0821
0821
0821
0821
0821
0821
0821
0821
0821
0821
0821
0821
0821
0821
0821
0821
0821
0821
0821
0821
0821
0821
0821
0821
0821
0821
0821
0821
0821
0821
0821
0821
0821
0821
0821
0821
0821
0821
0821
0821
0821
0821
0821
0821
0821
0821
0821
0821
0821
0821
0821
0821
0821
0821
0821
0821
0821
0821
0821
0821
0821
0821
0821
0821
0821
0821
0821
0821
0821
0821
0821
0821
0821
0821
0821
0821
0821
0821
0821
0821
0821
0821
0821
0821
0821
0821
0821
0821
0821
0821
0821
0821
0821
0821
0821
0821
0821
0821
0821
0821
0821
0821
0821
0821
0821
0821
0821
0821
0821
0821
0821
0821
0821
0821
0821
0821
0821
0821
0821
0821
0821
0821
0821
0821
0821
0021
0021
0021
0021
0021
0021
0021
0021
0021
0021
0021
0021
0021
0021
0021
0021
0021
0021
0021
0021
0021
0021
0021
0021
0021
0021
0021
0021
0021
0021
0021
0021
0021
0021
0021
0021
0021
0021
0021
0021
0021
10c6
3a74
2a36
1971
1151
1151
1971
1992
21b3
21f4
2a35
3256
3a76
3a96
3a74
3232
29ef
218c
1929
10c6
1084
0842
0841
0821
0021
0021
0021
0021
0021
0021
0021
0021
0021
0021
0021
0021
0021
0021
0021
0021
0821
0821
0821
0821
0821
0821
0821
0821
0821
0821
0821
0821
0821
0821
0821
0821
0821
0821
0821
0821
0821
0821
0821
0821
0821
0821
0821
0821
0821
0821
0821
0821
0821
0821
0821
0821
0821
0821
0821
0821
0821
0821
0821
0821
0821
0821
0821
0821
0821
0821
0821
0821
0821
0821
0821
0821
0821
0821
0821
0821
0821
0821
0821
0821
0821
0821
0821
0821
0821
0821
0821
0821
0821
0821
0821
0821
0821
0821
0821
0821
0821
0821
0821
0821
0821
0821
0821
0821
0821
0821
0821
0821
0821
0821
0821
0821
0821
0821
0821
0821
0821
0821
0821
0821
0821
0821
0821
0821
0821
0821
0821
0821
0821
0821
0821
0821
0821
0821
0821
0821
0821
0821
0821
0821
0821
0821
0821
0821
0821
0821
0821
0821
0821
0821
0821
0821
0821
0821
0821
0821
0821
0821
0821
0821
0821
0821
0821
0821
0821
0821
0821
0821
0821
0821
0821
0821
0821
0821
0821
0821
0821
0821
0821
0821
0821
0821
0821
0821
0821
0821
0821
0821
0821
0821
0821
0821
0021
0021
0021
0021
0021
0021
0021
0021
0021
0021
0021
0021
0021
0021
0021
0021
0021
0021
0021
0021
0021
0021
0021
0021
0021
0021
0021
0021
0021
0021
0021
0021
0021
0021
0021
0021
0021
0021
0021
0021
0842
29ae
3a97
19b3
1151
1151
1151
1151
1151
1151
1151
1951
1971
1992
21b2
29f4
2a34
3255
3a75
3a74
3232
31f0
29ad
214a
18e7
10a4
0863
0842
0821
0021
0021
0021
0021
0021
0021
0021
0021
0021
0021
0021
0821
0821
0821
0821
0821
0821
0821
0821
0821
0821
0821
0821
0821
0821
0821
0821
0821
0821
0821
0821
0821
0821
0821
0821
0821
0821
0821
0821
0821
0821
0821
0821
0821
0821
0821
0821
0821
0821
0821
0821
0821
0821
0821
0821
0821
0821
0821
0821
0821
0821
0821
0821
0821
0821
0821
0821
0821
0821
0821
0821
0821
0821
0821
0821
0821
0821
0821
0821
0821
0821
0821
0821
0821
0821
0821
0821
0821
0821
0821
0821
0821
0821
0821
0821
0821
0821
0821
0821
0821
0821
0821
0821
0821
0821
0821
0821
0821
0821
0821
0821
0821
0821
0821
0821
0821
0821
0821
0821
0821
0821
0821
0821
0821
0821
0821
0821
0821
0821
0821
0821
0821
0821
0821
0821
0821
0821
0821
0821
0821
0821
0821
0821
0821
0821
0821
0821
0821
0821
0821
0821
0821
0821
0821
0821
0821
0821
0821
0821
0821
0821
0821
0821
0821
0821
0821
0821
0821
0821
0821
0821
0821
0821
0821
0821
0821
0821
0821
0821
0821
0821
0821
0821
0821
0821
0821
0821
0021
0021
0021
0021
0021
0021
0021
0021
0021
0021
0021
0021
0021
0021
0021
0021
0021
0021
0021
0021
0021
0021
0021
0021
0021
0021
0021
0021
0021
0021
0021
0021
0021
0021
0021
0021
0021
0021
0021
0021
0821
18e7
3a75
2a15
1951
1151
1151
1151
1151
1150
1150
1150
1150
1130
1130
112f
114f
1150
1970
1991
21b2
29f3
3233
3254
3a53
3232
3210
29ce
216b
1908
0842
0021
0021
0021
0021
0021
0021
0021
0021
0021
0021
0821
0821
0821
0821
0821
0821
0821
0821
0821
0821
0821
0821
0821
0821
0821
0821
0821
0821
0821
0821
0821
0821
0821
0821
0821
0821
0821
0821
0821
0821
0821
0821
0821
0821
0821
0821
0821
0821
0821
0821
0821
0821
0821
0821
0821
0821
0821
0821
0821
0821
0821
0821
0821
0821
0821
0821
0821
0821
0821
0821
0821
0821
0821
0821
0821
0821
0821
0821
0821
0821
0821
0821
0821
0821
0821
0821
0821
0821
0821
0821
0821
0821
0821
0821
0821
0821
0821
0821
0821
0821
0821
0821
0821
0821
0821
0821
0821
0821
0821
0821
0821
0821
0821
0821
0821
0821
0821
0821
0821
0821
0821
0821
0821
0821
0821
0821
0821
0821
0821
0821
0821
0821
0821
0821
0821
0821
0821
0821
0821
0821
0821
0821
0821
0821
0821
0821
0821
0821
0821
0821
0821
0821
0821
0821
0821
0821
0821
0821
0821
0821
0821
0821
0821
0821
0821
0821
0821
0821
0821
0821
0821
0821
0821
0821
0821
0821
0821
0821
0821
0821
0821
0821
0821
0821
0821
0821
0021
0021
0021
0021
0021
0021
0021
0021
0021
0021
0021
0021
0021
0021
0021
0021
0021
0021
0021
0021
0021
0021
0021
0021
0021
0021
0021
0021
0021
0021
0021
0021
0021
0021
0021
0021
0021
0021
0021
0021
0863
29cf
3a97
1992
1151
1151
1150
1150
1150
1150
1150
1130
112f
112f
112f
112f
112f
112f
112e
112e
112e
112e
114f
196f
2190
21d1
29f2
3233
3253
10a5
0021
0021
0021
0021
0021
0021
0021
0021
0021
0021
0821
0821
0821
0821
0821
0821
0821
0821
0821
0821
0821
0821
0821
0821
0821
0821
0821
0821
0821
0821
0821
0821
0821
0821
0821
0821
0821
0821
0821
0821
0821
0821
0821
0821
0821
0821
0821
0821
0821
0821
0821
0821
0821
0821
0821
0821
0821
0821
0821
0821
0821
0821
0821
0821
0821
0821
0821
0821
0821
0821
0821
0821
0821
0821
0821
0821
0821
0821
0821
0821
0821
0821
0821
0821
0821
0821
0821
0821
0821
0821
0821
0821
0821
0821
0821
0821
0821
0821
0821
0821
0821
0821
0821
0821
0821
0821
0821
0821
0821
0821
0821
0821
0821
0821
0821
0821
0821
0821
0821
0821
0821
0821
0821
0821
0821
0821
0821
0821
0821
0821
0821
0821
0821
0821
0821
0821
0821
0821
0821
0821
0821
0821
0821
0821
0821
0821
0821
0821
0821
0821
0821
0821
0821
0821
0821
0821
0821
0821
0821
0821
0821
0821
0821
0821
0821
0821
0821
0821
0821
0821
0821
0821
0821
0821
0821
0821
0821
0821
0821
0821
0821
0821
0821
0821
0821
0821
0821
0021
0021
0021
0021
0021
0021
0021
0021
0021
0021
0021
0021
0021
0021
0021
0021
0021
0021
0021
0021
0021
0021
0021
0021
0021
0021
0021
0021
0021
0021
0021
0021
0021
0021
0021
0021
0021
0021
0021
0821
1908
3a95
2a14
1151
1150
1150
1150
1150
1130
1130
112f
112f
112f
112f
112f
112f
112e
112e
110e
110e
110e
110e
110d
110d
110d
110d
112e
2190
10a5
0021
0021
0021
0021
0021
0021
0021
0021
0021
0021
0821
0821
0821
0821
0821
0821
0821
0821
0821
0821
0821
0821
0821
0821
0821
0821
0821
0821
0821
0821
0821
0821
0821
0821
0821
0821
0821
0821
0821
0821
0821
0821
0821
0821
0821
0821
0821
0821
0821
0821
0821
0821
0821
0821
0821
0821
0821
0821
0821
0821
0821
0821
0821
0821
0821
0821
0821
0821
0821
0821
0821
0821
0821
0821
0821
0821
0821
0821
0821
0821
0821
0821
0821
0821
0821
0821
0821
0821
0821
0821
0821
0821
0821
0821
0821
0821
0821
0821
0821
0821
0821
0821
0821
0821
0821
0821
0821
0821
0821
0821
0821
0821
0821
0821
0821
0821
0821
0821
0821
0821
0821
0821
0821
0821
0821
0821
0821
0821
0821
0821
0821
0821
0821
0821
0821
0821
0821
0821
0821
0821
0821
0821
0821
0821
0821
0821
0821
0821
0821
0821
0821
0821
0821
0821
0821
0821
0821
0821
0821
0821
0821
0821
0821
0821
0821
0821
0821
0821
0821
0821
0821
0821
0821
0821
0821
0821
0821
0821
0821
0821
0821
0821
0821
0821
0821
0821
0821
0821
0021
0021
0021
0021
0021
0021
0021
0021
0021
0021
0021
0021
0021
0021
0021
0021
0021
0021
0021
0021
0021
0021
0021
0021
0021
0021
0021
0021
0021
0021
0021
0021
0021
0021
0021
0021
0021
0021
0021
0863
31f0
3276
1992
1150
1150
1150
1130
112f
112f
112f
112f
112f
112f
112e
112e
112e
110e
110e
110e
110d
110d
110d
110d
110d
110d
196f
3233
10a5
0021
0021
0021
0021
0021
0021
0021
0021
0021
0021
0821
0821
0821
0821
0821
0821
0821
0821
0821
0821
0821
0821
0821
0821
0821
0821
0821
0821
0821
0821
0821
0821
0821
0821
0821
0821
0821
0821
0821
0821
0821
0821
0821
0821
0821
0821
0821
0821
0821
0821
0821
0821
0821
0821
0821
0821
0821
0821
0821
0821
0821
0821
0821
0821
0821
0821
0821
0821
0821
0821
0821
0821
0821
0821
0821
0821
0821
0821
0821
0821
0821
0821
0821
0821
0821
0821
0821
0821
0821
0821
0821
0821
0821
0821
0821
0821
0821
0821
0821
0821
0821
0821
0821
0821
0821
0821
0821
0821
0821
0821
0821
0821
0821
0821
0821
0821
0821
0821
0821
0821
0821
0821
0821
0821
0821
0821
0821
0821
0821
0821
0821
0821
0821
0821
0821
0821
0821
0821
0821
0821
0821
0821
0821
0821
0821
0821
0821
0821
0821
0821
0821
0821
0821
0821
0821
0821
0821
0821
0821
0821
0821
0821
0821
0821
0821
0821
0821
0821
0821
0821
0821
0821
0821
0821
0821
0821
0821
0821
0821
0821
0821
0821
0821
0821
0821
0821
0821
0821
0821
0821
0021
0021
0021
0021
0021
0021
0021
0021
0021
0021
0021
0021
0021
0021
0021
0021
0021
0021
0021
0021
0021
0021
0021
0021
0021
0021
0021
0021
0021
0021
0021
0021
0021
0021
0021
0021
0021
0821
1929
3a95
21f4
1150
1150
1130
112f
112f
112f
112f
112f
112f
112e
112e
110e
110e
110e
110e
110d
110d
110d
110d
110d
110d
196f
3232
320f
0863
0021
0021
0021
0021
0021
0021
0021
0021
0021
0821
0821
0821
0821
0821
0821
0821
0821
0821
0821
0821
0821
0821
0821
0821
0821
0821
0821
0821
0821
0821
0821
0821
0821
0821
0821
0821
0821
0821
0821
0821
0821
0821
0821
0821
0821
0821
0821
0821
0821
0821
0821
0821
0821
0821
0821
0821
0821
0821
0821
0821
0821
0821
0821
0821
0821
0821
0821
0821
0821
0821
0821
0821
0821
0821
0821
0821
0821
0821
0821
0821
0821
0821
0821
0821
0821
0821
0821
0821
0821
0821
0821
0821
0821
0821
0821
0821
0821
0821
0821
0821
0821
0821
0821
0821
0821
0821
0821
0821
0821
0821
0821
0821
0821
0821
0821
0821
0821
0821
0821
0821
0821
0821
0821
0821
0821
0821
0821
0821
0821
0821
0821
0821
0821
0821
0821
0821
0821
0821
0821
0821
0821
0821
0821
0821
0821
0821
0821
0821
0821
0821
0821
0821
0821
0821
0821
0821
0821
0821
0821
0821
0821
0821
0821
0821
0821
0821
0821
0821
0821
0821
0821
0821
0821
0821
0821
0821
0821
0821
0821
0821
0821
0821
0821
0821
0821
0821
0821
0821
0821
0821
0821
0821
0021
0021
0021
0021
0021
0021
0021
0021
0021
0021
0021
0021
0021
0021
0021
0021
0021
0021
0021
0021
0021
0021
0021
0021
0021
0021
0021
0021
0021
0021
0021
0021
0021
0021
0021
0021
1084
3211
3256
1971
1130
112f
112f
112f
112f
112f
112e
112e
112e
110e
110e
110e
110d
110d
110d
110d
110d
110d
110d
196f
3232
31ef
18e6
0821
0021
0021
0021
0021
0021
0021
0021
0021
0821
0821
0821
0821
0821
0821
0821
0821
0821
0821
0821
0821
0821
0821
0821
0821
0821
0821
0821
0821
0821
0821
0821
0821
0821
0821
0821
0821
0821
0821
0821
0821
0821
0821
0821
0821
0821
0821
0821
0821
0821
0821
0821
0821
0821
0821
0821
0821
0821
0821
0821
0821
0821
0821
0821
0821
0821
0821
0821
0821
0821
0821
0821
0821
0821
0821
0821
0821
0821
0821
0821
0821
0821
0821
0821
0821
0821
0821
0821
0821
0821
0821
0821
0821
0821
0821
0821
0821
0821
0821
0821
0821
0821
0821
0821
0821
0821
0821
0821
0821
0821
0821
0821
0821
0821
0821
0821
0821
0821
0821
0821
0821
0821
0821
0821
0821
0821
0821
0821
0821
0821
0821
0821
0821
0821
0821
0821
0821
0821
0821
0821
0821
0821
0821
0821
0821
0821
0821
0821
0821
0821
0821
0821
0821
0821
0821
0821
0821
0821
0821
0821
0821
0821
0821
0821
0821
0821
0821
0821
0821
0821
0821
0821
0821
0821
0821
0821
0821
0821
0821
0821
0821
0821
0821
0821
0821
0821
0821
0821
0821
0821
0821
0821
0821
0821
0821
0021
0021
0021
0021
0021
0021
0021
0021
0021
0021
0021
0021
0021
0021
0021
0021
0021
0021
0021
0021
0021
0021
0021
0021
0021
0021
0021
0021
0021
0021
0021
0021
0021
0021
0821
214a
3a95
21d2
112f
112f
112f
112f
112f
112e
112e
110e
110e
110e
110e
110d
110d
110d
110d
110d
110d
110d
196f
3232
31ef
18c6
0821
0021
0021
0021
0021
0021
0021
0021
0021
0821
0821
0821
0821
0821
0821
0821
0821
0821
0821
0821
0821
0821
0821
0821
0821
0821
0821
0821
0821
0821
0821
0821
0821
0821
0821
0821
0821
0821
0821
0821
0821
0821
0821
0821
0821
0821
0821
0821
0821
0821
0821
0821
0821
0821
0821
0821
0821
0821
0821
0821
0821
0821
0821
0821
0821
0821
0821
0821
0821
0821
0821
0821
0821
0821
0821
0821
0821
0821
0821
0821
0821
0821
0821
0821
0821
0821
0821
0821
0821
0821
0821
0821
0821
0821
0821
0821
0821
0821
0821
0821
0821
0821
0821
0821
0821
0821
0821
0821
0821
0821
0821
0821
0821
0821
0821
0821
0821
0821
0821
0821
0821
0821
0821
0821
0821
0821
0821
0821
0821
0821
0821
0821
0821
0821
0821
0821
0821
0821
0821
0821
0821
0821
0821
0821
0821
0821
0821
0821
0821
0821
0821
0821
0821
0821
0821
0821
0821
0821
0821
0821
0821
0821
0821
0821
0821
0821
0821
0821
0821
0821
0821
0821
0821
0821
0821
0821
0821
0821
0821
0821
0821
0821
0821
0821
0821
0821
0821
0821
0821
0821
0821
0821
0821
0821
0821
0821
0821
0821
0821
0021
0021
0021
0021
0021
0021
0021
0021
0021
0021
0021
0021
0021
0021
0021
0021
0021
0021
0021
0021
0021
0021
0021
0021
0021
0021
0021
0021
0021
0021
0021
0021
1084
3231
3235
1950
1950
1970
112f
112e
112e
110e
110e
110e
110d
110d
110d
110d
110d
110d
110c
110c
196e
3232
31ef
18c6
0821
0021
0021
0021
0021
0021
0021
0021
0821
0821
0821
0821
0821
0821
0821
0821
0821
0821
0821
0821
0821
0821
0821
0821
0821
0821
0821
0821
0821
0821
0821
0821
0821
0821
0821
0821
0821
0821
0821
0821
0821
0821
0821
0821
0821
0821
0821
0821
0821
0821
0821
0821
0821
0821
0821
0821
0821
0821
0821
0821
0821
0821
0821
0821
0821
0821
0821
0821
0821
0821
0821
0821
0821
0821
0821
0821
0821
0821
0821
0821
0821
0821
0821
0821
0821
0821
0821
0821
0821
0821
0821
0821
0821
0821
0821
0821
0821
0821
0821
0821
0821
0821
0821
0821
0821
0821
0821
0821
0821
0821
0821
0821
0821
0821
0821
0821
0821
0821
0821
0821
0821
0821
0821
0821
0821
0821
0821
0821
0821
0821
0821
0821
0821
0821
0821
0821
0821
0821
0821
0821
0821
0821
0821
0821
0821
0821
0821
0821
0821
0821
0821
0821
0821
0821
0821
0821
0821
0821
0821
0821
0821
0821
0821
0821
0821
0821
0821
0821
0821
0821
0821
0821
0821
0821
0821
0821
0821
0821
0821
0821
0821
0821
0821
0821
0821
0821
0821
0821
0821
0821
0821
0821
0821
0821
0821
0821
0821
0821
0821
0821
0821
0821
0821
0821
0021
0021
0021
0021
0021
0021
0021
0021
0021
0021
0021
0021
0021
0021
0021
0021
0021
0021
0021
0021
0021
0021
0021
0021
0021
0021
0021
0021
0842
216b
3a75
21b1
2191
2171
194f
112e
110e
110e
110e
110d
110d
110d
110d
110d
110d
10ec
110c
196e
3212
31ee
10c6
0821
0021
0021
0021
0021
0021
0021
0821
0821
0821
0821
0821
0821
0821
0821
0821
0821
0821
0821
0821
0821
0821
0821
0821
0821
0821
0821
0821
0821
0821
0821
0821
0821
0821
0821
0821
0821
0821
0821
0821
0821
0821
0821
0821
0821
0821
0821
0821
0821
0821
0821
0821
0821
0821
0821
0821
0821
0821
0821
0821
0821
0821
0821
0821
0821
0821
0821
0821
0821
0821
0821
0821
0821
0821
0821
0821
0821
0821
0821
0821
0821
0821
0821
0821
0821
0821
0821
0821
0821
0821
0821
0821
0821
0821
0821
0821
0821
0821
0821
0821
0821
0821
0821
0821
0821
0821
0821
0821
0821
0821
0821
0821
0821
0821
0821
0821
0821
0821
0821
0821
0821
0821
0821
0821
0821
0821
0821
0821
0821
0821
0821
0821
0821
0821
0821
0821
0821
0821
0821
0821
0821
0821
0821
0821
0821
0821
0821
0821
0821
0821
0821
0821
0821
0821
0821
0821
0821
0821
0821
0821
0821
0821
0821
0821
0821
0821
0821
0821
0821
0821
0821
0821
0821
0821
0821
0821
0821
0821
0821
0821
0821
0821
0821
0821
0821
0821
0821
0821
0821
0821
0821
0821
0821
0821
0821
0821
0821
0821
0821
0821
0821
0821
0821
0821
0821
0821
0821
0821
0821
0821
0821
0021
0021
0021
0021
0021
0021
0021
0021
0021
0021
0021
0021
0021
0021
0021
0021
0021
0021
0021
0021
0021
0021
0021
10a5
3232
2a14
1970
1970
112e
110e
110e
110d
110d
110d
110d
110d
110d
110c
10ec
110c
196e
3211
31ee
10c6
0821
0021
0021
0021
0021
0821
0821
0821
0821
0821
0821
0821
0821
0821
0821
0821
0821
0821
0821
0821
0821
0821
0821
0821
0821
0821
0821
0821
0821
0821
0821
0821
0821
0821
0821
0821
0821
0821
0821
0821
0821
0821
0821
0821
0821
0821
0821
0821
0821
0821
0821
0821
0821
0821
0821
0821
0821
0821
0821
0821
0821
0821
0821
0821
0821
0821
0821
0821
0821
0821
0821
0821
0821
0821
0821
0821
0821
0821
0821
0821
0821
0821
0821
0821
0821
0821
0821
0821
0821
0821
0821
0821
0821
0821
0821
0821
0821
0821
0821
0821
0821
0821
0821
0821
0821
0821
0821
0821
0821
0821
0821
0821
0821
0821
0821
0821
0821
0821
0821
0821
0821
0821
0821
0821
0821
0821
0821
0821
0821
0821
0821
0821
0821
0821
0821
0821
0821
0821
0821
0821
0821
0821
0821
0821
0821
0821
0821
0821
0821
0821
0821
0821
0821
0821
0821
0821
0821
0821
0821
0821
0821
0821
0821
0821
0821
0821
0821
0821
0821
0821
0821
0821
0821
0821
0821
0821
0821
0821
0821
0821
0821
0821
0821
0821
0821
0821
0821
0821
0821
0821
0821
0821
0821
0821
0821
0821
0821
0821
0821
0821
0821
0821
0821
0821
0821
0821
0821
0821
0821
630c
634d
1062
0821
0821
0821
0821
0821
0821
0821
0021
0021
0021
0021
0021
0021
0021
0021
0021
0021
0021
0021
0021
0021
0021
0021
0842
218c
3a54
1970
110e
110e
110e
110d
110d
110d
110d
110d
110d
10ec
10ec
110c
196e
3211
31ce
10c5
0821
0821
0821
0821
0821
0821
0821
0821
0821
0821
0821
0821
0821
0821
0821
0821
0821
0821
0821
0821
0821
0821
0821
0821
0821
0821
0821
0821
0821
0821
0821
0821
0821
0821
0821
0821
0821
0821
0821
0821
0821
0821
0821
0821
0821
0821
0821
0821
0821
0821
0821
0821
0821
0821
0821
0821
0821
0821
0821
0821
0821
0821
0821
0821
0821
0821
0821
0821
0821
0821
0821
0821
0821
0821
0821
0821
0821
0821
0821
0821
0821
0821
0821
0821
0821
0821
0821
0821
0821
0821
0821
0821
0821
0821
0821
0821
0821
0821
0821
0821
0821
0821
0821
0821
0821
0821
0821
0821
0821
0821
0821
0821
0821
0821
0821
0821
0821
0821
0821
0821
0821
0821
0821
0821
0821
0821
0821
0821
0821
0821
0821
0821
0821
0821
0821
0821
0821
0821
0821
0821
0821
0821
0821
0821
0821
0821
0821
0821
0821
0821
0821
0821
0821
0821
0821
0821
0821
0821
0821
0821
0821
0821
0821
0821
0821
0821
0821
0821
0821
0821
0821
0821
0821
0821
0821
0821
0821
0821
0821
0821
0821
0821
0821
0821
0821
0821
0821
0821
0821
0821
0821
0821
0821
0821
0821
0821
0821
0821
0821
0821
0821
0821
0821
0821
0821
0821
0821
0821
0821
1082
738e
73af
18a3
0821
0821
0821
0821
0821
0821
0821
0821
0821
0821
0821
0821
0821
0821
0821
0821
0821
0821
0821
0821
0821
0821
0821
0821
10c6
3232
29f2
112e
110e
110d
110d
110d
110d
110d
110c
10ec
10ec
110c
196e
3211
31ce
10c5
0821
0821
0821
0821
0821
0821
0821
0821
0821
0821
0821
0821
0821
0821
0821
0821
0821
0821
0821
0821
0821
0821
0821
0821
0821
0821
0821
0821
0821
0821
0821
0821
0821
0821
0821
0821
0821
0821
0821
0821
0821
0821
0821
0821
0821
0821
0821
0821
0821
0821
0821
0821
0821
0821
0821
0821
0821
0821
0821
0821
0821
0821
0821
0821
0821
0821
0821
0821
0821
0821
0821
0821
0821
0821
0821
0821
0821
0821
0821
0821
0821
0821
0821
0821
0821
0821
0821
0821
0821
0821
0821
0821
0821
0821
0821
0821
0821
0821
0821
0821
0821
0821
0821
0821
0821
0821
0821
0821
0821
0821
0821
0821
0821
0821
0821
0821
0821
0821
0821
0821
0821
0821
0821
0821
0821
0821
0821
0821
0821
0821
0821
0821
0821
0821
0821
0821
0821
0821
0821
0821
0821
0821
0821
0821
0821
0821
0821
0821
0821
0821
0821
0821
0821
0821
0821
0821
0821
0821
0821
0821
0821
0821
0821
0821
0821
0821
0821
0821
0821
0821
0821
0821
0821
0821
0821
0821
0821
0821
0821
0821
0821
0821
0821
0821
0821
0821
0821
0821
0821
0821
0821
0821
0821
0821
0821
0821
0821
0821
0821
0821
0821
0821
0821
0821
0821
0821
0821
0821
0821
0821
0821
18e4
20e4
0821
0821
0821
0821
0821
0821
0821
0821
0821
0821
0821
0821
0821
0821
0821
0821
0821
0821
0821
0821
0821
0821
0821
0821
0821
0842
298c
3254
196f
110d
110d
110d
110d
110d
110c
10ec
10ec
10ec
196e
3211
31cd
10c5
0821
0821
0821
0821
0821
0821
0821
0821
0821
0821
0821
0821
0821
0821
0821
0821
0821
0821
0821
0821
0821
0821
0821
0821
0821
0821
0821
0821
0821
0821
0821
0821
0821
0821
0821
0821
0821
0821
0821
0821
0821
0821
0821
0821
0821
0821
0821
0821
0821
0821
0821
0821
0821
0821
0821
0821
0821
0821
0821
0821
0821
0821
0821
0821
0821
0821
0821
0821
0821
0821
0821
0821
0821
0821
0821
0821
0821
0821
0821
0821
0821
0821
0821
0821
0821
0821
0821
0821
0821
0821
0821
0821
0821
0821
0821
0821
0821
0821
0821
0821
0821
0821
0821
0821
0821
0821
0821
0821
0821
0821
0821
0821
0821
0821
0821
0821
0821
0821
0821
0821
0821
0821
0821
0821
0821
0821
0821
0821
0821
0821
0821
0821
0821
0821
0821
0821
0821
0821
0821
0821
0821
0821
0821
0821
0821
0821
0821
0821
0821
0821
0821
0821
0821
0821
0821
0821
0821
0821
0821
0821
0821
0821
0821
0821
0821
0821
0821
0821
0821
0821
0821
0821
0821
0821
0821
0821
0821
0821
0821
0821
0821
0821
0821
0821
0821
0821
0821
0821
0821
0821
0821
0821
0821
0821
0821
0821
0821
0821
0821
0821
0821
0821
0821
0821
0821
0821
0821
0821
0821
0821
0821
0821
0821
0821
0821
0821
0821
0821
0821
0821
0821
0821
0821
0821
0821
0821
0821
0821
0821
0821
0821
0821
0821
0821
0821
0821
0821
0821
0821
0821
18e6
3a32
29d1
110d
110d
110d
110d
10ec
10ec
10ec
10ec
196e
3211
31cd
10a5
0821
0821
0821
0821
0821
0821
0821
0821
0821
0821
0821
0821
0821
0821
0821
0821
0821
0821
0821
0821
0821
0821
0821
0821
0821
0821
0821
0821
0821
0821
0821
0821
0821
0821
0821
0821
0821
0821
0821
0821
0821
0821
0821
0821
0821
0821
0821
0821
0821
0821
0821
0821
0821
0821
0821
0821
0821
0821
0821
0821
0821
0821
0821
0821
0821
0821
0821
0821
0821
0821
0821
0821
0821
0821
0821
0821
0821
0821
0821
0821
0821
0821
0821
0821
0821
0821
0821
0821
0821
0821
0821
0821
0821
0821
0821
0821
0821
0821
0821
0821
0821
0821
0821
0821
0821
0821
0821
0821
0821
0821
0821
0821
0821
0821
0821
0821
0821
0821
0821
0821
0821
0821
0821
0821
0821
0821
0821
0821
0821
0821
0821
0821
0821
0821
0821
0821
0821
0821
0821
0821
0821
0821
0821
0821
0821
0821
0821
0821
0821
0821
0821
0821
0821
0821
0821
0821
0821
0821
0821
0821
0821
0821
0821
0821
0821
0821
0821
0821
0821
0821
0842
0841
0821
0821
0821
0821
0821
0821
0821
0821
0821
0821
0821
0821
0821
0821
0821
0821
0821
0821
0821
0821
0821
0821
0821
0821
0821
0821
0821
0821
0821
0821
0821
0821
0821
0821
0821
0821
0821
0821
0821
0821
0821
0821
0821
0821
0821
0821
0821
0821
0821
0821
0821
0821
0821
0821
0821
0821
0821
0821
0821
0821
0821
0821
0821
0821
0821
0821
0821
0821
0821
0862
29ad
3233
194e
110d
110d
10ec
10ec
10ec
10ec
196e
3211
31cd
10a5
0821
0821
0821
0821
0821
0821
0821
0821
0821
0821
0821
0821
0821
0821
0821
0821
0821
0821
0821
0821
0821
0821
0821
0821
0821
0821
0821
0821
0821
0821
0821
0821
0821
0821
0821
0821
0821
0821
0821
0821
0821
0821
0821
0821
0821
0821
0821
0821
0821
0821
0821
0821
0821
0821
0821
0821
0821
0821
0821
0821
0821
0821
0821
0821
0821
0821
0821
0821
0821
0821
0821
0821
0821
0821
0821
0821
0821
0821
0821
0821
0821
0821
0821
0821
0821
0821
0821
0821
0821
0821
0821
0821
0821
0821
0821
0821
0821
0821
0821
0821
0821
0821
0821
0821
0821
0821
0821
0821
0821
0821
0821
0821
0821
0821
0821
0821
0821
0821
0821
0821
0821
0821
0821
0821
0821
0821
0821
0821
0821
0821
0821
0821
0821
0821
0821
0821
0821
0821
0821
0821
0821
0821
0821
0821
0821
0821
0821
0821
0821
0821
0821
0821
0821
0821
0821
0821
0821
0821
0821
0821
0821
0821
0821
0821
0821
0821
0821
0821
0821
0821
0842
18e7
18e7
0841
0821
0821
0821
0821
0821
0821
0821
0821
0821
0821
0821
0821
0821
0821
0821
0821
0821
0821
0821
0821
0821
0821
0821
0821
0821
0821
0821
0821
0821
0821
0821
0821
0821
0821
0821
0821
0821
0821
0821
0821
0821
0821
0821
0821
0821
0821
0821
0821
0821
0821
0821
0821
0821
0821
0821
0821
0821
0821
0821
0821
0821
0821
0821
0821
0821
0821
0821
0821
0821
18e7
3a52
21b0
110d
110c
10ec
10ec
110c
196f
3231
31cd
10a5
0821
0821
0821
0821
0821
0821
0821
0821
0821
0821
0821
0821
0821
0821
0821
0821
0821
0821
0821
0821
0821
0821
0821
0821
0821
0821
0821
0821
0821
0821
0821
0821
0821
0821
0821
0821
0821
0821
0821
0821
0821
0821
0821
0821
0821
0821
0821
0821
0821
0821
0821
0821
0821
0821
0821
0821
0821
0821
0821
0821
0821
0821
0821
0821
0821
0821
0821
0821
0821
0821
0821
0821
0821
0821
0821
0821
0821
0821
0821
0821
0821
0821
0821
0821
0821
0821
0821
0821
0821
0821
0821
0821
0821
0821
0821
0821
0821
0821
0821
0821
0821
0821
0821
0821
0821
0821
0821
0821
0821
0821
0821
0821
0821
0821
0821
0821
0821
0821
0821
0821
0821
0821
0821
0821
0821
0821
0821
0821
0821
0821
0821
0821
0821
0821
0821
0821
0821
0821
0821
0821
0821
0821
0821
0821
0821
0821
0821
0821
0821
0821
0821
0821
0821
0821
0821
0821
0821
0821
0821
0821
0821
0821
0821
0821
0821
0821
0821
0821
0821
0821
0842
18e7
31f0
3231
10c6
0821
0821
0821
0821
0821
0821
0821
0821
0821
0821
0821
0821
0821
0821
0821
0821
0821
0821
0821
0821
0821
0821
0821
0821
0821
0821
0821
0821
0821
0821
0821
0821
0821
0821
0821
0821
0821
0821
0821
0821
0821
0821
0821
0821
0821
0821
0821
0821
0821
0821
0821
0821
0821
0821
0821
0821
0821
0821
0821
0821
0821
0821
0821
0821
0821
0821
0821
0821
0821
0863
29ce
3212
112e
110c
10ec
110c
216f
3232
29cd
10a5
0821
0821
0821
0821
0821
0821
0821
0821
0821
0821
0821
0821
0821
0821
0821
0821
0821
0821
0821
0821
0821
0821
0821
0821
0821
0821
0821
0821
0821
0821
0821
0821
0821
0821
0821
0821
0821
0821
0821
0821
0821
0821
0821
0821
0821
0821
0821
0821
0821
0821
0821
0821
0821
0821
0821
0821
0821
0821
0821
0821
0821
0821
0821
0821
0821
0821
0821
0821
0821
0821
0821
0821
0821
0821
0821
0821
0821
0821
0821
0821
0821
0821
0821
0821
0821
0821
0821
0821
0821
0821
0821
0821
0821
0821
0821
0821
0821
0821
0821
0821
0821
0821
0821
0821
0821
0821
0821
0821
0821
0821
0821
0821
0821
0821
0821
0821
0821
0821
0821
0821
0821
0821
0821
0821
0821
0821
0821
0821
0821
0821
0821
0821
0821
0821
0821
0821
0821
0821
0821
0821
0821
0821
0821
0821
0821
0821
0821
0821
0821
0821
0821
0821
0821
0821
0821
0821
0821
0821
0821
0821
0821
0821
0821
0821
0821
0821
0821
0821
0821
0821
0862
1908
3211
42f8
4b19
3210
10a5
0821
0821
0821
0821
0821
0821
0821
0821
0821
0821
0821
0821
0821
0821
0821
0821
0821
0821
0821
0821
0821
0821
0821
0821
0821
0821
0821
0821
0821
0821
0821
0821
0821
0821
0821
0821
0821
0821
0821
0821
0821
0821
0821
0821
0821
0821
0821
0821
0821
0821
0821
0821
0821
0821
0821
0821
0821
0821
0821
0821
0821
0821
0821
0821
0821
0821
0821
0821
0821
1908
3a52
2190
110c
110d
218f
3232
29cd
10a5
0821
0821
0821
0821
0821
0821
0821
0821
0821
0821
0821
0821
0821
0821
0821
0821
0821
0821
0821
0821
0821
0821
0821
0821
0821
0821
0821
0821
0821
0821
0821
0821
0821
0821
0821
0821
0821
0821
0821
0821
0821
0821
0821
0821
0821
0821
0821
0821
0821
0821
0821
0821
0821
0821
0821
0821
0821
0821
0821
0821
0821
0821
0821
0821
0821
0821
0821
0821
0821
0821
0821
0821
0821
0821
0821
0821
0821
0821
0821
0821
0821
0821
0821
0821
0821
0821
0821
0821
0821
0821
0821
0821
0821
0821
0821
0821
0821
0821
0821
0821
0821
0821
0821
0821
0821
0821
0821
0821
0821
0821
0821
0821
0821
0821
0821
0821
0821
0821
0821
0821
0821
0821
0821
0821
0821
0821
0821
0821
0821
0821
0821
0821
0821
0821
0821
0821
0821
0821
0821
0821
0821
0821
0821
0821
0821
0821
0821
0821
0821
0821
0821
0821
0821
0821
0821
0821
0821
0821
0821
0821
0821
0821
0821
0821
0821
0821
0821
0821
0821
0821
0863
1929
3232
42f9
42fa
3ab9
42f9
31ef
1084
0821
0821
0821
0821
0821
0821
0821
0821
0821
0821
0821
0821
0821
0821
0821
0821
0821
0821
0821
0821
0821
0821
0821
0821
0821
0821
0821
0821
0821
0821
0821
0821
0821
0821
0821
0821
0821
0821
0821
0821
0821
0821
0821
0821
0821
0821
0821
0821
0821
0821
0821
0821
0821
0821
0821
0821
0821
0821
0821
0821
0821
0821
0821
0821
0821
0821
0821
0821
1083
31ee
3212
112d
218f
3232
29cd
10a5
0821
0821
0821
0821
0821
0821
0821
0821
0821
0821
0821
0821
0821
0821
0821
0821
0821
0821
0821
0821
0821
0821
0821
0821
0821
0821
0821
0821
0821
0821
0821
0821
0821
0821
0821
0821
0821
0821
0821
0821
0821
0821
0821
0821
0821
0821
0821
0821
0821
0821
0821
0821
0821
0821
0821
0821
0821
0821
0821
0821
0821
0821
0821
0821
0821
0821
0821
0821
0821
0821
0821
0821
0821
0821
0821
0821
0821
0821
0821
0821
0821
0821
0821
0821
0821
0821
0821
0821
0821
0821
0821
0821
0821
0821
0821
0821
0821
0821
0821
0821
0821
0821
0821
0821
0821
0821
0821
0821
0821
0821
0821
0821
0821
0821
0821
0821
0821
0821
0821
0821
0821
0821
0821
0821
0821
0821
0821
0821
0821
0821
0821
0821
0821
0821
0821
0821
0821
0821
0821
0821
0821
0821
0821
0821
0821
0821
0821
0821
0821
0821
0821
0821
0821
0821
0821
0821
0821
0821
0821
0821
0821
0821
0821
0821
0821
0821
0821
0821
0821
0821
0883
214a
3a53
4b19
42fa
3277
2a15
3ab9
42f8
29ae
0883
0821
0821
0821
0821
0821
0821
0821
0821
0821
0821
0821
0821
0821
0821
0821
0821
0821
0821
0821
0821
0821
0821
0821
0821
0821
0821
0821
0821
0821
0821
0821
0821
0821
0821
0821
0821
0821
0821
0821
0821
0821
0821
0821
0821
0821
0821
0821
0821
0821
0821
0821
0821
0821
0821
0821
0821
0821
0821
0821
0821
0821
0821
0821
0821
0821
0821
0821
0821
2129
3a32
21b0
3232
29cd
10a5
0821
0821
0821
0821
0821
0821
0821
0821
0821
0821
0821
0821
0821
0821
0821
0821
0821
0821
0821
0821
0821
0821
0821
0821
0821
0821
0821
0821
0821
0821
0821
0821
0821
0821
0821
0821
0821
0821
0821
0821
0821
0821
0821
0821
0821
0821
0821
0821
0821
0821
0821
0821
0821
0821
0821
0821
0821
0821
0821
0821
0821
0821
0821
0821
0821
0821
0821
0821
0821
0821
0821
0821
0821
0821
0821
0821
0821
0821
0821
0821
0821
0821
0821
0821
0821
0821
0821
0821
0821
0821
0821
0821
0821
0821
0821
0821
0821
0821
0821
0821
0821
0821
0821
0821
0821
0821
0821
0821
0821
0821
0821
0821
0821
0821
0821
0821
0821
0821
0821
0821
0821
0821
0821
0821
0821
0821
0821
0821
0821
0821
0821
0821
0821
0821
0821
0821
0821
0821
0821
0821
0821
0821
0821
0821
0821
0821
0821
0821
0821
0821
0821
0821
0821
0821
0821
0821
0821
0821
0821
0821
0821
0821
0821
0821
0821
0821
0821
0821
0821
0821
1084
216b
3a74
4b1a
42fa
3257
21d4
1992
21f5
3ad9
42d8
298c
0863
0821
0821
0821
0821
0821
0821
0821
0821
0821
0821
0821
0821
0821
0821
0821
0821
0821
0821
20e5
41c9
0862
0821
0821
0821
0821
0821
0821
0821
0821
0821
0821
0821
0821
0821
0821
0821
0821
0821
0821
0821
0821
0821
0821
0821
0821
0821
0821
0821
0821
0821
0821
0821
0821
0821
0821
0821
0821
0821
0821
0821
0821
0821
0821
0821
0821
0821
0821
1084
31ef
3a52
29cd
10a4
0821
0821
0821
0821
0821
0821
0821
0821
0821
0821
0821
0821
0821
0821
0821
0821
0821
0821
0821
0821
0821
0821
0821
0821
0821
0821
0821
0821
0821
0821
0821
0821
0821
0821
0821
0821
0821
0821
0821
0821
0821
0821
0821
0821
0821
0821
0821
0821
0821
0821
0821
0821
0821
0821
0821
0821
0821
0821
0821
0821
0821
0821
0821
0821
0821
0821
0821
0821
0821
0821
0821
0821
0821
0821
0821
0821
0821
0821
0821
0821
0821
0821
0821
0821
0821
0821
0821
0821
0821
0821
0821
0821
0821
0821
0821
0821
0821
0821
0821
0821
0821
0821
0821
0821
0821
0821
0821
0821
0821
0821
0821
0821
0821
0821
0821
0821
0821
0821
0821
0821
0821
0821
0821
0821
0821
0821
0821
0821
0821
0821
0821
0821
0821
0821
0821
0821
0821
0821
0821
0821
0821
0821
0821
0821
0821
0821
0821
0821
0821
0821
0821
0821
0821
0821
0821
0821
0821
0821
0821
0821
0821
0821
0821
0821
0821
0821
0821
0821
0821
0841
10a5
218c
3a94
4b1a
42da
2a37
21b4
1972
1172
1992
2a15
42da
42d7
216b
0862
0821
0821
0821
0821
0821
0821
0821
0821
0821
0821
0821
0821
0821
0821
0821
0821
0821
524b
7350
20e5
0821
0821
0821
0821
0821
0821
0821
0821
0821
0821
0821
0821
0821
0821
0821
0821
0821
0821
0821
0821
0821
0821
0821
0821
0821
0821
0821
0821
0821
0821
0821
0821
0821
0821
0821
0821
0821
0821
0821
0821
0821
0821
0821
0821
0821
0821
0841
18c6
1908
1084
0821
0821
0821
0821
0821
0821
0821
0821
0821
0821
0821
0821
0821
0821
0821
0821
0821
0821
0821
0821
0821
0821
0821
0821
0821
0821
0821
0821
0821
0821
0821
0821
0821
0821
0821
0821
0821
0821
0821
0821
0821
0821
0821
0821
0821
0821
0821
0821
0821
0821
0821
0821
0821
0821
0821
0821
0821
0821
0821
0821
0821
0821
0821
0821
0821
0821
0821
0821
0821
0821
0821
0821
0821
0821
0821
0821
0821
0821
0821
0821
0821
0821
0821
0821
0821
0821
0821
0821
0821
0821
0821
0821
0821
0821
0821
0821
0821
0821
0821
0821
0821
0821
0821
0821
0821
0821
0821
0821
0821
0821
0821
0821
0821
0821
0821
0821
0821
0821
0821
0821
0821
0821
0821
0821
0821
0821
0821
0821
0821
0821
0821
0821
0821
0821
0821
0821
0821
0821
0821
0821
0821
0821
0821
0821
0821
0821
0821
0821
0821
0821
0821
0821
0821
0821
0821
0821
0821
0821
0821
0821
0821
0821
0821
0821
0821
0821
0821
0821
0821
0841
10a5
29ad
4295
4b1a
3ab9
2a36
21b3
1972
1172
1172
1172
1992
2a16
42fa
42b6
214a
0842
0821
0821
0821
0821
0821
0821
0821
0821
0821
0821
0821
0821
0821
0821
0821
0821
1083
2946
0821
0821
0821
0821
0821
0821
0821
0821
0821
0821
0821
0821
0821
0821
0821
0821
0821
0821
0821
0821
0821
0821
0821
0821
0821
0821
0821
0821
0821
0821
0821
0821
0821
0821
0821
0821
0821
0821
0821
0821
0821
0821
0821
0821
0821
0821
0821
0821
0821
0821
0821
0821
0821
0821
0821
0821
0821
0821
0821
0821
0821
0821
0821
0821
0821
0821
0821
0841
0841
0842
1062
0842
0842
0842
0841
0842
0821
0821
0821
0821
0821
0821
0821
0821
0821
0821
0821
0821
0821
0821
0821
0821
0821
0821
0821
0821
0821
0821
0821
0821
0821
0821
0821
0821
0821
0821
0821
0821
0821
0821
0821
0821
0821
0821
0821
0821
0821
0821
0821
0821
0821
0821
0821
0821
0821
0821
0821
0821
0821
0821
0821
0821
0821
0821
0821
0821
0821
0821
0821
0821
0821
0821
0821
0821
0821
0821
0821
0821
0821
0821
0821
0821
0821
0821
0821
0821
0821
0821
0821
0821
0821
0821
0821
0821
0821
0821
0821
0821
0821
0821
0821
0821
0821
0821
0821
0821
0821
0821
0821
0821
0821
0821
0821
0821
0821
0821
0821
0821
0821
0821
0821
0821
0821
0821
0821
0821
0821
0821
0821
0821
0821
0821
0821
0821
0821
0821
0821
0821
0821
0821
0821
0821
0821
0821
0821
0821
0821
0821
0821
0842
10c6
29ce
42b6
431a
3ab9
2a15
19b3
1971
1151
1151
1151
1151
1151
1992
2a36
42fa
3a95
1908
0842
0821
0821
0821
0821
0821
0821
0821
0821
0821
0821
0821
0821
0821
0821
0821
0821
0821
0821
0821
0821
0821
0821
0821
0821
0821
0821
0821
0821
0821
0821
0821
0821
0821
0821
0821
0821
0821
0821
0821
0821
0821
0821
0821
0821
0821
0821
0821
0821
0821
0821
0821
0821
0821
0821
0821
0821
0821
0821
0821
0821
0821
0821
0821
0821
0821
0821
0821
0821
0821
0821
0821
0821
0821
0821
0821
0821
0821
0821
0821
0821
0821
0821
0821
0841
0842
1062
1083
18c4
1083
1062
1062
1062
1062
0842
0841
0821
0821
0821
0821
0821
0821
0821
0821
0821
0821
0821
0821
0821
0821
0821
0821
0821
0821
0821
0821
0821
0821
0821
0821
0821
0821
0821
0821
0821
0821
0821
0821
0821
0821
0821
0821
0821
0821
0821
0821
0821
0821
0821
0821
0821
0821
0821
0821
0821
0821
0821
0821
0821
0821
0821
0821
0821
0821
0821
0821
0821
0821
0821
0821
0821
0821
0821
0821
0821
0821
0821
0821
0821
0821
0821
0821
0821
0821
0821
0821
0821
0821
0821
0821
0821
0821
0821
0821
0821
0821
0821
0821
0821
0821
0821
0821
0821
0821
0821
0821
0821
0821
0821
0821
0821
0821
0821
0821
0821
0821
0821
0821
0821
0821
0821
0821
0821
0821
0821
0821
0821
0821
0821
0821
0821
0821
0821
0821
0821
0821
0821
0821
0821
0821
0821
0821
0821
0821
0821
0821
0842
18e7
31ef
42b6
42fa
3a98
2a15
1992
1971
1151
1151
1151
1151
1151
1151
1151
1993
3256
42fa
3a73
18e7
0841
0821
0821
0821
0821
0821
0821
0821
0821
0821
0821
0821
0821
0821
0821
0821
0821
0821
0821
0821
0821
0821
0821
0821
0821
0821
0821
0821
0821
0821
0821
0821
0821
0821
0821
0821
0821
0821
0821
0821
0821
0821
0821
0821
0821
0821
0821
0821
0821
0821
0821
0821
0821
0821
0821
0821
0821
0821
0821
0821
0821
0821
0821
0821
0821
0821
0821
0821
0821
0821
0821
0821
0821
0821
0821
0821
0821
0821
0821
0821
0821
0821
0821
0841
1062
18a3
2105
5aab
20e4
18a3
1083
1083
1083
1062
0842
0841
0841
0821
0821
0821
0821
0821
0821
0821
0821
0821
0821
0821
0821
0821
0821
0821
0821
0821
0821
0821
0821
0821
0821
0821
0821
0821
0821
0821
0821
0821
0821
0821
0821
0821
0821
0821
0821
0821
0821
0821
0821
0821
0821
0821
0821
0821
0821
0821
0821
0821
0821
0821
0821
0821
0821
0821
0821
0821
0821
0821
0821
0821
0821
0821
0821
0821
0821
0821
0821
0821
0821
0821
0821
0821
0821
0821
0821
0821
0821
0821
0821
0821
0821
0821
0821
0821
0821
0821
0821
0821
0821
0821
0821
0821
0821
0821
0821
0821
0821
0821
0821
0821
0821
0821
0821
0821
0821
0821
0821
0821
0821
0821
0821
0821
0821
0821
0821
0821
0821
0821
0821
0821
0821
0821
0821
0821
0821
0821
0821
0821
0821
0821
0821
0821
0821
0821
0821
0821
0842
1907
31ef
42d7
42f9
3277
21f4
1992
1951
1151
1151
1151
1151
1151
1151
1151
1151
1151
1993
3257
42f9
3a52
10c6
0821
0821
0821
0821
0821
0821
0821
0821
0821
0821
0821
0821
0821
0821
0821
0821
0821
0821
0821
0821
0821
0821
0821
0821
0821
0821
0821
0821
0821
0821
0821
0821
0821
0821
0821
0821
0821
0821
0821
0821
0821
0821
0821
0821
0821
0821
0821
0821
0821
0821
0821
0821
0821
0821
0841
0841
0821
0821
0821
0821
0821
0821
0821
0821
0821
0821
0821
0821
0821
0821
0821
0821
0821
0821
0821
0821
0821
0821
0821
0821
0821
0821
0862
1082
3187
d69a
ffff
ce39
2105
2105
62ad
734f
3187
1062
0842
0841
0841
0821
0841
0841
0842
1062
0841
0841
0821
0821
0821
0821
0821
0821
0821
0821
0821
0821
0821
0821
0821
0821
0821
0821
0821
0821
0821
0821
0821
0821
0821
0821
0821
0821
0821
0821
0821
0821
0821
0821
0821
0821
0821
0821
0821
0821
0821
0821
0821
0821
0821
0821
0821
0821
0821
0821
0821
0821
0821
0821
0821
0821
0821
0821
0821
0821
0821
0821
0821
0821
0821
0821
0821
0821
0821
0821
0821
0821
0821
0821
0821
0821
0821
0821
0821
0821
0821
0821
0821
0821
0821
0821
0821
0821
0821
0821
0821
0821
0821
0821
0821
0821
0821
0821
0821
0821
0821
0821
0821
0821
0821
0821
0821
0821
0821
0821
0821
0821
0821
0821
0821
0821
0821
0821
0821
0821
0821
0821
0821
0821
0821
0821
0821
0821
0821
0821
0863
1908
3210
42d7
42f9
3277
21d4
1972
1151
1151
1151
1151
1151
1151
1151
1151
1151
1151
1151
1151
21b3
3277
42f9
3211
10a5
0821
0821
0821
0821
0821
0821
0821
0821
0821
0821
0821
0821
0821
0821
0821
0821
0821
0821
0821
0821
0821
0821
0821
0821
0821
0821
0821
0821
0821
0821
0821
0821
0821
0821
0821
0821
0821
0821
0821
0821
0821
0821
0821
0821
0821
0821
0821
0821
0821
0821
0841
0841
0841
0862
0862
0841
0841
0841
0821
0821
0821
0821
0821
0821
0821
0821
0821
0821
0821
0821
0821
0821
0821
0821
0821
0821
0821
0821
0821
0821
0841
1082
18c3
4a4a
ffff
ffff
ffdf
3187
7b91
ff3f
ff7f
c599
18a3
0862
0841
0841
0821
0841
1062
1083
18a3
1062
0842
0841
0821
0821
0821
0821
0821
0821
0821
0821
0821
0821
0821
0821
0821
0821
0821
0821
0821
0821
0821
0821
0821
0821
0821
0821
0821
0821
0821
0821
0821
0821
0821
0821
0821
0821
0821
0821
0821
0821
0821
0821
0821
0821
0821
0821
0821
0821
0821
0821
0821
0821
0821
0821
0821
0821
0821
0821
0821
0821
0821
0821
0821
0821
0821
0821
0821
0821
0821
0821
0821
0821
0821
0821
0821
0821
0821
0821
0821
0821
0821
0821
0821
0821
0821
0821
0821
0821
0821
0821
0821
0821
0821
0821
0821
0821
0821
0821
0821
0821
0821
0821
0821
0821
0821
0821
0821
0821
0821
0821
0821
0821
0821
0821
0821
0821
0821
0821
0821
0821
0821
0821
0821
0821
0821
0821
0821
0821
0863
2129
3231
42d7
42d9
3256
21d3
1971
1150
1150
1150
1150
1150
1150
1150
1151
1151
1151
1151
1151
1151
1951
21b3
3277
42f8
31ef
10a4
0821
0821
0821
0821
0821
0821
0821
0821
0821
0821
0821
0821
0821
0821
0821
0821
0821
0821
0821
0821
0821
0821
0821
0821
0821
0821
0821
0821
0821
0821
0821
0821
0821
0821
0821
0821
0821
0821
0821
0821
0821
0821
0821
0821
0821
0821
0821
0821
0821
0841
0842
1062
1082
10a3
1062
0862
0841
0841
0821
0821
0821
0821
0821
0821
0821
0821
0821
0821
0821
0821
0821
0821
0821
0821
0821
0821
0821
0821
0821
0821
0842
1082
2925
ce39
ffdf
b576
3166
d63b
ffbf
ffff
ff5f
526b
1083
0862
0841
0841
0862
18a3
a515
c619
41e8
1062
0841
0821
0821
0821
0821
0821
0841
0841
0862
0841
0841
0841
0821
0821
0821
0821
0821
0821
0821
0821
0821
0821
0821
0821
0821
0821
0821
0821
0821
0821
0821
0821
0821
0821
0821
0821
0821
0821
0821
0821
0821
0821
0821
0821
0821
0821
0821
0821
0821
0821
0821
0821
0821
0821
0821
0821
0821
0821
0821
0821
0821
0821
0821
0821
0821
0821
0821
0821
0821
0821
0821
0821
0821
0821
0821
0821
0821
0821
0821
0821
0821
0821
0821
0821
0821
0821
0821
0821
0821
0821
0821
0821
0821
0821
0821
0821
0821
0821
0821
0821
0821
0821
0821
0821
0821
0821
0821
0821
0821
0821
0821
0821
0821
0821
0821
0821
0821
0821
0821
0821
0821
0821
0821
0821
0821
0821
1084
214a
3a52
42d7
42d8
3235
21b3
1971
1150
1150
1150
1150
1150
1150
1150
1150
1150
1150
1150
1150
1150
1150
1150
1951
21d3
3a97
42d8
29ce
1084
0821
0821
0821
0821
0821
0821
0821
0821
0821
0821
0821
0821
0821
0821
0821
0821
0821
0821
0821
0821
0821
0821
0821
0821
0821
0821
0821
0821
0821
0821
0821
0821
0821
0821
0821
0821
0821
0821
0821
0821
0821
0821
0821
0821
0821
0821
0821
0841
0841
1062
18a3
4a6a
630c
18e3
1062
0842
0841
0821
0821
0821
0821
0821
0821
0821
0821
0821
0821
0821
0821
0821
0821
0821
0821
0821
0821
0821
0821
0821
0821
0841
1062
10a3
20e4
4a2a
2105
18e4
7b91
ff3f
ff7f
d5fb
18a3
0862
0841
0841
0841
1062
41e9
ffff
ffff
9472
1083
0842
0821
0821
0821
0821
0821
0841
0862
1083
1082
0862
0841
0821
0821
0821
0821
0821
0821
0821
0821
0821
0821
0821
0821
0821
0821
0821
0821
0821
0821
0821
0821
0821
0821
0821
0821
0821
0821
0821
0821
0821
0821
0821
0821
0821
0821
0821
0821
0821
0821
0821
0821
0821
0821
0821
0821
0821
0821
0821
0821
0821
0821
0821
0821
0821
0821
0821
0821
0821
0821
0821
0821
0821
0821
0821
0821
0821
0821
0821
0821
0821
0821
0821
0821
0821
0821
0821
0821
0821
0821
0821
0821
0821
0821
0821
0821
0821
0821
0821
0821
0821
0821
0821
0821
0821
0821
0821
0821
0821
0821
0821
0821
0821
0821
0821
0821
0821
0821
0821
0821
0821
0821
0821
0821
0821
1084
216b
3a52
42f8
3ab8
2a35
21b2
1950
1150
1150
1150
1150
1150
1150
1150
1150
1150
1150
1150
1150
1150
1150
1150
1150
1150
1951
21d3
3a98
42d7
29ac
0863
0821
0821
0821
0821
0821
0821
0821
0821
0821
0821
0821
0821
0821
0821
0821
0821
0821
0821
0821
0821
0821
0821
0821
0821
0821
0821
0821
0821
0821
0821
0821
0821
0821
0821
0821
0821
0821
0821
0821
0821
0821
0821
0821
0821
0821
0821
0841
0862
1082
5aeb
ffff
ffff
8430
10a3
0862
0841
0821
0821
0821
0821
0821
0821
0821
0821
0821
0821
0821
0821
0821
0821
0821
0821
0821
0821
0821
0821
0821
0821
0841
0842
1062
1083
18c4
10a3
1083
18c4
7b91
7b70
41c9
1062
0842
0841
0841
0841
0862
18a3
ad56
d69a
3187
1062
0841
0821
0821
0821
0821
0841
0862
2925
ad35
9492
10a3
0842
0821
0821
0821
0821
0821
0821
0821
0821
0821
0821
0821
0821
0821
0821
0821
0821
0821
0821
0821
0821
0821
0821
0821
0821
0821
0821
0821
0821
0821
0821
0821
0821
0821
0821
0821
0821
0821
0821
0821
0821
0821
0821
0821
0821
0821
0821
0821
0821
0821
0821
0821
0821
0821
0821
0821
0821
0821
0821
0821
0821
0821
0821
0821
0821
0821
0821
0821
0821
0821
0821
0821
0821
0821
0821
0821
0821
0821
0821
0821
0821
0821
0821
0821
0821
0821
0821
0821
0821
0821
0821
0821
0821
0821
0821
0821
0821
0821
0821
0821
0821
0821
0821
0821
0821
0821
0821
0821
0821
0821
0821
0821
0841
10a5
298b
3a73
42d8
3a97
2a14
1992
1950
1130
1150
1150
1150
1150
1150
1150
1150
1150
1150
1150
1150
1150
1150
1150
1150
1150
1150
1150
1951
21f4
3ab8
42b6
216b
0863
0821
0821
0821
0821
0821
0821
0821
0821
0821
0821
0821
0821
0821
0821
0821
0821
0821
0821
0821
0821
0821
0821
0821
0821
0821
0821
0821
0821
0821
0821
0821
0821
0821
0821
0821
0821
0821
0821
0821
0821
0821
0821
0821
0821
0821
0841
1082
18c3
ad75
ffff
ffff
d69a
20e4
1082
0862
0821
0821
0821
0821
0821
0821
0821
0821
0821
0821
0821
0821
0821
0821
0821
0821
0821
0821
0821
0821
0821
0821
0841
0841
0841
0862
1082
1062
1062
1062
1082
1083
1062
0842
0841
0841
0821
0821
0841
1062
1083
18a3
1062
0842
0841
0821
0821
0821
0821
0841
1062
630c
ffff
ffff
3186
1062
0841
0821
0821
0821
0821
0821
0821
0821
0821
0821
0821
0821
0821
0821
0821
0821
0821
0821
0821
0821
0821
0821
0821
0821
0821
0821
0821
0821
0821
0821
0821
0821
0821
0821
0821
0821
0821
0821
0821
0821
0821
0821
0821
0821
0821
0821
0821
0821
0821
0821
0821
0821
0821
0821
0821
0821
0821
0821
0821
0821
0821
0821
0821
0821
0821
0821
0821
0821
0821
0821
0821
0821
0821
0821
0821
0821
0821
0821
0821
0821
0821
0821
0821
0821
0821
0821
0821
0821
0821
0821
0821
0821
0821
0821
0821
0821
0821
0821
0821
0821
0821
0821
0821
0821
0821
0821
0821
0821
0821
0821
0841
10a5
298c
3a94
42d7
3a96
29f4
1991
1150
1130
1130
1130
1130
1130
1130
1130
1130
1130
1130
1130
1130
1150
1150
1150
1150
1150
1150
1150
1150
1150
1971
29f4
3ab8
4295
214a
0842
0821
0821
0821
0821
0821
0821
0821
0821
0821
0841
0862
1082
1083
1083
1082
0842
0821
0821
0821
0821
0821
0821
0821
0821
0821
0821
0821
0821
0821
0821
0821
0821
0821
0821
0821
0821
0821
0821
0821
0821
0821
0821
0821
0821
0841
0842
1082
39e8
ef7d
ef9d
6b2d
1082
0862
0841
0821
0821
0821
0821
0821
0821
0821
0821
0821
0821
0821
0821
0821
0821
0821
0821
0821
0821
0821
0821
0821
0821
0821
0821
0821
0821
0821
0841
0841
0842
0842
1062
0842
0841
0841
0841
0821
0821
0841
0841
0842
1062
0841
0841
0821
0821
0821
0821
0821
0841
0862
2104
b596
9493
1083
0842
0821
0821
0821
0821
0821
0821
0821
0821
0821
0821
0821
0821
0821
0821
0821
0821
0821
0821
0821
0821
0821
0821
0821
0821
0821
0821
0821
0821
0821
0821
0821
0821
0821
0821
0821
0821
0821
0821
0821
0821
0821
0821
0821
0821
0821
0821
0821
0821
0821
0821
0821
0821
0821
0821
0821
0821
0821
0821
0821
0821
0821
0821
0821
0821
0821
0821
0821
0821
0821
0821
0821
0821
0821
0821
0821
0821
0821
0821
0821
0821
0821
0821
0821
0821
0821
0821
0821
0821
0821
0821
0821
0821
0821
0821
0821
0821
0821
0821
0821
0821
0821
0821
0821
0821
0821
0821
0821
0821
0821
0821
0821
1084
29ce
42d6
3a97
29f3
1971
1130
112f
112f
112f
112f
112f
1130
1130
1130
1130
1130
1130
1130
1130
1130
1130
1130
1130
1130
1130
1130
1130
1130
1150
1971
2a14
42d8
3a94
2129
0842
0821
0821
0821
0821
0821
0841
1082
2104
39a6
4a29
4a69
39c7
18e4
0842
0821
0821
0821
0821
0821
0821
0821
0821
0821
0821
0821
0821
0821
0821
0821
0821
0821
0821
0821
0821
0821
0821
0821
0821
0821
0821
0821
0821
0821
0841
0842
1062
1082
2125
2125
10a3
1062
0842
0841
0821
0821
0821
0821
0821
0821
0821
0821
0821
0821
0821
0821
0821
0821
0821
0821
0821
0821
0821
0821
0821
0821
0821
0821
0821
0821
0821
0821
0841
0841
0841
0842
0841
0841
0821
0821
0821
0821
0821
0821
0821
0821
0821
0821
0821
0821
0821
0821
0821
0821
0841
1062
1083
1082
0862
0841
0821
0821
0821
0821
0821
0821
0821
0821
0821
0821
0821
0821
0821
0821
0821
0821
0821
0821
0821
0821
0821
0821
0821
0821
0821
0821
0821
0821
0821
0821
0821
0821
0821
0821
0821
0821
0821
0821
0821
0821
0821
0821
0821
0821
0821
0821
0821
0821
0821
0821
0821
0821
0821
0821
0821
0821
0821
0821
0821
0821
0821
0821
0821
0821
0821
0821
0821
0821
0821
0821
0821
0821
0821
0821
0821
0821
0821
0821
0821
0821
0821
0821
0821
0821
0821
0821
0821
0821
0821
0821
0821
0821
0821
0821
0821
0821
0821
0821
0821
0821
0821
0821
0821
0821
0821
0821
0821
0821
0821
0821
0821
0821
10a5
31ef
42d7
3255
1991
112f
112f
112f
112f
112f
112f
112f
112f
112f
112f
112f
112f
112f
112f
112f
1130
1130
1130
1130
1130
1130
1130
1130
1130
1130
1971
2a14
42d8
3a53
1908
0842
0821
0821
0821
1082
2965
5269
736d
840f
6b4d
3186
1062
0821
0821
0821
0821
0821
0821
0821
0821
0821
0821
0821
0821
0821
0821
0821
0821
0821
0821
0821
0821
0821
0821
0821
0821
0821
0821
0821
0821
0821
0821
0821
0821
0841
0842
0862
1082
1082
1062
0842
0841
0841
0821
0821
0821
0821
0821
0821
0821
0821
0821
0821
0821
0821
0821
0821
0821
0821
0821
0821
0821
0821
0821
0821
0821
0821
0821
0821
0821
0821
0821
0821
0821
1062
1083
0842
0821
0821
0821
0821
0821
0821
0821
0821
0821
0821
0821
0821
0821
0821
0821
0821
0841
0841
0862
0841
0841
0841
0821
0821
0821
0821
0821
0821
0821
0821
0821
0821
0821
0821
0821
0821
0821
0821
0821
0821
0821
0821
0821
0821
0821
0821
0821
0821
0821
0821
0821
0821
0821
0821
0821
0821
0821
0821
0821
0821
0821
0821
0821
0821
0821
0821
0821
0821
0821
0821
0821
0821
0821
0821
0821
0821
0821
0821
0821
0821
0821
0821
0821
0821
0821
0821
0821
0821
0821
0821
0821
0821
0821
0821
0821
0821
0821
0821
0821
0821
0821
0821
0821
0821
0821
0821
0821
0821
0821
0821
0821
0821
0821
0821
0821
0821
0821
0821
0821
0821
0821
0821
0821
0821
0821
0821
0821
0821
0821
0821
0821
0821
0821
0821
0821
10c6
3210
42d7
3234
1970
112f
112f
112f
112f
112f
112f
112f
112f
112f
112f
112f
112f
112f
112f
112f
112f
112f
112f
112f
112f
112f
112f
112f
112f
1130
1971
2a35
42d7
3a31
18e7
0841
0841
2104
4a49
7bae
9491
9cb2
738d
3186
0862
0821
0821
0821
0821
0821
0821
0821
0821
0821
0821
0821
0821
0821
0821
0821
0821
0821
0821
0821
0821
0821
0821
0821
0821
0821
0821
0821
0821
0821
0821
0821
0821
0821
0841
0841
0841
0842
0862
0841
0841
0841
0821
0821
0821
0821
0821
0821
0821
0821
0821
0821
0821
0821
0821
0821
0821
0821
0821
0821
0821
0821
0821
0821
0821
0821
0821
0821
0821
0821
0821
0821
0821
0841
41ab
520e
3148
0821
0821
0821
0821
0821
0821
0821
0821
0821
0821
0821
0821
0821
0821
0821
0821
0821
0821
0821
0821
0821
0821
0821
0821
0821
0821
0821
0821
0821
0821
18c3
632c
5acb
0841
0821
0821
0821
0821
0821
0821
0821
0821
0821
0821
0821
0821
0821
0821
0821
0821
0821
0821
0821
0821
0821
0821
0821
0821
0821
0821
0821
0821
0821
0821
0821
0821
0821
0821
0821
0821
0821
0821
0821
0821
0821
0821
0821
0821
0821
0821
0821
0821
0821
0821
0821
0821
0821
0821
0821
0821
0821
0821
0821
0821
0821
0821
0821
0821
0821
0821
0821
0821
0821
0821
0821
0821
0821
0821
0821
0821
0821
0821
0821
0821
0821
0821
0821
0821
0821
0821
0821
0821
0821
0821
0821
0821
0821
0821
0821
0821
0821
0821
0821
0821
0821
0841
18e6
3a31
42b7
2a14
1970
112f
112f
112f
112f
112f
112f
112f
112f
112f
112f
112f
112f
112f
112f
112f
112f
112f
112f
112f
112f
112f
112f
112f
112f
112f
1991
3235
42d7
3210
18e6
2945
630b
8c70
a513
a513
840f
39e7
1062
0821
0821
0821
0821
0821
0821
0821
0821
0821
0821
0821
0821
0821
0821
0821
0821
0821
0821
0821
0821
0821
0821
0821
0821
0821
0821
0821
0821
0821
0821
0821
0821
0821
0821
0821
0821
0821
0821
0821
0821
0821
0821
0821
0821
0821
0821
0821
0821
0821
0821
0821
0821
0821
0821
0821
0821
0821
0821
0821
0821
0821
0821
0821
0821
0821
0821
0821
0821
0821
0821
0821
0821
0821
1062
49ed
520e
41ab
0841
0821
0821
0821
0821
0821
0821
0821
0821
0821
0821
0821
0821
0821
0821
0821
0821
0821
0821
0821
0821
0821
0821
0821
0821
0821
0821
0821
0821
0821
528a
7bef
7bef
3186
0821
0821
0821
0821
0821
0821
0821
0821
0821
0821
0821
0821
0821
0821
0821
0821
0821
0821
0821
0821
0821
0821
0821
0821
0821
0821
0821
0821
0821
0821
0821
0821
0821
0821
0821
0821
0821
0821
0821
0821
0821
0821
0821
0821
0821
0821
0821
0821
0821
0821
0821
0821
0821
0821
0821
0821
0821
0821
0821
0821
0821
0821
0821
0821
0821
0821
0821
0821
0821
0821
0821
0821
0821
0821
0821
0821
0821
0821
0821
0821
0821
0821
0821
0821
0821
0821
0821
0821
0821
0821
0821
0821
0821
0821
0821
0821
0821
0821
0821
0821
0821
0821
0842
1907
3a52
42b6
29f3
1950
112f
112f
112f
112f
112f
112f
112f
112f
112f
112f
112f
112f
112f
112f
112f
112f
112f
112f
112f
112f
112f
112f
112f
112f
112f
1991
3255
42d6
4a8f
6b6d
94b1
ad34
ad54
94b2
5aca
18a3
0821
0821
0821
0821
0821
0821
0821
0821
0821
0821
0821
0821
0821
0821
0821
0821
0821
0821
0821
0821
0821
0821
0821
0821
0821
0821
0821
0821
0821
0821
0821
0821
0821
0821
0821
0821
0821
0821
0821
0821
0821
0821
0821
0821
0821
0821
0821
0821
0821
0821
0821
0821
0821
0821
0821
0821
0821
0821
0821
0821
0821
0821
0821
0821
0821
0821
0821
0821
0821
0821
0821
0821
0821
0821
0821
20e6
3149
18a4
0821
0821
0821
0821
0821
0821
0821
0821
0821
0821
0821
0821
0821
0821
0821
0821
0821
0821
0821
0821
0821
0821
0821
0821
0821
0821
0821
0821
0821
0821
2945
7bcf
738e
1082
0821
0821
0821
0821
0821
0821
0821
0821
0821
0821
0821
0821
0821
0821
0821
0821
0821
0821
0821
0821
0821
0821
0821
0821
0821
0821
0821
0821
0821
0821
0821
0821
0821
0821
0821
0821
0821
0821
0821
0821
0821
0821
0821
0821
0821
0821
0821
0821
0821
0821
0821
0821
0821
0821
0821
0821
0821
0821
0821
0821
0821
0821
0821
0821
0821
0821
0821
0821
0821
0821
0821
0821
0821
0821
0821
0821
0821
0821
0821
0821
0821
0821
0821
0821
0821
0821
0821
0821
0821
0821
0821
0821
0821
0821
0821
0821
0821
0821
0821
0821
0821
0821
0821
0842
1928
3a72
3ab6
29f2
194f
112e
112e
112f
112f
112f
112f
112f
112f
112f
112f
112f
112f
112f
112f
112f
112f
112f
112f
112f
112f
112f
112f
112f
112f
112f
2191
4ad4
7bf2
9cd2
ad54
b5b5
a533
83ef
3186
0841
0821
0821
0821
0821
0821
0821
0821
0821
0821
0821
0821
0821
0821
0821
0821
0821
0821
0821
0821
0821
0821
0821
0821
0821
0821
0821
0821
0821
0821
0821
0821
0821
0821
0821
0821
0821
0821
0821
0821
0821
0821
0821
0821
0821
0821
0821
0821
0821
0821
0821
0821
0821
0821
0821
0821
0821
0821
0821
0821
0821
0821
0821
0821
0821
0821
0821
0821
0821
0821
0821
0821
0821
0821
0821
0821
0821
0821
0821
0821
0821
0821
0821
0821
0821
0821
0821
0821
0821
0821
0821
0821
0821
0821
0821
0821
0821
0821
0821
0821
0821
0821
0821
0821
0821
0821
0821
0821
0821
0841
1062
1082
0821
0821
0821
0821
0821
0821
0821
0821
0821
0821
0821
0821
0821
0821
0821
0821
0821
0821
0821
0821
0821
0821
0821
0821
0821
0821
0821
0821
0821
0821
0821
0821
0821
0821
0821
0821
0821
0821
0821
0821
0821
0821
0821
0821
0821
0821
0821
0821
0821
0821
0821
0821
0821
0821
0821
0821
0821
0821
0821
0821
0821
0821
0821
0821
0821
0821
0821
0821
0821
0821
0821
0821
0821
0821
0821
0821
0821
0821
0821
0821
0821
0821
0821
0821
0821
0821
0821
0821
0821
0821
0821
0821
0821
0821
0821
0821
0821
0821
0821
0821
0821
0821
0821
0821
0821
0842
2149
3a73
3a96
21d2
192f
112e
112e
112e
112e
112e
112e
112e
112e
112e
112e
112e
112f
112f
112f
112f
112f
112f
112f
112f
112f
112f
112f
112f
112f
218f
5b31
94b3
ad75
bdf7
b5b5
9cd2
630c
18c3
0821
0821
0821
0821
0821
0821
0821
0821
0821
0821
0821
0821
0821
0821
0821
0821
0821
0821
0821
0821
0821
0821
0821
0821
0821
0821
0821
0821
0821
0821
0821
0821
0821
0821
0821
0821
0821
0821
0821
0821
0821
0821
0821
0821
0821
0821
0821
0821
0821
0821
0821
0821
0821
0821
0821
0821
0821
0821
0821
0821
0821
0821
0821
0821
0821
0821
0841
1062
1062
0841
0821
0821
0821
0821
0821
0821
0821
0821
0821
0821
0821
0821
0821
0821
0821
0821
0821
0821
0821
0821
0821
0821
0821
0821
0821
0821
0821
0821
0821
0821
0821
0821
0821
0821
0821
0821
0821
0821
0821
0821
0821
0821
0821
0821
0821
0821
0821
0821
0821
0821
0821
0821
0821
0821
0821
0821
0821
0821
0821
0821
0821
0821
0821
0821
0821
0821
0821
0821
0821
0821
0821
0821
0821
0821
0821
0821
0821
0821
0821
0821
0821
0821
0821
0821
0821
0821
0821
0821
0821
0821
0821
0821
0821
0821
0821
0821
0821
0821
0821
0821
0821
0821
0821
0821
0821
0821
0821
0821
0821
0821
0821
0821
0821
0821
0821
0821
0821
0821
0821
0821
0821
0821
0821
0821
0821
0821
0821
0821
0821
0821
0821
0821
0821
0821
0841
0841
0842
0842
0842
0841
0821
0821
0821
0821
0821
0821
0821
0821
0862
216a
4294
3a75
21b1
112e
110e
110e
110e
110e
110e
112e
112e
112e
112e
112e
112e
112e
112e
112e
112e
112e
112e
112e
112e
112e
112f
112f
192f
424f
8431
a534
bdd7
c638
b595
9491
4a49
1062
0821
0821
0821
0821
0821
0821
0821
0821
0821
0821
0821
0821
0821
0821
0821
0821
0821
0821
0821
0821
0821
0821
0821
0821
0821
0821
0821
0821
0821
0821
0821
0821
0821
0821
0821
0821
0821
0821
0821
0821
0821
0821
0821
0821
0821
0821
0821
0821
0821
0821
0821
0821
0821
0821
0821
0821
0821
0821
0821
0821
0821
0821
0821
0821
1062
39a7
630c
7bcf
8410
7bcf
526a
10a3
0821
0821
0821
0821
0821
0821
0821
0821
0821
0821
0821
0821
0821
0821
0821
0821
0821
0821
0821
0821
0821
0821
0821
0821
0821
0821
0821
0821
0821
0821
0821
0821
0821
0821
0821
0821
0821
0821
0821
0821
0821
0821
2925
1082
0821
0821
0821
0821
0821
0821
0821
0821
0821
0821
0821
0821
0821
0821
0821
0821
0821
0821
0821
0821
0821
0821
0821
0821
0821
0821
0821
0821
0821
0821
0821
0821
0821
0821
0821
0821
0821
0821
0821
0821
0821
0821
0821
0821
0821
0821
0821
0821
0821
0821
0821
0821
0821
0821
0821
0821
0821
0821
0821
0821
0821
0821
0821
0821
0821
0821
0821
0821
0821
0821
0821
0821
0821
0821
0821
0821
0821
0821
0821
0821
0821
0821
0821
0821
0821
0841
1082
18e4
2945
3186
39c7
39c7
31a7
2966
2104
10a3
0842
0821
0821
0821
0821
0821
0821
0863
298b
4294
3a75
2191
112e
110e
110e
110e
110e
110e
110e
110e
110e
110e
110e
110e
110e
110e
110e
112e
112e
112e
112e
112e
112e
112e
218f
6350
9cd3
b596
ce58
c638
ad75
8c51
39c7
0841
0821
0821
0821
0821
0821
0821
0821
0821
0821
0821
0821
0821
0821
0821
0821
0821
0821
0821
0821
0821
0821
0821
0821
0821
0821
0821
0821
0821
0821
0821
0821
0821
0821
0821
0821
0821
0821
0821
0821
0821
0821
0821
0821
0821
0821
0821
0821
0821
0821
0821
0821
0821
0821
0821
0821
0821
0821
0821
0821
0821
0821
0821
0821
18a3
526a
6b6d
73ae
7bef
8430
8c71
9cd3
8c51
2945
0821
0821
0821
0821
0821
0821
0821
0821
0821
0821
0821
0821
0821
0821
0821
0821
0821
0821
0821
0821
0821
0821
0821
0821
0821
0821
0821
0821
0821
0821
0821
0821
0821
0821
0821
0821
0821
0821
0821
0821
39e8
73ae
6b4d
0821
0821
0821
0821
0821
0821
0821
0821
0821
0821
0821
0821
0821
0821
0821
0821
0821
0821
0821
0821
0821
0821
0821
0821
0821
0821
0821
0821
0821
0821
0821
0821
0821
0821
0821
0821
0821
0821
0821
0821
0821
0821
0821
0821
0821
0821
0821
0821
0821
0821
0821
0821
0821
0821
0821
0821
0821
0821
0821
0821
0821
0821
0821
0821
0821
0821
0821
0821
0821
0821
0821
0821
0821
0821
0821
0821
0821
0821
0821
0821
0821
0821
0821
0841
10a3
2945
4229
5acb
6b6e
73af
7bf0
7bf0
73cf
6b8e
5b0c
4a4a
3186
18c4
0842
0821
0821
0821
0821
0821
1083
29ac
4294
3254
2190
112e
110e
110e
110e
110e
110e
110e
110e
110e
110e
110e
110e
110e
110e
110e
110e
110e
110e
110e
110e
112e
3a4f
8431
ad34
bdf7
d699
c637
ad54
8430
3186
0841
0821
0821
0821
0821
0821
0821
0821
0821
0821
0821
0821
0821
0821
0821
0821
0821
0821
0821
0821
0821
0821
0821
0821
0821
0821
0821
0821
0821
0821
0821
0821
0821
0821
0821
0821
0821
0841
0821
0821
0821
0821
0821
0821
0821
0821
0821
0821
0821
0821
0821
0821
0821
0821
0821
0821
0821
0821
0821
0821
0821
0821
0821
1082
4a6a
6b4d
738e
7bef
8410
8450
8c51
8c71
94b2
8c71
2104
0821
0821
0821
0821
0821
0821
0821
0821
0821
0821
0821
0821
0821
0821
0821
0821
0821
0821
0821
0821
0821
0821
0821
0821
0821
0821
0821
0821
0821
0821
0821
0821
0821
0821
0821
0821
0821
0821
0821
39e8
73ae
6b4d
0862
0821
0821
0821
0821
0821
0821
0821
0821
0821
0821
0821
0821
0821
0821
0821
0821
0821
0821
0821
0821
0821
0821
0821
0821
0821
0821
0821
0821
0821
0821
0821
0821
0821
0821
0821
0821
0821
0821
0821
0821
0821
0821
0821
0821
0821
0821
0821
0821
0821
0821
0821
0821
0821
0821
0821
0821
0821
0821
0821
0821
0821
0821
0821
0821
0821
0821
0821
0821
0821
0821
0821
0821
0821
0821
0821
0821
0821
0821
0821
0821
0821
0862
2125
4229
634d
7c10
8c72
8cb3
94d3
94d3
94d3
94d3
94b3
8c92
8431
6b8e
528a
2966
1083
0821
0821
0821
0821
0821
1084
29cd
42b5
3233
196f
110e
110e
110e
110e
110e
110e
110e
110e
110e
110e
110e
110e
110e
110e
110e
110e
110e
112e
112e
218f
5b11
94b3
b595
ce58
d6b9
c617
ad34
840f
3186
0841
0821
0821
0821
0821
0821
0821
0821
0821
0821
0821
0821
0821
0821
0821
0821
0821
0821
0821
0821
0821
0821
0821
0821
0821
0821
0821
0821
0821
0821
0821
0821
0821
0821
0821
0821
18a4
49cb
3127
0821
0821
0821
0821
0821
0821
0821
0821
0821
0821
0821
0821
0821
0821
0821
0821
0821
0821
0821
0821
0821
0821
0821
0821
39c7
632c
738e
7baf
7bef
8430
8c51
8c51
8c71
8c71
94b2
6b6d
0841
0821
0821
0821
0821
0821
0821
0821
0821
0821
0821
0821
0821
0821
0821
0821
0821
0821
0821
0821
0821
0821
0821
0821
0821
0821
0821
0821
0821
0821
0821
0821
0821
0821
0821
0821
0821
0821
0821
0862
2945
18c3
0821
0821
0821
0821
0821
0821
0821
0821
0821
0821
0821
0821
0821
0821
0821
0821
0821
0821
0821
0821
0821
0821
0821
0821
0821
0821
0821
0821
0821
0821
0821
0821
0821
0821
0821
0821
0821
0821
0821
0821
0821
0821
0821
0821
0821
0821
0821
0821
0821
0821
0821
0821
0821
0821
0821
0821
0821
0821
0821
0821
0821
0821
0821
0821
0821
0821
0821
0821
0821
0821
0821
0821
0821
0821
0821
0821
0821
0821
0821
0821
0821
1082
3186
5aec
7bf0
8c92
94b3
9cf4
9d35
a555
ad76
ad96
ad96
a576
a535
9cf4
8cb3
8431
634d
39e8
18c3
0841
0821
0821
0821
0821
10a5
31ee
4295
3213
194f
110d
110d
110d
110d
110d
110d
110d
110e
110e
110e
110e
110e
110e
110e
110e
110e
112e
196f
3211
73b2
9cf3
bdb6
ce79
d699
c617
ad54
8c30
39a7
0841
0821
0821
0821
0821
0821
0821
0821
0821
0821
0821
0821
0821
0821
0821
0821
0821
0821
0821
0821
0821
0821
0821
0821
0821
0821
0821
0821
0821
0821
0821
0821
0821
0821
0821
0821
2927
520d
49cc
0821
0821
0821
0821
0821
0821
0821
0821
0821
0821
0821
0821
0821
0821
0821
0821
0821
0821
0821
0821
0821
0821
0821
1082
630c
738e
73ae
7bcf
8410
8410
8430
8c51
8c51
8c51
8c51
8c71
18e4
0821
0821
0821
0821
0821
0821
0821
0821
0821
0821
0821
0821
0821
0821
0821
0821
0821
0821
0821
0821
0821
0821
0821
0821
0821
0821
0821
0821
0821
0821
0821
0821
0821
0821
0821
0821
0821
0821
0821
0821
0821
0821
0821
0821
0821
0821
0821
0821
0821
0821
0821
0821
0821
0821
0821
0821
0821
0821
0821
0821
0821
0821
0821
0821
0821
0821
0821
0821
0821
0821
0821
0821
0821
0821
0821
0821
0821
0821
0821
0821
0821
0821
0821
0821
0821
0821
0821
0821
0821
0821
0821
0821
0821
0821
0821
0821
0821
0821
0821
0821
0821
0821
0821
0821
0821
0821
0821
0821
0821
0821
0821
0821
0821
0821
0821
0821
0821
0821
0821
0821
0821
1082
31a7
632d
73cf
7bf0
7bf0
7c10
8451
8c92
94d3
9d14
a576
b5b7
b5d7
b5d7
adb7
a555
94f4
8c72
73af
4209
18c3
0821
0821
0821
0821
0821
10c5
320f
4295
29f2
194e
110d
110d
110d
110d
110d
110d
110d
110d
110d
110d
110d
110d
110d
110d
112e
196f
29f2
4ab4
7c12
a534
bdd6
d699
d699
c637
ad74
9471
4208
0862
0821
0821
0821
0821
0821
0821
0821
0821
0821
0821
0821
0821
0821
0821
0821
0821
0821
0821
0821
0821
0821
0821
0821
0821
0821
0821
0821
0821
0821
0821
0821
0821
0821
0821
0821
1062
3128
18a4
0821
0821
0821
0821
0821
0821
0821
0821
0821
0821
0821
0821
0821
0821
0821
0821
0821
0821
0821
0821
0821
0821
0821
2104
738e
7bcf
7bef
8410
8410
8410
8430
8430
8430
8430
8410
8430
31a7
0821
0821
0821
0821
0821
0821
0821
0821
0821
0821
0821
0821
0821
0821
0821
0821
0821
0821
0821
0821
0821
0821
0821
0821
0821
0821
0821
0821
0821
0821
0821
0821
0821
0821
0821
0821
0821
0821
0821
0821
0821
0821
0821
0821
0821
0821
0821
0821
0821
0821
0821
0821
0821
0821
0821
0821
0821
0821
0821
0821
0821
0821
0821
0821
0821
0821
0821
0821
0821
0821
0821
0821
0821
0821
0821
0821
0821
0821
0821
0821
0821
0821
0821
0821
0821
0821
0821
0821
0821
0821
0821
0821
0821
0821
0821
0821
0821
0821
0821
0821
0821
0821
0821
0821
0821
0821
0821
0821
0821
0821
0821
0821
0821
0821
0821
0821
0821
0821
0821
0821
0862
2966
4a8a
4a49
39e8
39c7
39c7
4208
4a6a
630d
73cf
8451
94d3
9d35
ad96
b5d7
b5d7
b5d7
ad96
9d14
8c92
73af
39e8
1083
0821
0821
0821
0821
0841
18e6
3a30
3a94
29f1
192e
110d
110d
110d
110d
110d
110d
110d
110d
110d
110d
110d
110d
112e
196f
29f2
3a75
5313
8411
a534
bdf6
d699
d699
ce58
b595
9cb2
5aaa
10a3
0821
0821
0821
0821
0821
0821
0821
0821
0821
0821
0821
0821
0821
0821
0821
0821
0821
0821
0821
0821
0821
0821
0821
0821
0821
0821
0821
0821
0821
0821
0821
0821
0821
0821
0821
0821
0821
0821
0821
0821
0821
0821
0821
0821
0821
0821
0821
0821
0821
0821
0821
0821
0821
0821
0821
0821
0821
0821
0821
0821
0821
2966
7bef
8430
8430
8430
8430
8430
8430
8430
8410
8410
7bef
7bcf
39a7
0821
0821
0821
0821
0821
0821
0821
0821
0821
0821
0821
0821
0821
0821
0821
0821
0821
0821
0821
0821
0821
0821
0821
0821
0821
0821
0821
0821
0821
0821
0821
0821
0821
0821
0821
0821
0821
0821
0821
0821
0821
0821
0821
0821
0821
0821
0821
0821
0821
0821
0821
0821
0821
0821
0821
0821
0821
0821
0821
0821
0821
0821
0821
0821
0821
0821
0821
0821
0821
0821
0821
0821
0821
0821
0821
0821
0821
0821
0821
0821
0821
0821
0821
0821
0821
0821
0821
0821
0821
0821
0821
0821
0821
0821
0821
0821
0821
0821
0821
0821
0821
0821
0821
0821
0821
0821
0821
0821
0821
0821
0821
0821
0821
0821
0821
0821
0821
0821
0821
0841
2104
3166
20e4
1083
1062
0842
0842
1062
10a3
2105
39c8
5aec
7bf0
8c92
9d14
ad96
b5d7
b5d7
b5d7
ad96
9d14
8c72
634d
3186
0842
0821
0821
0821
0821
0842
1907
3a30
3a94
29d1
112e
110d
110d
110d
110d
110d
110d
110d
110d
110d
110d
112e
196f
29f2
3a95
4294
4a8f
7bf0
a533
bdf6
d699
d699
ce78
bdd6
a513
738e
2925
0841
0821
0821
0821
0821
0821
0821
0821
0821
0821
0821
0821
0821
0821
0821
0821
0821
0821
0821
0821
0821
0821
0821
0821
0821
0821
0821
0821
0821
0821
0821
0821
0821
0821
0821
0821
0821
0821
0821
0821
0821
0821
0821
0821
0821
0821
0821
0821
0821
0821
0821
0821
0821
0821
0821
0821
0821
0821
0821
0821
0821
2125
8410
8c51
8c71
a534
c658
9492
8410
8410
7bef
7bef
73ae
6b6d
2945
0821
0821
0821
0821
0821
0821
0821
0821
0821
0821
0821
0821
0821
0821
0821
0821
0821
0821
0821
0821
0821
0821
0821
0821
0821
0821
0821
0821
0821
0821
0821
0821
0821
0821
0821
0821
0821
0821
0821
0821
0821
0821
0821
0821
0821
0821
0821
0821
0821
0821
0821
0821
0821
0821
0821
0821
0821
0841
0821
0821
0821
0821
0821
0821
0821
0821
0821
0821
0821
0821
0821
0821
0821
0821
0821
0821
0821
0821
0821
0821
0821
0821
0821
0821
0821
0821
0821
0821
0821
0821
0821
0821
0821
0821
0821
0821
0821
0821
0821
0821
0821
0821
0821
0821
0821
0821
0821
0821
0821
0821
0821
0821
0821
0821
0821
0821
0821
0821
0821
1082
18c3
0842
0821
0821
0821
0821
0821
0821
0821
0821
1062
2104
4229
6b8e
8c72
9d14
ad96
b5d7
b5d7
b5d7
ad96
9cf4
8431
52ab
18e4
0821
0821
0821
0821
0821
0842
2128
3a51
3a74
21b0
112d
110d
110d
110d
110d
110d
110d
110d
110d
112e
218f
2a12
3a94
4293
31ee
31ca
7bae
a513
bdd6
d699
d699
d699
c617
ad54
8c71
4a28
1062
0821
0821
0821
0821
0821
0821
0821
0821
0821
0821
0821
0821
0821
0821
0821
0821
0821
0821
0841
0821
0821
0821
0821
0821
0821
0821
0821
0821
0821
0821
0841
0841
0821
0821
0821
0821
0821
0821
0821
0821
0821
0821
0821
0821
0821
0821
0821
0821
0821
0821
0821
0821
0821
0821
0821
0821
0821
0821
0821
0821
1082
7bcf
8c71
9492
bdd7
ffff
b596
8430
7bef
7bcf
73ae
6b6d
5aeb
1082
0821
0821
0821
0821
0821
0821
0821
0821
0821
0821
0821
0821
0821
0821
0821
0821
0821
0821
0821
0821
0821
0821
0821
0821
0821
0821
0821
0821
0821
0821
0821
0821
0821
0821
0821
0821
0821
0821
0821
0821
0821
0821
0821
0821
0821
0821
0821
0821
0821
0821
0821
0821
0821
0821
0821
0841
0842
1062
0842
0841
0821
0821
0821
0821
0821
0821
0821
0821
0821
0821
0821
0821
0821
0821
0821
0821
0821
0821
0821
0821
0821
0821
0821
0821
0821
0821
0821
0821
0821
0821
0821
0821
0821
0821
0821
0821
0821
0821
0821
0821
0821
0821
0821
0821
0821
0821
0821
0821
0821
0821
0821
0821
0821
0821
0821
0821
0821
0821
0821
1062
0821
0821
0821
0821
0821
0821
0821
0821
0821
0821
0821
0841
18c3
39e8
6b8e
8c92
9d15
adb7
b5d7
b5d7
b5d7
a555
94b3
73af
31a7
0842
0821
0821
0821
0821
0821
0862
2149
3a72
3a73
29f0
298d
192d
110c
110d
110d
110d
110d
112d
218f
3212
3a94
4293
31cd
18e7
2105
6b4d
a4f3
bdd6
ce78
d699
d699
ce58
b5b5
9cf3
738d
2945
0841
0821
0821
0821
0821
0821
0821
0821
0821
0821
0821
0821
0821
0821
0821
0821
0821
0841
0821
0821
0821
0821
0821
0821
0821
0821
0821
0821
0821
31a7
630c
39c7
0841
0821
0821
0821
0821
0821
0821
0821
0821
0821
0821
0841
0841
0842
0862
1062
1062
1062
1062
0862
0842
0841
0841
0821
0821
0821
0821
0821
0841
4a69
9492
94b2
94b2
a534
9492
8430
7bef
73ae
6b6d
632c
31a7
4208
5acb
0841
0821
0821
0821
0821
0821
0821
0821
0821
0821
0821
0821
0821
0821
0821
0821
0821
0821
0821
0821
0821
0821
0821
0821
0821
0821
0821
0821
0821
0821
0821
0821
0821
0821
0821
0821
0821
0821
0821
0821
0821
0821
0821
0821
0821
0821
0821
0821
0821
0821
0821
0821
0821
0841
0842
2946
6b4e
18a3
0842
0821
0821
0821
0821
0821
0821
0821
0821
0821
0821
0821
0821
0821
0821
0821
0821
0821
0821
0821
0821
0821
0821
0821
0821
0821
0821
0821
0821
0821
0821
0821
0821
0821
0821
0821
0821
0821
0821
0821
0821
0821
0821
0821
0821
0821
0821
0821
0821
0821
0821
0821
0821
0821
0821
0821
0821
0821
0821
0841
0821
0821
0821
0821
0821
0821
0821
0821
0821
0821
0821
0821
0821
0821
18a3
4208
73cf
94b3
a555
b5d7
b5d7
b5d7
adb7
9cf4
8431
4a6a
10a3
0821
0821
0821
0821
0821
0821
0863
296a
52f3
4ad3
4270
422e
192d
110c
110c
110c
192d
218f
3212
4294
3a72
29ac
18e6
0842
10a3
5acb
9cd2
b595
ce58
d699
d699
d699
c617
ad54
9491
5acb
20e4
0841
0821
0821
0821
0821
0821
0821
0821
0821
0821
0821
0821
0821
0821
0821
0841
1082
0821
0821
0821
0821
0821
0821
0821
0821
0821
0821
0841
630c
738e
6b6d
1083
0821
0821
0821
0821
0821
0821
0821
0841
0841
1062
10a3
18c4
2104
2925
2945
2966
2966
2946
2925
2104
18c4
10a3
1062
0841
0841
0821
0821
0821
1082
6b6d
9492
94b2
9492
8c71
8c51
7bef
738e
632c
4229
1062
528a
6b4d
1062
0821
0821
0821
0821
0821
0821
0821
0821
0821
0821
0821
0821
0821
0821
0821
0821
0821
0821
0821
0821
0821
0821
0821
0821
0821
0821
0821
0821
0821
0821
0821
0821
0821
0821
0821
0821
0821
0821
0821
0821
0821
0821
0821
0821
0821
0821
0821
0821
0821
0821
0821
0821
0841
1082
a515
ffff
6b2d
1062
0841
0821
0821
0821
0821
0821
0821
0821
0821
0821
0821
0821
0821
0821
0821
0821
0821
0821
0821
0821
0821
0821
0821
0821
0821
0821
0821
0821
0821
0821
0821
0821
0821
0821
0821
0821
0821
0821
0821
0821
0821
0821
0821
0821
0821
0821
0821
0821
0821
0821
0821
0821
0821
0821
0821
0821
0821
0821
0821
0821
0821
0821
0821
0821
0821
0821
0821
0821
0821
0821
0821
0821
0821
0821
18e4
52ab
8431
9cf4
ad97
b5d7
b5d7
b5d7
a555
8c92
632d
2105
0841
0821
0821
0821
0821
0821
0841
41c4
83cd
6373
4af3
4ad1
216d
110c
110c
192d
2190
3232
4294
3a71
29ac
18c5
0842
0821
0862
4228
8c71
ad54
c617
d699
d699
d699
ce78
bdd6
a534
8c50
528a
20e4
0841
0821
0821
0821
0821
0821
0821
0821
0821
0821
0821
0821
0821
0842
2104
1062
0821
0821
0821
0821
0821
0821
0821
0821
0821
0821
0842
4229
738e
5acb
0841
0821
0821
0821
0821
0821
0841
0841
0842
1062
1083
18a3
20e4
2945
31a7
4229
528a
52cb
52ab
528a
4a49
4208
31a7
2945
18e4
1083
0842
0841
0821
0821
18a3
630c
8c71
8c71
8c51
8430
7bcf
6b6d
4208
1062
0821
0841
0841
0821
0821
0821
0821
0821
0821
0821
0821
0821
0821
0821
0821
0821
0821
0821
0821
0821
0821
0821
0821
0821
0821
0821
0821
0821
0821
0821
0821
0821
0821
0821
0821
0821
0821
0821
0821
0821
0821
0821
0821
0821
0821
0821
0821
0821
0821
0821
0821
0821
0821
0821
0821
0821
0841
0862
4a09
a4f4
2946
0842
0821
0821
0821
0821
0821
0821
0821
0821
0821
0821
0821
0821
0821
0821
0821
0821
0821
0821
0821
0821
0821
0821
0821
0821
0821
0821
0821
0821
0821
0821
0821
0821
0821
0821
0821
0821
0821
0821
0821
0821
0821
0821
0821
0821
0821
0821
0821
0821
0821
0821
0821
0821
0821
0821
0821
0821
0821
0821
0821
0821
0821
0821
0821
0821
0821
0821
0821
0821
0821
0821
0821
0821
0821
0821
0842
3186
6b8e
8cb3
a555
b5d7
b5d7
b5d7
ad76
94b3
73af
3186
0841
0821
0821
0821
0821
0821
20e2
93a4
ac67
8c2e
6bd5
4ab3
218f
110d
194e
21b0
3232
4294
3a51
298b
10a5
0842
0821
0821
0841
2945
7bce
a513
bdd6
ce78
d699
d699
d699
ce38
b5b5
a513
8c50
5aaa
2925
1062
0841
0821
0821
0821
0821
0841
20e2
3982
3142
1082
1082
3166
2966
0841
0821
0821
0821
0821
0821
0821
0821
0821
0821
0821
0821
0841
18a3
0842
0821
0821
0821
0821
0821
0821
0821
0821
0821
0821
0821
0841
0842
1062
18c3
2925
39c8
52ab
6b6e
73cf
73af
6b6e
630c
528b
4208
3186
2104
1083
0842
0821
0821
0842
2945
528a
630c
5aeb
4229
2104
0842
0821
0821
0821
0821
0821
0821
0821
0821
0821
0821
0821
0821
0821
0821
0821
0821
0821
0821
0821
0821
0821
0821
0821
0821
0821
0821
0821
0821
0821
0821
0821
0821
0821
0821
0821
0821
0821
0821
0821
0821
0821
0821
0821
0821
0821
0821
0821
0821
0821
0821
0821
0821
0821
0821
0821
0821
0821
0821
0841
0862
1082
0842
0841
0821
0821
0821
0821
0821
0821
0821
0821
0821
0821
0821
0821
0821
0821
0821
0821
0821
0821
0821
0821
0821
0821
0821
0821
0821
0821
0821
0821
0821
0821
0821
0821
0821
0821
0821
0821
0821
0821
0821
0821
0821
0821
0821
0821
0821
0821
0821
0821
0821
0821
0821
0821
0821
0821
0821
0821
0821
0821
0821
0821
0821
0821
0821
0821
0821
0821
0821
0821
0821
0821
0821
0821
0821
0821
0821
18c4
52ab
8451
9d14
b5b7
b5d7
b5d7
ad96
94d3
7bf0
39c7
0862
0821
0821
0821
0821
1081
7b03
ac64
bca5
cd8b
8c51
5b56
3a73
218f
29d0
3253
4294
3a30
216a
10a4
0841
0821
0821
0821
0841
18c4
630d
9cd3
b595
c617
d699
d699
d699
d699
c637
b5b5
a533
9491
6b6d
4208
2104
1082
0842
0841
1082
6ac4
c4e5
d546
bcc6
8387
5aa9
528a
18c3
0821
0821
0821
0821
0821
0821
0821
0821
0821
0821
0821
0821
0821
0821
0821
0821
0821
0821
0821
0821
0821
0821
0821
0821
0821
0821
0821
0821
0821
0841
1062
18e4
3186
4a6a
6b4d
7c10
8451
7c31
73cf
6b6e
52cb
4208
2966
18c4
0862
0841
0821
0821
0821
0841
0841
0821
0821
0821
0821
0821
0821
0821
0821
0821
0821
0821
0821
0821
0821
0821
0821
0821
0821
0821
0821
0821
0821
0821
0821
0821
0821
0821
0821
0821
0821
0821
0821
0821
0821
0821
0821
0821
0821
0821
0821
0821
0821
0821
0821
0821
0821
0821
0821
0821
0821
0821
0821
0821
0821
0821
0821
0821
0821
0821
0821
0821
0821
0841
0841
0841
0821
0821
0821
0821
0821
0821
0821
0821
0821
0821
0821
0821
0821
0821
0821
0821
0821
0821
0821
0821
0821
0821
0821
0821
0821
0821
0821
0821
0821
0821
0821
0821
0821
0821
0821
0821
0821
0821
0821
0821
0821
0821
0821
0821
0821
0821
0821
0821
0821
0821
0821
0821
0821
0821
0821
0821
0821
0821
0821
0821
0821
0821
0821
0821
0821
0821
0821
0821
0821
0821
0821
0821
0821
0821
0821
0821
1062
3a08
7c10
94f4
ad96
b5d7
b5d7
adb7
94f4
7c10
39e8
0862
0821
0821
0821
0841
5a43
a424
bca5
cd47
d5cb
7328
951a
63b8
3232
3a53
4293
3a2f
2149
1084
0841
0821
0821
0841
0863
2149
42b3
5bb6
8453
a534
b5b6
ce58
d699
d699
d699
d699
ce38
bdd6
ad54
9cf2
8c50
6b6d
528a
39c7
3166
7369
d5ec
c549
bd0a
accc
9cae
8c4e
39c6
0842
0821
0821
0821
0821
0821
0821
0821
0821
0821
0821
0821
0821
0821
0821
0821
0821
0821
0821
0821
0821
0821
0821
0821
0821
0821
0821
0821
0821
0821
0821
0821
0842
10a3
2946
4249
634d
7c10
8c72
8c72
8431
7bf0
6b4d
528a
39a7
2104
1062
0841
0821
0821
0821
0821
0821
0821
0821
0821
0821
0821
0821
0821
0821
0821
0821
0821
0821
0821
0821
0821
0821
0821
0821
0821
0821
0821
0821
0821
0821
0821
0821
0821
0821
0821
0821
0821
0821
0821
0821
0821
0821
0821
0821
0821
0821
0821
0821
0821
0821
0821
0821
0821
0821
0821
0821
0821
0821
0821
0821
0821
0821
0821
0821
0821
0821
0821
0821
0821
0821
0821
0821
0821
0821
0821
0821
0821
0821
0821
0821
0821
0821
0821
0821
0821
0821
0821
0821
0821
0821
0821
0821
0821
0821
0821
0821
0821
0821
0821
0821
0821
0821
0821
0821
0821
0821
0821
0821
0821
0821
0821
0821
0821
0821
0821
0821
0821
0821
0821
0821
0821
0821
0821
0821
0821
0821
0821
0821
0821
0821
0821
0821
0821
0821
0821
0821
0821
0821
0821
0821
0821
0821
0821
0821
0821
0821
0841
3186
73af
94d3
ad76
b5d7
b5d7
adb7
94f4
7c10
39e8
0862
0821
0821
0841
3962
9be4
b485
c4e5
e64c
8b84
2903
422b
4ad2
4294
4293
320f
2128
1083
0841
0821
0841
1083
216a
42d4
4b9a
4359
3ab5
5b52
9493
ad54
bdd6
ce58
d699
d699
d699
d699
ce58
c5f7
b595
ad34
9cf3
94b2
8c50
840f
9c8f
a531
a4f0
a4f1
a512
a4d1
9c6b
5224
0841
0821
0821
0821
0821
0821
0821
0821
0821
0821
0821
0821
0821
0821
0821
0821
0821
0821
0821
0821
0821
0821
0821
0821
0821
0821
0821
0821
0821
0821
0821
0821
0821
0841
1083
2946
4a49
6b6e
8431
8c93
94b3
8c72
8431
73af
5aec
39e8
2125
1082
0841
0821
0821
0821
0821
0821
0821
0821
0821
0821
0821
0821
0821
0821
0821
0821
0821
0821
0821
0821
0821
0821
0821
0821
0821
0821
0821
0821
0821
0821
0821
0821
0821
0821
0821
0821
0821
0821
0821
0821
0821
0821
0821
0821
0821
0821
0821
0821
0821
0821
0821
0821
0821
0821
0821
0821
0821
0821
0821
0821
0821
0821
0821
0821
0821
0821
0821
0821
0821
0821
0821
0821
0821
0821
0821
0821
0821
0821
0821
0821
0821
0821
0821
0821
0821
0821
0821
0821
0821
0821
0821
0821
0821
0821
0821
0821
0821
0821
0821
0821
0821
0821
0821
0821
0821
0821
0821
0821
0821
0821
0821
0821
0821
0821
0821
0821
0821
0821
0821
0821
0821
0821
0821
0821
0821
0821
0821
0821
0821
0821
0821
0821
0821
0821
0821
0821
0821
0821
0821
0821
0821
0821
0821
0821
0821
0841
2945
6b6e
94b3
a576
b5d7
b5d7
ad96
94d3
73cf
39c7
0862
0821
0821
20c2
8b84
b464
bca5
e62b
ac66
3962
0842
1082
2127
3a2f
31ee
2108
1063
0841
0841
1083
218a
42f5
4bbb
435a
32b6
2234
2212
3272
6b92
94b3
ad54
b5b6
c637
d679
d699
d699
d699
d699
ce58
c5f7
b5b6
b575
ad54
ad34
ad54
b574
b594
ad73
a4f1
accc
bcc7
93c4
20c2
0821
0821
0821
0821
0821
0821
0821
0821
0821
0821
0821
0821
0821
1062
18a4
1883
0821
0821
0821
0821
0821
0821
0821
0821
0821
0821
0821
0821
0821
0821
0821
0821
0821
0841
18a3
3166
528a
73af
8451
94d3
94d4
8c93
8451
7bf0
630c
4208
2125
1082
0841
0821
0821
0821
0821
0821
0821
0821
0821
0821
0821
0821
0821
0821
0821
0821
0821
0821
0821
0821
0821
0821
0821
0821
0821
0821
0821
0821
0821
0821
0821
0821
0821
0821
0821
0821
0821
0821
0821
0821
0821
0821
0821
0821
0821
0821
0821
0821
0821
0821
0821
0821
0821
0821
0821
0821
0821
0821
0821
0821
0821
0821
0821
0821
0821
0821
0821
0821
0821
0821
0821
0821
0821
0821
0821
0821
0821
0821
0821
0821
0821
0821
0821
0821
0821
0821
0821
0821
0821
0821
0821
0821
0821
0821
0821
0821
0821
0821
0821
0821
0821
0821
0821
0821
0821
0821
0821
0821
0821
0821
0821
0821
0821
0821
0821
0821
0821
0821
0821
0821
0821
0821
0821
0821
0821
0821
0821
0821
0821
0821
0821
0821
0821
0821
0821
0821
0821
0821
0821
0821
0821
0821
0821
0821
0821
2125
6b4d
8cb3
a576
b5d7
b5d7
a576
94b3
6b8e
2966
0841
0821
1061
72c3
ac44
bca5
d5a9
c549
5222
0841
0821
0821
0842
1907
1907
0863
0841
1084
218b
4315
53bc
437b
32b7
2234
2213
2213
2212
21f2
3a92
6bd3
94b3
a513
b595
bdf6
ce58
d678
d699
d699
d699
d699
ce78
ce38
c617
bdf6
bdf6
bdd5
b574
a4f1
accd
cd48
d545
bca5
5a63
0841
0821
0821
0821
0821
0821
0821
0821
0821
0821
0821
0821
0841
524b
7330
730f
18a3
0821
0821
0821
0821
0821
0821
0821
0821
0821
0821
0821
0821
0821
0821
0821
0821
0821
0842
18c4
39c7
5b0c
7c10
8c92
9cf4
9cf4
94b3
8472
7bf0
630c
4208
2105
1062
0821
0821
0821
0821
0821
0821
0821
0821
0821
0821
0821
0821
0821
0821
0821
0821
0821
0821
0821
0821
0821
0821
0821
0821
0821
0821
0821
0821
0821
0821
0821
0821
0821
0821
0821
0821
0821
0821
0821
0821
0821
0821
0841
1884
2908
0842
0821
0821
0821
0821
0821
0821
0821
0821
0821
0821
0821
0821
0821
0821
0821
0821
0821
0821
0821
0821
0821
0821
0821
0821
0821
0821
0821
0821
0821
0821
0821
0821
0821
0821
0821
0821
0821
0821
0821
0821
0821
0821
0821
0821
0821
0821
0821
0821
0821
0821
0821
0821
0821
0821
0821
0821
0821
0821
0821
0821
0821
0821
0821
0821
0821
0821
0821
0821
0821
0821
0821
0821
0821
0821
0821
0821
0821
0821
0821
0821
0821
0821
0821
0821
0821
0821
0821
0821
0821
0821
0821
0821
0821
0821
0821
0821
0821
0841
2945
6b6e
94b3
a576
b5d7
b5d7
a535
8c92
5b0c
2104
0841
0841
5202
a424
b4a5
c526
de0b
7303
1081
0821
0821
0821
0821
0842
0862
1084
29ac
4316
53dc
437b
32b7
2255
2234
2213
2213
2213
21f2
21f2
2212
42d4
6bf4
8c51
9cd2
ad34
b595
bdd6
c617
c637
ce38
ce38
c637
c617
bdd6
b595
ad54
a513
a4f1
ad4f
d568
e5a6
dd85
cd05
a404
2902
0821
0821
0821
0821
0821
0821
0821
0821
0821
0821
0821
20c4
732f
7330
7330
49ea
0821
0821
0821
0821
0841
0841
0841
0841
0841
0841
0841
0841
0841
0841
0841
0841
0841
0841
1062
2125
4a49
6b8e
8451
94d3
9d35
9d14
94b3
8472
7bf0
5aec
39c7
18e4
0842
0841
0841
0841
0841
0841
0841
0841
0821
0821
0821
0821
0821
0821
0821
0821
0821
0821
0821
0821
0821
0821
0821
0821
0821
0821
0821
0821
0821
0821
0821
0821
0821
0821
0821
0821
0821
0821
0821
0821
0821
0821
20c5
49cd
49cd
418c
0842
0821
0821
0821
0821
0821
0821
0821
0821
0821
0821
0821
0821
0821
0821
0821
0821
0821
0821
0821
0821
0821
0821
0821
0821
0821
0821
0821
0821
0821
0821
0821
0821
0821
0821
0821
0821
0821
0821
0821
0821
0821
0821
0821
0821
0821
0821
0821
0821
0821
0821
0821
0821
0821
0821
0821
0821
0821
0821
0821
0821
0821
0821
0821
0821
0821
0821
0821
0821
0821
0821
0821
0821
0821
0821
0821
0821
0821
0821
0821
0821
0821
0821
0821
0821
0821
0821
0821
0821
0821
0821
0821
0821
0821
0821
0821
0821
0841
3186
73af
94d3
ad96
b5d7
ad96
9cf4
8431
4a4a
10a3
0841
3142
9bc4
b485
bcc5
e64c
93c4
20e2
0821
0821
0821
0821
0841
10a4
29ac
4337
53fd
437c
32d8
2a55
2234
2234
2213
2213
2213
2212
21f2
21f2
21f1
2a33
4b36
6373
6b6e
8c30
9cd2
a513
ad34
ad74
ad75
ad75
ad74
ad54
a513
9cd2
8c50
8c0e
840f
8c50
ddea
e5c6
e5a6
d545
bcc5
6aa3
1061
0821
0821
0841
0841
0841
0841
0841
0841
0841
0841
0842
628d
7330
732f
20e5
0841
0841
0841
0841
0841
0841
0841
0841
0841
0841
0841
0841
0841
0841
0841
0841
0841
0841
0842
18a3
31a7
5b0c
7c10
8c92
9d14
a556
9d14
94b3
8451
73cf
52ab
3186
10a3
0841
0841
0841
0841
0841
0841
0841
0841
0841
0841
0841
0841
0841
0841
0841
0841
0841
0841
0841
0821
0821
0821
0821
0821
0821
0821
0821
0821
0821
0821
0821
0821
0821
0821
0821
0821
0821
0821
0821
0821
0821
20e6
49cd
49cd
41ad
0842
0821
0821
0821
0821
0821
0821
0821
0821
0821
0821
0821
0821
0821
0821
0821
0821
0821
0821
0821
0821
0821
0821
0821
0821
0821
0821
0821
0821
0821
0821
0821
0821
0821
0821
0821
0821
0821
0821
0821
0821
0821
0821
0821
0821
0821
0821
0821
0821
0821
0821
0821
0821
0821
0821
0821
0821
0821
0821
0821
0821
0821
0821
0821
0821
0821
0821
0821
0821
0821
0821
0821
0821
0821
0821
0821
0821
0821
0821
0821
0821
0821
0821
0821
0821
0821
0821
0821
0821
0821
0821
0821
0821
0821
0821
0821
0821
1062
4208
7c10
94f4
ad97
b5d7
a555
8cb3
6b8e
3186
0842
18a1
8343
b464
bca5
de0b
b4a7
3982
0841
0821
0821
0841
10a4
29cd
4b58
53fd
439c
32d8
2a76
2255
2234
2234
2234
2213
2213
2213
2212
21f2
21f2
21f1
21f1
3295
4b57
424d
41e8
5acb
73ae
8430
8c71
9491
9491
8c71
8430
7bae
62eb
41e8
5289
83ef
842f
ce0f
ede6
e5a6
dd85
cd25
a424
3142
0841
0841
0841
0841
0841
0841
0841
0841
0841
0841
0841
18c4
3147
2926
0841
0841
0841
0841
0841
0841
0841
0841
0841
0842
0842
0842
0841
0841
0841
0841
0841
0841
0841
0841
1062
2925
4a6a
73cf
8c72
94f4
a556
a576
9d14
8cb3
8431
6b6e
4229
2125
1062
0841
0841
0841
0841
0841
0841
0841
0841
0841
0841
0841
0841
0841
0841
0841
0841
0841
0841
0841
0841
0841
0841
0841
0841
0821
0821
0821
0821
0821
0821
0821
0842
0821
0821
0821
0821
0821
0821
0821
0821
1084
396b
49ad
3128
0841
0821
0821
0821
0821
0821
0821
0821
0821
0821
0821
0821
0821
0821
0821
0821
0821
0821
0821
0821
0821
0821
0821
0821
0821
0821
0821
0821
0821
0821
0821
0821
0821
0821
0821
0821
0821
0821
0821
0821
0821
0821
0821
0821
0821
0821
0821
0821
0821
0821
0821
0821
0821
0821
0821
0821
0821
0821
0821
0821
0821
0821
0821
0821
0821
0821
0821
0821
0821
0821
0821
0821
0821
0821
0821
0821
0821
0821
0821
0821
0821
0821
0821
0821
0821
0821
0821
0821
0821
0821
0821
0821
0821
0821
0821
0821
0821
18e4
52cb
8472
9d15
b5b7
ad76
94d4
8431
4a6a
18c3
1061
6aa3
ac44
bca5
d588
cd89
6263
0841
0821
0841
10a4
29cd
4b58
53fe
439c
32d9
2a76
2255
2255
2235
2234
2234
2234
2213
2213
2212
21f2
21f2
21f1
21d1
19d1
2212
4317
42d3
18e6
18a3
2925
31a6
4208
4a28
4a28
4208
39a7
2925
18a3
1062
1082
6b2a
9c6b
f750
f6aa
e5c6
e5a6
d565
c4c5
7b03
1082
0841
0841
0841
0841
0841
0841
0841
0841
0841
0841
0841
0841
0841
0841
0841
0841
0841
0841
0841
0841
0841
0842
0842
0842
0842
0842
0841
0841
0841
0841
0842
0842
0841
0842
18e4
3a08
6b6e
8451
94b3
a535
ad96
a555
94f4
8c92
7c10
5aec
31a7
18a3
0842
0841
0841
0841
0841
0841
0841
0841
0841
0841
0841
0841
0841
0841
0841
0841
0841
0841
0841
0841
0841
0841
0841
0841
0841
0841
0841
0841
0841
18a3
632c
738e
20e4
0821
0821
0821
0821
0821
0821
0821
0821
0842
1063
0821
0821
0821
0821
0821
0821
0821
0821
0821
0821
0821
0821
0821
0821
0821
0821
0821
0821
0821
0821
0821
0821
0821
0821
0821
0821
0821
0821
0821
0821
0821
0821
0821
0821
0821
0821
0821
0821
0821
0821
0821
0821
0821
0821
0821
0821
0821
0821
0821
0821
0821
0821
0821
0821
0821
0821
0821
0821
0821
0821
0821
0821
0821
0821
0821
0821
0821
0821
0821
0821
0821
0821
0821
0821
0821
0821
0821
0821
0821
0821
0821
0821
0821
0821
0821
0821
0821
0821
0821
0821
0821
0821
0821
0821
0821
0821
0821
0862
31a7
73af
94b3
a555
ad76
9cf4
8472
632d
2946
0862
49c2
a404
b485
c506
de2b
8324
18a2
18a5
0842
1084
3a92
541e
439d
32d9
2a77
2276
2256
2255
2255
2234
2234
2234
2213
3253
6312
5af2
21f2
21f2
21f1
2212
2212
21d1
3294
4b57
29cc
0842
0841
0841
0842
1062
1062
0842
0842
0841
0841
0841
0841
3142
a424
e609
ffb0
ee07
e5c6
dd86
cd25
ac64
3982
0841
0841
0841
0841
0841
0841
0841
0841
0841
0841
0841
0841
0841
0841
0841
0841
0841
0841
0841
0841
0842
0842
2945
39a7
2945
0842
0842
0842
0842
0842
0842
0842
0842
0842
10a3
31a7
5b0c
8431
8cb3
9d15
ad96
ad96
9d35
94b3
8451
6b8e
4249
2105
0862
0841
0841
0841
0841
0841
0841
0841
0841
0841
0841
0841
0841
0841
0841
0841
0841
0841
0841
0841
0841
0841
0841
0841
0841
0841
0841
0841
0841
3186
8c51
8c51
4229
0821
0821
0821
0821
0821
0821
0821
0821
0821
0821
0821
0821
0821
0821
0821
0821
0821
0821
0821
0821
0821
0821
0821
0821
0821
0821
0821
0821
0821
0821
0821
0821
0821
0821
0821
0821
0821
0821
0821
0821
0821
0821
0821
0821
0821
0821
0821
0821
0821
0821
0821
0821
0821
0821
0821
0821
0821
0821
0821
0821
0821
0821
0821
0821
0821
0821
0821
0821
0821
0821
0821
0821
0821
0821
0821
0821
0821
0821
0821
0821
0821
0821
0821
0821
0821
0821
0821
0821
0821
0821
0821
0821
0821
0821
0821
0821
0821
0821
0821
0821
0821
0821
0821
0821
0821
0821
0841
2104
52cb
8451
9d14
a555
9cf4
8c72
6b6e
31c7
1082
2902
93c4
b484
bcc5
e64c
9c05
2902
28e7
418c
28e7
0841
218b
53dc
439d
2a97
2276
2256
2255
2255
2255
2234
2234
2234
2213
52d2
7351
7351
2a32
21f2
21f1
3ab4
3ad4
21f1
2212
4316
42b2
18c5
0821
0821
0841
0841
0841
0841
0841
0841
0841
0841
0841
1062
6aa3
c4e5
f74f
f6eb
e5c6
e5a6
d565
c4e5
8343
1882
0841
0841
0841
0841
0841
0841
0841
0841
0841
0841
0841
0841
0841
0841
0841
0841
0841
0841
0842
0842
18c3
8c71
9cd3
8c51
18c3
0842
0842
0842
0862
1062
1062
0862
0842
1082
2966
52cb
7c10
8c92
9d14
ad76
ad96
a576
9cf4
8c92
7bf0
5acb
3186
1083
0841
0841
0841
0841
0841
0841
0841
0841
0841
0841
0841
0841
0841
0841
0841
0841
0841
0841
0841
0841
0841
0841
0841
0841
0841
0841
0841
0841
18c4
738e
7bcf
2925
0841
0841
0841
0841
0821
0821
0821
0821
0821
0821
0821
0821
0821
0821
0821
0821
0821
0821
0821
0821
0821
0821
0821
0821
0821
0821
0821
0821
0821
0821
0821
0821
0821
0821
0821
0821
0821
0821
0821
0821
0821
0821
0821
0821
0821
0821
0821
0821
0821
0821
0821
0821
0821
0821
0821
0821
0821
0821
0821
0821
0821
0821
0821
0821
0821
0821
0821
0821
0821
0821
0821
0821
0821
0821
0821
0821
0821
0821
0821
0821
0821
0821
0821
0821
0821
0821
0821
0821
0821
0821
0821
0821
0821
0821
0821
0821
0821
0821
0821
0821
0821
0821
0821
0821
0821
0841
18c3
4249
7bf0
94b3
9d14
94d3
8451
6b6e
39e8
10a3
1881
7b23
ac64
bca5
ddea
bce7
41c2
0841
18a4
314a
18a4
0821
10a4
42d5
541e
32f9
2a76
2256
2255
2255
2235
2234
2234
2234
2213
2a33
6312
52d2
21f2
21f1
21d1
2a32
2a52
19d0
21d0
3274
4b36
29ab
0842
0841
0841
0841
0841
0841
0841
0841
0841
0841
0841
0841
2902
9c04
ddc8
ffb1
ee27
e5c6
dd86
cd45
b484
49c2
0841
0841
0841
0841
0841
0841
0841
0841
0841
0841
0841
0841
0841
0841
0841
0841
0841
0842
0842
0842
526a
9cd3
9cf3
9cd3
4a49
0842
0842
0862
1062
3166
2125
1062
0862
1062
2945
528a
7bf0
8c92
9cf4
ad76
ad96
ad96
9d35
94b3
8431
634d
39e8
18c4
0842
0841
0841
0841
0841
0841
0841
0841
0841
0841
0841
0841
0841
0841
0841
0841
0841
0841
0841
0841
0841
0841
0841
0841
0841
0841
0841
0841
0841
0862
0842
0841
0841
0841
0841
0841
0841
0841
0841
0821
0821
0821
0821
0821
0821
0821
0821
0821
0821
0821
0821
0821
0821
0821
0821
0821
0821
0821
0821
0821
0821
0821
0821
0821
0821
0821
0821
0821
0821
0821
0821
0821
0821
0821
0821
0821
0821
0821
0821
0821
0821
0821
0821
0821
0821
0821
0821
0821
0821
0821
0821
0821
0821
0821
0821
0821
0821
0821
0821
0821
0821
0821
0821
0821
0821
0821
0821
0821
0821
0821
0821
0821
0821
0821
0821
0821
0821
0821
0821
0821
0821
0821
0821
0821
0821
0821
0821
0821
0821
0821
0821
0821
0821
0821
0821
0821
0841
18e4
4229
73af
8c92
94d3
8c92
7c10
5b0c
31a7
10a3
0841
6263
ac44
bca5
cd68
d5aa
6aa3
1061
0821
0821
0821
0821
0821
0841
218b
53dc
439c
2a97
2256
2255
2255
2234
2234
2234
2213
2213
2213
2212
21f2
21f2
21f1
21d1
19d1
19d0
19b0
19b0
2211
4316
42b2
18c5
0841
0841
0841
0841
0841
0841
0841
0841
0841
0841
0841
0841
5a43
bcc5
f70e
ff0d
e5c6
e5a6
dd65
c4e5
8b84
18a2
0841
0841
0841
0841
0841
0841
0841
0841
0841
0841
0841
0841
0841
0841
0841
0841
0841
0842
0842
18e4
8c71
9cd3
8c71
18c3
0842
0842
1062
4a6a
d6bb
d6db
528a
1062
1062
2125
4a8a
73cf
8c72
9cf4
a576
ad96
ad96
a555
94d4
8472
73af
4a49
2105
0842
0841
0841
0841
0841
0841
0841
0841
0841
0841
0841
0841
0841
0841
0841
0841
0841
0841
0841
0841
0841
0841
0841
0841
0841
0841
0841
0841
0841
0841
0841
0841
0841
0841
0841
0841
0841
0841
0841
0841
0841
0841
0821
0821
0821
0821
0821
0821
0821
0821
0821
0821
0821
0821
0821
0821
0821
0821
0821
0821
0821
0821
0821
0821
0821
0821
0821
0821
0821
0821
0821
0821
0821
0821
0821
0821
0821
0821
0821
0821
0821
0821
0821
0821
0821
0821
0821
0821
0821
0821
0821
0821
0821
0821
0821
0821
0821
0821
0821
0821
0821
0821
0821
0821
0821
0821
0821
0821
0821
0821
0821
0821
0821
0821
0821
0821
0821
0821
0821
0821
0821
0821
0821
0821
0821
0821
0821
0821
0821
0821
0821
0821
0821
0821
0841
1082
2925
4a6a
73cf
8472
8451
7bf0
634d
4249
2125
1062
0841
4182
9c04
b485
c4e6
e64c
8364
18a1
0821
0821
0821
0821
0821
0821
0821
10a4
42f5
541e
32f9
2255
2255
2235
2234
2234
2234
2213
2213
2213
21f2
21f2
21f1
21f1
19d1
19d0
19d0
19b0
19af
19d0
3273
4b36
29ab
0842
0841
0841
0841
0841
0841
0841
0841
0841
0841
0841
0841
20c2
93c4
d587
ffb1
ee48
e5c6
dda6
d545
b4a5
5223
0841
0841
0841
0841
0841
0841
0841
0841
0841
0841
0841
0841
0841
0841
0841
0841
0841
0841
0842
0842
2966
39e8
2966
0842
0842
1062
1083
738e
ef9e
f79e
7c10
1083
1082
2925
4a6a
73cf
8c72
9cf4
a576
ad96
ad96
a576
9cf4
8c92
7bf0
52ab
2946
1062
0842
0842
0842
0841
0841
0841
0841
0841
0841
0841
0841
0841
0841
0841
0841
0841
0841
0841
0841
0841
0841
0841
0841
0841
0841
0841
0841
0841
0841
0841
0841
0841
0841
0841
0841
0841
0841
0841
0841
0841
0841
0841
0841
0821
0821
0821
0821
0821
0821
0821
0821
0821
0821
0821
0821
0821
0821
0821
0841
0821
0821
0821
0821
0821
0821
0821
0821
0821
0821
0821
0821
0821
0821
0821
0821
0821
0821
0821
0821
0821
0821
0821
0821
0821
0821
0821
0821
0821
0821
0821
0821
0821
0821
0821
0821
0821
0821
0821
0821
0821
0821
0821
0821
0821
0821
0821
0821
0821
0821
0821
0821
0821
0821
0821
0821
0821
0821
0821
0821
0821
0821
0821
0821
0821
0821
0821
0821
0821
0821
0841
0842
1082
18c3
2945
3a08
5acb
6b6e
6b6e
632d
52ab
4208
2945
10a3
0841
0821
20e2
8ba4
b484
bcc5
e64b
a425
3142
0841
0821
0821
0821
0821
0821
0821
0821
0842
21ac
53dc
437c
2a76
2255
2235
2234
2234
2213
2213
2213
2212
21f2
21f2
21f1
21d1
19d1
19d0
19d0
19b0
19af
21f1
3294
4b37
3a71
10c5
0841
0841
0841
0841
0841
0841
0841
0841
0841
0841
0841
0841
5203
bca5
f6cc
ff4e
e5c6
e5a6
dd65
cd05
9bc4
20e2
0841
0841
0841
0841
0841
0841
0841
0841
0841
0841
0841
0841
0841
0841
0841
0841
0841
0842
0842
0842
0842
0842
0842
0842
0842
1062
39a7
ad76
b5b7
3187
1062
1062
2945
528a
7bf0
8c72
9cf4
a576
ad96
ad96
ad96
9d14
8c93
7c10
5aec
3186
1083
0842
0842
0842
0842
0842
0842
0842
0842
0842
0842
0842
0842
0842
0842
0841
0841
0841
0841
0841
0841
0841
0841
0841
0841
0841
0841
0841
0841
0841
0841
0841
0841
0841
0841
0841
0841
0841
0841
0841
0841
0841
0841
0841
0841
0841
0821
0821
0821
0821
0821
0821
0821
0821
0821
0821
0821
0821
0841
0841
0841
0821
0821
0821
0821
0821
0821
0821
0821
0821
0821
0821
0821
0821
0821
0821
0821
0821
0821
0821
0821
0821
0821
0821
0821
0821
0821
0821
0821
0821
0821
0821
0821
0821
0821
0821
0821
0821
0821
0821
0821
0821
0821
0821
0821
0821
0821
0821
0821
0821
0821
0821
0821
0821
0821
0821
0821
0821
0821
0821
0821
0821
0821
0821
0821
0821
0821
0821
0821
0821
0821
0821
0862
10a3
2104
2945
2966
2966
2945
2105
18c3
1082
0841
0821
0821
1081
72e3
ac64
bca5
ddc9
c528
5202
0841
0821
0821
0821
0821
0821
0821
0821
0821
0821
10a5
42f5
53fe
32d8
2255
2234
2234
2234
2213
2213
2213
2212
21f2
21f2
21f1
19d1
19d1
19d0
19d0
2211
3294
4316
42f4
29ec
10c5
0842
0841
0841
0841
0841
0841
0841
0841
0841
0841
0841
0841
0841
18a2
8b84
d567
ffb1
f669
e5c6
dda6
d545
bca5
6263
0862
0841
0841
0841
0841
0841
0841
0841
0841
0841
0841
0841
0842
0842
0842
0842
0842
0842
0842
0842
0842
0842
0842
0842
0842
0862
1062
1083
18a3
1062
0862
1083
2966
52cb
7bf0
8c92
9d14
ad76
ad96
ad96
ad96
9d35
94b3
8431
630c
31a7
1083
0842
0842
0842
0842
0842
0842
0842
0842
0842
0842
0842
0842
0842
0842
0842
0842
0842
0842
0842
0842
0841
0841
0841
0841
0841
0841
0841
0841
0841
0841
0841
0841
0841
0841
0841
0841
0841
0841
0841
0841
0841
0841
0841
0841
0841
0841
0841
0841
0841
0842
0842
0842
0842
0841
0821
0821
0841
0842
20e4
0842
0841
0821
0821
0821
0821
0821
0821
0821
0821
0821
0821
0821
0821
0821
0821
0821
0821
0821
0821
0821
0821
0821
0821
0821
0821
0821
0821
0821
0821
0821
0821
0821
0821
0821
0821
0821
0821
0821
0821
0821
0821
0821
0821
0821
0821
0821
0821
0821
0821
0821
0821
0821
0821
0821
0821
0821
0821
0821
0821
0821
0821
0821
0821
0842
0862
1083
18c4
1906
1083
0821
0821
0821
0821
0821
0841
0841
0841
0841
0841
0821
0821
0821
0821
0821
3982
a424
bca5
cd47
d5eb
72c3
1061
0821
0821
0821
0821
0821
0821
0821
0821
0821
0821
0842
29ac
53dc
435b
2a75
2234
2234
2234
2213
2213
2213
21f2
21f2
21f1
21d1
19d1
21d1
2212
3294
4316
42f4
29cc
10c5
0842
0841
0841
0841
10a3
31a7
0862
0841
0841
0841
0841
0841
0841
0841
0841
0841
41c2
b485
ee8b
ff6f
ede6
e5a6
dd85
cd05
a404
2902
0841
0841
0841
0841
0841
1062
1083
0842
0842
0842
0842
0842
0842
0842
0842
0842
0842
0842
0842
0842
0842
0842
0842
0842
0842
0842
1062
1062
0842
0842
10a3
3187
5b0c
7c10
8cb3
9d15
ad96
ad96
ad96
ad96
9d35
94b3
8431
632d
31a7
18a3
0842
0842
0842
0842
0842
0842
0842
0842
0842
0842
0842
0842
0842
0842
0842
0842
0842
0842
0842
0842
0842
0842
0842
0842
0841
0841
0841
0841
0841
0841
0841
0841
0841
0841
0841
0841
0841
0841
0841
0841
0841
0841
0841
0841
0841
1062
18a3
2104
2946
3187
3186
2105
10a3
0862
0841
0841
0841
4a0a
732f
526b
0842
0841
0821
0821
0821
0821
0821
0821
0821
0821
0821
0821
0821
0821
0821
0821
0821
0821
0841
0841
0842
0842
0862
1083
10a4
18c5
1084
0821
0821
0821
0821
0821
0821
0821
0821
0821
0821
0821
0821
0821
0821
0821
0821
0821
0821
0821
0821
0821
0821
0821
0821
0821
0821
0821
0821
0841
0842
1063
10a4
18e5
2127
2989
31ec
424e
4ab0
5312
5353
5b74
18e5
0821
0821
0821
0821
0821
0821
0821
0821
0821
0821
0821
0821
0821
0821
0821
41c2
b484
c4e5
e64c
8ba4
20c2
0821
0821
0821
0821
0821
0821
0821
0821
0821
0821
0821
0821
10a5
42f5
53dd
32b7
2234
2234
2213
2213
2213
2212
21f2
21f2
21f1
21f1
2a32
3ab5
4337
42f4
29cc
10c5
0842
0841
0841
0841
0841
0841
632d
73cf
4a6a
0841
0841
0841
0841
0841
0841
0841
0841
0841
1082
8343
cd26
ff90
f689
e5c6
e5a6
d545
bcc5
6ac3
1062
0842
0842
0842
1042
730f
7b50
18c4
0842
0842
0842
0842
0842
0842
0842
0842
0842
0842
0842
0842
0842
0842
0842
0842
0842
0842
0842
0842
0842
0842
18c4
39e8
634d
8431
94b3
a535
ad96
ad96
ad96
ad96
a535
94b3
8431
632d
39c7
18a3
0842
0842
0842
0842
0842
0842
0842
0842
0842
0842
0842
0842
0842
0842
0842
0842
0842
0842
0842
0842
0842
0842
0842
0842
0842
0842
0842
0842
0841
0841
0841
0841
0841
0841
0841
0841
0841
0841
0841
0841
0841
0841
0842
1082
2105
39c7
528a
632d
5b0c
39e8
18e4
0842
0841
0821
0841
0841
0842
5a6c
734f
62ce
0842
0841
0841
0821
0821
0821
0821
0821
0821
0821
0821
0841
0841
0842
0842
0863
1083
10a4
10c5
18e6
2108
2149
296a
29ac
31cd
31ee
18e7
0821
0821
0821
0821
0821
0821
0821
0821
0821
0821
0821
0821
0821
0821
0821
0821
0821
0821
0821
0821
0821
0821
0821
0821
0821
0821
0821
2168
3a4e
4ad0
5313
5b74
5b95
5bb6
5bb6
5b96
5375
5334
4af3
42d2
5354
2147
0821
0821
0821
0821
0821
0821
0821
0821
0821
0821
0821
0821
0821
0821
0821
18a2
8b64
ddeb
a426
3142
0841
0821
0821
0821
0821
0821
0821
0821
0821
0821
0821
0821
0821
0842
29ac
53bb
435a
2a55
2234
2213
2213
2213
21f2
21f2
21f2
2a33
3ad6
4b58
42f4
29cc
10a5
0842
0841
0841
0841
0841
0841
0841
0841
5aec
73cf
4209
0841
0841
0841
0841
0841
0841
0841
0841
0841
0841
3962
ac64
e64a
ff90
ede7
e5a6
dd85
cd25
ac44
3142
0842
0842
0842
0842
732f
7b50
20c4
0842
0842
0842
0842
0842
0842
0842
0842
0842
0842
0842
0842
0842
0842
0842
0842
0842
0842
0842
0842
0842
1062
2125
4a4a
73af
8472
94d4
a555
ad96
ad96
ad96
a515
6ad0
7bb1
8431
632d
31a7
10a3
0842
0842
0842
0842
0842
0842
0842
0842
0842
0842
0842
0842
0842
0842
0842
0842
0842
0842
0842
0842
0842
0842
0842
0842
0842
0842
0842
0842
0842
0842
0842
0841
0841
0841
0841
0841
0841
0841
0841
0841
0841
0862
20e4
39e8
5b0c
7bd0
8431
6b4d
39a7
10a3
0841
0841
0821
0821
0821
0821
0841
18a3
49e9
20e5
0841
0841
0821
0821
0821
0841
0842
0842
0862
1083
10a4
18c5
18e6
1907
2149
296a
29ab
31cd
31ee
3a2f
3a51
4251
4272
4273
4273
4272
2128
0821
0821
0821
0821
0821
0821
0821
0821
0821
0821
0821
0821
0821
0821
0821
0821
0821
0821
0821
0821
0821
0821
0821
0821
0821
0821
0821
31aa
6419
5bb7
5376
4b35
42f4
42b2
3a91
3250
3230
320f
29ee
29ee
4b34
29aa
0821
0821
0821
0821
0821
0821
0821
0821
0821
0821
0821
0821
0821
0821
0821
0821
1082
3163
18a2
0841
0821
0821
0821
0821
0821
0821
0821
0821
0821
0821
0821
0821
0821
0821
10a5
42f5
4bbc
32b7
2234
2213
2213
2212
2212
2a54
3af7
4b58
42f4
29cc
10a4
0842
0841
0841
0841
0841
0841
0841
0841
0841
0841
0842
20e4
0841
0841
0841
0841
0841
0841
0841
0841
0841
0841
0841
1062
72e3
c506
ff70
f6ca
e5c6
e5a6
d565
c4e5
7b03
1082
0842
0842
0842
1062
18a3
0842
0842
0842
0842
0842
0842
0842
0842
0842
0842
0842
0842
0842
0842
0842
0842
0842
0842
0842
0842
0842
0842
10a3
3187
5aec
7c10
8c92
9cf4
a576
ad96
ad96
ad96
9cf5
628f
7371
7c11
5b0c
3187
1083
0842
0842
0842
0842
0842
0842
0842
0842
0842
0842
0842
0842
0842
0842
0842
0842
0842
0842
0842
0842
0842
0842
0842
0842
0842
0842
0842
0842
0842
0842
0842
0842
0842
0841
0841
0841
0841
0841
0841
0841
1082
2966
52ab
73cf
8c92
8c92
73af
39c8
1083
0841
0841
0841
0841
0841
0821
0821
0841
0841
0842
0841
0841
0821
0821
0821
0821
0862
1907
2128
2969
298b
31cc
31ed
3a0f
3a30
3a51
4252
4272
4272
3a73
3a53
3a32
3232
3211
29f1
29d0
3a52
296a
0842
0821
0821
0821
0821
0821
0821
0821
0821
0821
0821
0821
0821
0821
0821
0821
0821
0821
0821
0821
0821
0821
0821
0821
0821
0821
0821
2148
5bd8
3a92
3251
3250
3230
3230
3210
2a0f
2a0f
2a0f
29ee
29ee
4af3
3a2d
0821
0821
0821
0821
0821
0821
0821
0821
0821
0821
0821
0821
0821
0821
0821
0821
0821
0821
0821
0821
0821
0821
0821
0821
0821
0821
0842
0862
0842
0841
0821
0821
0821
0821
0842
29ac
53bb
3b39
2234
2213
2213
2a75
3af7
4b79
42f4
29ab
10a4
0842
0841
0841
0841
0841
0841
0841
0841
0841
0841
0841
0841
0841
0841
0841
0841
0841
0841
0841
0841
0841
0841
0841
0841
0841
0841
3122
a424
e609
ffb1
ee07
e5c6
dd86
cd25
ac64
4182
0842
0842
0842
0842
0842
0842
0842
0842
0842
0842
0842
0842
0842
0842
0842
0842
0842
0842
0842
0842
0842
0842
0842
0842
0842
0842
1062
2105
4229
6b6e
8451
94b3
9d35
ad96
ad96
ad96
ad96
ad76
94d4
8c92
7bf0
52cb
2966
1083
0842
0842
0842
0842
0842
0842
0842
0842
0842
0842
0842
0842
0842
0842
0842
0842
0842
0842
0842
0842
0842
0842
0842
0842
0842
0842
0842
0842
0842
0842
0842
0842
0842
0842
0842
0842
0841
0841
0841
1082
3187
630c
8451
94d3
94d4
8431
4a6a
18c3
0841
0841
0841
0841
0841
0841
0841
0821
0821
0821
0841
0821
0821
0821
0821
0821
0821
0842
296a
3a30
3a50
3a51
3a51
3a52
3a32
3a31
3211
31f1
29d0
29b0
218f
218f
216e
194e
194d
192d
194e
3a52
31ac
0842
0821
0821
0821
0821
0821
0821
0821
0821
0821
0821
0821
0821
0821
0821
0821
0821
0821
0821
0821
0821
0821
0821
0821
0821
0821
0821
18e5
63d8
3a92
3251
3251
3230
3230
3230
3210
320f
2a0f
2a0f
29ee
42b2
42af
0841
0821
0821
0821
0821
0821
0821
0841
0841
0841
0841
0841
0841
0821
0821
0821
0821
0821
0821
0821
0821
0821
0821
0821
0821
0821
1063
296a
2128
18e6
1084
0863
0842
0841
0821
10a5
42f4
4bbc
2a96
2a75
3b18
4b7a
42f5
29ab
10a4
0842
0841
0841
0841
0841
0841
0841
0841
0841
0841
0841
0841
0841
0841
0841
0841
0841
0841
0841
0841
0841
0841
0841
0841
0841
0841
0842
0842
1062
6aa3
c4e5
f72f
f6ec
e5c6
e5a6
d565
c4e5
8364
18a2
0842
0842
0842
0842
0842
0842
0842
0842
0842
0842
0842
0842
0842
0842
0842
0842
0842
0842
0842
0842
0842
0842
0842
0842
0842
18c3
31a7
5aec
7bf0
8c72
94f4
a556
ad96
ad96
ad96
ad96
a576
94f4
8c72
73cf
4a6a
2125
1062
0842
0842
0842
0842
0842
0842
0842
0842
0842
0842
0842
0842
0842
0862
1062
1083
1062
1062
0862
0842
0842
0842
0842
0842
0842
0842
0842
0842
0842
0842
0842
0842
0842
0842
0842
0842
0842
0842
1062
3186
632d
8472
94f4
9d35
8c93
634d
2945
0842
0841
0841
0841
0841
0841
0841
0841
0841
0841
0821
0821
0821
0821
0821
0821
0821
0821
0841
2128
3a31
31f0
29cf
29af
218e
216e
214d
194d
192d
192c
190c
190c
110c
110c
110c
110c
110c
192d
3232
31ee
0863
0821
0821
0821
0821
0821
0821
0821
0821
0821
0821
0821
0821
0821
0821
0821
0821
0821
0821
0821
0821
0821
0821
0821
0821
0821
0821
1083
5bd7
3ab3
3251
3251
3251
3230
3230
3230
3210
320f
2a0f
2a0f
3a91
5312
0842
0821
0821
0821
0821
0821
0841
0841
0842
1062
0862
0842
0841
0821
0821
0821
0821
0821
0821
0821
0821
0821
0821
0821
0821
0821
10a5
31ef
320f
3a0f
31ed
298b
2129
18e6
1084
1063
29cc
53ba
435a
4b9a
42f5
29ab
10a4
0841
0841
0841
0841
0841
0841
0841
0841
0841
0841
0841
0841
0841
0841
0841
0841
0841
0841
0841
0841
0841
0841
0841
0841
0841
0841
0842
0842
0842
0842
0842
28e2
9be4
ddc8
ffb1
ee27
e5c6
dd86
d545
b484
49e2
0842
0842
0842
0842
0842
0842
0842
0842
0842
0842
0842
0842
0842
0842
0842
0842
0842
0842
0842
0842
0842
0842
0842
0842
1083
2946
4a6a
6b8e
8451
94b3
9d35
ad96
ad96
ad96
ad96
ad96
a535
94d3
8451
6b6e
4209
20e4
0842
0842
0842
0842
0842
0842
0842
0842
0842
0842
0842
0842
0842
0862
1062
1083
18a4
1083
1083
1062
0862
0842
0842
0842
0842
0842
0842
0842
0842
0842
0842
0842
0842
0842
0842
0842
0842
0842
0842
2925
5aec
8451
9cf4
a576
9d14
8431
4a49
10a3
0841
0841
0841
0841
0841
0841
0841
0841
0841
0841
0841
0821
0821
0821
0821
0821
0821
0821
0841
1907
3a30
216d
190b
190b
110b
10eb
10eb
10eb
10eb
10eb
10ec
110c
110c
110c
110c
110c
110c
192d
31f1
3a0f
1084
0821
0821
0821
0821
0821
0821
0821
0821
0821
0821
0821
0821
0821
0821
0821
0821
0821
0821
0821
0821
0821
0821
0821
0821
0821
0821
0862
5b95
42f4
3272
3251
3251
3251
3230
3230
3230
3230
320f
2a0f
3a71
5354
1083
0821
0821
0821
0821
0821
0841
0842
18c4
9453
524b
0862
0841
0821
0821
0821
0821
0821
0821
0821
0821
0821
0821
0821
0821
0841
2128
29ce
192c
216d
29af
31f0
3a10
3a10
31ee
298c
29ac
4b36
4b36
29cc
10a4
0841
0841
0841
0841
0841
0841
0841
0841
0841
0841
0841
0841
0841
0841
0841
0841
0841
0841
0841
0841
0841
0841
0841
0841
0841
0841
0842
0842
0842
0842
0842
0842
0842
0842
5a43
bcc5
f6ed
ff2d
e5c6
e5a6
dd65
c505
93a4
18c2
0842
1062
0842
0842
0842
0842
0842
0842
0842
0842
0842
0842
0842
0842
0842
0842
0842
0842
0842
0842
0842
0842
1083
2125
4229
634d
8431
8c92
9cf4
a556
ad96
ad96
ad96
ad96
ad76
9d14
8c92
7c10
5b0c
31a7
18a3
0842
0842
0842
0842
0842
0842
0842
0842
0842
0842
0842
0842
1062
1062
1083
20e4
62ec
2946
18a3
1083
1062
0842
0842
0842
0842
0842
0842
0842
0842
0842
0842
0842
0842
0842
0842
0842
0842
0842
18c3
4a6a
7c11
94d4
a576
ad76
94d3
73af
3187
0842
0841
0841
0841
0841
0841
0841
0841
0841
0841
0841
0841
0841
0821
0821
0821
0821
0821
0821
0821
18c5
3a2f
298e
10eb
10eb
10eb
10eb
10eb
10eb
10eb
10eb
10eb
10eb
10ec
110c
110c
110c
110c
190c
29d0
3a51
10c5
0821
0821
0821
0821
0821
0821
0821
0821
0821
0821
0821
0821
0821
0821
0821
0821
0821
0821
0821
0821
0821
0821
0821
0821
0821
0821
0841
5333
4b36
3272
3272
3251
3251
3251
3230
3230
3230
3230
320f
3250
5b75
10c4
0821
0821
0821
0821
0821
0841
0862
4a2a
ff9f
bd78
1083
0842
0821
0821
0821
0821
0821
0821
0821
0821
0821
0821
0821
0821
0842
298b
216d
10ea
10ea
10eb
190c
194d
218e
29d0
3211
3a31
42b4
3a30
298c
18c5
0841
0841
0841
0841
0841
0841
0841
0841
0841
0841
0841
0841
0841
0841
0841
0841
0841
0841
0841
0841
0841
0841
0841
0841
0842
0842
0842
0842
0842
0842
0842
0842
0842
0842
20c2
93a4
d587
ffb1
f648
e5c6
dda6
d545
bca5
5a23
0842
1062
10a3
0842
0842
0842
0842
0842
0842
0842
0842
0842
0842
0842
0842
0842
0842
0842
0842
0842
0842
1083
2925
4208
632d
7c10
8c72
94d3
a535
ad96
ad96
ad96
ad96
ad96
a555
94d3
8c72
73cf
4a8a
2945
1062
0842
0842
0842
0842
0842
0842
0842
0842
0842
0842
0842
0842
1062
1083
20e4
ad56
ffff
ef9e
41e9
1083
1062
0842
0842
0842
0842
0842
0842
0842
0842
0842
0842
0842
0842
0842
0842
0842
0842
1062
3187
6b8e
94b3
a555
b5d7
a556
8cb3
632d
2105
0842
0841
0841
0841
0841
0841
0841
0841
0841
0841
0841
0841
0841
0841
0821
0821
0821
0821
0821
0821
1084
3a0e
29cf
10eb
10ea
10eb
10eb
10eb
10eb
10eb
10eb
10eb
10eb
10eb
10ec
110c
110c
110c
110c
29af
3a52
18e7
0841
0821
0821
0821
0821
0821
0821
0821
0821
0821
0821
0821
0821
0821
0821
0821
0821
0821
0821
0821
0821
0821
0821
0821
0821
0821
0821
42b0
5398
3a72
3272
3272
3251
3251
3251
3251
3230
3230
3230
3230
5b96
2126
0821
0821
0821
0821
0821
0841
0842
1082
62cd
3187
0862
0841
0841
0821
0821
0821
0821
0821
0821
0821
0821
0821
0821
0821
1063
31cd
192b
10ca
10ea
10ea
10eb
10eb
10eb
110c
192c
214d
218f
29d0
3a10
1084
0841
0841
0841
0841
0841
0841
0841
0841
0841
0841
0841
0841
0841
0841
0841
0841
0841
0841
0841
0841
0841
0841
0841
0842
0842
0842
0842
0842
0842
0842
0842
0842
0842
0842
0842
49e3
b4a5
eecc
ff4e
e5c6
e5a6
dd85
cd05
9be4
20e2
0842
18c3
18c4
1062
0842
0842
0842
0842
0842
0842
0842
0842
0842
0842
0842
0842
0842
0842
1062
18c3
2946
4229
632d
7bf0
8c72
94d3
9d35
ad76
ad96
ad96
ad96
ad96
ad76
9d14
8c93
8431
634d
39e8
18e4
0842
0842
0842
0842
0842
0842
0842
0842
0842
0842
0842
0842
0842
1062
18a3
2926
ef7d
ffff
ffff
7bb0
18c4
1083
1062
0842
0842
0842
0842
0842
0842
0842
0842
0842
0842
0842
0842
0842
0842
0842
18c3
4a8a
8451
9d14
adb7
b5f8
a535
8c92
5acb
18c4
0841
0841
0841
0841
0841
0841
0841
0841
0841
0841
0841
0841
0841
0841
0841
0821
0821
0821
0821
0821
1063
31cd
31ef
190b
10ea
10ea
10eb
10eb
10eb
10eb
10eb
10eb
10eb
10eb
10eb
10ec
110c
110c
110c
216e
3a52
2128
0841
0821
0821
0821
0821
0821
0821
0821
0821
0821
0821
0821
0821
0821
0821
0821
0821
0821
0821
0821
0821
0821
0821
0821
0821
0821
0821
3a0d
5bd9
3a93
3a72
3272
3272
3251
3251
3251
3251
3230
3230
3230
5376
2989
0821
0821
0821
0821
0821
0841
0841
0862
2105
3166
10a3
0841
0841
0821
0821
0821
0821
0821
0821
0821
0821
0821
0821
0821
18a5
31ce
10ea
10ca
10ea
10ea
10ea
10eb
10eb
10eb
10eb
10ec
110c
218f
31cd
0862
0841
0841
0841
0841
0841
0841
0841
0841
0841
0841
0841
0841
0841
0841
0841
0841
0841
0841
0841
0841
0841
0841
0842
0842
0842
0842
0842
0842
0842
0842
0842
0842
0842
0842
0842
18a2
8b64
d546
ffb1
f669
e5c6
dda6
d545
bcc5
6283
1062
1082
2125
2125
18a3
1062
0842
0842
0842
0842
0842
0842
0842
0842
0842
0842
1062
18a3
2105
31a7
4a6a
634d
7bf0
8c72
94b3
9d14
ad76
ad96
ad96
ad96
ad96
ad96
9d35
94d3
8452
73af
528a
2946
1083
0842
0842
0842
0842
0842
0842
0842
0842
0842
0842
0842
0842
0842
1062
1083
18c4
ad56
ffdf
dedb
39c8
1083
1062
0842
0842
0842
0842
0842
0842
0842
0842
0842
0842
0842
0842
0842
0842
0842
0842
2945
6b4d
8cb3
a555
b5f8
b5f8
a535
8c72
52ab
18a3
0841
0841
0841
0841
0841
0841
0841
0841
0841
0841
0841
0841
0841
0841
0841
0841
0841
0821
0821
0821
0862
29ab
3210
190b
10ea
10ea
10ea
10eb
10eb
10eb
10eb
10eb
10eb
10eb
10eb
10eb
10ec
110c
110c
214e
3a52
296a
0842
0821
0821
0821
0821
0821
0821
0821
0821
0821
0821
0821
0821
0821
0821
0821
0821
0821
0821
0821
0821
0821
0821
0821
0821
0821
0821
2989
641a
3ab3
3a93
3a72
3272
3272
3251
3251
3251
3251
3230
3230
5355
3a0c
0821
0821
0821
0821
0821
0841
0841
1082
7bcf
9492
5aab
0842
0841
0841
0821
0821
0821
0821
0821
0821
0821
0821
0821
0841
2128
29ad
10ca
10ca
10ca
10ea
10ea
10eb
10eb
10eb
10eb
10eb
110c
29d0
214a
0841
0841
0841
0841
0841
0841
0841
0841
0841
0841
0841
0841
0841
0841
0841
0841
0841
0841
0841
0841
0841
0841
0842
0842
0842
0842
0842
0842
0842
0842
0842
0842
0842
0842
0842
0842
0842
41a2
b485
ee8b
ff6f
ede6
e5a6
dd85
cd05
a404
2922
0842
18c4
31a7
31a7
2125
18c4
10a3
1082
1062
1062
1062
1062
1062
1083
18c4
2125
3187
4229
5aec
6b8e
8411
8c72
94d3
9d14
a576
ad96
ad96
ad96
ad96
ad96
a535
94d4
8c72
7c10
5b0c
39c8
18c4
0842
0842
0842
0842
0842
0842
0842
0842
0842
0842
0842
0842
0842
0842
1062
1062
1083
18c4
41e8
3167
18a3
1083
1062
0842
0842
0842
0842
0842
0842
0842
0842
0842
0842
0842
0842
0842
0842
0842
1062
39c8
7bf0
94f4
ad96
be18
b5f8
a535
8c72
52ab
18a3
0842
0841
0841
0841
0841
0841
0841
0841
0841
0841
0841
0841
0841
0841
0841
0841
0842
0841
0841
0821
0842
296a
3a10
192c
10ea
10ea
10ea
10ea
10eb
10eb
192c
190b
10eb
10eb
10eb
10eb
10eb
10ec
110c
192d
3a32
29ac
0842
0821
0821
0821
0821
0821
0821
0821
0821
0821
0821
0821
0821
0821
0821
0821
0821
0821
0821
0821
0821
0821
0821
0821
0821
0821
0821
2107
643a
3ad4
3a93
3a93
3a72
3272
3272
3271
3251
3251
3251
3230
4b14
428f
0821
0821
0821
0821
0821
0841
0841
18a3
8430
94d3
6b6d
0862
0841
0841
0821
0821
0821
0821
0821
0821
0821
0821
0821
0842
298a
216c
10c9
10ca
10ca
10ea
10ea
10ea
10eb
10eb
10eb
10eb
190c
3210
18e6
0841
0841
0841
0841
0841
0841
0841
0841
0841
0841
0841
0841
0841
0841
0841
0841
0841
0841
0841
0841
0841
0842
0842
0842
0842
0842
0842
0842
0842
0842
0842
0842
0842
0842
0842
0842
0842
1082
7b23
cd26
ff90
f6aa
e5c6
e5a6
d565
bcc5
72c3
1062
1062
2105
4208
4a4a
39e8
31a7
2966
2945
2125
2125
2925
2946
3187
39e8
4a4a
5aec
6b6e
7bf0
8451
8c92
94d3
9d35
ad76
ad96
ad96
ad96
ad96
ad96
a535
94f4
8c92
8431
6b4e
4229
2125
1062
0842
0842
0842
0842
0842
0842
0842
0842
0842
0842
0842
0842
0842
0842
0842
1062
1062
1083
18a4
1083
1083
1062
0842
0842
0842
0842
0842
0842
0842
0842
0842
0842
0842
0842
0842
0842
0842
0842
1083
4a49
8451
9d14
b5d7
be19
b5f8
a535
8c92
5acb
18c4
0842
0842
0842
0841
0841
0841
0841
0841
0841
0841
0841
0841
0841
0841
0841
1062
41ab
3148
0841
0821
0842
2128
3a30
214c
10ea
10ea
10ea
10ea
10ea
192c
31ce
31ce
190b
10eb
10eb
10eb
10eb
10eb
10ec
192c
3211
31ee
0863
0821
0821
0821
0821
0821
0821
0821
0821
0821
0821
0821
0821
0821
0821
0821
0821
0821
0821
0821
0821
0821
0821
0821
0821
0821
0821
10c4
641a
42f5
3a93
3a93
3a93
3a72
3272
3272
3272
3251
3251
3251
42f4
5312
0842
0821
0821
0821
0821
0841
0841
0841
31a7
528a
20e4
0841
0841
0821
0821
0821
0821
0821
0821
0821
0821
0821
0821
1063
31cc
190b
10c9
10ca
10ca
10ca
10ea
10ea
10eb
10eb
10eb
10eb
194d
320f
1084
0841
0841
0841
0841
0841
0841
0841
0841
0841
0841
0841
0841
0841
0841
0841
0841
0841
0841
0841
0841
0842
0842
0842
0842
0842
0842
0842
0842
0842
0842
0842
0842
0842
0842
0842
0842
0842
0842
3962
ac44
e62a
ff90
ede7
e5a6
dd85
cd25
ac44
3962
0842
1083
2946
4a4a
630c
5b0c
52ab
528a
4a6a
4a6a
528a
52ab
5aec
634d
73af
7c10
8451
8c72
94b3
9cf4
a535
ad76
ad96
ad96
ad96
ad96
ad76
a535
94d4
8c92
8431
6b8e
4a6a
2966
10a3
0842
0842
0842
0842
0842
0842
0842
0842
0842
0842
0842
0842
0842
0842
0842
0842
0842
1062
1062
1083
1062
1062
0842
0842
0842
0842
0842
0842
0842
0842
0842
0842
0842
0842
0842
0842
0842
0842
0842
18c3
52ab
8c72
9d35
b5d8
be19
bdf8
a556
8cb3
632d
2105
0842
0842
0842
0842
0841
0841
0841
0841
0841
0841
0841
0841
0841
0841
0841
18a4
5a4f
49ed
0842
0841
0841
18e6
3a2f
216d
10ea
10ca
10ea
10ea
10ea
192b
31ce
29ce
110b
10eb
10eb
10eb
10eb
10eb
10eb
190c
31f0
3a0f
1084
0821
0821
0821
0821
0821
0821
0821
0821
0821
0821
0821
0821
0821
0821
0821
0821
0821
0821
0821
0821
0821
0821
0821
0821
0821
0821
1063
63f8
4b36
3ab3
3a93
3a93
3a93
3a92
3272
3272
3272
3251
3251
42b3
5b75
0862
0821
0821
0821
0821
0821
0841
0841
0841
0842
0841
0841
0841
0821
0821
0821
0821
0821
0821
0821
0821
0821
0821
18c5
31cd
10ea
10c9
10c9
10ca
10ca
10ea
10ea
10ea
10eb
10eb
10eb
218e
31ad
0842
0841
0841
0841
0841
0841
0841
0841
0841
0841
0841
0841
0841
0841
0841
0841
0841
0841
0841
0841
0842
0842
0842
0842
0842
0842
0842
0842
0842
0842
0842
0842
0842
0842
0842
0842
0842
0842
0842
1062
72e3
c506
ff4f
f6cb
e5c6
e5a6
d565
c4e5
7b23
1082
0842
18a3
3166
4a6a
6b6e
7bf0
7bd0
73cf
73cf
7bcf
7bf0
7c10
8431
8c72
8c92
94b3
9cf4
9d35
a556
ad96
ad96
ad96
ad96
ad76
a555
9d14
94d3
8c72
8431
6b8e
528a
3186
18c4
0862
0842
0842
0842
0842
0842
0842
0842
0842
0842
0842
0842
0842
0842
0842
0842
0842
0842
0842
0842
0862
0842
0842
0842
18a4
49cb
18a4
0842
0842
0842
0842
0842
0842
0842
0842
0842
0842
0842
0842
0842
18c4
5acb
8c92
a555
b5f8
be19
be18
ad76
94d3
73af
3187
0842
0842
0842
0842
0842
0841
0841
0841
0841
0841
0841
0841
0841
0841
0841
0841
20c5
18a4
0841
0821
0821
18c5
3a0e
298d
10ea
10ca
10ca
10ea
10ea
10ea
190b
110b
10eb
10eb
10eb
10eb
10eb
10eb
10eb
110c
29af
3a30
10c5
0821
0821
0821
0821
0821
0821
0821
0821
0821
0821
0821
0821
0821
0821
0821
0821
0821
0821
0821
0821
0821
0821
0821
0821
0821
0821
0842
5b96
5378
3ab4
3ab4
3a93
3a93
3a93
3a92
3a72
3272
3272
3251
3a92
5bb7
10a4
0821
0821
0821
0821
0821
0821
0841
0841
0841
0841
0841
0821
0821
0821
0821
0821
0821
0821
0821
0821
0821
0841
2127
298d
10c9
10c9
10c9
10ca
10ca
10ca
10ea
10ea
10eb
10eb
10eb
29cf
2149
0841
0841
0841
0841
0841
0841
0841
0841
0841
0841
0841
0841
0841
0841
0841
0841
0841
0841
0841
0842
0842
0842
0842
0842
0842
0842
0842
0842
0842
0842
0842
0842
0842
0842
0842
0842
0842
0842
0842
0842
2922
a424
e5e9
ffb1
ee07
e5c6
dd86
cd25
b464
41a2
0842
0842
18c3
3166
4a6a
6b4d
7c10
8451
8c72
8c72
8c92
8c93
94b3
94d3
9cf4
9d35
a556
ad96
ad96
ad96
ad96
ad76
a555
9d14
94d4
94b3
8c72
7c10
6b6e
4a6a
3187
18c4
1062
0842
0842
0842
0842
0842
0842
0842
0842
0842
0842
0842
0842
0842
0842
0842
0842
0842
0842
0842
0842
0842
0842
0842
0842
2927
626f
2906
0842
0842
0842
0842
0842
0842
0842
0842
0842
0842
0842
0842
0842
18c4
5acc
8c92
a555
b5f8
be19
be19
adb7
9d14
8431
4a4a
18a3
0842
0842
0842
0842
0842
0842
0842
0842
0841
0841
0841
0841
0841
0841
0841
0841
0841
0841
0841
0821
1084
31ed
29ae
10ea
10ca
10ca
10ca
10ea
10ea
10ea
10ea
10ea
10eb
10eb
10eb
10eb
10eb
10eb
10eb
218e
3a51
18e6
0841
0821
0821
0821
0821
0821
0821
0821
0821
0821
0821
0821
0821
0821
0821
0821
0821
0821
0821
0821
0821
0821
0821
0821
0821
0821
0821
4b13
5bb9
3ab4
3ab4
3ab4
3a93
3a93
3a93
3a92
3a72
3272
3272
3a92
63d8
1906
0821
0821
0821
0821
0821
0821
0821
0821
0841
0821
0821
0821
0821
0821
0821
0821
0821
0821
0821
0821
0821
0842
298a
214b
10c9
10c9
10c9
10c9
10ca
10ca
10ea
10ea
10ea
10eb
190b
31f0
18e6
0841
0841
0841
0841
0841
0841
0841
0841
0841
0841
0841
0841
0841
0841
0841
0841
0841
0841
0842
0842
0842
0842
0842
0842
0842
0842
0842
0842
0842
0842
0842
0842
0842
0842
0842
0842
0842
0842
0842
0842
1062
6283
c4e5
f72e
ff0c
e5c6
e5a6
dd65
c4e5
8b64
18a2
0842
0862
18a3
2966
4229
5b0c
73cf
8431
8c72
8cb3
94d3
9cf4
9d14
9d35
a535
a555
a555
a535
a535
9d14
9cf4
94d3
94b3
8c72
8431
73cf
630d
4a49
2966
18c4
1062
0842
0842
0842
0842
0842
0842
0842
0842
0842
0842
0842
0842
0842
0842
0842
0842
0842
0842
0842
0842
0842
0842
0842
0842
0842
0842
1083
0842
0842
0842
0842
0842
0842
0842
0842
0842
0842
0842
0842
0842
0842
18c4
52ab
8c72
a535
b5f8
be19
be19
b5f8
a555
8c93
634d
2946
0842
0842
0842
0842
0842
0842
0842
0842
0842
0841
0841
0841
0841
0841
0841
0841
0841
0841
0841
0841
1063
31cc
31ce
10ea
10ca
10ca
10ca
10ca
10ea
10ea
10ea
10ea
10ea
10eb
10eb
10eb
10eb
10eb
10eb
216e
3a51
2128
0841
0821
0821
0821
0821
0821
0821
0821
0821
0821
0821
0821
0821
0821
0821
0821
0821
0821
0821
0821
0821
0821
0821
0821
0821
0821
0821
426f
641b
3ad4
3ab4
3ab4
3ab4
3ab3
3a93
3a93
3a93
3a93
3a93
3ab3
5bd8
2969
0821
0821
0821
0821
0821
0821
0821
0821
0821
0821
0821
0821
0821
0821
0821
0821
0821
0821
0821
0821
0821
1063
31ac
190a
10c9
10c9
10c9
10c9
10ca
10ca
10ca
10ea
10ea
10eb
192c
31ef
1083
0841
0841
0841
0841
0841
0841
0841
0841
0841
0841
0841
0841
0841
0841
0841
0841
0841
0841
0842
0842
0842
0842
0842
0842
0842
0842
0842
0842
0842
0842
0842
0842
0842
0842
0842
0842
0842
0842
0842
0842
0842
20e2
9be4
dda8
ffb1
ee27
e5c6
dd86
d545
b485
49e3
0842
0842
0842
10a3
2125
39c8
528b
634d
73cf
8431
8451
8c72
8c93
94b3
94d3
94d3
94d3
94d3
94b3
8c93
8c72
8452
8431
7bcf
6b4d
52ab
39e8
2925
18a3
1062
0842
0842
0842
0842
0842
0842
0842
0842
0842
0842
0842
0842
0842
0842
0842
0842
0842
0842
0842
0842
0842
0842
0842
0842
0842
0842
0842
0842
0842
0842
0842
0842
0842
0842
0842
0842
0842
0842
0842
0842
0842
0842
18a3
4a6a
8451
9d15
b5d7
be19
be39
be39
ad97
9cf4
8431
4a6a
18c4
0842
0842
0842
0842
1062
1062
0842
0842
0842
0841
0841
0841
0841
0841
0841
0841
0841
0842
0841
0862
298b
31ef
190a
10c9
10ca
10ca
10ca
10ca
10ea
10ea
10ea
10ea
10ea
10eb
10eb
10eb
10eb
10eb
194d
3a51
296a
0842
0821
0821
0821
0821
0821
0821
0821
0821
0821
0821
0821
0821
0821
0821
0821
0821
0821
0821
0821
0821
0821
0821
0821
0821
0821
0821
31cb
643b
42f5
42f5
42f5
4316
4b36
4b57
5377
5398
5bd9
63f9
641a
6c3a
31ec
0821
0821
0821
0821
0821
0842
0821
0821
0821
0821
0821
0821
0821
0821
0821
0821
0821
0821
0821
0821
0821
18c5
31cd
10c9
10c9
10c9
10c9
10c9
10c9
10ca
10ca
10ea
10ea
10ea
216e
31ac
0842
0841
0841
0841
0841
0841
0841
0841
0841
0841
0841
0841
0841
0841
0841
0841
0841
0841
0842
0842
0842
0842
0842
0842
0842
0842
0842
0842
0842
0842
0842
0842
0842
0842
0842
0842
0842
0842
0842
0842
0842
0842
1062
5a43
bcc5
f6ed
ff2d
e5c6
e5a6
dd65
c505
93a4
20c2
0842
0842
0842
1062
18e4
2966
4208
52ab
632d
738e
7bf0
7c10
8431
8451
8451
8451
8451
8431
7c10
7bf0
73af
632d
52ab
4209
3166
20e4
1083
0842
0842
0842
0842
0842
0842
0842
0842
0842
0842
0842
0842
0842
0842
0842
0842
0842
0842
0842
0842
0842
0842
0842
0842
0842
0842
0842
0842
0842
0842
0842
0842
0842
0842
0842
0842
0842
0842
0842
0842
0842
0842
0842
0842
1062
39e8
7c10
9cf4
ad97
be19
be39
be39
b5f8
a555
94b3
73af
39e8
10a3
0862
1062
39c8
738e
6b4d
18c4
0842
0842
0841
0841
0841
0841
0841
0841
0841
0862
1082
0841
0842
2969
3a0f
190b
10c9
10c9
10ca
10ca
10ca
10ca
10ca
10ea
190b
214c
190b
10eb
10eb
10eb
10eb
192c
3a31
29ac
0842
0821
0821
0821
0821
0821
0821
0821
0821
0821
0821
0821
0821
0821
0821
0821
0821
0821
0821
0821
0821
0821
0821
0821
0821
0821
0821
2148
6c5c
5bfa
643b
6c5c
6c7c
6c7c
6c5b
6c3a
6c39
63d6
5312
426f
31ec
2147
0821
0821
0821
0842
10c5
2128
0842
0821
0821
0821
0821
0821
0821
0821
0821
0821
0821
0821
0821
0821
0841
2127
298c
10c8
10c8
10c9
10c9
10c9
10c9
10ca
10ca
10ca
10ea
10eb
29cf
2149
0841
0841
0841
0841
0841
0841
0841
0841
0841
0841
0841
0841
0841
0841
0841
0841
0841
0842
0842
0842
0842
0842
0842
0842
0842
0842
0842
0842
0842
0842
0842
0842
0842
0842
0842
0842
0842
0842
0842
0842
0842
0842
0842
20c2
93a4
d587
ffb1
f648
e5c6
dda6
d545
bca5
5a43
0842
0842
0842
0842
0862
1083
20e4
2966
39c8
4a49
52ab
5aec
632d
6b4d
6b6e
6b6e
6b4e
632d
5aec
52ab
4a49
39c8
2966
2104
10a3
1062
0842
0842
0842
0842
0842
0842
0842
0842
0842
0842
0842
0842
0842
0842
0842
0842
0842
0842
0842
0842
0842
0842
0842
0842
0842
0842
0842
0842
0842
0842
0842
0842
0842
0842
0842
0842
0842
0842
0842
0842
0842
0842
0842
0842
0842
0842
2966
6b8e
94b3
a576
bdf8
be39
be39
be19
adb7
9d15
8c92
6b6e
39c7
18c3
3186
ad96
bdd7
a534
3166
0842
0842
0842
0841
0841
0841
0841
0841
1062
2104
1062
0841
0841
2127
3a0f
192b
10c9
10c9
10c9
10ca
10ca
10ca
10ca
10ea
296d
298d
216d
10ea
10eb
10eb
10eb
190c
3210
31ed
0863
0821
0821
0821
0821
0821
0821
0821
0821
0821
0821
0821
0821
0821
0821
0821
0821
0821
0821
0821
0821
0821
0821
0821
0821
0821
0821
18e5
6419
63d8
5b75
4af2
426f
31ec
2969
31c9
7bf1
7bf0
4a6a
0841
0821
0821
0821
0842
18c6
298b
3a0f
3a10
10a5
0821
0821
0821
0821
0821
0821
0821
0821
0821
0821
0821
0821
0821
0842
298a
214b
10a8
10a8
10c9
10c9
10c9
10c9
10c9
10ca
10ca
10ea
110b
31ef
18c6
0841
0841
0841
0841
0841
0841
0841
0841
0841
0841
0841
0841
0841
0841
0841
0841
0841
0842
0842
0842
0842
0842
0842
0842
0842
0842
0842
0842
0842
0842
0842
0842
0842
0842
0842
0842
0842
0842
0842
0842
0842
0842
0842
0842
49e3
b485
eeac
ff4e
edc6
e5a6
dd85
cd05
8ba4
1082
0842
0842
0842
0842
0842
1062
1083
18c4
2105
2946
3187
39c7
39e8
4208
4208
39e8
39c8
3187
2946
2105
18c4
1083
1062
0842
0842
0842
0842
0842
0842
0842
0842
0842
0842
0842
0842
0842
0842
0842
0842
0842
0842
0842
0842
0842
0842
0842
0842
0842
0842
0842
0842
0842
0842
0842
0842
0842
0842
0842
0842
0842
0842
0842
0842
0842
0842
0842
0842
0842
0842
0842
0842
18e4
52cb
8c72
9d15
b5b7
be19
be19
be19
be18
ad96
9d14
8c72
6b6e
4229
8410
bdd7
c638
b5b6
3187
0862
0842
0842
0841
0841
0841
0842
10a3
3166
2125
0841
0841
0841
18e6
3a0e
214c
10c9
10c9
10c9
10c9
10ca
212b
218c
190a
214c
296d
212c
10ea
10ea
10eb
10eb
110b
29cf
3a0e
1084
0821
0821
0821
0821
0821
0821
0821
0821
0821
0821
0821
0821
0821
0821
0821
0821
0821
0821
0821
0821
0821
0821
0821
0821
0821
0821
1063
18e6
10a4
0863
0842
0841
0821
0821
528a
7bcf
7bcf
738e
1062
0821
0862
18c6
298b
3a10
3211
29af
31f0
296a
0842
0821
0821
0821
0821
0841
20e6
20c5
0841
0821
0821
0821
0821
1063
31ac
190a
10c8
10a8
10c8
10c9
10c9
10c9
10c9
10ca
10ca
10ca
192c
31ee
1083
0841
0841
0841
0841
0841
0841
0841
0841
0841
0841
0841
0841
0841
0841
0841
0841
0842
0842
0842
0842
0842
0842
0842
0842
0842
0842
0842
0842
0842
0842
0842
0842
0842
0842
0842
0842
0842
0842
0842
0842
0842
0842
0842
0842
18a2
8b64
d546
ffb1
f669
e5c6
e5a6
d545
a424
18a2
0842
0842
0842
0842
0842
0842
0842
0842
1062
1083
10a3
18a3
18c4
18c4
18c4
18c4
18c3
10a3
1083
1062
0842
0842
0842
0842
18a4
1083
0842
0842
0842
0842
0842
0842
0842
0842
0842
0842
0842
0842
0842
0842
0842
0842
0842
0842
0842
0842
0842
0842
0842
0842
0842
0842
0842
0842
0842
0842
0842
0842
0842
0842
0842
0842
0842
0842
0842
0842
0842
0842
0842
0842
0842
1063
39c8
73cf
94d3
a556
b5f8
be19
be19
be19
b5f8
ad76
9d14
8c92
73cf
6b8e
b596
b5d6
8c51
1083
0862
0842
0842
0842
1062
10a3
2945
4229
4209
10a3
0841
0841
0841
18c5
3a0e
216c
10c9
10c9
10c9
10c9
10ea
31cd
31ee
216c
10ea
10ea
10ea
10ea
10ea
10ea
10eb
10eb
29af
3a2f
10c5
0821
0821
0821
0821
0821
0821
0821
0821
0821
0821
0821
0821
0821
0821
0821
0821
0821
0821
0821
0821
0821
0821
0821
0821
0821
0821
0821
0821
0821
0821
0821
0821
0821
0821
2104
7bcf
7bcf
4229
0863
18e6
298b
3a10
3211
218f
192d
10ec
214e
320f
10a4
0821
0821
0821
0821
3127
520d
520d
2907
0821
0821
0821
0821
18c5
31cd
298c
214b
190a
10e9
10c9
10c9
10c9
10c9
10c9
10ca
10ca
216d
29ac
0842
0841
0841
0841
0841
0841
0841
0841
0841
0841
0841
0841
0841
0841
0841
0841
0841
0842
0842
0842
0842
0842
0842
0842
0842
0842
0842
0842
0842
0842
0842
0842
0842
0842
0842
0842
0842
0842
0842
0842
0842
0842
0842
0842
0842
0842
41a2
b465
ee6a
ff8f
ede6
e5a6
dd85
8b84
1082
0842
0842
0842
0842
0842
0842
0842
0842
0842
0842
0842
0842
0842
0842
0842
0842
0842
0842
0842
0842
0842
0842
0842
20c5
5a8d
62ad
2906
0842
0842
0842
0842
0842
0842
0842
0842
0842
0842
0842
0842
0842
0842
0842
0842
0842
0842
0842
0842
0842
0842
0842
0842
0842
0842
0842
0842
0842
0842
0842
0842
0842
0842
0842
0842
0842
0842
0842
0842
0842
0842
0842
0842
0842
20e4
52ab
8451
9cf4
ad96
be18
be19
be19
be19
b5f8
ad96
9d35
94d3
8451
8451
7bef
528a
31a7
2946
2125
2925
2966
39c7
4a6a
632d
5b0c
2945
0842
0841
0841
0841
1084
31ed
29ad
10c9
10c9
10c9
10c9
10c9
298c
29ad
192b
10ca
10ca
10ca
10ea
10ea
10ea
10ea
10eb
216e
3a30
18e6
0821
0821
0821
0821
0821
0821
0821
0821
0821
0821
0821
0821
0821
0821
0821
0821
0821
0821
0821
0821
0821
0821
0821
0821
0821
0821
0821
0821
0821
0821
0821
0821
0821
0821
0821
18c4
2125
2127
29ac
3a0f
31f0
218e
192c
10eb
10eb
10eb
190c
31f0
216a
0841
0821
0821
0821
3148
520d
520d
3148
0821
0821
0821
0841
18c5
2148
298a
31cc
31cd
31cd
298d
216c
192b
18ea
10ea
10ca
10ea
29ae
2128
0841
0841
0841
0841
0841
0841
0841
0841
0841
0841
0841
0841
0841
0841
0841
0841
0841
0842
0842
0842
0842
0842
0842
0842
0842
0842
0842
0842
0842
0842
0842
0842
0842
0842
0842
0842
0842
0842
0842
0842
0842
0842
0842
0842
0842
0842
1082
72e3
cd06
ff90
f6aa
e5c6
c4e5
41a3
0842
0842
0842
0842
0842
0842
0842
0842
0842
0842
0842
0842
0842
0842
0842
0842
0842
0842
0842
0842
0842
0842
0842
0842
2906
62ce
62ce
3988
0842
0842
0842
0842
0842
0842
0842
0842
0842
0842
0842
0842
0842
0842
0842
0842
0842
0842
0842
0842
0842
0842
0842
0842
0842
0842
0842
0842
0842
0842
0842
0842
0842
0842
0842
0842
0842
0842
0842
0842
0842
0842
0842
0842
0842
1062
3187
6b4d
8c92
9d14
ad97
bdf8
be19
be19
be19
be18
b5b7
a556
9d14
94d3
8c72
7c10
73af
6b6e
6b4e
6b6e
738e
7bf0
8431
73af
39e8
1083
0841
0841
0841
0841
1063
31cb
31ce
10e9
10c9
10c9
10c9
10c9
10c9
10ea
10c9
10ca
10ca
10ca
10ca
10ea
10ea
10ea
10ea
214d
3a30
2128
0821
0821
0821
0821
0821
0821
0821
0821
0821
0821
0821
0821
0821
0821
0821
0821
0821
0821
0821
0821
0821
0821
0821
0821
0821
0821
0821
0821
0821
0821
0821
0821
0821
0821
1063
18e7
29ac
3a0f
31ef
216d
190c
10eb
10eb
10eb
10eb
10eb
10eb
216e
320f
1084
0821
0821
0821
1884
398a
418a
1063
0821
0821
0821
0821
0841
0842
1063
10a4
1906
2149
29ab
31cd
31ee
31ce
29ad
216d
192c
31ee
18c5
0841
0841
0841
0841
0841
0841
0841
0841
0841
0841
0841
0841
0841
0841
0841
0841
0842
0842
0842
0842
0842
0842
0842
0842
0842
0842
0842
0842
0842
0842
0842
0842
0842
0842
0842
0842
0842
0842
0842
0842
0842
0842
0842
0842
0842
0842
0842
18a2
6283
bd08
e68d
9c05
41a3
1062
0842
0842
0842
0842
0842
0842
0842
0842
0842
0842
0842
0842
0842
0842
0842
0842
0842
0842
0842
0842
0842
0842
0842
0842
1083
39a8
49ea
1083
0842
0842
0842
0842
0842
0842
0842
0842
0842
0842
0842
0842
0842
0842
0842
0842
0842
0842
0842
0842
0842
0842
0842
0842
0842
0842
0842
0842
0842
0842
0842
0842
0842
0842
0842
0842
0842
0842
0842
0842
0842
0842
0842
0842
0842
0842
10a3
39e8
738e
8c92
9d14
ad96
b5f8
be18
be19
be19
be18
b5f8
adb7
a576
9d35
9cf4
94d3
94b3
94b3
94b3
94d3
8c93
7bf0
4a49
18c4
0842
0841
0841
0841
0841
0862
298a
31ee
18ea
10c9
10c9
10c9
10c9
10c9
10c9
10c9
10c9
10ca
10ca
10ca
10ca
10ea
10ea
10ea
192c
3a30
296a
0842
0821
0821
0821
0821
0821
0821
0821
0821
0821
0821
0821
0821
0821
0821
0821
0821
0821
0821
0821
0821
0821
0821
0821
0821
0821
0821
0821
0821
0821
0821
0821
0821
1084
29ac
3a0f
31cf
216d
190b
10eb
10eb
10eb
10eb
10eb
10eb
10eb
10eb
110c
31f0
2149
0841
0821
0821
0821
0821
0841
0821
0821
0821
0821
0821
0821
0821
0821
0821
0841
0842
1063
10a5
1907
2969
31ab
31ed
31ef
31cd
1063
0841
0841
0841
0841
0841
0841
0841
0841
0841
0841
0841
0841
0841
0841
0841
0841
0842
0842
0842
0842
0842
0842
0842
0842
0842
0842
0842
0842
0842
0842
0842
0842
0842
0842
0842
0842
0842
0842
0842
0842
0842
0842
0842
0842
0842
0842
0842
0842
0862
18a2
2103
1082
0842
0842
0842
0842
0842
0842
0842
0842
0842
0842
0842
0842
0842
0842
0842
0842
0842
0842
0842
0842
0842
0842
0842
0842
0842
0842
0842
0842
0842
0842
0842
0842
0842
0842
0842
0842
0842
0842
0842
0842
0842
0842
0842
0842
0842
0842
0842
0842
0842
0842
0842
0842
0842
0842
0842
0842
0842
0842
0842
0842
0842
0842
0842
0842
0842
0842
0842
0842
0842
0842
0842
0842
0842
0842
0842
0842
0842
18c4
4208
6b8e
8c72
9cf4
a555
adb7
b5f8
be18
be19
be19
be18
bdf8
b5d7
adb7
ad96
a576
a535
9d14
8c93
73cf
4a4a
20e4
0842
0841
0841
0841
0841
0841
0842
2949
320e
190a
10c9
10c9
10c9
10c9
10c9
10c9
10c9
10c9
10c9
10ca
10ca
10ca
10ca
10ca
10ea
190b
3210
29ab
0842
0821
0821
0821
0821
0821
0821
0821
0821
0821
0821
0821
0821
0821
0821
0821
0821
0821
0821
0821
0821
0821
0821
0821
0821
0821
0821
0821
0821
0821
0821
0821
0821
0842
298b
29ae
190b
18ea
190b
18eb
10eb
10eb
10eb
10eb
10eb
10eb
10eb
10eb
216d
31ee
1084
0821
0821
0821
0821
0821
0821
0821
0821
0821
0821
0821
0821
0821
0821
0821
0821
0821
0821
0842
0842
1083
18c5
2107
2128
0842
0821
0841
0841
0841
0841
0841
0841
0841
0841
0841
0841
0841
0841
0841
0841
0842
0842
0842
0842
0842
0842
0842
0842
0842
0842
0842
0842
0842
0842
0842
0842
0842
0842
0842
0842
0842
0842
0842
0842
0842
0842
0842
0842
0842
0842
0842
0842
0842
0842
0842
0842
0842
0842
0842
0842
0842
0842
0842
0842
0842
0842
0842
0842
0842
0842
0842
0842
0842
0842
0842
0842
0842
0842
0842
0842
0842
0842
0842
0842
0842
0842
0842
0842
0842
0842
0842
0842
0842
0842
0842
0842
0842
0842
0842
0842
0842
0842
0842
0842
0842
0842
0842
0842
0842
0842
0842
0842
0842
0842
0842
0842
0842
0842
0842
0842
0842
0842
0842
0842
0842
0842
0842
0842
0842
0842
0842
0842
0842
0842
0842
18c3
39c8
632d
8431
94b3
9d14
a555
ad76
adb7
b5d7
b5d7
b5d7
adb7
ad96
a555
9d14
94d3
8452
6b6e
4229
18e4
0842
0841
0841
0841
0841
0841
0841
0841
2127
3a0e
192b
10c8
10c9
10c9
10c9
10c9
10c9
10c9
10c9
10c9
10c9
10ca
10ea
10ea
10ea
190b
192b
31ef
31cd
0863
0821
0821
0821
0821
0821
0821
0821
0821
0821
0821
0821
0821
0821
0821
0821
0821
0821
0821
0821
0821
0821
0821
0821
0821
0821
0821
0821
0821
0821
0821
0821
0821
0821
18c5
320e
192b
190b
214b
190b
190b
10ea
10ea
10ea
10ea
10eb
10eb
10eb
110b
31f0
2129
0841
0821
0821
0821
0821
0821
0821
0821
0821
0821
0821
0821
0821
0821
0821
0821
0821
0821
0821
0821
0821
0821
0842
0842
0841
0821
0841
0841
0841
0841
0841
0841
0841
0841
0841
0841
0841
0841
0841
0841
0842
0842
0842
0842
0842
0842
0842
0842
0842
0842
0842
0842
0842
0842
0842
0842
0842
0842
0842
0842
0842
0842
0842
0842
0842
0842
0842
0842
0842
0842
0842
0842
0842
0842
0842
0842
0842
0842
0842
0842
0842
0842
0842
0842
0842
0842
0842
0842
0842
0842
0842
0842
0842
0842
0842
0842
0842
0842
0842
0842
0842
0842
0842
0842
0842
0842
0842
0842
0842
0842
0842
0842
0842
0842
0842
0842
0842
0842
0842
0842
0842
0842
0842
0842
0842
0842
0842
0842
0842
0842
0842
0842
0842
0842
0842
0842
0842
0842
0842
0842
0842
0842
0842
0842
0842
0842
0842
0842
0842
0842
0842
0842
0842
0842
0842
0842
1083
2966
4a8a
6b8e
8451
8c93
94d3
9cf4
9d14
9d14
9d14
9cf4
94d4
8cb3
8451
73cf
52cb
31a7
18a3
0842
0841
0841
0841
0841
0841
0841
0841
0841
18e6
3a0e
214b
10c8
10c8
10c9
10c9
10c9
10c9
10e9
10ea
190a
190b
192b
214c
216c
218d
29ae
29cf
3210
39ee
1084
0821
0821
0821
0821
0821
0821
0821
0821
0821
0821
0821
0821
0821
0821
0821
0821
0821
0821
0821
0821
0821
0821
0821
0821
0821
0821
0821
0821
0821
0821
0821
0821
0821
0862
31ab
31ce
52d0
a557
52af
192b
18ea
10ea
10ea
10ca
10ca
10ea
10ea
10eb
216d
31ee
1083
0821
0821
0821
0821
0821
0821
0821
0821
0821
0821
0821
0821
0821
0821
0821
0821
0821
0821
0821
0821
0821
0821
0821
0821
0821
0841
0841
0841
0841
0841
0841
0841
0841
0841
0841
0841
0841
0841
0841
0842
0842
0842
0842
0842
0842
0842
0842
0842
0842
0842
0842
0842
0842
0842
0842
0842
0842
0842
0842
0842
0842
0842
0842
0842
0842
0842
0842
0842
0842
0842
0842
0842
0842
0842
0842
0842
0842
0842
0842
0842
0842
0842
0842
0842
0842
0842
0842
0842
0842
0842
0842
0842
0842
0842
0842
0842
0842
0842
0842
0842
0842
0842
0842
0842
0842
0842
0842
0842
0842
0842
0842
0842
0842
0842
0842
0842
0842
0842
0842
0842
0842
0842
0842
0842
0842
0842
0842
0842
0842
0842
0842
0842
0842
0842
0842
0842
0842
0842
0842
0842
0842
0842
0842
0842
0842
0842
0842
0842
0842
0842
0842
0842
0842
0842
0842
0842
1062
18c4
3187
4a6a
632d
73af
7c10
8431
8451
8431
7c10
73cf
634d
528b
39c7
20e4
1062
0842
0841
0841
0841
0841
0841
0841
0841
0841
0841
18c5
39ed
216c
10e9
10e9
190a
190a
192b
214b
216c
298d
29ae
31ce
31ef
320f
3a30
3a30
3a30
3a30
3a2f
3a0e
10a5
0821
0821
0821
0821
0821
0821
0821
0821
0821
0821
0821
0821
0821
0821
0821
0821
0821
0821
0821
0821
0821
0821
0821
0821
0821
0821
0821
0821
0821
0821
0821
0821
0821
0842
2106
5b32
f7be
ffff
ef7d
296b
190a
10ea
10ca
10ca
10ca
10ca
10ca
10ca
10eb
31ef
2128
0841
0821
0821
0821
0821
0821
0821
0821
0821
0821
0821
0821
0821
0821
0821
0821
0821
0821
0821
0821
0821
0821
0821
0821
0821
0841
0841
0841
0841
0841
0841
0841
0841
0841
0841
0841
0841
0841
0841
0842
0842
0842
0842
0842
0842
0842
0842
0842
0842
0842
0842
0842
0842
0842
0842
0842
0842
0842
0842
0842
0842
0842
0842
0842
0842
0842
0842
0842
0842
0842
0842
0842
0842
0842
0842
0842
0842
0842
0842
0842
0842
0842
0842
0842
0842
0842
0842
0842
0842
0842
0842
0842
0842
0842
0842
0842
0842
0842
0842
0842
0842
0842
0842
0842
0842
0842
0842
0842
0842
0842
0842
0842
0842
0842
0842
0842
0842
0842
0842
0842
0842
0842
0842
0842
0842
0842
0842
0842
0842
0842
0842
0842
0842
0842
0842
0842
0842
0842
0842
0842
0842
0842
0842
0842
0842
0842
0842
0842
0842
0842
0842
0842
0842
0842
0842
0842
0842
0842
1062
18a3
2125
3187
39e8
4229
4a49
4229
4208
31a7
2925
18c3
1062
0842
0842
0842
0842
0841
0841
0841
0841
0841
0841
0841
0841
1084
31ec
29ad
296c
29ad
29ad
31ce
31ee
3a0f
3a0f
3a2f
3a2f
3a2e
3a0e
39ed
31cc
31ab
298a
2969
2128
2107
10a5
0821
0821
0821
0821
0821
0821
0821
0821
0821
0821
0821
0821
0821
0821
0821
0821
0821
0821
0821
0821
0821
0821
0821
0821
0821
0821
0821
0821
0821
0821
0821
0821
0821
0862
10a3
52ae
ffff
ffff
f7df
39ed
190a
18ea
10ca
10ca
10ca
10ca
10ca
10ca
10ca
216d
31cd
0863
0821
0821
0821
0821
0821
0821
0821
0821
0821
0821
0821
0821
0821
0821
0821
0821
0821
0821
0821
0821
0821
0821
0821
0821
0841
0841
0841
0841
0841
0841
0841
0841
0841
0841
0841
0841
0841
0842
0842
0842
0842
0842
0842
0842
0842
0842
0842
0842
0842
0842
0842
0842
0842
0842
0842
0842
0842
0842
0842
0842
0842
0842
0842
0842
0842
0842
0842
0842
0842
0842
0842
0842
0842
0842
0842
0842
0842
0842
0842
0842
1062
1062
1063
1063
1062
1062
1062
0842
0842
0842
0842
0842
0842
0842
0842
0842
0842
0842
0842
0842
0842
0842
0842
0842
0842
0842
0842
0842
0842
0842
0842
0842
0842
0842
0842
0842
0842
0842
0842
0842
0842
0842
0842
0842
0842
0842
0842
0842
0842
0862
1062
0842
0842
0842
0842
0842
0842
0842
0842
0842
0842
0842
0842
0842
0842
0842
0842
0842
0842
0842
0842
0842
0842
0842
0842
0842
0842
0842
0842
0842
0862
1062
1083
1083
1083
1062
0862
0842
0842
0842
0842
0842
0842
0842
0841
0841
0841
0841
0841
0841
0841
0841
1063
31cc
3a0f
3a0e
3a0e
3a0e
3a0d
31ed
31cc
31ab
298a
2969
2128
2107
18e6
10c5
10a4
1083
0862
0842
0842
0841
0821
0821
0821
0821
0821
0821
0821
0821
0821
0821
0821
0821
0821
0821
0821
0821
0821
0821
0821
0821
0821
0821
0821
0821
0821
0821
0821
0821
0821
0821
0821
0821
0821
0841
1062
2947
8c95
ce7b
5b10
190a
10ea
10ea
10ca
10ca
10ca
10ca
10ca
10ca
10ca
10eb
31ef
1907
0841
0821
0821
0821
0821
0821
0821
0821
0821
0821
0821
0821
0821
0821
0821
0821
0821
0821
0821
0821
0821
0821
0821
0821
0841
0841
0841
0841
0841
0841
0841
0841
0841
0841
0841
0841
0841
0842
0842
0842
0842
0842
0842
0842
0842
0842
0842
0842
0842
0842
0842
0842
0842
0842
0842
0842
0842
0842
0842
0842
0842
0842
0842
0842
0842
0842
0842
0842
0842
0842
0842
0842
0842
0842
0842
0842
0842
0842
0842
1062
1063
1083
18a4
18a4
1083
1063
1062
0842
0842
0842
0842
0842
0842
0842
0842
0842
0842
0842
0842
0842
0842
0842
0842
1042
1042
1042
1042
1042
1042
1042
1042
1042
1042
1042
1042
1042
1042
1042
1042
1042
0842
0842
0842
0842
0842
0842
0842
0842
0862
41e9
6b0f
41c9
0842
0842
0842
0842
0842
0842
0842
0842
0842
0842
0842
0842
0842
0842
0842
0842
0842
0842
0842
0842
0842
0842
0842
0842
0842
0842
0842
0842
0842
0842
0842
0842
0842
0842
0842
0842
0842
0842
0842
0842
0842
0842
0841
0841
0841
0841
0841
0841
0841
0841
20e6
4a2f
422f
298a
2949
2128
2107
18e6
18c5
10a4
1083
0862
0842
0842
0841
0841
0821
0821
0821
0821
0821
0821
0821
0821
0821
0821
0821
0821
0821
0821
0821
0821
0821
0821
0821
0821
0821
0821
0821
0821
0821
0821
0821
0821
0821
0821
0821
0821
0821
0821
0821
0821
0821
0821
0821
0841
0842
1083
31cc
31cd
190a
18ea
10c9
10c9
10c9
10c9
10c9
10ca
10ca
10ca
10ca
10ca
216d
31cc
0863
0821
0821
0821
0821
0821
0821
0821
0821
0821
0821
0821
0821
0821
0821
0821
0821
0821
0821
0821
0821
0821
0821
0821
0841
0841
0841
0841
0841
0841
0841
0841
0841
0841
0841
0841
0841
0842
0842
0842
0842
0842
0842
0842
0842
0842
0842
0842
0842
0842
0842
0842
0842
0842
0842
0842
0842
0842
0842
0842
0842
0842
0842
0842
0842
0842
0842
0842
0842
0842
0842
0842
0842
0842
0842
0842
0842
0842
0842
1062
1083
18c4
630d
630d
18c4
1083
1062
0842
0842
0842
0842
0842
0842
0842
0842
0842
0842
0842
0842
1042
1042
1042
1042
1042
1042
1042
1042
1042
1042
1042
1042
1042
1042
1042
1042
1042
1042
1042
1042
1042
1042
1042
1042
1042
1042
0842
0842
0842
18c4
7b71
7b71
7330
1063
0842
0842
0842
0842
0842
0842
0842
0842
0842
0842
0842
0842
0842
0842
0842
0842
0842
0842
0842
0842
0842
0842
0842
0842
0842
0842
0842
0842
0842
0842
0842
0842
0842
0842
0842
0842
0842
0842
0842
0842
0842
0841
0841
0841
0841
0841
0841
0841
0841
20e6
41cd
398b
1083
0863
0842
0842
0841
0841
0821
0821
0821
0821
0821
0821
0821
0821
0821
0821
0821
0821
0821
0821
0821
0821
0821
0821
0821
0821
0821
0821
0821
0821
0821
0821
0821
0821
0821
0821
0821
0821
0821
0821
0821
0821
0821
0821
0821
0821
0821
0821
0821
0821
0821
0841
0841
0862
0862
2107
39ee
190a
10c9
10c9
10c9
10c9
10c9
10c9
10c9
10c9
10c9
10ca
10ca
10ea
31ee
1907
0841
0821
0821
0821
0821
0821
0821
0821
0821
0821
0821
0821
0821
0821
0821
0821
0821
0821
0821
0821
0821
0821
0821
0841
0841
0841
0841
0841
0841
0841
0841
0841
0841
0841
0841
0841
0842
0842
0842
0842
0842
0842
0842
0842
0842
0842
0842
0842
0842
0842
0842
0842
0842
0842
0842
0842
0842
0842
0842
0842
0842
0842
0842
0842
0842
0842
0842
0842
0842
0842
0842
0842
0842
0842
0842
0842
0842
0842
1063
18a4
5aac
ffff
ffdf
5aac
18a4
1063
0842
0842
0842
0842
0842
0842
0842
0842
1042
1042
1042
1042
1042
1042
1042
1042
1042
1062
1062
1062
1062
1062
1062
1062
1062
1062
1062
1062
1062
1062
1062
1062
1062
1062
1062
1042
1042
1042
1042
1042
0842
1062
730f
7b71
628d
1063
0842
0842
0842
0842
0842
0842
0842
0842
0842
0842
0842
0842
0842
0842
0842
0842
0842
0842
0842
0842
0842
0842
0842
0842
0842
0842
0842
0842
0842
0842
0842
0842
0842
0842
0842
0842
0842
0842
0842
0842
0842
0842
0841
0841
0841
0841
0841
0841
0841
0841
1884
0842
0821
0821
0821
0821
0821
0821
0821
0821
0821
0821
0821
0821
0821
0821
0821
0821
0821
0821
0821
0821
0821
0821
0821
0821
0821
0821
0821
0821
0821
0821
0821
0821
0821
0821
0821
0821
0821
0821
0821
0821
0821
0821
0821
0821
0821
0821
0821
0821
0821
0821
0841
0842
1082
1083
1062
1083
31cb
214b
10c9
10c9
10c9
10c9
10c9
10c9
10c9
10c9
10c9
10c9
10ea
192b
29ce
31ac
0862
0821
0821
0821
0821
0821
0821
0821
0821
0821
0821
0821
0821
0821
0821
0821
0821
0821
0821
0821
0821
0821
0821
0841
0841
0841
0841
0841
0841
0841
0841
0841
0841
0841
0841
0842
0842
0842
0842
0842
0842
0842
0842
0842
0842
0842
0842
0842
0842
0842
0842
0842
0842
0842
0842
0842
0842
0842
0842
0842
0842
0842
0842
0842
0842
1062
1062
1882
1062
0842
0842
0842
0842
0842
0842
0842
0842
0842
1063
18a4
5aac
ffdf
ffff
4209
18a4
1063
0842
0842
0842
0842
0842
0842
1042
1042
1042
1042
1042
1042
1042
1062
1062
1062
1062
1062
1062
1062
1062
1062
1062
1062
1062
1062
1062
1062
1062
1062
1062
1062
1062
1062
1062
1062
1062
1062
1042
1042
1042
1042
1083
2926
1063
0842
0842
0842
0842
0842
0842
0842
0842
0842
0842
0842
0842
0842
0842
0842
0842
0842
0842
0842
0842
0842
0842
0842
0842
0842
0842
0842
0842
0842
0842
0842
0842
0842
0842
0842
0842
0842
0842
0842
0842
0842
0842
0842
0841
0841
0841
0841
0841
0841
0841
0841
0841
0841
0821
0821
0821
0821
0821
0821
0821
0821
0821
0821
0821
0821
0821
0821
0821
0821
0821
0821
0821
0821
0821
0821
0821
0821
0821
0821
0821
0821
0821
0821
0821
0821
0821
0821
0821
0821
0821
0821
0821
0821
0821
0821
0821
0821
0821
0821
0821
0821
0821
0821
0841
1082
62ec
9492
2945
0862
2107
31cd
10c9
10a8
10a9
10a9
10a9
10a9
10c9
10c9
10c9
192b
29ad
31ee
31ac
2128
1083
0821
0821
0821
0821
0821
0821
0821
0821
0821
0821
0821
0821
0821
0821
0821
0821
0821
0821
0821
0821
0821
0821
0841
0841
0841
0841
0841
0841
0841
0841
0841
0841
0841
0841
0842
0842
0842
0842
0842
0842
0842
0842
0842
0842
0842
0842
0842
0842
0842
0842
0842
0842
0842
0842
0842
0842
0842
0842
0842
1062
1882
20e2
3962
5203
6283
7b23
8b84
72e3
20c2
0842
0842
0842
0842
0842
0842
0842
0842
1062
1083
18c4
526b
4a2a
18a4
1083
1062
0842
0842
0842
1042
1042
1042
1062
1062
1042
1042
1062
1062
1062
1062
1062
1062
1062
1062
1062
1062
1062
1062
1062
1062
1062
1062
1062
1062
1062
1062
1062
1062
1062
1062
1062
1062
1062
1062
1062
1062
1062
1042
1042
1042
0842
0842
0842
0842
0842
0842
0842
0842
0842
0842
0842
0842
0842
0842
0842
0842
0842
0842
0842
0842
0842
0842
0842
0842
0842
0842
0842
0842
0842
0842
0842
0842
0842
0842
0842
0842
0842
0842
0842
0842
0842
0842
0842
0842
0841
0841
0841
0841
0841
0841
0841
0841
0841
0841
0821
0821
0821
0821
0821
0821
0821
0821
0821
0821
0821
0821
0821
0821
0821
0821
0821
0821
0821
0821
0821
0821
0821
0821
0821
0821
0821
0821
0821
0821
0821
0821
0821
0821
0821
0821
0821
0821
0821
0821
0821
0821
0821
0821
0821
0821
0821
0821
0821
0821
1062
20e4
ef9d
ffff
7bcf
1082
1083
31ab
212b
10a8
10a8
10a8
10a8
10a9
10c9
192b
29ad
31ee
31ab
2107
1083
0841
0841
0841
0841
0841
0841
0841
0841
0841
0842
0842
0842
0842
0842
0841
0821
0821
0821
0821
0821
0821
0821
0821
0821
0841
0841
0841
0841
0841
0841
0841
0841
0841
0841
0841
0841
0842
0842
0842
0842
0842
0842
0842
0842
0842
0842
0842
0842
0842
0842
0842
0842
0842
0842
0842
1062
1082
20c2
3122
49c2
6263
72e3
8b64
9bc4
a404
a424
ac44
ac64
b464
b484
6283
0842
0842
0842
0842
0842
0842
0842
0842
1062
1063
1083
18a4
18a4
1083
1063
1062
0842
1042
1042
1042
1042
1062
3969
520d
3949
1062
1062
1062
1062
1062
1062
1062
1062
1062
1062
1062
1062
1062
1062
1062
1062
1062
1062
1062
1062
1062
1062
1062
1062
1062
1062
1062
1062
1062
1062
1062
1062
1062
1062
1042
1042
1042
0842
0842
0842
0842
0842
0842
0842
0842
0842
0842
0842
0842
0842
0842
0842
0842
0842
0842
0842
0842
0842
0842
0842
0842
0842
0842
0842
0842
0842
0842
0842
0842
0842
0842
0842
0842
0842
0842
0842
0842
0842
0842
0841
0841
0841
0841
0841
0841
0841
0841
0841
0841
0821
0821
0821
0821
0821
0821
0821
0821
0821
0821
0841
0821
0821
0821
0821
0821
0821
0821
0821
0821
0821
0821
0821
0821
0821
0821
0821
0821
0821
0821
0821
0821
0821
0821
0821
0821
0821
0821
0821
0821
0821
0821
0821
0821
0821
0821
0821
0821
0821
0821
0841
1082
8c72
ce59
3166
1062
0841
2107
29ac
10c9
10a8
10a8
10c9
192b
29ad
31ed
31cc
31ec
298a
2968
2968
2989
2989
2989
29a9
29aa
31aa
31ca
31cb
31eb
31eb
320c
3a0c
3a0c
3a0c
18c4
0841
0821
0821
0821
0821
0821
0821
0821
0821
0841
0841
0841
0841
0841
0841
0841
0841
0841
0841
0841
0841
0842
0842
0842
0842
0842
0842
0842
0842
0842
0842
0842
0842
0842
0842
1062
18a2
2902
41a2
5a23
6ac3
8343
93a4
9be4
a424
ac44
ac44
b464
b464
b484
b485
b485
bca5
c4e6
cd68
93e7
0842
0842
0842
0842
0842
0842
0842
0842
1062
1062
1062
1063
1063
1062
1062
1062
1042
1042
1042
1042
1062
2907
624f
624f
624f
1884
1062
1062
1062
1062
1062
1062
1062
1062
1062
1062
1062
1062
1062
1062
1062
1062
1062
1062
1062
1062
1062
1062
1062
1062
1062
1062
1062
1062
1062
1062
1062
1062
1062
1062
1062
1042
1042
0842
0842
0842
0842
0842
0842
0842
0842
0842
0842
0842
0842
0842
0842
0842
0842
0842
0842
0842
0842
0842
0842
0842
0842
0842
0842
0842
0842
0842
0842
0842
0842
0842
0842
0842
0842
0842
0842
0842
0842
0842
0841
0841
0841
0841
0841
0841
0841
0841
0841
0841
0821
0821
0821
0821
0821
0821
0821
0821
0842
3186
4a6a
18e4
0821
0821
0821
0821
0821
0821
0821
0821
0821
0821
0821
0821
0821
0821
0821
0821
0821
0821
0821
0821
0821
0821
0821
0821
0821
0821
0821
0821
0821
0821
0821
0821
0821
0821
0821
0821
0821
0821
0841
0862
1082
18a3
1062
0841
0841
1063
31ab
192a
10c9
192a
29ac
31cd
298a
18e6
10a4
3a4d
5b74
5b74
5b74
5374
5374
5b74
5b75
5b75
5b75
5b75
5b75
5b75
5b75
5b75
5b75
5b76
5b96
426e
10a4
0821
0821
0821
0821
0821
0821
0821
0821
0841
0841
0841
0841
0841
0841
0841
0841
0841
0841
0841
0842
0842
0842
0842
0842
0842
0842
0842
0842
0862
1082
20e2
3962
5203
6a83
7b23
93a4
9be4
a404
ac24
ac44
ac64
b464
b484
b484
b485
bca5
bce6
cd47
d5ea
e62b
e62c
de0b
cdaa
b4c8
41c4
0842
0842
0842
0842
0842
0842
0842
0842
0842
0842
0842
0842
0842
0842
1042
1042
1042
1042
1062
1062
1062
20c5
624f
624f
5a4f
18c5
1062
1062
1062
1062
1062
1062
1062
1062
1062
1062
1062
1062
1062
1062
1062
1062
1062
1062
1062
1062
1062
1062
1062
1062
1062
1062
1062
1062
1062
1062
1062
1062
1062
1062
1062
1062
1042
1042
0842
0842
0842
0842
0842
0842
0842
0842
0842
0842
0842
0842
0842
0842
0842
0842
0842
0842
0842
0842
0842
0842
0842
0842
0842
0842
0842
0842
0842
0842
0842
0842
0842
0842
0842
0842
0842
0842
0842
0842
0841
0841
0841
0841
0841
0841
0841
0841
0841
0841
0821
0821
0821
0821
0821
0821
0821
0821
18a3
634d
634d
4a6a
0821
0821
0821
0821
0821
0821
0821
0821
0821
0821
0821
0821
0821
0821
0821
0821
0821
0821
0821
0821
0821
0821
0821
0821
0821
0821
0821
0821
0821
0821
0821
0821
0821
0821
0821
0821
0821
0821
0841
0841
0841
0862
0841
0841
0821
0821
2107
29ac
29ac
31cc
296a
18e6
0862
0821
0862
3a2c
5b95
42d2
3a70
3a70
3a70
3a70
3a70
3a70
3a70
3a70
3a50
3a50
3250
3250
3250
3250
42f3
5b96
3a2d
1083
0821
0821
0821
0821
0821
0821
0821
0841
0841
0841
0841
0841
0841
0841
0841
0841
0841
0841
0842
0842
0842
0842
0842
0842
0842
0842
20e2
6ac3
8b84
9bc4
a404
a424
ac44
ac64
b464
b484
b484
b485
bca5
bcc5
c527
d5a9
de0b
e62c
de2c
d5ca
c529
ac66
93c4
7b24
6283
49e3
2902
1062
0842
0842
0842
0842
0842
0842
0842
0842
0842
0842
0842
0842
1042
1042
1042
1042
1042
1062
1062
1062
1062
1063
3148
49cc
28e6
1062
1062
1062
1062
1062
1062
1062
1062
1062
1062
1062
1062
1062
1062
1062
1062
1062
1062
1062
1062
1062
1062
1062
1062
1062
1062
1062
1062
1062
1062
1062
1062
1062
1062
1062
1062
1062
1062
1062
1042
0842
1083
398a
2907
0842
0842
0842
0842
0842
0842
0842
0842
0842
0842
0842
0842
0842
0842
0842
0842
0842
0842
0842
0842
0842
0842
0842
0842
0842
0842
0842
0842
0842
0842
0842
0842
0842
0842
0842
0841
0841
0841
0841
0841
0841
0841
0841
0841
0841
0821
0821
0821
0821
0821
0821
0821
0821
1083
5aec
634d
4209
0821
0821
0821
0821
0821
0821
0821
0821
0821
0821
0821
0821
0821
0821
0821
0821
0821
0821
0821
0821
0821
0821
0821
0821
0821
0821
0821
0821
0821
0821
0821
0821
0821
0821
0821
0821
0821
0821
0821
0821
0821
0821
0821
0821
0821
0821
1083
31ab
2969
18c5
0862
0821
0821
0821
0862
320c
5b95
42d2
2a0f
29ee
29ee
29ee
2a0f
2a0f
2a0f
2a0f
2a0f
2a0f
2a0f
2a0f
2a0f
2a0f
3250
4b14
5b96
31eb
0862
0821
0821
0821
0821
0821
0821
0841
0841
0841
0841
0841
0841
0841
0841
0841
0841
0841
0842
0842
0842
0842
0842
0842
0842
1062
7b23
ac44
ac64
b464
b484
b485
b485
bca5
c506
d588
de0b
e62c
e62c
ddeb
c56a
b4a7
9be5
8344
6aa3
5223
3982
2902
18a2
1062
1062
0842
0842
0842
0842
0842
0842
0842
0842
0842
0842
0842
0842
0842
1042
1042
1042
1042
1042
1062
1062
1062
1062
1062
1062
1062
1062
1062
1062
1062
1062
1062
1062
1062
1062
1062
1062
1062
1062
1062
1062
1062
1062
1062
1062
1062
1062
1062
1062
1062
1062
1062
1062
1062
1062
1062
1062
1062
1062
1062
1062
1062
1062
1062
1062
1062
1062
1062
1062
1042
3949
520d
51ed
1063
0842
0842
0842
0842
0842
0842
0842
0842
0842
0842
0842
0842
0842
0842
0842
0842
0842
0842
0842
0842
0842
0842
0842
0842
0842
0842
0842
0842
0842
0842
0842
0842
0842
0842
0841
0841
0841
0841
0841
0841
0841
0841
0841
0841
0821
0821
0821
0821
0821
0821
0821
0821
0821
1062
2105
0841
0821
0821
0821
0821
0821
0821
0821
0821
0821
0821
0821
0821
0821
0821
0821
0821
0821
0821
0821
0821
0821
0821
0821
0821
0821
0821
0821
0821
0821
0821
0821
0821
0821
0821
0821
0821
0821
0821
0821
0821
0821
0821
0821
0821
0821
0821
0821
10a4
0842
0821
0821
0821
0821
0821
0842
31eb
5b95
42f3
320f
29ef
2a0f
2a0f
2a0f
2a0f
2a0f
322f
2a0f
2a0f
320f
320f
322f
3230
3230
3271
5355
5b95
29aa
0842
0821
0821
0821
0821
0821
0841
0841
0841
0841
0841
0841
0841
0841
0841
0841
0841
0842
0842
0842
0842
0842
0842
0842
1062
9bc4
bca5
bce6
cd48
ddea
e62b
e62c
de0b
cdaa
bce8
a425
8b84
72e3
5a43
41a2
2922
18c2
1082
1062
0842
0842
0842
0842
0842
0842
0842
0842
0842
0842
0842
0842
0842
0842
0842
0842
0842
0842
1042
1042
1042
1042
1062
1062
1062
1062
1062
1062
1062
1062
1062
1062
1062
1062
1062
1062
1062
1062
1062
1062
1062
1062
1062
1062
1062
1062
1062
1062
1062
1062
1062
1062
1062
1062
1062
1062
1062
1062
1062
1062
1062
1062
1062
1062
1062
1062
1062
1062
1062
1062
1062
1062
1062
1062
1062
20e6
49cc
3969
1063
0842
0842
0842
0842
0842
0842
0842
0842
0842
0842
0842
0842
0842
0842
0842
0842
0842
0842
0842
0842
0842
0842
0842
0842
0842
0842
0842
0842
0842
0842
0842
0842
0842
0842
0841
0841
0841
0841
0841
0841
0841
0841
0841
0841
0821
0821
0821
0821
0821
0821
0821
0821
0821
0821
0821
0821
0821
0821
0821
0821
0821
0821
0821
0821
0821
0821
0821
0821
0821
0821
0821
0821
0821
0821
0821
0821
0821
0821
0821
0821
0821
0821
0821
0821
0821
0821
0821
0821
0821
0821
0821
0821
0821
0821
0821
0821
0821
0821
0821
0821
0821
0821
0821
0821
0821
1082
2105
1082
0821
0821
0842
31cb
5b95
4b13
322f
2a0f
2a0f
2a0f
2a0f
2a0f
3a50
4af3
42b2
3230
3230
3230
3230
3230
3230
3230
3a92
5376
5b75
2969
0842
0821
0821
0821
0821
0841
0841
0841
0841
0841
0841
0841
0841
0841
0841
0841
0842
0842
0842
0842
0842
0842
0842
0842
7b67
de0b
d5ca
c529
ac66
93a4
7b03
6283
49e3
3142
20c2
1082
1062
0842
0842
0842
0842
0842
0842
0842
0842
0842
0842
0842
0842
0842
0842
0842
0842
0842
0842
0842
0842
0842
0842
0842
1042
1042
1042
1042
1062
1062
1062
1062
1062
1062
1062
1062
1062
1062
1062
1062
1062
1062
1062
1062
1062
1062
1062
1062
1062
1062
1062
1062
1062
1062
1062
1062
1062
1062
1062
1062
1062
1062
1062
1062
1062
1062
1062
1062
1062
1062
1062
1062
1062
1062
1062
1062
1062
1062
1062
1062
1062
1062
1042
1062
1062
0842
0842
0842
0842
0842
0842
0842
0842
0842
0842
0842
0842
0842
0842
0842
0842
0842
0842
0842
0842
0842
0842
0842
0842
0842
0842
0842
0842
0842
0842
0842
0842
0842
0842
0842
0841
0841
0841
0841
0841
0841
0841
0841
0841
0841
0821
0821
0821
0821
0821
0821
0821
0821
0821
0821
0821
0821
0821
0821
0821
0821
0821
0821
0821
0821
0821
0821
0821
0821
0821
0821
0821
0821
0821
0821
0821
0821
0821
0821
0821
0821
0821
0821
0821
0821
0821
0821
0821
0821
0821
0821
0821
0821
0821
0821
0821
0821
0821
0821
0821
0821
0821
0821
0821
0821
1062
62ec
6b4d
528a
1062
0821
0842
29aa
5b95
4b14
3230
2a0f
320f
320f
320f
3230
3a71
4af3
42b3
4293
3230
3230
3230
3230
3230
3230
3250
3ab2
5bb7
5354
2147
0842
0821
0821
0821
0841
0841
0841
0841
0841
0841
0841
0841
0841
0841
0842
0842
0842
0842
0842
0842
0842
0842
0842
1062
41a2
5203
3982
28e2
1882
1062
0842
0842
0842
0842
0842
0842
0842
0842
0842
0842
0842
0842
0842
0842
0842
0842
0842
0842
0842
0842
0842
0842
0842
0842
0842
0842
0842
0842
1042
1042
1042
1062
1062
1062
1062
1062
1062
1062
1062
1062
1062
1062
1062
1062
1062
1062
1062
1062
1062
1062
1062
1062
1062
1062
1062
1062
1062
1062
1062
1062
1062
1062
1062
1062
1062
1062
1062
1062
1062
1062
1062
1062
1062
1062
1062
1062
1062
1062
1062
1062
1062
1062
1062
1062
1062
1062
1062
1062
1042
0842
0842
0842
0842
0842
0842
0842
0842
0842
0842
0842
0842
0842
0842
0842
0842
0842
0842
0842
0842
0842
0842
0842
0842
0842
0842
0842
0842
0842
0842
0842
0842
0842
0842
0842
0842
0841
0841
0841
0841
0841
0841
0841
0841
0841
0841
0821
0821
0821
0821
0821
0821
0821
0821
0821
0821
0821
0821
0821
0821
0821
0821
0821
0821
0821
0821
0821
0821
0821
0821
0821
0821
0821
0821
0821
0821
0821
0821
0821
0821
0821
0821
0821
0821
0821
0821
0821
0821
0821
0821
0821
0821
0821
0821
0821
0821
0821
0821
0821
0821
0821
0821
0821
0821
0821
0821
2104
6b4d
6b4d
632c
10a3
0821
0841
2989
5b95
4b35
3250
3210
3210
3230
3230
3230
3230
3a71
42b3
42b3
3250
3230
3250
3250
3250
3251
3251
3251
42d3
5bd8
5333
1906
0841
0821
0821
0841
0841
0841
0841
0841
0841
0841
0841
0841
0841
0842
0842
0842
0842
0842
0842
0842
0842
0842
0842
0842
0842
0842
0842
0842
0842
0842
0842
0842
0842
0842
0842
0842
0842
0842
0842
0842
0842
0842
0842
0842
0842
0842
0842
0842
0842
0842
0842
0842
0842
0842
0842
1042
1042
1042
1042
1062
1062
1062
1062
1062
1062
1062
1062
1062
1062
1062
1062
1062
1062
1062
1062
1062
1062
1062
1062
1062
1062
1062
1062
1062
1062
1062
1062
1062
1062
1062
1062
1062
1062
1062
1062
1062
1062
1062
1062
1062
1062
1062
1062
1062
1062
1062
1062
1062
1062
1062
1062
1062
1062
1062
1062
1062
1062
1062
1042
0842
0842
0842
0842
0842
0842
0842
0842
0842
0842
0842
0842
0842
0842
0842
0842
0842
0842
0842
0842
0842
0842
0842
0842
0842
0842
0842
0842
0842
0842
0842
0842
0842
0842
0842
0841
0841
0841
0841
0841
0841
0841
0841
0841
0821
0821
0821
0821
0821
0821
0821
0821
0821
0821
0821
0821
0821
0821
0821
0821
0821
0821
0821
0821
0821
0821
0821
0821
0821
0821
0821
0821
0821
0821
0821
0821
0821
0821
0821
0821
0821
0821
0821
0821
0821
0821
0821
0821
0821
0821
0821
0821
0821
0821
0821
0821
0821
0821
0821
0821
0821
0821
0821
0821
0821
0842
4a69
632c
4a69
0841
0821
0841
2989
5b95
5355
3251
3230
3230
3230
3230
3230
3230
3230
3a51
3251
3250
3251
3251
3251
3251
3251
3251
3251
3271
42f4
63f8
4af2
18c5
0841
0821
0841
0841
0841
0841
0841
0841
0841
0841
0841
0841
0842
0842
0842
0842
0842
0842
0842
0842
0842
0842
0842
0842
1042
1882
20e2
20c2
1062
0842
0842
0842
0842
0842
0842
0842
0842
0842
0842
0842
0842
0842
0842
0842
0842
0842
0842
0842
0842
0842
0842
0842
0842
1042
1042
1042
1042
1062
1062
1062
1062
1062
1062
1062
1062
1062
1062
1062
1062
1062
1062
1062
1062
1062
1062
1062
1062
1062
1062
1062
1062
1062
1062
1063
1063
1063
1063
1063
1063
1063
1062
1062
1062
1062
1062
1062
1062
1062
1062
1062
1062
1062
1062
1062
1062
1062
1062
1062
1062
1062
1062
1062
1062
1062
1062
1062
1062
1042
1042
0842
0842
0842
0842
0842
0842
0842
0842
0842
0842
0842
0842
0842
0842
0842
0842
0842
0842
0842
0842
0842
0842
0842
0842
0842
0842
0842
0842
0842
0842
0842
0842
0842
0842
0841
0841
0841
0841
0841
0841
0841
0841
0841
0821
0821
0821
0821
0821
0821
0821
0821
0821
0821
0821
0821
0821
0821
0821
0821
0821
0821
0821
0821
0821
0821
0821
0821
0821
0821
0821
0821
0821
0821
0821
0821
0821
0821
0821
0821
0821
0821
0821
0821
0821
0821
0821
0821
0821
0821
0821
0821
0821
0821
0821
0821
0821
0821
0821
0821
0821
0821
0821
0821
0821
0821
1082
528a
4a29
18a3
0821
0821
2168
5b75
5376
3a71
3230
3230
3230
3230
3230
3230
3251
3251
3251
3251
3251
3251
3251
3251
3251
3251
3271
3271
3a72
4b35
63f9
42b0
10a4
0821
0841
0841
0841
0841
0841
0841
0841
0841
0841
0841
0842
0842
0842
0842
0842
0842
0842
0842
0842
0842
0842
18a2
3982
72c3
8b84
9c27
8388
18c3
0842
0842
0842
0842
0842
0842
0842
0842
0842
0842
0842
0842
0842
0842
0842
0842
0842
0842
0842
0842
0842
0842
1042
1042
1042
1042
1062
1062
1062
1062
1062
1062
1062
1062
1062
1062
1062
1062
1062
1062
1062
1062
1062
1062
1062
1062
1062
1062
1063
1063
1063
1063
1063
1063
1063
1063
1063
1063
1063
1063
1063
1063
1063
1063
1063
1062
1062
1062
1062
1062
1062
1062
1062
1062
1062
1062
1062
1062
1062
1062
1062
1062
1062
1062
1062
1062
1062
1062
1042
0842
0842
0842
0842
0842
0842
0842
0842
0842
0842
0842
0842
0842
0842
0842
0842
0842
0842
0842
0842
0842
0842
0842
0842
0842
0842
0842
0842
0842
0842
0842
0842
0842
0842
0841
0841
0841
0841
0841
0841
0841
0841
0841
0821
0821
0821
0821
0821
0821
0821
0821
0821
0821
0821
0821
0821
0821
0821
0821
0821
0821
0821
0821
0821
0821
0821
0821
0821
0821
0821
0821
0821
0821
0821
0821
0821
0821
0821
0821
0821
0821
0821
0821
0821
0821
0821
0821
0821
0821
0821
0821
0821
0821
0821
0821
0821
0821
0821
0821
0821
0821
0821
0821
0821
0821
39c7
6b6d
6b6d
4228
0821
0821
2148
5b75
5397
3a92
3230
3230
3251
3251
3251
3251
3251
3251
3251
3251
3271
3272
3272
3272
3272
3272
3272
3272
3272
3a92
5356
6419
426f
1083
0841
0841
0841
0841
0841
0841
0841
0841
0841
0841
0842
0842
0842
0842
0842
0842
0842
0842
0842
1082
3142
6aa3
93a4
b486
e64d
ee8d
bce7
5a43
1062
0842
0842
0842
0842
0842
0842
0842
0842
0842
0842
0842
0842
0842
0842
0842
0842
0842
0842
0842
0842
0842
1042
1042
1042
1062
1062
1062
1062
1062
1062
1062
1062
1062
1062
1062
1062
1062
1062
1062
1062
1062
1062
1062
1062
1063
1063
1063
1063
1063
1063
1063
1063
1063
1063
1063
1063
1063
1063
1063
1063
1063
1063
1063
1063
1063
1063
1062
1062
1062
1062
1062
1062
1062
1062
1062
1062
1062
1062
1062
1062
1062
1062
1062
1062
1062
1062
1062
1042
0842
0842
0842
0842
0842
0842
0842
0842
0842
0842
0842
0842
0842
0842
0842
0842
0842
0842
0842
0842
0842
0842
0842
0842
0842
0842
0842
0842
0842
0842
0842
0842
0842
0842
0841
0841
0841
0841
0841
0841
0841
0841
0841
0821
0821
0821
0821
0821
0842
1084
0842
0821
0821
0821
0821
0821
0821
0821
0821
0821
0821
0841
0842
0841
0841
0821
0821
0821
0821
0821
0821
0821
0821
0821
0821
0821
0821
0821
0821
0821
0821
0821
0821
0821
0821
0821
0821
0821
0821
0821
0821
0821
0821
0821
0821
0821
0821
0821
0821
0821
0821
0821
0821
0821
0821
2945
6b6d
6b6d
4208
0821
0821
2127
5b74
5bb7
3a92
3251
3251
3251
3251
3251
3251
3251
3251
3271
3272
3a92
5356
5336
3a92
3a72
3a72
3272
3272
3272
3272
3ab3
5397
6419
3a2d
1063
0841
0841
0841
0841
0841
0841
0841
0841
0842
0842
0842
0842
0842
0842
0842
0842
1062
2902
5a43
8b64
ac46
d5eb
eece
d589
b485
b464
93a4
20e2
0842
0842
0842
0842
0842
0842
0842
0842
0842
0842
0842
0842
0842
0842
0842
0842
0842
0842
0842
0842
1042
1042
1042
1062
1062
1062
1062
1062
1062
1062
1062
1062
1062
1062
1062
1062
1062
1062
1062
1062
1062
1062
1063
1063
1063
1063
1063
1063
1063
1063
1063
1063
1063
1063
1063
1063
1063
1063
1063
1063
1063
1063
1063
1063
1063
1063
1063
1063
1062
1062
1062
1062
1062
1062
1062
1062
1062
1062
1062
1062
1062
1062
1062
1062
1062
1062
1062
1062
1042
0842
0842
0842
0842
0842
0842
0842
0842
0842
0842
0842
0842
0842
0842
0842
0842
0842
0842
0842
0842
0842
0842
0842
0842
0842
0842
0842
0842
0842
0842
0842
0842
0842
0841
0841
0841
0841
0841
0841
0841
0841
0841
0821
0821
0821
0821
0821
314a
49ce
20e6
0821
0821
0821
0821
0821
0821
0821
0821
0841
0842
1062
10a3
1082
0862
0841
0821
0821
0821
0821
0821
0821
0821
0821
0821
0821
0821
0821
0821
0821
0821
0821
0821
0821
0821
0821
0821
0821
0821
0821
0821
0821
0821
0821
0821
0821
0821
0821
0821
0821
0821
0821
0821
0821
0821
0841
2966
31a7
0841
0821
0821
2106
5354
5bd8
3ab3
3251
3251
3251
3251
3251
3251
3251
3272
3272
3a72
5356
745a
745a
5336
3a92
3a92
3a92
3a92
3a92
3a92
3a92
42d4
5bb8
63f8
31ec
0862
0841
0841
0841
0841
0841
0841
0841
0842
0842
0842
0842
0842
0842
0862
20c2
5202
8323
9c05
cd6a
eece
ddca
bca6
b464
b464
ac44
93c4
2902
0842
0842
0842
0842
0842
0842
0842
0842
0842
0842
0842
0842
0842
0842
0842
0842
0842
0842
0842
1042
1042
1042
1062
1062
1062
1062
1062
1062
1062
1062
1062
1062
1062
1062
1062
1062
1062
1062
1062
1062
1063
1063
1063
1063
1063
1063
1063
1063
1063
1063
1063
1063
1063
1063
1063
1063
1063
1063
1063
1063
1063
1063
1063
1063
1063
1063
1063
1063
1063
1062
1062
1062
1062
1062
1062
1062
1062
1062
1062
1062
1062
1062
1062
1062
1062
1062
1062
1062
1042
0842
0842
0842
0842
0842
0842
0842
0842
0842
0842
0842
0842
0842
0842
0842
0842
0842
0842
0842
0842
0842
0842
0842
0842
0842
0842
0842
0842
0842
0842
0842
0842
0842
0841
0841
0841
0841
0841
0841
0841
18e4
0842
0821
0821
0821
0821
0821
3129
49ce
20c5
0821
0821
0821
0821
0821
0821
0821
0821
0841
1062
18c4
83f0
4a29
1082
0842
0821
0821
0821
0821
0821
0821
0821
0821
0821
0821
0821
0821
0821
0821
0821
0821
0821
0821
0821
0821
0821
0821
0821
0821
0821
0821
0821
0821
0821
0821
0821
0821
0821
0821
0821
0821
0821
0821
0821
0821
0821
0821
0821
0821
0821
1906
5334
63f9
4b35
3ab3
3272
3251
3272
3272
3272
3272
3272
3a72
3a92
5356
745a
743a
4b36
3a93
3a93
3a92
3a93
3a93
3a93
3ab3
4b15
5bd9
6c3b
5354
2148
0842
0841
0841
0841
0841
0841
0841
0842
0842
0842
0842
0842
18a2
41a2
7303
9bc4
bd08
eeae
e62c
bce6
b465
b464
ac64
ac44
a404
8323
18c2
0842
0842
0842
0842
0842
0842
0842
0842
0842
0842
0842
0842
0842
0842
0842
0842
0842
0842
1042
1042
1042
1062
1062
1062
1062
1062
1062
1062
1062
1062
1062
1062
1062
1062
1062
1062
1062
1062
1063
1063
1063
1063
1063
1063
1063
1063
1063
1063
1063
1063
1063
1063
1063
1063
1063
1063
1063
1063
1063
1063
1063
1063
1063
1063
1063
1063
1063
1063
1063
1063
1062
1062
1062
1062
1062
1062
1062
1062
1062
1062
1062
1062
1062
1062
1062
1062
1062
1062
1042
0842
0842
0842
0842
0842
0842
0842
0842
0842
0842
0842
0842
0842
0842
0842
0842
0842
0842
0842
0842
0842
0842
0842
0842
0842
0842
0842
0842
0842
0842
0842
0842
0842
0841
0841
0841
0841
0841
1062
528b
73af
630c
18a3
0821
0821
0821
0821
0841
0842
0821
0821
0821
0821
0821
0821
0821
0821
0821
0842
18a3
8c31
ffff
defb
20e4
1062
0821
0821
0821
0821
0821
0821
0821
0821
0821
0821
0821
0821
0821
0821
0821
0821
0821
0821
0821
0821
0821
0821
0821
0821
0821
0821
0821
0821
0821
0821
0821
0821
0821
0821
0821
0821
0821
0821
0821
0821
0821
0821
0821
0821
0821
1063
2148
42b0
5bb7
63d8
5356
42d4
3a92
3272
3272
3272
3272
3a92
3a92
3a93
5356
4b15
3ab3
3a93
3a93
3a93
3a93
3a93
3ad4
4b56
641a
6c3b
5354
29aa
1083
0841
0841
0841
0841
0841
0841
0841
0842
0842
0842
1082
3962
6aa3
93a4
b4a7
e66d
ee8d
c507
b485
b464
ac64
ac44
a424
9be4
8b63
41c2
1062
0842
0842
0842
0862
1082
10a2
10c2
10a2
1062
0862
0842
0842
0842
0842
0842
0842
0842
1042
1042
1042
1062
1062
1062
1062
1062
1062
1062
1062
1062
1062
1062
1062
1062
1062
1062
1062
1063
1063
1063
1063
1063
1063
1063
1063
1063
1063
1063
1063
1063
1063
1063
1063
1063
1063
1063
1063
1063
1063
1063
1063
1063
1063
1063
1063
1063
1063
1063
1063
1063
1063
1063
1062
1062
1062
1062
1062
1062
1062
1062
1062
1062
1062
1062
1062
1062
1062
1062
1062
1062
0842
0842
0842
0842
0842
0842
0842
18a3
39c8
18c3
0842
0842
0842
0842
0842
0842
0842
0842
0842
0842
0842
0842
0842
0842
0842
0842
0842
0842
0842
0842
0842
0842
0842
0841
0841
0841
0841
0841
10a3
73af
73af
73af
2946
0821
0821
0821
0821
0821
0821
0821
0821
0821
0821
0821
0821
0821
0821
0821
0841
1082
528a
ef5d
ad55
18a3
0862
0821
0821
0821
0821
0821
0821
0821
0821
0821
0821
0821
0821
0821
0821
0821
0821
0821
0821
0821
0821
0821
0821
0821
0821
0821
0821
0821
0821
0821
0821
0821
0821
0821
0821
0821
0821
0821
0821
0821
0821
0821
0821
0821
0821
0821
0821
0821
0862
1906
3a4e
5b96
63f9
5398
42f5
3a93
3a72
3a92
3a92
3a93
3a93
3ab3
3ab3
42d4
42d5
3ab3
3a93
3ab3
42d4
5378
643b
6c3a
4af2
2148
0862
0841
0841
0841
0841
0841
0841
0841
0841
0842
1062
2902
6263
8b84
ac66
de0c
eeae
cd68
b485
b464
ac64
ac44
a424
9be4
93a4
72c3
3982
1082
0842
0842
1062
10c2
1943
19a3
21e3
2203
21c3
1963
10c2
1062
0842
0842
0842
0842
0842
0842
1042
1042
1062
1062
1062
1062
1062
1062
1062
1062
1062
1062
1062
1062
1062
1062
1062
1062
1063
1063
1063
1063
1063
1063
1063
1063
1063
1063
1063
1083
1083
1063
1063
1063
1063
1063
1063
1063
1063
1063
1063
1063
1063
1063
1063
1063
1063
1063
1063
1063
1063
1063
1063
1063
1063
1062
1062
1062
1062
1062
1062
1062
1062
1062
1062
1062
1062
1062
1062
1062
1062
1062
0842
0842
0842
0842
0842
0842
0842
52aa
738e
4a6a
0842
0842
0842
0842
0842
0842
0842
0842
0842
0842
0842
0842
0842
0842
0842
0842
0842
0842
0842
0842
0842
0842
0841
0841
0841
0841
0841
0841
1062
6b6e
73af
6b8e
2105
0821
0821
0821
0821
0821
0821
0821
0821
0821
0821
0821
0821
0821
0821
0821
0841
0862
1083
20e4
18a3
1062
0841
0821
0821
0821
0821
0821
0821
0821
0821
0821
0821
0821
0821
0821
0821
0821
0821
0821
0821
0821
0821
0821
0821
0821
0821
0821
0821
0821
0821
0821
0821
0821
0821
0821
0821
0821
0821
0821
0821
0821
0821
0821
0821
0821
0821
0821
0821
0821
0821
0821
0842
18c5
4a4f
6b34
6b34
5bb8
4b36
3ab4
3a93
3a93
3a93
3ab3
3ab4
4b16
4b36
4af5
3ab4
42f5
53b9
6c5c
6419
4290
1906
0842
0841
0841
0841
0841
0841
0841
0841
0841
0842
20e2
5202
8343
a425
cdaa
eece
d5ca
b4a5
b464
b464
ac44
ac24
a404
93a4
7b03
49c2
18c2
0862
0842
0862
10a2
1943
21e3
2a64
2aa4
2ac4
2ac4
2ac4
2a84
2203
1903
1062
0842
0842
0842
0842
1042
1042
1042
1062
1062
1062
1062
1062
1062
1062
1062
1062
1062
1062
1062
1062
1062
1062
1063
1063
1063
1063
1063
1063
1063
1063
1063
1063
1063
20c6
396b
396b
20c6
1063
1063
1063
1063
1063
1063
1063
1063
1063
1063
1063
1063
1063
1063
1063
1063
1063
1063
1063
1063
1063
1063
1063
1063
1062
1062
1062
1062
1062
1062
1062
1062
1062
1062
1062
1062
1062
1062
1062
1062
1042
0842
0842
0842
0842
0842
0842
39c7
6b6d
31a7
0842
0842
0842
0842
0842
0842
0842
0842
0842
0842
0842
0842
0842
0842
0842
0842
0842
0842
0842
0842
0842
0842
0841
0841
0841
0841
0841
0841
0841
1062
39c7
18a3
0821
0821
0821
0821
0821
0821
0821
0821
0821
0821
0821
0821
0821
0821
0821
0821
0821
0841
0842
1062
0862
0841
0841
0821
0821
0821
0821
0821
0821
0821
0821
0821
0821
0821
0821
0821
0821
0821
0821
0821
0821
0821
0821
0821
0821
0821
0821
0821
0821
0821
0821
0821
0821
0821
0821
0821
0821
0821
0821
0821
0821
0821
0821
0821
0821
0821
0821
0821
0821
0821
0821
0821
0821
1062
624f
6a91
6ab1
6b34
6419
641a
5377
42f5
3ab3
3ab3
42d4
4b37
5337
4b16
4b36
5bfa
6c7c
63d7
3a2d
18c5
0842
0821
0841
0841
0841
0841
0841
0841
0841
18a2
41c2
7b03
9be4
c529
eeae
de0b
bcc6
b465
ac64
ac44
ac44
a404
9bc4
8343
5223
20e2
1062
0842
0842
1062
10e2
19a3
2263
2aa4
2ae4
3324
3344
3344
3344
3304
2ac4
2243
1903
1062
0842
0842
1042
1042
1042
1062
1062
1062
1062
1062
1062
1062
1062
1062
1062
1062
1062
1062
1062
1062
1063
1063
1063
1063
1063
1063
1063
1063
1063
1063
1063
1063
3128
418b
418b
3128
1063
1063
1063
1063
1063
1063
1063
1063
1063
1063
1063
1063
1063
1063
1063
1063
1063
1063
1083
1083
1083
1083
1063
1063
1062
1062
1062
1062
1062
1062
1062
1062
1062
1062
1062
1062
1062
1062
1062
1062
1042
1063
1063
0842
0842
0842
0842
0842
1062
0842
0842
0842
0842
0842
0842
0842
0842
0842
0842
0842
0842
0842
0842
0842
0842
0842
0842
0842
0842
0842
0842
0842
0841
0841
0841
0841
0841
0841
0841
0841
0821
0821
0821
0821
0821
0821
0821
0821
0821
0821
0821
0821
0821
0821
0821
0821
0821
0821
0821
0821
0821
0821
0821
0821
0821
0821
0821
0821
0821
0821
0821
0821
0821
0821
0821
0821
0821
0821
0821
0821
0821
0821
0821
0821
0821
0821
0821
0821
0821
0821
0821
0821
0821
0821
0821
0821
0821
0821
0821
0821
0821
0821
0821
0821
0821
0821
0821
0821
0821
0821
0821
0821
0821
0821
0821
18a4
6a90
72d1
72b1
5a2e
2168
4ad1
63f8
643b
5bb9
4316
3ad4
42d5
4b16
4b57
641b
6c7c
5b75
31cb
1083
0841
0821
0821
0841
0841
0841
0841
0841
1082
3962
72c3
93c4
b4c7
e68d
e66d
c507
b485
b464
ac64
ac44
a424
9be4
8b63
6263
2922
1062
0842
0842
0842
1082
1923
2203
2a84
2ae4
3324
3365
3385
3ba5
3bc5
3bc5
3b85
3344
2ae4
2223
10e3
0862
0842
1042
1042
1062
1062
1062
1062
1062
1062
1062
1062
1062
1062
1062
1062
1062
1062
1063
1063
1063
1063
1063
1063
1063
1063
1063
1063
1063
1063
1063
1063
2907
398b
398b
2907
1063
1063
1063
1063
1063
1063
1063
1063
1063
1063
1063
1063
1063
1063
1063
1063
10a3
2143
29c4
2a04
2a04
29a4
2144
1903
10a3
1083
1062
1062
1062
1062
1062
1062
1062
1062
1062
1062
1062
1062
1062
1062
1083
49cd
418b
1062
0842
0842
0842
0842
0842
0842
0842
0842
0842
0842
0842
0842
0842
0842
0842
0842
0842
0842
0842
0842
0842
0842
0842
0842
0842
0842
0842
0842
0841
0841
0841
0841
0841
0841
0841
0841
0821
0821
0821
0821
0821
0821
0821
0821
0821
0821
0821
0821
0821
0821
0821
0821
0821
0821
0821
0821
0821
0821
0821
0821
0821
0821
0821
0821
0821
0821
0821
0821
0821
0821
0821
0821
0821
0821
0821
0821
0821
0821
0821
0821
0821
0821
0821
0821
0821
0821
0821
0821
0821
0821
0821
0821
0821
0821
0821
0821
0821
0821
0821
0821
0821
0821
0821
0821
0821
0821
0821
0821
0821
0821
0821
0821
5a8e
72f2
72f2
39a8
0821
0862
1907
426f
5bd7
6c5b
5bfa
4b57
5398
6c5c
6c5b
5333
2969
0863
0821
0821
0821
0821
0841
0841
0841
1062
3122
6283
8b84
ac66
de2c
eeae
cd48
b485
b464
ac64
ac44
a424
9be4
9384
6ac3
3962
1882
0842
0842
0842
0842
10a2
1963
2243
2aa4
3304
3344
3385
3bc5
3c05
4425
4445
4425
3c05
3bc5
3345
2ac4
21e3
10a2
1062
1042
1042
1062
1062
1062
1062
1062
1062
1062
1062
1062
1062
1062
1062
1062
1062
1063
1063
1063
1063
1063
1063
1063
1063
1063
1063
1063
1063
1063
1063
1063
18a5
18a5
1063
1063
1063
1063
1063
1063
1063
1063
1063
1063
1063
1063
1063
1063
1063
1063
10a3
29a4
3aa5
4305
4326
4326
4306
3ae5
3aa5
3265
2a04
2184
18e3
1063
1062
1062
1062
1062
1062
1062
1062
1062
1062
1062
1062
1063
41ac
398b
1062
0842
0842
0842
0842
0842
0842
0842
0842
0842
0842
0842
0842
0842
0842
0842
0842
0842
0842
0842
0842
0842
0842
0842
0842
0842
0842
0842
0842
0841
0841
0841
0841
0841
0841
0841
0841
0821
0821
0821
0821
0821
0821
0821
0821
0821
0821
0821
0821
0821
0821
0821
0821
0821
0821
0821
0821
0821
0821
0821
0821
0821
0821
0821
0821
0821
0821
0821
0821
0821
0821
0821
0821
0821
0821
0821
0821
0821
0821
0821
0821
0821
0821
0821
0821
0821
0821
0821
0821
0821
0821
0821
0821
0821
0821
0821
0821
0821
0821
0821
0821
0821
0821
0821
0821
0821
0821
0821
0821
0821
0821
0821
0821
4a6a
7bf0
7bf0
39e8
0821
0821
0821
0842
18e5
3a0d
5b76
6c5b
6c7c
6c3a
42b1
2127
0842
0821
0821
0821
0821
0821
0841
1061
20e2
5a22
8363
a425
d5cb
eece
d5a9
b4a5
b464
ac64
ac44
a424
9c04
93a4
7b03
41a2
18a2
0842
0842
0842
0842
0842
10a2
1983
2a64
2ac4
3324
3365
3bc5
3c05
4446
4466
44a6
44a6
44a6
4486
4425
3bc5
3344
2aa4
21c3
10c2
1062
1062
1062
1062
1062
1062
1062
1062
1062
1062
1062
1062
1062
1062
1884
18a5
1083
1063
1063
1063
1063
1063
1063
1063
1063
1063
1063
1063
1063
1063
1063
1063
1063
1063
1063
1063
1063
1063
1063
1063
1063
1063
1063
1063
1063
1063
1063
1063
1063
2143
3aa5
4346
4ba6
53c7
53e7
53e7
4ba6
4b86
4b66
4326
42e5
3265
2164
1083
1062
1062
1062
1062
1062
1062
1062
1062
1062
1062
1042
1062
1062
0842
0842
0842
0842
0842
0842
0842
0842
0842
0842
0842
0842
0842
0842
0842
0842
0842
0842
0842
0842
0842
0842
0842
0842
0842
0842
0842
0842
0841
0841
0841
0841
0841
0841
0841
0841
0821
0821
0821
0821
0821
0821
0821
0821
0821
0821
0821
0821
0821
0821
0821
0821
0821
0821
0821
0821
0821
0821
0821
0821
0821
0821
0821
0821
0821
0821
0821
0821
0821
0821
0821
0821
0821
0821
0821
0821
0821
0821
0821
0821
0821
0821
0821
0821
0821
0821
0821
0821
0821
0821
0821
0821
0821
0821
0821
0821
0821
0821
0821
0821
0821
0821
0821
0821
0821
0821
0821
0821
0821
0821
0821
0821
0821
10a3
41e8
41e8
0841
0821
0821
0821
0821
0821
0841
10a4
29aa
5313
3a4e
18e5
0842
0821
0821
0821
0841
0841
0841
18c2
49e2
7b23
9c05
c549
eeae
de0b
bcc6
b464
ac64
ac44
ac24
a404
93c4
8343
5202
20c2
1062
0842
0842
0842
0842
0842
0862
1943
2263
2ac4
3324
3385
3bc5
3c25
4466
44a6
4ce6
4d06
4d26
4d26
4ce6
44a6
4425
3ba5
3324
2aa4
2203
1963
10e3
1082
1062
1062
1062
1062
1062
1062
1062
1062
1062
1062
1084
41ac
41ad
3128
1063
1063
1063
1063
1063
1063
1063
1063
1063
1063
1063
1063
1063
1063
1063
1063
1063
1063
1063
1063
1063
1063
1063
1063
1063
1063
1063
1063
1063
1063
1063
1083
29c4
4326
4ba6
5c27
5c88
64a8
64a8
5c68
5c47
5c27
53e7
4ba6
4346
3aa5
2163
1062
1062
1062
1062
1062
1062
1062
1062
1062
1062
0842
0842
0842
0842
0842
0842
0842
0842
0842
0842
0842
0842
0842
0842
0842
0842
0842
0842
0842
0842
0842
0842
0842
0842
0842
0842
0842
0842
0842
0842
0842
0841
0841
0841
0841
0841
0841
0841
0841
0821
0821
0821
0821
0821
0821
0821
0821
0821
0821
0821
0821
0821
0821
0821
0821
0821
0821
0821
0821
0821
0821
0821
0821
0821
0821
0821
0821
0821
0821
0821
0821
0821
0821
0821
0821
0821
0821
0821
0821
0821
0821
0821
0821
0821
0821
0821
0821
0821
0821
0821
0821
0821
0821
0821
0821
0821
0821
0821
0821
0821
0821
0821
0821
0821
0821
0821
0821
0821
0821
0821
0821
0884
10e8
194c
196d
194b
10c7
0842
0821
0821
0821
0821
0821
0821
0821
0821
0821
0841
1083
10a4
0841
0821
0821
0821
0841
0841
18a2
41a3
72e3
93c4
bce8
ee8e
e64c
c4e6
b465
ac64
ac64
ac44
a404
9be4
8b63
5a63
2902
1062
0842
0842
0842
0842
0842
0842
0842
10c2
2203
2ac4
3324
3385
3be5
4425
4486
4cc6
4d06
4d47
5567
5587
5587
5567
4d06
4486
3c05
3ba5
3344
32e4
2ac4
2a64
2203
1983
10e3
1082
1062
1062
1062
1062
1062
1062
1062
28e7
41ad
41ad
418c
1063
1063
1063
1063
1063
1063
1063
1063
1063
1063
1063
1063
1063
1063
1063
1063
1063
1063
1063
1063
1063
1063
1063
1063
1063
1063
1063
1063
1063
1063
1063
1083
3224
4b66
5407
64a8
6d08
6d49
6d49
6d29
6d08
64e8
64a8
5c67
53e7
4b46
3265
18c3
1062
1062
1062
1062
1062
1062
1062
1062
1062
0842
0842
0842
0842
0842
0842
0842
0842
0842
0842
0842
0842
0842
0842
0842
0842
0842
0842
0842
0842
0842
0842
0842
0842
0842
0842
0842
0842
0842
0842
0842
0841
0841
0841
0841
0841
0841
0841
0841
0821
0821
0821
0821
0821
0821
0821
0821
0821
0821
0821
0821
0821
0821
0821
0821
0821
0821
0821
0821
0821
0821
0821
0821
0821
0821
0821
0821
0821
0821
0821
0821
0821
0821
0821
0821
0821
0821
0821
0821
0821
0821
0821
0821
0821
0821
0821
0821
0821
0821
0821
0821
0821
0821
0821
0821
0821
0821
0821
0821
0821
0821
0821
0821
0821
0821
0821
0821
0821
0821
0842
1109
198e
21b0
21d1
21f2
2213
2a34
21f1
10c7
0821
0821
0821
0821
0821
0821
0821
0821
0821
0821
0821
0821
0821
0821
0841
1061
3142
6aa4
a46b
b4c9
de4d
ee8d
c527
b485
b464
ac64
ac44
a424
9be4
8b84
6aa3
3142
1082
0842
0842
0842
0842
0842
0842
0842
0842
0862
1943
2a64
3304
3365
3be5
4446
4486
4ce6
4d27
5567
55a7
5e08
5e08
5de7
55c7
5567
4d06
4486
3c25
3bc5
3ba5
3365
3324
3304
2ac4
2a64
21a3
10e3
1062
1062
1062
1062
1062
1062
1083
398b
41ac
2907
1063
1063
1063
1063
1063
1063
1063
1083
1083
18a4
1083
1083
1063
1063
1063
1063
1063
1063
1063
1063
1063
1063
1063
1063
1063
1063
1063
1063
1063
1063
1063
1083
3224
4b86
5c47
6d08
7589
7dc9
7dea
7dca
75a9
7589
6d69
6d08
5c88
53c7
4306
29c4
1083
1062
1062
1062
1062
1062
1062
1062
1062
0842
0842
0842
0842
0842
0842
0842
0842
0842
0842
0842
0842
0842
0842
0842
0842
0842
0842
0842
0842
0842
0842
0842
0842
0842
0842
0842
0842
0842
0842
0841
0841
0841
0841
0841
0841
0841
0841
0821
0821
0821
0821
0821
0821
0821
0821
0821
0821
0821
0821
0821
0821
0821
0821
0821
0821
0821
0821
0821
0821
0821
0821
0821
0821
0821
0821
0821
0821
0821
0821
0821
0821
0821
0821
0821
0821
0821
0821
0821
0821
0821
0821
0821
0821
0821
0821
0821
0821
0821
0821
0821
0821
0821
0821
0821
0821
0821
0821
0821
0821
0821
0821
0821
0821
0821
0821
0821
0821
0842
110a
198d
19af
21d0
21d1
21f2
21f2
2213
2a34
2a34
1109
0821
0821
0821
0821
0821
0821
0821
0821
0821
0821
0821
0841
1061
2902
5a43
8b64
b4cc
ffbf
f75b
cd8a
b4a5
b464
ac64
ac44
a424
9be4
93a4
72e3
41a2
18a2
0842
0842
0842
0842
0842
0842
0842
0842
0842
0842
0862
1983
2aa4
3324
3ba5
4425
4486
4ce6
4d47
5587
55c7
5e08
6669
6668
5e48
5e08
55c7
5567
4ce6
44a6
4466
4446
3c05
3be5
3b85
3345
3304
2aa4
2203
1903
1062
1062
1062
1062
1063
1063
1063
1063
1063
1063
1063
1063
1063
1063
1063
1083
18a4
18c4
20e5
18a4
1083
1083
1063
1063
1063
1063
1063
1063
1063
1063
1063
1063
1063
1063
1063
1063
1063
1063
1063
1063
1063
2a04
4b86
5c68
6d49
7dea
864a
866a
866a
864a
7e2a
7dea
7589
64e8
5c47
4b86
3aa5
1923
1062
1062
1062
1062
1062
1062
1062
1042
0842
0842
0842
0842
0842
0842
0842
0842
0842
0842
0842
0842
0842
0842
0842
0842
0842
0842
0842
0842
0842
0842
0842
0842
0842
0842
0842
0842
0842
0842
0841
0841
0841
0841
0841
0841
0841
0841
0821
0821
0821
0821
0821
0821
0821
0821
0821
0821
0821
0821
0821
0821
0821
0821
0821
0821
0821
0821
0821
0821
0821
0821
0821
0821
0821
0821
0821
0821
0821
0821
0821
0821
0821
0821
0821
0821
0821
0821
0821
0821
0821
0821
0821
0821
0821
0821
0821
0821
0821
0821
0821
0821
0821
0821
0821
0821
0821
0821
0821
0821
0821
0821
0821
0821
0821
0821
0821
0841
1109
196d
198e
21b0
21d1
21f1
21f2
2212
2212
2213
2a34
2234
10a6
0821
0821
0821
0821
0821
0821
0821
0821
0821
0841
20c2
49e2
8323
9c05
cd6a
eeb0
eed9
d5d1
b465
ac65
ac44
a424
a404
93c4
7b23
49e2
20c2
0842
0842
0842
0842
0842
0842
0842
0842
0842
0842
0842
0842
0862
1983
2aa4
3344
3bc5
4446
4cc6
4d27
5587
55c7
5e08
5e48
6668
6688
6688
5e68
5e08
55a7
5567
4d47
4d06
4ce6
44a6
4466
3c25
3bc5
3365
3304
2aa4
21e3
10e3
1062
1062
1063
1063
1063
1063
1063
1063
1063
1063
1063
1063
1063
1063
18a3
20e5
736e
9cf4
2946
18a4
1083
1063
1063
1063
1063
1063
1063
1063
1063
1063
1063
1063
1063
1063
1063
1063
1063
1063
1063
1063
29c4
4b66
5c67
6d49
7e0a
8e8b
8ecb
8eeb
8ecb
8eab
866a
7e0a
6d69
64a8
5407
4346
3265
18e3
1062
1062
1062
1062
1062
1062
1042
0842
0842
0842
0842
0842
0842
0842
0842
0842
0842
18a5
1062
0842
0842
0842
0842
0842
0842
0842
0842
0842
0842
0842
0842
0842
0842
0842
0842
0842
0842
0841
0841
0841
0841
0841
0841
0841
0821
0821
0821
0821
0821
0821
0821
0821
0821
0821
0821
0821
0821
0821
0821
0821
0821
0821
0821
0821
0821
0821
0821
0821
0821
0821
0821
0821
0821
0821
0821
0821
0821
0821
0821
0821
0821
0821
0821
0821
0821
0821
0821
0821
0821
0821
0821
0821
0821
0821
0821
0821
0821
0821
0821
0821
0821
0821
0821
0821
0821
0821
0821
0821
0821
0821
0821
0821
0821
0821
08a5
196d
198e
19af
21d0
21d1
21f1
21f2
2212
2213
2212
2213
2234
21af
0841
0821
0821
0821
0821
0821
0821
0841
18a1
41a2
72e3
9bc4
bd08
eeae
e62c
bce7
b485
b465
ac65
ac44
a404
9bc4
8363
5a43
2902
1062
0842
0842
0842
0842
0842
0842
0842
0842
0842
0842
0842
0842
0842
0862
1963
2aa4
3345
3bc5
4466
4ce6
5547
55a7
5e08
5e48
6688
66a8
66c8
66c8
66a8
5e68
5e08
5de7
55c7
55a7
5567
4d26
4cc6
4466
3c25
43e6
3b86
32e4
2a64
1943
1082
1062
1063
1063
1063
1063
1063
1063
1063
1063
1063
1063
1063
1083
18c4
39c8
ffff
ffff
9cd4
20e5
18a4
1063
1063
1063
1063
1063
1063
1063
1063
1063
1063
1063
1063
1063
1063
1063
1063
1063
1063
1063
29a4
4b46
5c47
6d49
7e2a
8ecb
972c
974c
972c
970b
8ecb
864a
75c9
6d28
5c88
53e7
4346
3265
18e3
1062
1062
1062
1062
1062
1042
0842
0842
0842
0842
0842
0842
0842
0842
0842
2928
520f
398a
0842
0842
0842
0842
0842
0842
0842
0842
0842
0842
0842
0842
0842
0842
0842
0842
0842
0841
0841
0841
0841
0841
0841
0841
0841
0821
0821
0821
0821
0821
0821
0821
0821
0821
0821
0821
0821
0821
0821
0821
0821
0821
0821
0821
0821
0821
0821
0821
0821
0821
0821
0821
0821
0821
0821
0821
0821
0821
0821
0821
0821
0821
0821
0821
0821
0821
0821
0821
0821
0821
0821
0821
0821
0821
0821
0821
0821
0821
0821
0821
0821
0821
0821
0821
0821
0821
0821
0821
0821
0821
0821
0821
0821
0821
0821
112a
198e
19af
21b0
21d0
21d1
21f1
21f2
21f2
2212
2212
21f2
2212
2213
0884
0821
0821
0821
0821
0821
0841
3142
6aa3
93a4
b4a7
e66d
ee8d
c507
b485
b465
ac65
ac44
a424
9be4
8b83
6283
3122
1062
0842
0842
0842
0842
0842
0842
0842
0842
0842
0842
0842
0842
0842
0842
0842
0842
1102
2a84
3324
3bc5
4466
4ce6
5567
5de8
5e28
6688
66a8
66e9
66e9
66e9
66c8
66a8
6688
5e68
5e28
5de7
55a7
5567
4d06
4ca6
4ca7
54a8
5448
43a7
2aa4
19a3
10a3
1063
1063
1063
1063
1063
1063
1063
1063
1063
1063
1063
1063
1063
18a4
3988
df1c
ffdf
7baf
18c4
1083
1063
1063
1063
1063
1063
1063
1063
1063
1063
1063
1063
1063
1063
1063
1063
1063
1063
1063
1083
3225
4b86
5c68
6d49
7e2a
8ecb
974c
9f8c
9f8c
974c
970b
8eab
862a
75a9
6d29
5c88
53c7
4326
3224
10c3
1062
1062
1062
1062
0842
0842
0842
0842
0842
0842
0842
0842
0842
0842
2928
520f
396a
0842
0842
0842
0842
0842
0842
0842
0842
0842
0842
0842
0842
0842
0842
0842
0842
0842
0841
0841
0841
0841
0841
0841
0841
0841
0821
0821
0821
0821
0821
0821
0821
0821
0821
0821
0821
0821
0821
0821
0821
0821
0821
0821
0821
0821
0821
0821
0821
0821
0821
0821
0821
0821
0821
0821
0821
0821
0821
0821
0821
0821
0821
0821
0821
0821
0821
0821
0821
0821
0821
0821
0821
0821
0821
0821
0821
0821
0821
0821
0821
0821
0821
0821
0821
0821
0821
0821
0821
0821
0821
0821
0821
0821
0821
0842
196d
21d0
21d0
21d1
21d1
21f1
21f1
21f2
21f2
21f2
21f2
21f2
21f1
21f2
10c7
0821
0821
0821
0821
0841
3142
8343
ac66
de0c
eeae
cd68
b485
b464
ac64
ac44
a424
9be4
93a4
72c3
3982
1082
0841
0841
0842
0842
0842
0842
0842
0842
0842
0842
0842
0842
0842
0842
0842
0842
0842
0842
10a2
2203
3304
3ba5
4446
5507
5567
5de8
5e48
66a9
66e9
6f09
6f09
6f29
6f09
66e9
66c8
66a8
5e68
5e28
5de7
5587
4d27
4cc6
54e8
5cc9
5469
4be8
2aa4
21a3
10a3
1063
1063
1063
1063
1063
1063
2903
4183
49c3
3143
1883
1063
1063
1083
18c4
3167
4209
20e5
18a4
1083
1063
1063
1063
1063
1063
1063
1063
1063
1063
1063
1063
1063
1063
1063
1063
1063
1063
1063
2124
4306
53e7
64c8
75aa
866b
96ec
9f6c
9fac
9fac
9f8c
974c
8eeb
868b
864b
860b
6d29
5c47
4ba6
42e5
29a4
1082
1062
1062
1042
0842
0842
0842
0842
0842
0842
0842
0842
0842
0842
0842
18a4
1062
0842
0842
0842
0842
0842
0842
0842
0842
0842
0842
0842
0842
0842
0842
0842
0842
0842
0841
0841
0841
0841
0841
0841
0841
0821
0821
0821
0821
0821
0821
0821
0821
0821
0821
0821
0821
0821
0821
0821
0821
0821
0821
0821
0821
0821
0821
0821
0821
0821
0821
0821
0821
0821
0821
0821
0821
0821
0821
0821
0821
0821
0821
0821
0821
0821
0821
0821
0821
0021
0021
0821
0821
0821
0821
0821
0821
0821
0821
0821
0821
0821
0821
0821
0821
0821
0821
0821
0821
0821
0821
0821
0821
0821
0821
0863
19af
21d1
21f1
21f2
21f1
21f1
21f1
21f1
21f1
21f1
21f1
21f1
21d1
21d0
10e8
0821
0821
0821
0821
1061
72e4
cdaa
eece
d5ca
b4a5
b464
ac64
ac44
a424
a404
93a4
7b03
49c2
18a2
0841
0841
0841
0841
0842
0842
0842
0842
0842
0842
0842
0842
0842
0842
0842
0842
0842
0842
0842
0842
0862
1963
2ac4
3b65
54c9
5d69
65c9
5dc8
6648
66a9
6ee9
6f09
6f29
6f29
6f29
6f09
66e9
66c8
6688
5e48
5de7
55a7
4d47
4cc6
4ca7
54a8
5448
4387
2a84
1983
1083
1063
1063
1063
1063
1063
3963
bcea
b444
b423
9bc3
6243
18a3
1063
1083
1083
18a4
18c4
18a3
1083
1083
1063
1063
1063
1063
1063
1063
1063
1063
1063
1063
1063
1063
1063
1063
1063
1063
1063
10a3
3265
4b87
6488
7569
862b
96cc
9f4d
9f8d
9fad
9fad
9f8c
974c
970b
8eab
866b
862b
7549
5c88
53e7
4346
3244
18c3
1062
1062
1042
0842
0842
0842
0842
0842
0842
0842
0842
0842
0842
0842
0842
18a4
18a5
0842
0842
0842
0842
0842
0842
0842
0842
0842
0842
0842
0842
0842
0842
0842
0841
0841
0841
0841
0841
0841
0841
0841
0821
0821
0821
0821
0821
0821
0821
0821
0821
0821
0821
0821
0821
0821
0821
0821
0821
0821
0821
0821
0821
0821
0821
0821
0821
0821
0821
0821
0821
0821
0821
0821
0821
0821
0821
0821
0821
0821
0821
0821
0821
0021
0021
0021
0021
0021
0021
0021
0021
0021
0821
0821
0821
0821
0821
0821
0821
0821
0821
0821
0821
0821
0821
0821
0821
0821
0821
0821
0821
0821
0842
21b0
21f2
2212
2212
3274
3ad5
2a12
21f1
21f1
21d1
21d1
21d0
21b0
19af
10c7
0821
0821
0821
0821
18a2
bd2b
de0b
bcc6
b465
ac64
ac44
ac44
a404
9bc4
8343
5222
20e2
0861
0841
0841
0841
0841
0842
0842
0842
0842
0842
0842
0842
0842
0842
0842
0842
0842
0842
0842
0842
0842
0842
0842
10c2
2a64
3b45
5cc9
5d49
65ca
5dc8
6628
6689
6ee9
6f29
6f49
6f49
6f29
6f09
66e9
66a8
5e68
5e28
55c7
5587
4d26
4ca6
4446
43e6
3b86
32e4
4b08
5aeb
2926
1063
1063
1063
1063
18a3
8324
f6ad
c4a5
bc63
b423
9ba3
49c2
1063
1063
1063
1063
1083
1063
1063
1063
1063
1063
1063
1063
1063
28e7
3129
1063
1063
1063
1063
1063
1063
1063
1063
1063
1063
2144
4306
5407
6ce9
7dca
8e8c
9f2d
9f8d
a7ad
9fad
9f8c
974c
970c
8eeb
868b
7e2a
75a9
6d29
64a8
5407
4346
3a85
1903
1062
1062
0842
0842
0842
0842
0842
0842
0842
0842
0842
0842
0842
0842
0842
396a
41ac
0862
0842
0842
0842
0842
0842
0842
0842
0842
0842
0842
0842
0842
0842
0842
0841
0841
0841
0841
0841
0841
0841
0821
0821
0821
0821
0821
0821
0821
0821
0821
0821
0821
0821
0821
0821
0821
0821
0821
0821
0821
0821
0821
0821
0821
0821
0821
0821
0821
0821
0821
0821
0821
0821
0821
0821
0821
0821
0821
0821
0821
0821
0021
0021
0021
0021
0021
0021
0021
0021
0021
0021
0021
0021
0821
0821
0821
0821
0821
0821
0821
0821
0821
0821
0821
0821
0821
0821
0821
0821
0821
0821
0821
0841
198e
2212
2213
2a33
749b
d73f
4b57
21f2
21d1
21d1
21d0
21b0
19af
196d
0864
0821
0821
0821
0821
1082
7b45
b465
b464
ac64
ac44
a424
9be4
8b63
6263
2922
1061
0841
0841
0841
0841
0841
0841
0842
0842
0842
0842
0842
1083
1083
0842
0842
0842
0842
0842
0842
0842
0842
0842
0842
0842
1082
21e3
3305
4c27
5d29
5d69
5dc8
6649
6ea9
6f0a
6f2a
6f4a
6f29
6f29
6f09
66c8
6688
5e48
5de7
55a7
4d47
4ce6
4486
3c05
3b85
3324
3ae6
7bf0
7bd0
738f
18c4
1063
1063
1063
3122
9383
ee8d
cce6
bc63
b423
a3e3
6aa2
18a3
1063
1063
1063
1063
1063
1063
1063
1063
1063
1063
1063
1063
396b
49cd
1083
1063
1063
1063
1063
1063
1063
1063
1063
1083
2a04
4b46
5c28
6d09
85eb
96ad
a74e
a78e
a78e
9f6d
9f4c
96ec
8e8b
864a
7e2a
75c9
6d69
64e8
5c67
53c6
4346
3265
18e3
1062
1042
0842
0842
0842
0842
0842
0842
0842
0842
0842
0842
0842
0842
0842
18a4
20c5
0842
0842
0842
0842
0842
0842
0842
0842
0842
0842
0842
0842
0842
0842
0841
0841
0841
0841
0841
0841
0841
0841
0821
0821
0821
0821
0821
0821
0821
0821
0821
0821
0821
0821
0821
0821
0821
0821
0821
0821
0821
0821
0821
0821
0821
0821
0821
0821
0821
0821
0821
0821
0821
0821
0821
0821
0821
0821
0821
0821
0821
0021
0021
0021
0021
0021
0021
0021
0021
0021
0021
0021
0021
0021
0021
0021
0821
0821
0821
0821
0821
0821
0821
0821
0821
0821
0821
0821
0821
0821
0821
0821
0821
0821
1109
2213
2213
2a34
4337
957c
4316
21f2
21d1
21d0
21b0
19af
198e
110a
0841
0821
0821
0821
0821
0841
3962
9bc4
ac44
a424
9be4
8b84
6ac3
3962
1081
0841
0841
0841
0841
0841
0841
0841
0841
0842
0842
0842
0842
2946
528a
4a6a
18e4
0842
0842
0842
0842
0842
0842
0842
0842
0842
0842
1062
21c3
3305
3bc6
4c87
5548
65e9
6e8a
76ea
772a
774a
774a
6f29
6f09
66e9
66a8
5e48
5e08
55a7
5567
4d06
4486
4425
3bc5
3345
2ae4
42c7
7bf0
7bd0
73af
1083
1063
1063
1063
3122
9383
e62b
d567
bc63
b443
a3e3
8303
20c2
1063
1063
1063
1063
1063
1063
1063
1063
1063
1063
1063
1063
1884
18a4
1063
1063
1063
1063
1063
1063
1063
1063
1063
10a3
3225
4b66
5c28
6ce9
7dcb
96ad
af6f
a76f
9f4e
9f2d
96ec
8e8b
7e0a
75a9
7569
6d28
64c8
5c67
53e7
4b66
3ae5
29c4
1083
1062
1042
0842
0842
0842
0842
0842
0842
0842
0842
0842
0842
0842
0842
0842
0842
0842
0842
0842
0842
0842
0842
0842
0842
0842
0842
0842
0842
0842
0842
0842
0841
0841
0841
0841
0841
0841
0841
0821
0821
0821
0821
0821
0821
0821
0821
0821
0821
0821
0821
0821
0821
0821
0821
0821
0821
0821
0821
0821
0821
0821
0821
0821
0821
0821
0821
0821
0821
0821
0821
0821
0821
0821
0821
0821
0821
0821
0021
0021
0021
0021
0021
0021
0021
0021
0021
0021
0021
0021
0021
0021
0021
0021
0021
0821
0821
0821
0821
0821
0821
0821
0821
0821
0821
0821
0821
0821
0821
0821
0821
0821
0863
21d0
2233
2234
2a34
2a34
2213
21f2
21f1
21d0
19af
198e
194c
0884
0821
0821
0821
0821
0821
0821
0841
3982
72e3
8343
72c3
41a2
18a1
0841
0821
0821
0841
0841
0841
0841
0841
0841
0841
0842
0842
0842
0842
39e8
52cb
52cb
2966
0842
0842
0842
0842
0842
0842
0842
0842
0842
0842
1062
21e3
3325
43e6
54a7
5d89
6e4a
76cb
772b
774b
774a
772a
6ee9
66c9
66a9
6668
5e28
55c7
5567
4d06
44a6
4446
3bc5
3365
32e4
2a64
1963
4249
5b0c
39e8
1063
1063
1063
1063
28e2
8b23
d569
e5ea
bc63
b443
ac03
8b43
2902
1063
1063
1063
1063
1063
1063
1063
1063
1063
1063
1063
1063
1063
1063
1063
1063
1063
1063
1063
1063
1063
1063
1063
1083
29e4
4326
53e7
64a9
756a
8e2d
a70f
9f0e
96cd
8eac
866b
7e0a
7569
64e8
5c88
5c47
53e7
4ba6
4346
3ac5
29e4
18c3
1062
1062
0842
0842
0842
0842
0842
0842
0842
0842
0842
0842
0842
0842
0842
0842
0842
0842
0842
0842
0842
0842
0842
0842
0842
0842
0842
0842
0842
0842
0842
0842
0841
0841
0841
0841
0841
0841
0841
0821
0821
0821
0821
0821
0821
0821
0821
0821
0821
0821
0821
0821
0821
0821
0821
0821
0821
0821
0821
0821
0821
0821
0821
0821
0821
0821
0821
0821
0821
0821
0821
0821
0821
0821
0821
0821
0821
0821
0021
0021
0021
0021
0021
0021
0021
0021
0021
0021
0021
0021
0021
0021
0021
0021
0021
0021
0821
0821
0821
0821
0821
0821
0821
0821
0821
0821
0821
0821
0821
0821
0821
0821
0821
10a5
21f1
2233
2234
2213
2213
21f2
21f1
21b0
198e
196c
10a6
0821
0821
0821
0821
0821
0821
0821
0821
0841
1081
18a2
1081
0841
0821
0821
0821
0821
0841
0841
0841
0841
0841
0841
0841
0842
0842
0842
0842
2945
52ab
4a6a
18e4
0842
0842
0842
0842
0842
0842
0842
0842
0842
0842
1082
2224
3b45
4406
54e8
65ca
768b
7f2c
7f4c
7f4b
772b
6eea
6ea9
6689
6668
5e28
5de8
5587
4d27
4cc6
4446
3be5
3365
3304
2a84
1983
10a3
1062
1063
1063
1063
1063
1063
1063
18a2
7ae2
c4c7
ee6c
bc64
b443
ac03
9383
3962
1063
1063
1063
1063
1063
1063
1063
1063
1063
1063
1063
1063
1063
1063
1063
1063
1063
1063
1063
1063
1063
1063
1063
1063
2144
3ac5
4b87
5c28
6ca9
7d4b
85ec
860c
860b
860b
7dca
7569
64c8
5c27
4ba6
4346
4305
3aa5
3204
2143
10a3
1062
1062
1042
0842
0842
0842
0842
0842
0842
0842
0842
0842
0842
0842
0842
0842
0842
0842
0842
0842
0842
0842
0842
0842
0842
0842
0842
0842
0842
0842
0842
0842
0841
0841
0841
0841
0841
0841
0841
0821
0821
0821
0821
0821
0821
0821
0821
0821
0821
0821
0821
0821
0821
0821
0821
0821
0821
0821
0821
0821
0821
0821
0821
0821
0821
0821
0821
0821
0821
0821
0821
0821
0821
0821
0821
0821
0821
0821
0821
0021
0021
0021
0021
0021
0021
0021
0021
0021
0021
0021
0021
0021
0021
0021
0021
0021
0021
0021
0821
0821
0821
0821
0821
0821
0821
0821
0821
0821
0821
0821
0821
0821
0821
0821
0821
08a5
21af
2213
2213
2212
21f2
21d1
19af
194c
10a5
0821
0821
0821
0821
0821
0821
0821
0821
0821
0821
0821
0821
0821
0821
0821
0821
0821
0821
0841
0841
0841
0841
0841
0841
0841
0842
0842
0842
0842
0842
10a3
1062
0842
0842
0842
0842
0842
0842
0842
0842
0842
0842
0842
10a2
2a64
3b65
4c27
5508
6dea
7ecc
8f6e
876d
7f2c
76ea
6e8a
6649
5e28
5de8
5dc8
5587
4d47
4ce6
4466
3c05
3b85
3324
2aa4
21c3
10a3
1062
1062
1063
1063
1063
1063
1063
1063
1882
6a62
b445
f6ad
bc84
bc43
b423
9ba3
49c2
1063
1063
1063
1063
1063
1063
1063
1063
1063
1063
1063
1063
1063
1063
1063
1063
1063
1063
1063
1063
1063
1063
1063
1063
10a3
29c4
42e6
4b67
5be8
6469
6cc9
750a
752a
7529
6d09
64a8
5407
4b66
3ac5
29e4
1923
10c3
1082
1062
1062
1062
1062
0842
0842
0842
0842
0842
0842
0842
0842
0842
0842
0842
0842
0842
0842
0842
0842
0842
0842
0842
0842
0842
0842
0842
0842
0842
0842
0842
0842
0842
0842
0841
0841
0841
0841
0841
0841
0841
0821
0821
0821
0821
0821
0821
0821
0821
0821
0821
0821
0821
0821
0821
0821
0821
0821
0821
0821
0821
0821
0821
0821
0821
0821
0821
0821
0821
0821
0821
0821
0821
0821
0821
0821
0821
0821
0821
0821
0821
0021
0021
0021
0021
0021
0021
0021
0021
0021
0021
0021
0021
0021
0021
0021
0021
0021
0021
0021
0821
0821
0821
0821
0821
0821
0821
0821
0821
0821
0821
0821
0821
0821
0821
0821
0821
0821
0842
10c7
194c
198e
198e
194b
10c7
0843
0821
0821
0821
0821
0821
0821
0821
0821
0821
0821
0821
0821
0821
0821
0821
0821
0821
0821
0821
0841
0841
0841
0841
0841
0841
0841
0842
0842
0842
0842
0842
0842
0842
0842
0842
0842
0842
0842
0842
0842
0842
0842
0842
0842
10e2
2aa4
3b65
4c47
5508
65ca
7eac
872d
870c
76cb
6e8a
6629
5de8
5da8
5587
5567
4d27
4ce6
4486
3c25
3ba5
3345
2ac4
2203
10c3
1062
1062
1062
1063
1063
1063
1063
1063
1063
1083
5202
a404
f6ad
c4a5
bc63
b423
a3c3
6242
1083
1063
1063
1063
1063
1063
1063
1063
1063
1063
1063
1063
1063
1063
1063
1063
1063
1063
1083
1063
1063
1063
1063
1063
1063
10a3
2184
3a85
4326
5387
53e8
5c28
5c68
5c68
5c47
53e7
4b66
3a85
1923
1082
1062
1062
1062
1062
1062
1062
1042
0842
0842
0842
0842
0842
0842
0842
0842
0842
0842
0842
0842
0842
0842
0842
0842
0842
0842
0842
0842
0842
0842
0842
0842
0842
0842
0842
0842
0842
0841
0841
0841
0842
20c5
0842
0841
0821
0821
0821
0821
0821
0821
0821
0821
0821
0821
1084
0842
0821
0821
0821
0821
0821
0821
0821
0821
0821
0821
0821
0821
0821
0821
0821
0821
0821
0821
0821
0821
0821
0821
0821
0821
0821
0821
0821
0821
0821
0021
0021
0021
0021
0021
0021
0021
0021
0021
0021
0021
0021
0021
0021
0021
0021
0021
0021
0021
0021
0821
0821
0821
0821
0821
0821
0821
0821
0821
0821
0821
0821
0821
0821
0841
0821
0821
0821
0821
0821
0841
0841
0821
0821
0821
0821
0821
0821
0821
0821
0821
0821
0821
0821
0821
0821
0821
0821
0821
0821
0821
0821
0821
0821
0841
0841
0841
0841
0841
0841
0841
0842
0842
0842
0842
0842
0842
0842
0842
0842
0842
0842
0842
0842
0842
0842
0842
0842
0842
1903
2aa4
3b65
4427
54c8
6569
6e0a
766b
766b
6e4a
6609
5da8
5568
5527
4d07
4ce7
5507
54e8
4446
3bc5
3345
2ae4
2244
1903
1062
1062
1062
1062
1063
1063
1063
1063
1063
1063
1063
4182
9ba3
ee8d
cd06
bc63
b443
a3e3
72a2
18a3
1063
1063
1063
1063
1063
1063
1063
1063
1063
1063
1063
1063
1063
1063
1063
1083
1083
18a3
1083
1063
1063
1063
1063
1063
1063
1083
18e3
29c4
3a85
4306
4b66
4b87
4b87
4b66
4326
3245
1903
1062
1062
1062
1062
1062
1062
1062
1062
0842
0842
0842
0842
0842
0842
0842
0842
0842
0842
0842
0842
4a49
5acb
4208
0842
0842
0842
0842
0842
0842
0842
0842
0842
0842
0842
0842
0842
0842
0842
0841
0841
0841
418a
624f
49ab
0841
0821
0821
0821
0821
0821
0821
0821
0821
0821
20c5
41ac
3149
0821
0821
0821
0821
0821
0821
0821
0821
0821
0821
0821
0821
0821
0821
0821
0821
0821
0821
0821
0821
0821
0821
0821
0821
0821
0821
0821
0021
0021
0021
0021
0021
0021
0021
0021
0021
0021
0021
0021
0021
0021
0021
0021
0021
0021
0021
0021
0021
0021
0021
0821
0821
0821
0821
0821
0821
0821
0821
0821
0821
18c3
41e8
5acb
632c
5aeb
39c7
1082
0821
0821
0821
0821
0821
0821
0821
0821
0821
0821
0821
0821
0821
0821
0821
0821
0821
0821
0821
0821
0821
0821
0821
0821
0821
0821
0841
0841
0841
0841
0841
0841
0841
0842
0842
0842
0842
0842
0842
0842
0842
0842
0842
0842
0842
0842
0842
0842
0842
0842
0842
1923
2aa4
3b45
43e6
4c87
5508
5d69
65a9
65c9
5da9
5d68
5507
4cc7
4ca6
4486
4c86
5d09
5ce9
5488
3365
3304
2a64
1963
1083
1062
1062
1062
1063
1063
1063
1063
1063
1063
1063
1063
3122
9363
de0b
dd68
bc63
b443
abe3
8303
20c2
1063
1063
1063
1063
1063
1063
1063
1063
1063
1063
1063
1063
1063
1063
1083
2946
632d
7bf0
3187
1083
1063
1063
1063
1063
1063
1063
1063
1083
18e3
2184
3225
3a85
3aa5
3265
29c4
18c3
1062
1062
1062
1062
1062
1062
1062
1062
1042
0842
0842
0842
0842
0842
0842
0842
0842
0842
0842
0842
3186
7bef
7bf0
7bcf
18c4
0842
0842
0842
0842
0842
0842
0842
0842
0842
0842
0842
0842
0842
0841
0841
0841
0841
41ab
624f
51ec
0841
0821
0821
0821
0821
0821
0821
0821
0821
0821
18a5
418c
3128
0821
0821
0821
0821
0821
0821
0821
0821
0821
0821
0821
0821
0821
0821
0821
0821
0821
0821
0821
0821
0821
0821
0821
0821
0821
0821
0021
0021
0021
0021
0021
0021
0021
0021
0021
0021
0021
0021
0021
0021
0021
0021
0021
0021
0021
0021
0021
0021
0021
0021
0821
0821
0821
0821
0821
0821
0821
0821
0841
3186
5acb
6b4d
73ae
7bef
8430
8c71
7bcf
2966
0821
0821
0821
0821
0821
0821
0821
0821
0821
0821
0821
0821
0821
0821
0821
0821
0821
0821
0821
0821
0821
0821
0821
0821
0821
0841
0841
0841
0841
0841
0841
0841
0842
0842
0842
0842
0842
0842
0842
0842
0842
0842
0842
0842
0842
0842
0842
0842
0842
0842
1103
2a84
3325
3ba6
4426
4c87
54c8
5508
5508
54e8
4ca7
4c87
4446
4406
3be6
4406
54a8
5489
4c28
32e4
2a84
19a3
10a3
1062
1062
1062
1062
1063
1063
1063
1063
1063
1063
1063
1063
20e2
8323
cd48
e60a
bc63
b443
ac03
8b43
3122
1063
1063
1063
1063
1063
1063
1063
1063
1063
1063
1063
1063
1063
1063
1083
5aec
8c92
94b3
8410
20e4
1083
1063
1063
1063
1063
1063
1063
1063
1063
1063
10a3
18e3
18e3
18c3
1063
1062
1062
1062
1062
1062
1062
1062
1062
1042
0842
0842
0842
0842
0842
0842
0842
0842
0842
0842
0842
0842
2966
7bf0
7bf0
7bef
2946
0842
0842
0842
0842
0842
0842
0842
0842
0842
0842
0842
0842
0842
0841
0841
0841
0841
1083
2927
1063
0821
0821
0821
0821
0821
0821
0821
0821
0821
0821
0821
0842
0841
0821
0821
0821
0821
0821
0821
0821
0821
0821
0821
0821
0821
0821
0821
0821
0821
0821
0821
0821
0821
0821
0821
0821
0821
0821
0021
0021
0021
0021
0021
0021
0021
0021
0021
0021
0021
0021
0021
0021
0021
0021
0021
0021
0021
0021
0021
0021
0021
0021
0021
0021
0821
0821
0821
0821
0821
0821
0841
31a6
5acb
6b2d
738e
73ae
7bef
7bef
8410
8c71
8430
2966
0821
0821
0821
0821
0821
0821
0821
0821
0821
0821
0821
0821
0821
0821
0821
0821
0821
0821
0821
0821
0821
0821
0821
0821
0841
0841
0841
0841
0841
0841
0842
0842
0842
0842
0842
0842
0842
0842
0842
0842
0842
0842
0842
0842
0842
0842
0842
0842
0842
10c2
2224
32e4
3b65
3bc6
4406
4447
4c67
4c67
4446
4406
3be6
3ba5
3b65
3345
3345
3b86
4386
3305
2a44
1983
10a3
1062
1062
1062
1062
1062
1062
1063
1063
1063
1063
1063
1063
1063
18a2
7ac2
bca6
ee8c
bc64
b443
ac03
9383
4182
1063
1063
1063
1063
1063
1063
1063
1063
1063
1063
1063
1063
1063
1063
1083
6b6e
9492
94b3
7bf0
18a3
1083
1063
1063
1063
1063
1063
1063
1063
1063
1062
1062
1062
1062
1062
1062
1062
1062
1062
1062
1062
1062
1062
1062
0842
0842
0842
0842
0842
0842
0842
0842
0842
0842
0842
0842
0842
1062
5acb
6b6d
4a49
0842
0842
0842
0842
0842
0842
0842
0842
0842
0842
0842
0842
0842
0841
0841
0841
0841
0841
0841
0841
0821
0821
0821
0821
0821
0821
0821
0821
0821
0821
0821
0821
0821
0821
0821
0821
0821
0821
0821
0821
0821
0821
0821
0821
0821
0821
0821
0821
0821
0821
0821
0821
0821
0821
0821
0821
0821
0821
0021
0021
0021
0021
0021
0021
0021
0021
0021
0021
0021
0021
0021
0021
0021
0021
0021
0021
0021
0021
0021
0021
0021
0021
0021
0021
0021
0821
0821
0821
0821
0821
0821
2104
5acb
632c
6b6d
738e
7bcf
7bef
8410
8410
8410
8c51
73ae
1082
0821
0821
0821
0821
0821
0821
0821
0821
0821
0821
0821
0841
0841
0841
0841
0841
0841
0841
0841
0821
0821
0821
0841
0841
0841
0841
0841
0841
0841
0842
0842
0842
0842
0842
0842
0842
0842
0842
0842
0842
0842
0842
0842
0842
0842
0842
0842
0842
1082
1983
2a84
3305
3345
3b85
3bc6
3bc6
3bc6
3ba5
3b65
3345
3305
32e4
2ac4
2aa4
2a64
2224
21a3
1923
1083
1062
1062
1062
1062
1062
1062
1062
1063
1063
1063
1063
1063
1063
1063
1882
6262
b445
f6ad
bc84
bc43
b423
9ba3
51e2
1063
1063
1063
1063
1063
1063
1063
1063
1063
1063
1063
1063
1063
1063
1083
20e5
73af
73af
4209
1083
1063
1063
1063
1063
1063
1063
1063
1063
1062
1062
1062
1062
1062
1062
1062
1062
1062
1062
1062
1062
1062
1062
1042
0842
0842
0842
0842
0842
0842
0842
0842
0842
0842
0842
0842
0842
0842
0842
0842
0842
0842
0842
0842
0842
0842
0842
0842
0842
0842
0842
0842
0842
0842
0841
0841
0841
0841
0841
0841
0841
0821
0821
0821
0821
0821
0821
0821
0821
0821
0821
0821
0821
0821
0821
0821
0821
0821
0821
0821
0821
0821
0821
0821
0821
0821
0821
0821
0821
0821
0821
0821
0821
0821
0821
0821
0821
0821
0021
0021
0021
0021
0021
0021
0021
0021
0021
0021
0021
0021
0021
0021
0021
0021
0021
0021
0021
0021
0021
0021
0021
0021
0021
0021
0021
0021
0021
0821
0821
0821
0821
0841
4a49
632c
6b4d
738e
73ae
7bcf
7bef
7bef
8410
8410
8410
8430
39c7
0821
0821
0821
0821
0821
0821
0821
0821
0821
0821
0821
0841
0842
0862
1062
1083
1062
0842
0842
0821
0821
0821
0841
0841
0841
0841
0841
0841
0841
0842
0842
0842
0842
0842
0842
0842
0842
0842
0842
0842
0842
0842
0842
0842
0842
0842
0842
0842
0842
10e2
21e3
2a84
32e4
3305
3325
3325
3325
3305
32c4
2a84
2224
21c3
1983
1943
1903
10c3
1082
1062
1062
1062
1062
1062
1062
1062
1062
1062
1063
1063
1063
1063
1063
1063
1063
1063
51e2
a3e4
f6ad
c4c5
bc63
b423
a3c3
6242
1883
1063
1063
1063
1063
1063
1063
1063
1063
1063
1063
1063
1063
1063
1063
1083
18a3
1083
1083
1063
1063
1063
1063
1063
1063
1063
1063
1062
1062
1062
1062
1062
1062
1062
1062
1062
1062
1062
1062
1062
1062
1062
0842
0842
0842
0842
0842
0842
0842
0842
0842
0842
0842
0842
0842
0842
0842
0842
0842
0842
0842
0842
0842
0842
0842
0842
0842
0842
0842
0842
0842
0842
0841
0842
0841
0841
0841
0841
0841
0821
0821
0821
0821
0821
0821
0821
0821
0821
0821
0821
0821
0821
0821
0821
0821
0821
0821
0821
0821
0821
0821
0821
0821
0821
0821
0821
0821
0821
0821
0821
0821
0821
0821
0821
0821
0821
0821
0021
0021
0021
0021
0021
0021
0021
0021
0021
0021
0021
0021
0021
0021
0021
0021
0021
0021
0021
0021
0021
0021
0021
0021
0021
0021
0021
0021
0021
0821
0821
0821
0821
18a3
630c
6b6d
738e
73ae
73ae
7bcf
7bcf
7bef
7bef
7bef
7bef
7bef
5aab
0821
0821
0821
0821
0821
0821
0821
0821
0821
0821
0821
0841
1062
1083
18c4
2105
18a3
1062
0842
0821
0821
0821
0841
0841
0841
0841
0841
0841
0841
0842
0842
0842
0842
0842
0842
0842
0842
0842
0842
0842
0842
0842
0842
0842
0842
0842
0842
0842
0842
0862
10e2
19a3
2224
2a64
2a84
2a84
2a64
2204
1983
1903
10c2
1082
1062
1062
1062
1062
1062
1062
1062
1062
1062
1062
1062
1062
1062
1062
1063
1063
1063
1063
1063
1063
1063
1063
4182
9ba3
ee6c
cd06
bc63
b443
a3e3
72c2
18a2
1063
1063
1063
1063
1063
1063
1063
1063
1063
1063
1063
1063
1063
1063
1063
1063
1083
1063
1063
1063
1063
1063
1063
1063
1063
1062
1062
1062
1062
1062
1062
1062
1062
1062
1062
1062
1062
1062
1062
1062
0842
0842
0842
0842
0842
0842
0842
0842
0842
0842
0842
0842
0842
0842
0842
0842
0842
0842
0842
0842
0842
0842
0842
0842
0842
0842
0842
0842
0842
0842
0842
0842
0842
0842
0842
0841
0841
0841
0821
0821
0821
0821
0821
0821
0821
0821
0821
0821
0821
0821
0821
0821
0821
0821
0821
0821
0821
0821
0821
0821
0821
0821
0821
0841
39a7
2105
0821
0821
0821
0821
0821
0821
0821
0821
0821
0021
0021
0021
0021
0021
0021
0021
0021
0021
0021
0021
0021
0021
0021
0021
0021
0021
0021
0021
0021
0021
0021
0021
0021
0021
0021
0021
0021
0021
0021
0821
0821
0821
0821
2104
6b6d
73ae
7bcf
7bcf
7bcf
7bcf
7bcf
7bcf
7bcf
7bcf
7bcf
738e
5acb
0841
0821
0821
0821
0821
0821
0821
0821
0821
0821
0821
0842
1082
2945
b5b6
d6ba
526a
1083
0862
0821
0821
0821
0841
0841
0841
0841
0841
0841
0841
0842
0842
0842
0842
0842
0842
0842
0842
0842
0842
0842
0842
0842
0842
0842
0842
0842
0842
0842
0842
0842
0862
10a2
10e3
1923
31c7
4a6b
2986
10a2
1062
0862
1042
1042
1062
1062
1062
1062
1062
1062
1062
1062
1062
1062
1062
1062
1062
1062
1063
1063
1063
1063
1063
1063
1063
1063
3122
9363
bd2d
acce
b465
b443
abe3
8323
20e2
1063
1063
1063
1063
1063
1063
1063
1063
1063
1063
1063
1063
1063
1063
1063
1063
1063
1063
1063
1063
1063
1063
1063
1063
1063
1062
1062
1062
1062
1062
1062
1062
1062
1062
1062
1062
1062
1062
1062
1042
0842
0842
0842
0842
0842
0842
0842
0842
0842
0842
0842
0842
0842
0842
0842
0842
0842
0842
0842
0842
0842
0842
0842
0842
0842
0842
0842
0842
0842
0842
0842
0842
2905
2926
0842
0841
0841
0821
0821
0821
0821
0821
0821
0821
0821
0821
0821
0821
0821
0821
0821
0821
0821
0821
0821
0821
0821
0821
0821
0821
0821
0821
0821
2946
5aec
5acb
0841
0821
0821
0821
0821
0821
0821
0821
0021
0021
0021
0021
0021
0021
0021
0021
0021
0021
0021
0021
0021
0021
0021
0021
0021
0021
0021
0021
0021
0021
0021
0021
0021
0021
0021
0021
0021
0021
0021
0021
0821
0821
0821
2104
73ae
7bef
8410
8430
9492
8410
7bcf
7bcf
73ae
73ae
738e
6b6d
526a
0841
0821
0821
0821
0821
0821
0821
0821
0821
0821
0821
0862
18a3
528a
ffff
ffff
94b2
18c4
1082
0821
0821
0821
0841
0841
0841
0841
0841
0841
0841
0842
0842
0842
0842
0842
0842
0842
0842
0842
0842
0842
0842
0842
0842
0842
0842
0842
0842
0842
0842
0842
0842
0842
0862
1062
2927
51ed
2907
0842
0842
0842
0842
1042
1062
1062
1062
1062
1062
1062
1062
1062
1062
1062
1062
1062
1062
1062
1062
1063
1063
1063
1063
1063
1063
1063
20e2
8323
9490
94b1
ac69
b443
ac03
9363
3122
1063
1063
1063
1063
1063
1063
1063
1063
1063
1063
1063
1063
1063
1063
1063
1063
1063
1063
1063
1063
1063
1063
1063
1063
1062
1062
1062
1062
1062
1062
1062
1062
1062
1062
1062
1062
1062
1062
1042
0842
0842
0842
0842
0842
0842
0842
0842
0842
0842
0842
0842
0842
0842
0842
0842
0842
0842
0842
0842
0842
0842
0842
0842
0842
0842
0842
0842
0842
0842
0842
0842
3146
83b1
83b1
2926
0842
0842
0842
0842
0841
0841
0821
0821
0821
0821
0821
0821
0821
0821
0821
0821
0821
0821
0821
0821
0821
0821
0821
0821
0821
0821
0821
0821
1083
4a49
31a7
0821
0821
0821
0821
0821
0821
0821
0021
0021
0021
0021
0021
0021
0021
0021
0021
0021
0021
0021
0021
0021
0021
0021
0021
0021
0021
0021
0021
0021
0021
0021
0021
0021
0021
0021
0021
0021
0021
0021
0021
0821
0821
0821
10a3
738e
8410
8430
a514
f7de
b596
7bcf
73ae
738e
738e
6b4d
630c
31a7
0821
0821
0821
0821
0821
0821
0821
0821
0821
0821
0821
0842
1082
2925
b596
d6ba
4a49
1083
0862
0821
0821
0821
0841
0841
0841
0841
0841
0841
0841
0842
0842
0842
0842
0842
0842
0842
0842
0842
0842
0842
0842
0842
0842
0842
0842
0842
0842
0842
0842
0842
0842
0842
0842
0842
0842
1083
0842
0842
0842
0842
0842
1042
1062
1062
1062
1062
1062
1062
1062
1062
1062
1062
1062
1062
1062
1062
1062
1063
1063
1063
1063
1063
1063
1063
18a2
72c3
a46a
b54f
b485
b443
ac03
9b83
4182
1063
1063
1063
1063
1063
1063
1063
1063
1063
1063
1063
1063
1063
1063
1063
1063
1063
1063
1063
1063
1063
1063
1062
1062
1062
1062
1062
1062
1062
1062
1062
1062
1062
1062
1062
1062
1062
1062
0842
0842
0842
0842
0842
0842
0842
0842
0842
0842
0842
0842
0842
0842
0842
0842
0842
0862
1082
10a2
10a2
10a2
1082
0862
0842
0842
0842
0842
0842
0842
0842
0842
0842
3167
83b1
83b1
3146
1083
1083
18c3
1083
0862
0841
0821
0821
0821
0821
0821
0821
0821
0821
0821
0821
0821
0821
0821
0821
0821
0821
0821
0821
0821
0821
0821
0821
0821
0821
0821
0821
0821
0821
0821
0821
0821
0821
0021
0021
0021
0021
0021
0021
0021
0021
0021
0021
0021
0021
0021
0021
0021
0021
0021
0021
0021
0021
0021
0021
0021
0021
0021
0021
0021
0021
0021
0021
0021
0021
0021
0021
0821
0821
0841
52aa
8430
8c51
8c71
c618
a514
7bef
73ae
738e
6b4d
630c
52aa
18c3
0821
0821
0821
0821
0821
0821
0821
0821
0821
0821
0821
0841
1062
1083
18c3
2104
10a3
1062
0842
0821
0821
0821
0841
0841
0841
0841
0841
0841
0841
0842
0842
0842
0842
0842
0842
0842
0842
0842
0842
0842
0842
0842
0842
0842
0842
0842
0842
0842
0842
0842
0842
0842
0842
0842
0842
0842
0842
0842
0842
0842
0842
1042
1062
1062
1062
1062
1062
1062
1062
1062
1062
1062
1062
1062
1062
1062
1062
1063
1063
1063
1063
1063
1063
1063
1082
6242
ac25
f6ad
c484
bc43
b423
9ba3
5202
1083
1063
1063
1063
1063
1063
1063
1063
1063
1063
1063
1063
1063
1063
1063
1063
1063
1063
1063
1063
1063
1062
1062
1062
1062
1062
1062
1062
1062
1062
1062
1062
1062
1062
1062
1062
1062
1042
0842
0842
0842
0842
0842
0842
0842
0842
0842
0842
0842
0842
0842
0842
0842
0842
1082
1943
29c4
3224
3224
3224
29e4
2183
1923
10c2
1082
0842
0842
0842
0841
0841
0842
1062
3167
3146
20e4
18c4
2966
ad96
6b4d
1082
0841
0821
0821
0821
0821
0821
0821
0821
0821
0821
0821
0821
0821
0821
0821
0821
0821
0821
0821
0821
0821
0821
0821
0821
0821
0821
0821
0821
0821
0821
0821
0821
0021
0021
0021
0021
0021
0021
0021
0021
0021
0021
0021
0021
0021
0021
0021
0021
0021
0021
0021
0021
0021
0021
0021
0021
0021
0021
0021
0021
0021
0021
0021
0021
0021
0021
0021
0821
0821
0821
20e4
73ae
8c51
8c51
8c51
8430
7bef
73ae
6b6d
632c
5acb
3166
0841
0821
0821
0821
0821
0821
0821
0821
0821
0821
0821
0821
0841
0842
0862
1062
1083
1062
0842
0842
0821
0821
0821
0841
0841
0841
0841
0841
0841
0841
0842
0842
0842
0842
0842
0842
0842
0842
0842
0842
0842
0842
0842
0842
0842
0842
0842
0842
0842
0842
0842
0842
0842
0842
0842
0842
0842
0842
0842
0842
0842
0842
1042
1042
1062
1062
1062
1062
1062
1062
1062
1062
1062
1062
1062
1062
1062
1062
1062
1063
1063
1063
1063
1063
1063
1063
51e2
a3e4
f6ad
c4c5
bc63
b423
a3c3
6262
1882
1063
1063
1063
1063
1063
1063
1063
1063
1063
1063
1063
1063
1063
1063
1063
1063
1063
1063
1063
1062
1062
1062
1062
1062
1062
1062
1062
1062
1062
1062
1062
1062
1062
1062
1062
1042
0842
0842
0842
0842
0842
0842
0842
0842
0842
0842
0842
0842
0842
0842
0842
0842
10c2
29c4
3aa5
4305
4325
4325
4325
4305
3ae5
3aa5
3244
29c3
1923
10a2
0862
0841
0841
0842
1062
10a3
2946
8410
6b6e
528b
ffdf
bdf7
18a3
0842
0821
0821
0821
0821
0821
0821
0821
0821
0821
0821
0821
0821
0821
0821
0821
0821
0821
0821
0821
0821
0821
0821
0821
0821
0821
0821
0821
0821
0821
0821
0021
0021
0021
0021
0021
0021
0021
0021
0021
0021
0021
0021
0021
0021
0021
0021
0021
0021
0021
0021
0021
0021
0021
0021
0021
0021
0021
0021
0021
0021
0021
0021
0021
0021
0021
0021
0821
0821
0821
0821
3166
7bcf
8430
8430
8410
7bef
73ae
6b6d
5aeb
31a7
0841
0821
0821
0821
0821
0821
0821
0821
0821
0821
0821
0821
0821
0821
0841
0841
0841
0841
0841
0841
0841
0821
0821
0821
0841
0841
0841
0841
0841
0841
0841
0842
0842
0842
0842
0842
0842
0842
0842
0842
0842
0842
0842
0842
0842
0842
0842
0842
0842
0842
0842
0842
0842
0842
0842
0842
0842
0842
0842
0842
0842
0842
0842
1042
1042
1062
1062
1062
1062
1062
1062
1062
1062
1062
1062
1062
1062
1062
1062
1062
1062
1063
1063
1063
1063
1063
1063
3962
9ba3
e64c
d527
bc63
b443
a3e3
7ac2
18a2
1063
1063
1063
1063
1063
1063
1063
1063
1063
1063
1063
1063
1063
1063
1063
1063
1063
1063
1062
1062
1062
1062
1062
1062
1062
1062
1062
1062
1062
1062
1062
1062
1062
1062
1042
0842
0842
0842
0842
0842
0842
0842
0842
0842
0842
0842
0842
0842
0842
0842
0842
10a2
29e4
3ae5
4346
4b86
4ba6
4bc6
4ba6
4b86
4b66
4346
4325
3ae5
3aa5
2a04
1943
1082
0841
0842
1082
18c4
9cd3
ffff
ffff
632d
528b
2966
1062
0841
0821
0821
0821
0821
0821
0821
0821
0821
0821
0821
0821
0821
0821
0821
0821
0821
0821
0821
0821
0821
0821
0821
0821
0821
0821
0821
0821
0821
0821
0021
0021
0021
0021
0021
0021
0021
0021
0021
0021
0021
0021
0021
0021
0021
0021
0021
0021
0021
0021
0021
0021
0021
0021
0021
0021
0021
0021
0021
0021
0021
0021
0021
0021
0021
0021
0021
0821
0821
0821
0821
0821
2104
5acb
73ae
7bcf
73ae
6b6d
52aa
2945
0841
0821
0821
0821
0821
0821
0821
0821
0821
0821
0821
0821
0821
0821
0821
0821
0821
0821
0821
0821
0821
0821
0821
0821
0821
0841
0841
0841
0841
0841
0841
0841
0842
0842
0842
0842
0842
0842
0842
0842
0842
0842
0842
0842
0842
0842
0842
0842
0842
0842
0842
0842
0842
0842
0842
0842
0842
0842
0842
0842
0842
0842
0842
0842
1042
1042
1062
1062
1062
1062
1062
1062
1062
1062
1062
1062
1062
1062
1062
1062
1062
1062
1063
1063
1063
1063
1063
1063
2902
8b63
ddca
dda9
bc63
b443
ac03
8323
28e2
1063
1063
1063
1063
1063
1063
1063
1063
1063
1063
1063
1063
1063
1063
1063
1063
1062
1062
1062
1062
1062
1062
1062
1062
1062
1062
1062
1062
1062
1062
1062
1062
1062
1042
0842
0842
0842
0842
0842
0842
0842
0842
0842
0842
0842
0842
0842
0842
0842
0842
0862
2183
3ae5
4b66
53c6
5407
5c47
5c47
5c47
5427
5407
53e6
4ba6
4b86
4346
4305
3a85
21a3
10a2
0842
1082
18c4
9cf4
ffff
ffff
5acb
20e4
1083
0842
0841
0821
0821
0821
0821
0821
0821
0821
0821
0821
0821
0821
0821
0821
0821
0821
0821
0821
0821
0821
0821
0821
0821
0821
0821
0821
0821
0821
0821
0821
0021
0021
0021
0021
0021
0021
0021
0021
0021
0021
0021
0021
0021
0021
0021
0021
0021
0021
0021
0021
0021
0021
0021
0021
0021
0021
0021
0021
0021
0021
0021
0021
0021
0021
0021
0021
0021
0021
0821
0821
0821
0821
0821
0841
18a3
2124
2125
18c3
0862
0821
0821
0821
0821
0821
0821
0821
0821
0821
0821
0821
0821
0821
0821
0821
0821
0821
0821
0821
0821
0821
0821
0821
0821
0821
0821
0821
0841
0841
0841
0841
0841
0841
0841
0842
0842
0842
0842
0842
0842
0842
0842
0842
0842
0842
0842
0842
0842
0842
0842
0842
0842
0842
0842
0842
0842
0842
0842
0842
0842
0842
0842
0842
0842
0842
0842
1042
1062
1062
1062
1062
1062
1062
1062
1062
1062
1062
1062
1062
1062
1062
1062
1062
1062
1063
1063
1063
1063
1063
20c2
8303
cd28
e64b
bc64
b443
ac03
9363
3142
1063
1063
1063
1063
1063
1063
1063
1063
20e4
3143
3123
18a3
1063
1063
1063
1062
1062
1062
1062
1062
1062
1062
1062
1062
1062
1062
1062
1062
1062
1062
1062
1062
1042
0842
0842
0842
0842
0842
0842
0842
0842
0842
0842
0842
0842
0842
0842
0842
0842
0842
18e3
3a85
4b66
53e7
5c47
64a8
64c8
64e8
64c8
64a8
5c87
5c67
5c47
5407
53c6
4b86
4325
3aa5
21a3
1082
1062
1083
2104
8c51
630c
18c4
1082
0842
0821
0821
0821
0821
0821
0821
0821
0821
0821
0821
0821
0821
0821
0821
0821
0821
0821
0821
0821
0821
0821
0821
0821
0821
0821
0821
0821
0821
0821
0821
0021
0021
0021
0021
0021
0021
0021
0021
0021
0021
0021
0021
0021
0021
0021
0021
0021
0021
0021
0021
0021
0021
0021
0021
0021
0021
0021
0021
0021
0021
0021
0021
0021
0021
0021
0021
0021
0021
0021
0821
0821
0821
0821
0821
0821
0821
0821
0821
0821
0821
0821
0821
0821
0821
0821
0821
0821
0821
0821
0821
0821
0821
0821
0821
0821
0821
0821
0821
0821
0821
0821
0821
0821
0821
0821
0821
0821
0841
0841
0841
0841
0841
0841
0841
0842
0842
0842
0842
0842
0842
0842
0842
0842
0842
0842
0842
0842
0842
0842
0842
0842
0842
0842
0842
0842
0842
0842
0842
0842
0842
0842
0842
0842
0842
0842
0842
1042
1042
1062
1062
1062
1062
1062
1062
1062
1062
1062
1062
1062
1062
1062
1062
1062
1062
1062
1062
1063
1063
1063
18a2
72a2
bc86
f68d
bc84
bc43
ac23
9ba3
41a2
1063
1063
1063
1063
1063
1063
1063
41a3
cd8c
cce5
bc64
8b43
3943
1062
1062
1062
1062
1062
1062
1062
1062
1062
1062
1062
1062
1062
1062
1062
1062
1062
1062
1042
0842
0842
0842
0842
0842
0842
0842
0842
0842
0842
0842
0842
0842
0842
0842
0842
0842
1082
29e4
4325
53c6
5c47
64c8
6d28
6d49
6d69
6d69
6d49
6d28
64e8
64c8
5c87
5c47
53e7
4b86
4325
3264
1902
0862
1062
1083
18e4
18a3
1082
0862
0842
0821
0821
0821
0821
0821
0821
0821
0821
0821
0821
0821
0821
0821
0821
0821
0821
0821
0821
0821
0821
0821
0821
0821
0841
0842
0841
0841
0821
0821
0821
0021
0021
0021
0021
0021
0021
0021
0021
0021
0021
0021
0021
0021
0021
0021
0021
0021
0021
0021
0021
0021
0021
0021
0021
0021
0021
0021
0021
0021
0021
0021
0021
0021
0021
0021
0021
0021
0021
0021
0821
0821
0821
0821
0821
0821
0821
0821
0821
0821
0821
0821
0821
0821
0821
0821
0821
0821
0821
0821
0821
0821
0821
0821
0821
0821
0821
0821
0821
0821
0821
0821
0821
0821
0821
0821
0821
0821
0841
0841
0841
0841
0841
0841
0841
0842
0842
0842
0842
0842
0842
0842
0842
0842
0842
0842
0842
0842
0842
0842
0842
0842
0842
0842
0842
0842
0842
0842
0842
0842
0842
0842
0842
0842
0842
0842
0842
1042
1042
1062
1062
1062
1062
1062
1062
1062
1062
1062
1062
1062
1062
1062
1062
1062
1062
1062
1062
1062
1063
1063
1082
5a42
ac24
f6ad
c4a4
bc63
b423
9bc3
5a02
1082
1063
1063
1083
1063
1063
3123
a3e4
ff2e
dd45
ccc4
c4a4
9383
28e2
1062
1062
1062
1062
1062
1062
1062
1062
1062
1062
1062
1062
1062
1062
1062
1062
1042
0842
0842
0842
0842
0842
0842
0842
0842
0842
0842
0842
0842
0842
0842
0842
0842
0842
0862
2143
3ac5
4b86
5c27
64c8
6d49
75a9
7dc9
7de9
7dc9
75c9
75a9
7569
6d49
6d08
64c8
5c67
53e7
4b66
3ae5
2183
0862
0842
0862
1082
1062
0842
0842
0841
0821
0821
0821
0821
0821
0821
0821
0821
0821
0821
0821
0821
0821
0821
0821
0821
0821
0821
0821
0821
0821
0841
0841
0842
1082
0862
0842
0841
0821
0821
0021
0021
0021
0021
0021
0021
0021
0021
0021
0021
0021
0021
0021
0021
0021
0021
0021
0021
0021
0021
0021
0021
0021
0021
0021
0021
0021
0021
0021
0021
0021
0021
0021
0021
0021
0021
0021
0021
0021
0821
0821
0821
0821
0821
0821
0821
0821
0821
0821
0821
0821
0821
0821
0821
0821
0821
0821
0821
0821
0821
0821
0821
0821
0821
0821
0821
0821
0821
0821
0821
0821
0821
0821
0821
0821
0821
0821
0841
0841
0841
0841
0841
0841
0841
0842
0842
0842
0842
0842
0842
0842
0842
0842
0842
0842
2125
52ab
4a6a
1062
0842
0842
0842
0842
0842
0842
0842
0842
0842
0842
0842
0842
0842
0842
0842
0842
0842
0842
1042
1062
1062
1062
1062
1062
1062
1062
1062
1062
1062
1062
1062
1062
1062
1062
1062
1062
1062
1062
1062
1062
1063
49c2
a3c4
f6ad
ccc5
bc63
b423
a3c3
6a82
1882
1083
1083
18c4
18a3
1083
5a23
bc85
ff2e
d525
ccc4
c4a4
ac23
49c3
1062
1062
1062
1062
1062
1062
1062
1062
1062
1062
1062
1062
1062
1062
1062
1042
0842
0842
0842
0842
0842
0842
0842
0842
0842
0842
0842
0842
0842
0842
0842
0842
0842
1082
2163
3aa5
4346
53e7
5c88
6d28
75a9
7e0a
864a
866a
864a
7e2a
7e0a
7dea
75a9
7569
6d28
64a8
5c27
4ba6
4305
29c3
0862
0841
0841
0841
0841
0841
0841
0841
0821
0821
0821
0821
0821
0821
0821
0821
0821
0821
0821
0821
0821
0821
0821
0821
0821
0821
0821
0821
0821
0841
1062
18c4
3187
20c4
1062
0842
0841
0821
0021
0021
0021
0021
0021
0021
0021
0021
0021
0021
0021
0021
0021
0021
0021
0021
0021
0021
0021
0021
0021
0021
0021
0021
0021
0021
0021
0021
0021
0021
0021
0021
0021
0021
0021
0021
0021
0021
0021
0821
0821
0821
0821
0821
0821
0821
0821
0821
0821
0821
0821
0821
0821
0821
0821
0821
0821
0821
0821
0821
18a3
2945
0841
0821
0821
0821
0821
0821
0821
0821
0821
0821
0821
0821
0821
0821
0821
0841
0841
0841
0841
0841
0841
0841
0842
0842
0842
0842
0842
0842
0842
0842
0842
0842
1062
5acb
632d
632d
3186
0842
0842
0842
0842
0842
0842
0842
0842
0842
0842
0842
0842
0842
0842
0842
0842
0842
0842
1042
1042
1062
1062
1062
1062
1062
1062
1062
1062
1062
1062
1062
1062
1062
1062
1062
1062
1062
1062
1062
1062
1062
3962
9383
e64c
d527
bc63
b443
a3e3
7ae3
18a2
1083
2966
ad55
5acc
18c3
72a3
c4a5
ff2e
d505
ccc4
c4a4
ac23
5a22
1062
1062
1062
1062
1062
1062
1062
1062
1062
1062
1062
1062
1062
1062
1042
0842
0842
0842
0842
0842
0842
0842
0842
0842
0842
0842
0842
0842
0842
0842
0842
1062
1903
2a04
3ae5
4b66
53c6
5c47
64e8
7589
7e0a
868a
8eab
8ecb
8ecb
8eab
868a
866a
7e2a
75c9
7569
64e8
5c67
53c6
4325
29e4
0842
0821
0821
0821
0821
0821
0821
0821
0821
0821
0821
0821
0821
0821
0821
0821
0821
0821
0821
0821
0821
0821
0821
0821
0821
0821
0821
0821
0841
0842
1083
9cb4
ffff
e6fd
18c4
0862
0841
0821
0021
0021
0021
0021
0021
0021
0021
0021
0021
0021
0021
0021
0021
0021
0021
0021
0021
0021
0021
0021
0021
0021
0021
0021
0021
0021
0021
0021
0021
0021
0021
0021
0021
0021
0021
0021
0021
0021
0021
0021
0821
0821
0821
0821
0821
0821
0821
0821
0821
0821
0821
0821
0821
0821
0821
0821
0821
0821
0821
0821
4a6a
630c
2125
0821
0821
0821
0821
0821
0821
0821
0821
0821
0821
0821
0821
0821
0821
0841
0841
0841
0841
0841
0841
0841
0842
0842
0842
0842
0842
0842
0842
0842
0842
0842
0842
4229
632d
632d
2105
0842
0842
0842
0842
0842
0842
0842
0842
0842
0842
0842
0842
0842
0842
0842
0842
0842
0842
0842
1042
1062
1062
1062
1062
1062
1062
1062
1062
1062
1062
1062
1062
1062
1062
1062
1062
1062
1062
1062
1062
1062
2902
8b43
d5aa
ddc9
bc63
b443
ac03
8b23
28e2
18a3
5acc
ffff
b5b6
20e4
7ae3
cce6
ff2e
d504
ccc4
c484
ac03
51e2
1062
1062
1062
1062
1062
1062
1062
1062
1062
1062
1062
1062
1062
1042
0842
0842
0842
0842
0842
0842
0842
0842
0842
0842
0842
0842
0842
0842
0842
0862
18c3
29e4
3ac5
4346
4ba6
5407
5c67
64e8
6d69
7dea
866a
8ecb
970b
972b
972b
970b
8eeb
8ecb
866a
7e2a
75a9
6d28
5c87
53c6
4325
21a3
0841
0821
0821
0821
0821
0821
0821
0821
0821
0821
0821
0821
0821
0821
0821
0821
0821
0821
0821
0821
0821
0821
0821
0821
0821
0821
0821
0821
0842
1062
2926
f79e
ffff
ffff
630e
1083
0842
0821
0021
0021
0021
0021
0021
0021
0021
0021
0021
0021
0021
0021
0021
0021
0021
0021
0021
0021
0021
0021
0021
0021
0021
0021
0021
0021
0021
0021
0021
0021
0021
0021
0021
0021
0021
0021
0021
0021
0021
0021
0821
0821
0821
0821
0821
0821
0821
0821
0821
0821
0821
0821
0821
0821
0821
0821
0821
0821
0821
0821
2945
4229
1082
0821
0821
0821
0821
0821
0821
0821
0821
0821
0821
0821
0821
0821
0821
0841
0841
0841
0841
0841
0841
0841
0842
0842
0842
0842
0842
0842
0842
0842
0842
0842
0842
18a3
2966
2946
0842
0842
0842
0842
0842
0842
0842
0842
0842
0842
0842
0842
0842
0842
0842
0842
0842
0842
0842
0842
1042
1042
1062
1062
1062
1062
1062
1062
1062
1062
1062
1062
1062
1062
1062
1062
1062
1062
1062
1062
1062
1062
20c2
7b03
cd07
ee4c
bc64
b443
ac03
9363
3142
1083
18c4
630c
2946
20c3
8303
cd06
f70d
d4e4
ccc4
c483
ac03
49c2
1062
1062
1062
1062
1062
1062
1062
1062
1062
1062
1062
1062
1042
0842
0842
0842
0842
0842
0842
0842
0842
0842
0842
0842
0842
0842
0842
0842
1062
1923
3264
4305
4b86
53e7
5c47
64c8
6d28
7569
7dca
864a
8eab
972b
9f6c
9f8c
9f6c
976c
974b
970b
8eab
864a
75c9
6d28
5c87
4bc6
42e5
1943
0841
0821
0821
0821
0821
0821
0821
0821
0821
0821
0821
0821
0821
0821
0821
0821
0821
0821
0821
0821
0821
0821
0821
0821
0821
0821
0821
0821
0841
0842
1083
a4f5
ffdf
d69b
18e4
0862
0841
0821
0021
0021
0021
0021
0021
0021
0021
0021
0021
0021
0021
0021
0021
0021
0021
0021
0021
0021
0021
0021
0021
0021
0021
0021
0021
0021
0021
0021
0021
0021
0021
0021
0021
0021
0021
0021
0021
0021
0021
0021
0821
0821
0821
0821
0821
0821
0821
0821
0821
0821
0821
0821
0821
0821
0821
0821
0821
0821
0821
0821
0821
0821
0821
0821
0821
0821
0821
0821
0821
0821
0821
0821
0821
0821
0821
0821
0821
0841
0841
0841
0841
0841
0841
0841
0842
0842
0842
0842
0842
0842
0842
0842
0842
0842
0842
0842
0842
0842
0842
0842
0842
0842
0842
0842
0842
0842
0842
0842
0842
0842
0842
0842
0842
0842
0842
0842
0842
0842
0842
1042
1042
1062
1062
1062
1062
1062
1062
1062
1062
1062
1062
1062
1062
1062
1062
1062
1062
1062
1062
1062
1882
6a82
b485
f6ad
bc84
bc43
ac23
9ba3
49a2
1063
1083
18a3
1083
20c3
8b43
d547
f6ed
d4e4
ccc4
c483
a3e3
4182
1062
1062
1062
1062
1062
1062
1062
1062
1062
1062
1062
1042
0842
0842
0842
0842
0842
0842
0842
0842
0842
0842
0842
0842
0842
0842
0842
0862
1923
3265
4326
4ba6
5407
5c88
6ce8
7569
75c9
7e0a
866a
8eab
970b
9f6c
9fac
9fac
9fac
9fac
9f6c
972b
8ecb
866a
75c9
6d28
5c67
4b86
3aa5
10c2
0821
0821
0821
0821
0821
0821
0821
0821
0821
0821
0821
0821
0821
0821
0821
0821
0821
0821
0821
0821
0821
0821
0821
0821
0821
0821
0821
0821
0821
0841
1062
18a3
2946
2105
1062
0842
0841
0821
0021
0021
0021
0021
0021
0021
0021
0021
0021
0021
0021
0021
0021
0021
0021
0021
0021
0021
0021
0021
0021
0021
0021
0021
0021
0021
0021
0021
0021
0021
0021
0021
0021
0021
0021
0021
0021
0021
0021
0021
0821
0821
0821
0821
0821
0821
0821
0821
0821
0821
0821
0821
0821
0821
0821
0821
0821
0821
0821
0821
0821
0821
0821
0821
0821
0821
0821
0821
0821
0821
0821
0821
0821
0821
0821
0821
0821
0841
0841
0841
0841
0841
0841
0841
0841
0842
0842
0842
0842
0842
0842
0842
0842
0842
0842
0842
0842
0842
0842
0842
0842
0842
0842
0842
0842
0842
0842
0842
0842
0842
0842
0842
0842
0842
0842
0842
0842
0842
0842
0842
1042
1062
1062
1062
1062
1062
1062
1062
1062
1062
1062
1062
1062
1062
1062
1062
1062
1062
1062
1062
1062
5a22
ac04
f6cd
c4a5
bc63
b423
9bc3
5a22
1062
1062
1062
1062
20c2
9363
dd88
f6ac
cce4
ccc4
bc83
a3c3
3942
1062
1062
1062
1062
1062
1062
1062
1062
1062
1042
0842
0842
0842
0842
0842
0842
0842
0842
0842
0842
0842
0842
0842
0842
0842
0842
0842
10c2
2a04
4305
4b86
5407
5c88
6d08
7569
7dea
864a
8eab
8eeb
972c
9f6c
9fac
a7cd
a7ed
a7ed
9fcc
9f8c
974c
8ecb
864a
75a9
64e8
5427
4366
3244
1082
0821
0821
0821
0821
0821
0821
0821
0821
0821
0821
0821
0821
0821
0821
0821
0821
0821
0821
0821
0821
0821
0821
0821
0821
0821
0821
0821
0821
0821
0841
0841
0842
1082
0862
0842
0841
0821
0821
0021
0021
0021
0021
0021
0021
0021
0021
0021
0021
0021
0021
0021
0021
0021
0021
0021
0021
0021
0021
0021
0021
0021
0021
0021
0021
0021
0021
0021
0021
0021
0021
0021
0021
0021
0021
0021
0021
0021
0021
0821
0821
0821
0821
0821
0821
0821
0821
0821
0821
0821
0821
0821
0821
0821
0821
0821
0821
0821
0821
0821
0821
0821
0821
0821
0821
0821
0821
0821
0821
0821
0821
0821
0821
0821
0821
0821
0841
0841
0841
0841
0841
0841
0841
0841
0842
0842
0842
0842
0842
0842
0842
0842
0842
0842
0842
0842
0842
0842
0842
0842
0842
0842
0842
0842
0842
0842
0842
0842
0842
0842
0842
0842
0842
0842
0842
1062
20c6
1083
0842
1042
1042
1062
1062
1062
1062
1062
1062
1062
1062
18a4
3127
18c5
1062
1062
1062
1062
1062
1062
1062
1062
49a2
a3c3
ee8d
cce6
bc63
b423
a3c3
6a82
1882
1062
1062
1062
28e2
9383
dde9
ee6b
cce4
ccc4
bc63
9bc3
3122
1062
1062
1062
1062
1062
1062
1062
1062
1042
0842
0842
0842
0842
0842
0842
0842
0842
0842
0842
0842
0842
0842
0842
0842
0842
0842
0862
1943
3aa5
4346
53c6
5c47
64c8
6d49
7dca
864a
8eab
970c
9f4c
9f8c
a7cd
a7ed
a7ed
a7ed
a7ed
a7ed
9fac
974c
8ecb
7e2a
7589
64c8
5407
4346
2a04
0862
0821
0821
0821
0821
0821
0821
0821
0821
0821
0821
0821
0821
0821
0821
0821
0821
0821
0821
0821
0821
0821
0821
0821
0821
0821
0821
0821
0821
0821
0821
0821
0841
0842
0841
0841
0821
0821
0821
0021
0021
0021
0021
0021
0021
0021
0021
0021
0021
0021
0021
0021
0021
0021
0021
0021
0021
0021
0021
0021
0021
0021
0021
0021
0021
0021
0021
0021
0021
0021
0021
0021
0021
0021
0021
0021
0021
0021
0021
0021
0821
0821
0821
0821
0821
0821
0821
0821
0821
0821
0821
0821
0821
0821
0821
0821
0821
0821
0821
0821
0821
0821
0821
0821
0821
0821
0821
0821
0821
0821
0821
0821
0821
0821
0821
0821
0821
0841
0841
0841
0841
0841
0841
0841
0842
0842
0842
0842
0842
0842
0842
0842
0842
0842
0842
1062
1062
1062
0862
0842
0842
0842
0842
0842
0842
0842
0842
0842
0842
0842
0842
0842
0842
0842
0842
2907
49cd
398b
0842
0842
1042
1042
1062
1062
1062
1062
1062
1062
1083
5a2e
5a4f
520d
18a4
1062
1062
1062
1062
1062
1062
1062
3942
9383
e62c
d547
bc63
b443
a3e3
7ae2
18a2
1062
1062
1062
2902
9ba3
e62a
ee4a
cce4
ccc4
bc63
9ba3
2902
1062
1062
1062
1062
1062
1062
1062
1042
0842
0842
0842
0842
0842
0842
0842
0842
0842
0842
0842
0842
0842
0842
0842
0842
0842
0842
1062
2183
3ac5
4b66
53e7
5c67
6ce8
7589
7dea
866b
8ecc
972c
9f8d
a7cd
a7ed
a7ed
a7ed
a7ed
a7ed
a7ed
9f8c
972c
8eab
7e2a
7569
64c8
5407
4346
2a04
0861
0821
0821
0821
0821
0821
0821
0821
0821
0821
0821
0821
0821
0821
0821
0821
0821
0821
0821
0821
0821
0821
0821
0821
0821
0821
0821
0821
0821
0821
0821
0821
0821
0821
0821
0821
0821
0821
0021
0021
0021
0021
0021
0021
0021
0021
0021
0021
0021
0021
0021
0021
0021
0021
0021
0021
0021
0021
0021
0021
0021
0021
0021
0021
0021
0021
0021
0021
0021
0021
0021
0021
0021
0021
0021
0021
0021
0021
0021
0021
0821
0821
0821
0821
0821
0821
0821
0821
0821
0821
0821
0821
0821
0821
0821
0821
0821
0821
0821
0821
0821
0821
0821
0821
0821
0821
0821
0821
0821
0821
0821
0821
0821
0821
0821
0821
0821
0841
0841
0841
0841
0841
0841
0841
0842
0842
0842
0842
0842
0842
0842
0842
0842
0842
0842
20c4
7b51
5a6d
1062
0862
0842
0842
0842
0842
0842
0842
0842
0842
0842
0842
0842
0842
0842
0842
0842
20e6
41ad
394a
0842
0842
0842
1042
1042
1062
1062
1062
1062
1062
20e6
5a4f
5a4f
5a4f
20c5
1062
1062
1062
1062
1062
1062
1062
28e2
8b43
d589
dde9
bc63
b443
ac03
8b43
2902
1062
1062
1062
3142
a3c3
ee6c
ee09
cce4
ccc4
bc63
9383
20e2
1062
1062
1062
1062
1062
1042
0842
0842
0842
0842
0842
0842
0842
0842
0842
0842
0842
0842
0842
0842
0842
0842
0842
0842
0842
0842
1062
2183
3ac5
4b66
53e7
5c68
6ce8
7589
7dea
866b
96ec
9f4c
9f8d
a7cd
a7ee
afee
afee
a7ed
a7ed
a7ed
9fac
974c
8eeb
864a
75a9
64e8
5c47
4b66
3284
10a2
0821
0821
0821
0821
0821
0821
0821
0821
0821
0821
0821
0821
0821
0821
0821
0821
0821
0821
0821
0821
0821
0821
0821
0821
0821
0821
0821
0821
0821
0821
0821
0021
0021
0021
0021
0021
0021
0021
0021
0021
0021
0021
0021
0021
0021
0021
0021
0021
0021
0021
0021
0021
0021
0021
0021
0021
0021
0021
0021
0021
0021
0021
0021
0021
0021
0021
0021
0021
0021
0021
0021
0021
0021
0021
0021
0021
0021
0021
0021
0821
0821
0821
0821
0821
0821
0821
0821
0821
0821
0821
0821
0821
0821
0821
0821
0821
0821
0821
0821
0821
0821
0821
0821
0821
0821
0821
0821
0821
0821
0821
0821
0821
0821
0821
0821
0821
0841
0841
0841
0841
0841
0841
0841
0841
0842
0842
0842
0842
0842
0842
0842
0842
0842
1062
3988
ac98
9c36
1083
1062
0842
0842
0842
0842
0842
0842
0842
0842
0842
0842
0842
0842
0842
0842
0842
0842
1083
1062
0842
0842
0842
0842
1042
1042
1062
1062
1062
1062
1063
41ab
5a2e
49ec
1063
1062
1062
1062
1062
1062
1062
1062
18a2
7ae2
c4e7
ee6c
bc64
b443
ac03
9383
3942
1062
1062
1062
3962
a3e3
eead
e5c8
cce4
ccc4
bc63
8b43
18c2
1062
1062
1062
1042
1042
0842
0842
0842
0842
0842
0842
0842
0842
0842
0842
0842
0842
0842
0842
0842
0842
0842
0842
0842
0842
0842
0862
1923
3a85
4346
53c7
5c47
64c8
7549
7dca
864b
96cc
9f2d
a78d
a7ce
a7ee
afee
afee
a7ed
a7ed
a7ed
9fac
9f6c
970b
868a
7dea
6d48
5c87
4bc6
42e5
1943
0841
0821
0821
0821
0821
0821
0821
0821
0821
0821
0821
0821
0821
0821
0821
0821
0821
0821
0821
0821
0821
0821
0821
0821
0821
0821
0821
0821
0821
0821
0821
0021
0021
0021
0021
0021
0021
0021
0021
0021
0021
0021
0021
0021
0021
0021
0021
0021
0021
0021
0021
0021
0021
0021
0021
0021
0021
0021
0021
0021
0021
0021
0021
0021
0021
0021
0021
0021
0021
0021
0021
0021
0021
0021
0021
0021
0021
0021
0021
0821
0821
0821
0821
0821
0821
0821
0821
0821
0821
0821
0821
0821
0821
0821
0821
0821
0821
0821
0821
0821
0821
0821
0821
0821
0821
0821
0821
0821
0821
0821
0821
0821
0821
0821
0821
0821
0841
0841
0841
0841
0841
0841
0841
0841
0842
0842
0842
0842
0842
0842
0842
0842
0842
0842
1083
4a0b
3168
1062
0842
0842
0842
0842
0842
0842
0842
0842
0842
0842
0842
0842
0842
0842
0842
0842
0842
0842
0842
0842
0842
0842
0842
0842
1042
1042
1062
1062
1062
1062
1063
1884
1062
1062
1062
1062
1062
1062
1062
1062
1062
1882
6a82
b465
f6ad
bc84
bc43
ac23
9ba3
49c2
1062
1062
1062
41a2
ac03
f6ed
e5a7
cce4
c4a4
b443
8323
18a2
1062
1062
1042
0842
0842
0842
0842
0842
0842
0842
0842
0842
0842
0842
0842
0842
0842
0842
0842
0842
0842
0842
0842
0842
0842
0842
0842
10a2
2a04
4305
4b86
5407
6488
6d09
758a
860b
8e8c
970d
a76e
a7ae
a7ce
a7ee
a7ee
a7ed
a7cd
a7cd
9fac
9f6c
970b
8eab
7e0a
7569
64c8
5407
4345
2a24
0861
0821
0821
0821
0821
0821
0821
0821
0821
0821
0821
0821
0821
0821
0821
0821
0821
0821
0821
0821
0821
0821
0821
0821
0821
0821
0821
0821
0821
0821
0021
0021
0021
0021
0021
0021
0021
0021
0021
0021
0021
0021
0021
0021
0021
0021
0021
0021
0021
0021
0021
0021
0021
0021
0021
0021
0021
0021
0021
0021
0021
0021
0021
0021
0021
0021
0021
0021
0021
0021
0021
0021
0021
0021
0021
0021
0021
0021
0021
0821
0821
0821
0821
0821
0821
0821
0821
0821
0821
0821
0821
0821
0821
0821
0821
0821
0821
0821
0821
0821
0821
0821
0821
0821
0821
0821
0821
0821
0821
0821
0821
0821
0821
0821
0821
0821
0841
0841
0841
0841
0841
0841
0841
0841
0842
0842
0842
0842
0842
0842
0842
0842
0842
0842
0842
1062
1062
0842
0842
0842
0842
0842
0842
0842
0842
0842
0842
0842
0842
0842
0842
0842
0842
0842
0842
0842
0842
0842
0842
0842
0842
0842
0842
0842
1042
1062
1062
1062
1062
1062
1062
1062
1062
1062
1062
1062
1062
1062
1062
1062
5a02
ac04
f6ad
c4a5
bc63
b423
a3c3
5a22
1082
1062
1062
49c2
b424
f70e
e566
ccc4
c4a4
b443
7ae3
1882
1042
0842
0842
0842
0842
0842
0842
0842
0842
0842
0842
0842
0842
0842
0842
0842
0842
0842
0842
0842
0842
0842
0842
0842
0842
0842
0842
0842
1903
3264
4326
4ba6
5c27
64a8
6d29
7daa
8e4c
96cd
a74e
a78e
a7ae
a7ce
a7cd
a7ad
9f8d
9f8c
9f6c
972c
8eeb
868b
7e2a
7589
64e8
5c47
4b86
3aa5
10e2
0821
0821
0821
0821
0821
0821
0821
0821
0821
0821
0821
0821
0821
0821
0821
0821
0821
0821
0821
0821
0821
0821
0821
0821
0821
0821
0821
0821
0021
0021
0021
0021
0021
0021
0021
0021
0021
0021
0021
0021
0021
0021
0021
0021
0021
0021
0021
0021
0021
0021
0021
0021
0021
0021
0021
0021
0021
0021
0021
0021
0021
0021
0021
0021
0021
0021
0021
0021
0021
0021
0021
0021
0021
0021
0021
0021
0021
0021
0821
0821
0821
0821
0821
0821
0821
0821
0821
0821
0821
0821
0821
0821
0821
0821
0821
0821
0821
0821
0821
0821
0821
0821
0821
0821
0821
0821
0821
0821
0821
0821
0821
0821
0821
0821
0821
0821
0841
0841
0841
0841
0841
0841
0841
0842
0842
0842
0842
0842
0842
0842
0842
0842
0842
0842
0842
0842
0842
0842
0842
0842
0842
0842
0842
0842
0842
0842
0842
0842
0842
0842
0842
0842
0842
0842
0842
0842
0842
0842
0842
0842
0842
0842
0842
0842
1042
1042
1062
1062
1062
1062
1062
1062
1062
1062
1062
1062
1062
1062
1062
41a2
9bc3
ee8d
cce6
bc63
b423
a3e3
72a2
1882
1062
1062
5a02
b444
f70e
dd46
ccc4
c4a4
b443
72c2
1082
0842
0842
0842
0842
0842
0842
0842
0842
0842
0842
0842
0842
0842
0842
0842
0842
0842
0842
0842
0842
0842
0842
0842
0842
0842
0842
0842
0842
0862
1923
3265
4326
4ba7
5c27
64a9
752a
85cb
968d
a72f
a76f
a78e
a78e
9f6d
9f4c
972c
972c
970b
8eeb
8eab
866a
7e0a
7589
6d08
5c67
4ba6
4305
2163
0841
0821
0821
0821
0821
0821
0821
0821
0821
0821
0821
0821
0821
0821
0821
0821
0821
0821
0821
0821
0821
0821
0821
0821
0821
0821
0821
0821
0021
0021
0021
0021
0021
0021
0021
0021
0021
0021
0021
0021
0021
0021
0021
0021
0021
0021
0021
0021
0021
0021
0021
0021
0021
0021
0021
0021
0021
0021
0021
0021
0021
0021
0021
0021
0021
0021
0021
0021
0021
0021
0021
0021
0021
0021
0021
0021
0021
0021
0021
0821
0821
0821
0821
0821
0821
0821
0821
0821
0821
0821
0821
0821
0821
0821
0821
0821
0821
0821
0821
0821
0821
0821
0821
0821
0821
0821
0821
0821
0821
0821
0821
0821
0821
0821
0821
0821
0841
0841
0841
0841
0841
0841
0841
0841
0842
0842
0842
0842
0842
0842
0842
0842
0842
0842
0842
0842
0842
0842
0842
0842
0842
0842
0842
0842
0842
0842
0842
0842
0842
0842
0842
0842
0842
0842
0842
0842
0842
0842
0842
0842
0842
0842
0842
0842
0842
0842
1042
1042
1062
1062
1062
1062
1062
1062
1062
1062
1062
1062
1062
3142
9383
e62b
d567
bc63
b443
a3e3
8303
20c2
1062
1062
6242
bc64
ff2e
dd25
ccc4
c4a4
b423
6a82
1062
0842
0842
0842
0842
0842
0842
0842
0842
0842
0842
0842
0842
0842
0842
0842
0842
0842
0842
0842
0842
0842
0842
0842
0842
0842
0842
0842
0842
0842
0862
1903
3224
4306
4b87
5c08
64a9
754b
8e2d
a70f
a72f
9f2e
9f0d
970c
96cc
8eab
8eab
8e8b
868b
866a
7e2a
75c9
6d69
64e8
5c67
4bc6
4305
29c3
0861
0821
0821
0821
0821
0821
0821
0821
0821
0821
0821
0821
0821
0821
0821
0821
0821
0821
0821
0821
0821
0821
0821
0821
0821
0821
0821
0021
0021
0021
0021
0021
0021
0021
0021
0021
0021
0021
0021
0021
0021
0021
0021
0021
0021
0021
0021
0021
0021
0021
0021
0021
0021
0021
0021
0021
0021
0021
0021
0021
0021
0021
0021
0021
0021
0021
0021
0021
0021
0021
0021
0021
0021
0021
0021
0021
0021
0021
0021
0821
0821
0821
0821
0821
0821
0821
0821
0821
0821
0821
0821
0821
0821
0821
0821
0821
0821
0821
0821
0821
0821
0821
0821
0821
0821
0821
0821
0821
0821
0821
0821
0821
0821
0821
0821
0821
0841
0841
0841
1063
3129
20c6
0841
0841
0842
0842
0842
0842
0842
0842
0842
0842
0842
0842
0842
0842
0842
0842
0842
0842
0842
0842
0842
0842
0842
0842
0842
0842
0842
0842
0842
0842
0842
0842
0842
0842
0842
0842
0842
0842
0842
0842
0842
0842
0842
0842
0842
0842
1042
1042
1042
1062
1062
1062
1062
1062
1062
1062
1062
20e2
8b23
d569
e5ea
bc63
b443
ac03
8b43
2902
1062
1062
6a82
bc85
ff2e
d525
ccc4
c4a4
b423
6242
1062
0842
0842
0842
0842
0842
0842
0842
0842
0842
0842
0842
0842
0842
0842
0842
0842
0842
0842
0842
0842
0842
0842
0842
0842
0842
0842
0842
0842
0842
0842
0842
10a2
21a4
3ac5
4b67
5c08
6ca9
7d6b
8e0d
966d
968d
8e8c
8e6b
864b
862a
7e2a
7e0a
7e0a
7dea
75c9
7569
6d28
64a8
5c47
4ba6
4305
2a04
0861
0821
0821
0821
0821
0821
0821
0821
0821
0821
0821
0821
0821
0821
0821
0821
0821
0821
0821
0821
0821
0821
0821
0821
0821
0821
0821
0021
0021
0021
0021
0021
0021
0021
0021
0021
0021
0021
0021
0021
0021
0021
0021
0021
0021
0021
0021
0021
0021
0021
0021
0021
0021
0021
0021
0021
0021
0021
0021
0021
0021
0021
0021
0021
0021
0021
0021
0021
0021
0021
0021
0021
0021
0021
0021
0021
0021
0021
0021
0821
0821
0821
0821
0821
0821
0821
0821
0821
0821
0821
0821
0821
0821
0821
0821
0821
0821
0821
0821
0821
0821
0821
0821
0821
0821
0821
0821
0821
0821
0821
0821
0821
0821
0821
0821
0821
0841
0841
0841
2908
41ac
418c
0842
0841
0841
0842
0842
0842
0842
0842
0842
0842
0842
0842
0842
0842
0842
0842
0842
0842
0842
0842
0842
0842
0842
0842
0842
0842
0842
0842
0842
0842
0842
0842
0842
0842
0842
0842
0842
0842
0842
0842
0842
0842
0842
0842
0842
0842
0842
0842
0842
1042
1042
1042
1062
1062
1062
1062
1062
18a2
7ae2
c4c7
ee6c
bc64
b443
ac03
9363
2902
1042
1082
72a2
c4c5
ff2e
d505
ccc4
c4a4
ac23
5a22
1062
0842
0842
0842
0842
0842
0842
0842
0842
0842
0842
0842
0842
0842
0842
0842
0842
0842
0842
0842
0842
0842
0842
0842
0842
0842
0842
0842
0842
0842
0842
0842
0842
0862
1923
3a65
4b67
5c08
6ca9
752a
7d8b
7dcb
7dcb
7dca
7daa
7589
7589
7589
7569
7569
6d49
6d08
64c8
5c67
5407
4b86
3b05
29c3
0861
0821
0821
0821
0821
0821
0821
0821
0821
0821
0821
0821
0821
0821
0821
0821
0821
0821
0821
0821
0821
0821
0821
0821
0821
0821
0021
0021
0021
0021
0021
0021
0021
0021
0021
0021
0021
0021
0021
0021
0021
0021
0021
0021
0021
0021
0021
0021
0021
0021
0021
0021
0021
0021
0021
0021
0021
0021
0021
0021
0021
0021
0021
0021
0021
0021
0021
0021
0021
0021
0021
0021
0021
0021
0021
0021
0021
0021
0021
0821
0821
0821
0821
0821
0821
0821
0821
0821
0821
0821
0821
0821
0821
0821
0821
0821
0821
0821
0821
0821
0821
0821
0821
0821
0821
0821
0821
0821
0821
0821
0821
0821
0821
0821
0821
0821
0821
0841
0841
1084
396b
2908
0841
0841
0841
0842
0842
0842
0842
0842
0842
0842
0842
0842
0842
0842
0842
0842
0842
0842
0842
0842
0842
0842
0842
0842
0842
0842
0842
0842
0842
0842
0842
0842
0842
0842
0842
0842
0842
0842
0842
0842
0842
0842
0842
0842
0842
0842
0842
0842
0842
0842
0842
0842
0842
0842
1042
1042
1042
1062
5a22
b445
f6ad
bc84
bc43
ac23
8303
20c2
0842
1882
7ae3
cce6
ff0e
d504
ccc4
c484
ac03
51e2
1062
0842
0842
0842
0842
0842
0842
0842
0842
0842
0842
0842
0842
0842
0842
0842
0842
0842
0842
0842
0842
0842
0842
0842
0842
0842
0842
0842
0842
0842
0842
0842
0842
0842
0842
18e2
3225
4b47
5be8
6469
6cc9
6d09
6d29
6d29
6d09
6ce8
64e8
64e8
64c8
64c8
64a8
5c87
5c67
5407
4ba6
4345
3ac5
2163
0841
0821
0821
0821
0821
0821
0821
0821
0821
0821
0821
0821
0821
0821
0821
0821
0821
0821
0821
0821
0821
0821
0821
0821
0821
0021
0021
0021
0021
0021
0021
0021
0021
0021
0021
0021
0021
0021
0021
0021
0021
0021
0021
0021
0021
0021
0021
0021
0021
0021
0021
0021
0021
0021
0021
0021
0021
0021
0021
0021
0021
0021
0021
0021
0021
0021
0021
0021
0021
0021
0021
0021
0021
0021
0021
0021
0021
0021
0021
0821
0821
0821
0821
0821
0821
0821
0821
0821
0821
0821
0821
0821
0821
0821
0821
0821
0821
0821
0821
0821
0821
0821
0821
0821
0821
0821
0821
0821
0821
0821
0821
0821
0821
0821
0821
0821
0821
0841
0841
0841
0841
0841
0841
0841
0841
0842
0842
0842
0842
0842
0842
0842
0842
0842
0842
0842
0842
0842
0842
0842
0842
0842
0842
0842
0842
0842
0842
0842
0842
0842
0842
0842
0842
0842
0842
0842
0842
0842
0842
0842
0842
0842
0842
0842
0842
0842
0842
1062
1062
0842
0842
0842
0842
0842
0842
0842
0842
0842
0842
0862
2902
8b44
f6ad
c4a5
b443
9ba3
49a2
1062
0842
18a2
8323
d527
f70d
d4e4
ccc4
c483
ac03
41a2
1062
0842
0842
0842
0842
0842
0842
0842
0842
0842
0842
0842
0842
0842
0842
0842
0842
0842
0842
0842
0842
0842
0842
0842
0842
0842
0842
0842
0842
0842
0842
0842
0842
0842
0842
0842
10c2
3224
4b26
53a7
5c08
5c48
5c68
5c68
5c48
5c47
5c47
5c27
5c27
5c27
5427
5407
53e6
4ba6
4346
3ae5
2a24
10e2
0821
0821
0821
0821
0821
0821
0821
0821
0821
0821
0821
0821
0821
0821
0821
0821
0821
0821
0821
0821
0821
0821
0821
0821
0821
0021
0021
0021
0021
0021
0021
0021
0021
0021
0021
0021
0021
0021
0021
0021
0021
0021
0021
0021
0021
0021
0021
0021
0021
0021
0021
0021
0021
0021
0021
0021
0021
0021
0021
0021
0021
0021
0021
0021
0021
0021
0021
0021
0021
0021
0021
0021
0021
0021
0021
0021
0021
0021
0021
0821
0821
0821
0821
0821
0821
0821
0821
0821
0821
0821
0821
0821
0821
0821
0821
0821
0821
0821
0821
0821
0821
0821
0821
0821
0821
0821
0821
0821
0821
0821
0821
0821
0821
0821
0821
0821
0821
0841
0841
0841
0841
0841
0841
0841
0841
0841
0842
0842
0842
0842
0842
0842
0842
0842
0842
0842
0842
0842
0842
0842
0842
0842
0842
0842
0842
0842
0842
0842
0842
0842
0842
0842
0842
0842
0842
0842
0842
0842
0842
0842
0842
0842
0842
0842
0842
0842
18c4
5aeb
52ab
1083
0842
0842
0842
0842
0842
0842
0842
0842
0842
0842
1062
2902
8b88
8b45
6a83
3962
1062
0842
0842
18a2
8b43
d567
f6cd
d4e4
ccc4
c483
a3e3
3962
0842
0842
0842
0842
0842
0842
0842
1063
5aec
4a4a
0842
0842
0842
0842
0842
0842
0842
0842
0842
0842
0842
0842
0842
0842
0842
0842
0842
0842
0842
0842
0842
0842
0842
0842
0842
0841
0841
10a2
29e4
42e6
4b46
4b86
53a7
53a7
4ba6
4b86
4b86
4b86
4b86
4b86
4b86
4b66
4346
4325
3ac5
3244
1922
0861
1084
2908
2908
0842
0821
0821
0821
0821
0821
0821
0821
0821
0821
0821
0821
0821
0821
0821
0821
0821
0821
0821
0821
0821
0021
0021
0021
0021
0021
0021
0021
0021
0021
0021
0021
0021
0021
0021
0021
0021
0021
0021
0021
0021
0021
0021
0021
0021
0021
0021
0021
0021
0021
0021
0021
0021
0021
0021
0021
0021
0021
0021
0021
0021
0021
0021
0021
0021
0021
0021
0021
0021
0021
0021
0021
0021
0021
0021
0021
0021
0821
0821
0821
0821
0821
0821
0821
0821
0821
0821
0821
0821
0821
0821
0821
0821
0821
0821
0821
0821
0821
0821
0821
0821
0821
0821
0821
0821
0821
0821
0821
0821
0821
0821
0821
0821
0821
0821
0841
0841
0841
0842
0842
0842
0841
0841
0842
0842
0842
0842
0842
0842
0842
0842
0842
0842
0842
0842
0842
0842
0842
0842
0842
0842
0842
0842
0842
0842
0842
0842
0842
0842
0842
0842
0842
0842
0842
0842
0842
0842
0842
0842
0842
0842
0842
0842
3187
6b2d
6b2d
2105
0842
0842
0842
0842
0842
0842
0842
0842
0842
0842
0842
0842
1062
1082
1062
0862
0842
0842
0842
20c2
9363
dda8
f6ac
cce4
ccc4
bc83
a3c3
3142
0842
0842
0842
0842
0842
0842
0842
18c4
6b6e
5aec
0842
0842
1083
2906
1062
0842
0842
0842
0842
0842
0842
0842
0842
0842
0842
0842
0842
0842
0842
0842
0842
0842
0842
0842
0842
0841
0841
0841
1082
2143
3224
3aa5
3ae5
42e5
3ae5
3ae5
3ac5
3ac5
3ac5
3ac5
3ac5
3ac5
3aa4
3244
21a3
1902
0861
0821
2928
396a
396a
20e6
0821
0821
0821
0821
0821
0821
0821
0821
0821
0821
0821
0821
0821
0821
0821
0821
0821
0821
0821
0821
0021
0021
0021
0021
0021
0021
0021
0021
0021
0021
0021
0021
0021
0021
0021
0021
0021
0021
0021
0021
0021
0021
0021
0021
0021
0021
0021
0021
0021
0021
0021
0021
0021
0021
0021
0021
0021
0021
0021
0021
0021
0021
0021
0021
0021
0021
0021
0021
0021
0021
0021
0021
0021
0021
0021
0021
0821
0821
0821
0821
0821
0821
0821
0821
0821
0821
0821
0821
0821
0821
0821
0821
0821
0821
0821
0821
0821
0821
0821
0821
0821
0821
0821
0821
0821
0821
0821
0821
0821
0821
0821
0821
0821
0821
0841
0841
0842
3968
3989
18c5
0842
0841
0841
0842
0842
0842
0842
0842
0842
0842
0842
0842
0842
0842
0842
0842
0842
0842
0842
0842
0842
0842
0842
0842
0842
0842
0842
0842
0842
0842
0842
0842
0842
0842
0842
0842
0842
0842
0842
0842
0842
0842
1083
4a49
4208
1062
0842
0842
0842
0842
0842
0842
0842
0842
0842
0842
0842
0842
0842
0842
0842
0842
0842
0842
0842
28e2
9ba3
e5ea
ee6b
cce4
ccc4
bc63
9ba3
2902
0842
0842
0842
0842
0842
0842
0842
0842
18c4
10a3
1063
10a6
298c
4a71
298c
10c7
0863
0842
0842
0842
0842
0842
0842
0842
0842
0842
0842
0842
0842
0842
0842
0842
0842
0842
0841
0841
0841
0841
0841
0841
1082
18e2
1923
1943
1943
1923
1923
1922
1922
1923
1923
1922
1902
10c2
0861
0841
0821
0821
2908
396a
396a
20c5
0821
0821
0821
0821
0821
0821
0821
0821
0821
0821
0821
0821
0821
0821
0821
0821
0821
0821
0821
0021
0021
0021
0021
0021
0021
0021
0021
0021
0021
0021
0021
0021
0021
0021
0021
0021
0021
0021
0021
0021
0021
0021
0021
0021
0021
0021
0021
0021
0021
0021
0021
0021
0021
0021
0021
0021
0021
0021
0021
0021
0021
0021
0021
0021
0021
0021
0021
0021
0021
0021
0021
0021
0021
0021
0021
0021
0821
0821
0821
0821
0821
0821
0821
0821
0821
0821
0821
0821
0821
0821
0821
0821
0821
0821
0821
0821
0821
0821
0821
0821
0821
0821
0821
0821
0821
0821
0821
0821
0821
0821
0821
0821
0821
0821
0821
0841
3127
5a4e
5a4e
41cb
0842
0841
0841
0842
0842
0842
0842
0842
0842
0842
0842
0842
0842
0842
0842
0842
0842
0842
0842
0842
0842
0842
0842
0842
0842
0842
0842
0842
0842
0842
0842
0842
0842
0842
0842
0842
0842
0842
0842
0842
0842
0842
0842
0842
0842
0842
0842
0842
0842
0842
0842
0842
0842
0842
0842
0842
0842
0842
0842
0842
0842
0842
0842
0842
0842
2922
9bc3
e62b
ee29
cce4
ccc4
bc63
9b83
28e2
0842
0842
0842
0842
0842
0842
0842
0842
0863
10c6
194c
198e
21d0
21f1
2212
2213
21d1
190a
0863
0842
0842
0842
0842
0842
0842
0842
0842
0842
0842
0842
0842
0842
0842
0841
0841
0841
0841
0841
0841
0841
0841
0841
0841
0841
0841
0841
0841
0841
0841
0841
0841
0841
0841
0821
0821
0821
0821
0821
1063
28e7
20e6
0842
0821
0821
0821
0821
0821
0821
0821
0821
0821
0821
0821
0821
0821
0821
0821
0821
0821
0821
0021
0021
0021
0021
0021
0021
0021
0021
0021
0021
0021
0021
0021
0021
0021
0021
0021
0021
0021
0021
0021
0021
0021
0021
0021
0021
0021
0021
0021
0021
0021
0021
0021
0021
0021
0021
0021
0021
0021
0021
0021
0021
0021
0021
0021
0021
0021
0021
0021
0021
0021
0021
0021
0021
0021
0021
0021
0021
0821
0821
0821
0821
0821
0821
0821
0821
0821
0821
0821
0821
0821
0821
0821
0821
0821
0821
0821
0821
0821
0821
0821
0821
0821
0821
0821
0821
0821
0821
0821
0821
0821
0821
0821
0821
0821
0821
0821
0841
2906
5a4e
5a4e
49eb
0842
0841
0841
0841
0842
0842
0842
0842
0842
0842
0842
0842
0842
0842
0842
0842
0842
0842
0842
0842
0842
0842
0842
0842
0842
0842
0842
0842
0842
0842
0842
0842
0842
0842
0842
0842
0842
0842
0842
0842
0842
0842
0842
0842
0842
0842
0842
0842
0842
0842
0842
0842
0842
0842
0842
0842
0842
0842
0842
0842
0842
0842
0842
0842
0842
3142
a3e3
ee6c
ee08
cce4
ccc4
bc63
9363
20c2
0842
0842
0842
0842
0842
0842
0842
0863
10e8
194c
198e
19af
21b0
21d0
21f1
21f2
2213
2234
218e
1084
0842
0842
0842
0842
0842
0842
0842
0842
0842
0842
0842
0842
0841
0841
0841
0841
0841
0841
0841
0841
0841
0821
0821
0821
0821
0821
0821
0821
0821
0821
0821
0821
0821
0821
0821
0821
0821
0821
0821
0821
0821
0821
0821
0821
0821
0821
0821
0821
0821
0821
0821
0821
0821
0821
0821
0821
0821
0821
0821
0821
0021
0021
0021
0021
0021
0021
0021
0021
0021
0021
0021
0021
0021
0021
0021
0021
0021
0021
0021
0021
0021
0021
0021
0021
0021
0021
0021
0021
0021
0021
0021
0021
0021
0021
0021
0021
0021
0021
0021
0021
0021
0021
0021
0021
0021
0021
0021
0021
0021
0021
0021
0021
0021
0021
0021
0021
0021
0021
0821
0821
0821
0821
0821
0821
0821
0821
0821
0821
0821
0821
0821
0821
0821
0821
0821
0821
0821
0821
0821
0821
0821
0821
0821
0821
0821
0821
0821
0821
0821
0821
0821
0821
0821
0821
0821
0821
0821
0841
1062
3127
41aa
1083
0842
0841
0841
0841
0841
0842
0842
0842
0842
0842
0842
0842
0842
0842
0842
0842
0842
0842
0842
0842
0842
0842
0842
0842
0842
0842
0842
0842
0842
0842
0842
0842
0842
0842
0842
0842
0842
0842
0842
0842
0842
0842
0842
0842
0842
0842
0842
0842
0842
0842
0842
0842
0842
0842
0842
0842
0842
0842
0842
0842
0842
1062
1063
1084
10a5
41c5
ac04
eecd
e5c8
ccc4
cca4
bc43
8b43
18a2
0842
0842
0842
0842
0842
0842
0862
10e8
194c
196d
198f
19af
21d0
21d1
21f1
21f1
21f2
2213
2234
198e
0863
0842
0842
0842
0842
0842
0842
0842
0842
0842
0842
0841
0841
0841
0841
0841
0841
0841
0841
0841
0821
0821
0821
0821
0821
0821
0821
0821
0821
0821
0821
0821
0821
0821
0821
0821
0821
0821
0821
0821
0821
0821
0821
0821
0821
0821
0821
0821
0821
0821
0821
0821
0821
0821
0821
0821
0821
0821
0821
0021
0021
0021
0021
0021
0021
0021
0021
0021
0021
0021
0021
0021
0021
0021
0021
0021
0021
0021
0021
0021
0021
0021
0021
0021
0021
0021
0021
0021
0021
0021
0021
0021
0021
0021
0021
0021
0021
0021
0021
0021
0021
0021
0021
0021
0021
0021
0021
0021
0021
0021
0021
0021
0021
0021
0021
0021
0021
0021
0821
0821
0821
0821
0821
0821
0821
0821
0821
0821
0821
0821
0821
0821
0821
0821
0821
0821
0821
0821
0821
0821
0821
0821
0821
0821
0821
0821
0821
0821
0821
0821
0821
0821
0821
0821
0821
0821
0821
0821
0841
0841
0842
0842
0841
0841
0841
0841
0841
0842
0842
0842
0842
0842
0842
0842
0842
0842
0842
0842
0842
0842
0842
0842
0842
0842
0842
0842
0842
0842
0842
0842
0842
0842
0842
0842
0842
0842
0842
0842
0842
0842
0842
0842
0842
0842
0842
0842
0842
0842
0842
0842
0842
0842
0842
0842
0842
0842
0842
0842
0862
1063
1084
10a5
18e7
212a
298c
31ef
3a32
5acb
ac25
f6ee
e587
ccc4
c4a4
b443
8303
1882
0842
0842
0842
0842
0842
0842
10a5
194c
196d
198e
19af
21b0
21d0
21d1
21f1
21f1
21f2
21f2
2213
2213
1909
0842
0842
0842
0842
0842
0842
0842
0842
0842
0841
0841
0841
0841
0841
0841
0841
0841
0841
0821
0821
0821
0821
0821
0821
0821
0821
0821
0821
0821
0821
0821
0821
0821
0821
0821
0821
0821
0821
0821
0821
0821
0821
0821
0821
0821
0821
0821
0821
0821
0821
0821
0821
0821
0821
0821
0821
0821
0821
0021
0021
0021
0021
0021
0021
0021
0021
0021
0021
0021
0021
0021
0021
0021
0021
0021
0021
0021
0021
0021
0021
0021
0021
0021
0021
0021
0021
0021
0021
0021
0021
0021
0021
0021
0021
0021
0021
0021
0021
0021
0021
0021
0021
0021
0021
0021
0021
0021
0021
0021
0021
0021
0021
0021
0021
0021
0021
0021
0821
0821
0821
0821
0821
0821
0821
0821
0821
0821
0821
0821
0821
0821
0821
0821
0821
0821
0821
0821
0821
0821
0821
0821
0821
0821
0821
0821
0821
0821
0821
0821
0821
0821
0821
0821
0821
0821
0821
0821
0841
0841
0841
0841
0841
0841
0841
0841
0841
0841
0842
0842
0842
0842
0842
0842
0842
0842
0842
0842
0842
0842
0842
0842
0842
0842
0842
0842
0842
0842
0842
0842
0842
0842
0842
0842
0842
0842
0842
0842
0842
0842
0842
0842
0842
0842
0842
0842
0842
0842
0842
0842
0842
0842
0842
0862
1063
1084
10a5
18e7
2129
298c
31cf
3232
3a75
42b7
42d9
42f9
42d9
62ed
b445
f70e
dd66
ccc4
c4a4
b443
7ae2
1082
0842
0842
0842
0842
0842
0863
112a
196d
198e
198f
19af
21b0
21d0
21d1
21f1
21f1
21f2
21f1
21f1
2212
21d0
0863
0842
0842
0842
0842
0842
0842
0842
0841
0841
0841
0841
0841
0841
0841
0841
0841
0821
0821
0821
0821
0821
0821
0821
0821
0821
0821
0821
0821
0821
0821
0821
0821
0821
0821
0821
0821
0821
0821
0821
0821
0821
0821
0821
0821
0821
0821
0821
0821
0821
0821
0821
0821
0821
0821
0821
0821
0021
0021
0021
0021
0021
0021
0021
0021
0021
0021
0021
0021
0021
0021
0021
0021
0021
0021
0021
0021
0021
0021
0021
0021
0021
0021
0021
0021
0021
0021
0021
0021
0021
0021
0021
0021
0021
0021
0021
0021
0021
0021
0021
0021
0021
0021
0021
0021
0021
0021
0021
0021
0021
0021
0021
0021
0021
0021
0021
0021
0021
0821
0821
0821
0821
0821
0821
0821
0821
0821
0821
0821
0821
0821
0821
0821
0821
0821
0821
0821
0821
0821
0821
0821
0821
0821
0821
0821
0821
0821
0821
0821
0821
0821
0821
0821
0821
0821
0821
0821
0821
0841
0841
0841
0841
0841
0841
0841
0841
0841
0842
0842
0842
0842
0842
0842
0842
0842
0842
0842
0842
0842
0842
0842
0842
0842
0842
0842
0842
0842
0842
0842
0842
0842
0842
0842
0842
0842
0842
0842
0842
0842
0842
0842
0842
0842
0842
0842
0842
0842
0842
1062
1063
10a5
18c6
2129
216b
29ce
3231
3a74
42b6
42d8
42d9
42da
3ab9
3a99
3258
2a36
2a36
6b0b
b465
ff2e
dd46
ccc4
c4a4
b423
72a2
1062
0842
0842
0842
0842
0842
1084
196d
198e
19af
19af
21b0
21d0
21d0
21d1
21d1
21f1
21f1
21f1
21d1
21f1
21f2
10c6
0842
0842
0842
0842
0842
0842
0841
0841
0841
0841
0841
0841
0841
0841
0841
0821
0821
0821
0821
0821
0821
0821
0821
0821
0821
0821
0821
0821
0821
0821
0821
0821
0821
0821
0821
0821
0821
0821
0821
0821
0821
0821
0821
0821
0821
0821
0821
0821
0821
0821
0821
0821
0821
0821
0821
0021
0021
0021
0021
0021
0021
0021
0021
0021
0021
0021
0021
0021
0021
0021
0021
0021
0021
0021
0021
0021
0021
0021
0021
0021
0021
0021
0021
0021
0021
0021
0021
0021
0021
0021
0021
0021
0021
0021
0021
0021
0021
0021
0021
0021
0021
0021
0021
0021
0021
0021
0021
0021
0021
0021
0021
0021
0021
0021
0021
0021
0021
0821
0821
0821
0821
0821
0821
0821
0821
0821
0821
0821
0821
0821
0821
0821
0821
0821
0821
0821
0821
0821
0821
0821
0821
0821
0821
0821
0821
0821
0821
0821
0821
0821
0821
0821
0821
0821
0821
0821
0821
0821
0841
0841
0841
0841
0841
0841
0841
0841
0841
0842
0842
0842
0842
0842
0842
0842
0842
0842
0842
0842
0842
0842
0842
0842
0842
0842
0842
0842
0842
0842
0842
0842
0842
0842
0842
0842
0842
0842
0842
0842
0842
0842
0842
0842
0862
1063
1084
18c6
1908
216b
29ad
3210
3a53
4295
42d7
42d9
42d9
3ab9
3a98
3257
2a36
21f5
21d4
21b4
1993
19b3
3257
732a
bc85
ff2e
dd25
ccc4
c4a4
b423
6a62
1062
0842
0842
0842
0842
0842
10c7
198f
21af
21b0
21d0
21d0
21d0
21d0
21d1
21d1
21d1
21d1
21d1
21d1
21d0
21d1
10e8
0842
0842
0842
0842
0842
0841
0841
0841
0841
0841
0841
0841
0841
0841
0821
0821
0821
0821
0821
0821
0821
0821
0821
0821
0821
0821
0821
0821
0821
0821
0821
0821
0821
0821
0821
0821
0821
0821
0821
0821
0821
0821
0821
0821
0821
0821
0821
0821
0821
0821
0821
0821
0821
0821
0821
0021
0021
0021
0021
0021
0021
0021
0021
0021
0021
0021
0021
0021
0021
0021
0021
0021
0021
0021
0021
0021
0021
0021
0021
0021
0021
0021
0021
0021
0021
0021
0021
0021
0021
0021
0021
0021
0021
0021
0021
0021
0021
0021
0021
0021
0021
0021
0021
0021
0021
0021
0021
0021
0021
0021
0021
0021
0021
0021
0021
0021
0021
0821
0821
0821
0821
0821
0821
0821
0821
0821
0821
0821
0821
0821
0821
0821
0821
0821
0821
0821
0821
0821
0821
0821
0821
0821
0821
0821
0821
0821
0821
0821
0821
0821
0821
0821
0821
0821
0821
0821
0821
0821
0841
0841
0841
0841
0841
0842
0841
0841
0841
0841
0842
0842
0842
0842
0842
0842
0842
0842
0842
0842
0842
0842
0842
0842
0842
0842
0842
0842
0842
0842
0842
0842
0842
0842
0842
0842
0842
0842
0842
0862
1063
1084
18c6
1908
214a
29ac
31ef
3a32
3a74
42b6
42b7
3ab8
3a98
3277
3257
2a16
21f5
21d4
19b3
1993
1993
1972
1972
1972
1972
21d4
3ab8
7b28
bca5
ff2e
d505
ccc4
c484
ac23
6242
1062
0842
0842
0842
0842
0842
10e8
21b0
21d0
21d1
21d1
21d1
21d1
21d1
21d1
21d1
21d1
21d1
21d0
21d0
21b0
21af
1109
0842
0842
0842
0842
0841
0841
0841
0841
0841
0841
0841
0841
0841
0821
0821
0821
0821
0821
0821
0821
0821
0821
0821
0821
0821
0821
0821
0821
0821
0821
0821
0821
0821
0821
0821
0821
0821
0821
0821
0821
0821
0821
0821
0821
0821
0821
0821
0821
0821
0821
0821
0821
0821
0821
0021
0021
0021
0021
0021
0021
0021
0021
0021
0021
0021
0021
0021
0021
0021
0021
0021
0021
0021
0021
0021
0021
0021
0021
0021
0021
0021
0021
0021
0021
0021
0021
0021
0021
0021
0021
0021
0021
0021
0021
0021
0021
0021
0021
0021
0021
0021
0021
0021
0021
0021
0021
0021
0021
0021
0021
0021
0021
0021
0021
0021
0021
0021
0821
0821
0821
0821
0821
0821
0821
0821
0821
0821
0821
0821
0821
0821
0821
0821
0821
0821
0821
0821
0821
0821
0821
0821
0821
0821
0821
0821
0821
0821
0821
0821
0821
0821
0821
0821
0821
0821
0821
0821
0821
0821
0841
0841
0841
31a7
6b6e
2925
0841
0841
0841
0841
0842
0842
0842
0842
0842
0842
0842
0842
0842
0842
0842
0842
0842
0842
0842
0842
0842
0842
0842
0842
0842
0842
0842
0862
1063
1084
10c5
18e7
2149
298c
31ce
3a31
3a73
3a95
4296
3a96
3a96
3276
3235
2a15
21d4
21b3
1992
1992
1972
1972
1972
1972
1972
1972
1972
1972
1972
1993
2a37
42d7
7b26
c4c5
ff2e
d504
ccc4
c484
ac03
5202
0862
0842
0842
0842
0842
0842
10e8
21d0
21f1
21f1
21f2
2a53
3ab4
2a12
21d1
21d0
21d0
21d0
21d0
21b0
19af
198e
10c7
0842
0842
0841
0841
0841
0841
0841
0841
0841
0841
0841
0841
0821
0821
0821
0821
0821
0821
0821
0821
0821
0821
0821
0821
0821
0821
0821
0821
0821
0821
0821
0821
0821
0821
0821
0821
0821
0821
0821
0821
0821
0821
0821
0821
0821
0821
0821
0821
0821
0821
0821
0821
0821
0821
0021
0021
0021
0021
0021
0021
0021
0021
0021
0021
0021
0021
0021
0021
0021
0021
0021
0021
0021
0021
0021
0021
0021
0021
0021
0021
0021
0021
0021
0021
0021
0021
0021
0021
0021
0021
0021
0021
0021
0021
0021
0021
0021
0021
0021
0021
0021
0021
0021
0021
0021
0021
0021
0021
0021
0021
0021
0021
0021
0021
0021
0021
0021
0821
0821
0821
0821
0821
0821
0821
0821
0821
0821
0821
0821
0821
0821
0821
0821
0821
0821
0821
0821
0821
0821
0821
0821
0821
0821
0821
0821
0821
0821
0821
0821
0821
0821
0821
0821
0821
0821
0821
0821
0821
0821
0841
0841
0841
4229
73af
3186
0841
0841
0841
0841
0842
0842
0842
0842
0842
0842
0842
0842
0842
0842
0842
0842
0842
0842
0842
0842
0842
0842
0842
0842
1063
10a5
18e7
2129
298b
31ce
3210
3a52
3a74
3a95
3a95
3a75
3255
3234
29f3
21d2
21b2
1991
1971
1971
1951
1951
1971
1971
1971
1972
1972
1972
1972
1972
1972
1972
1972
19b4
3a99
42b4
8324
cce6
ff0e
d4e4
ccc4
c484
ac03
49c2
0842
0842
0842
0842
0842
0842
10a5
21d0
21f2
21f2
2212
63f9
cf1f
63d8
21f1
21d0
21d0
21b0
19af
19af
198e
196d
1085
0842
0841
0841
0841
0841
0841
0841
0841
0841
0841
0841
0821
0821
0821
0821
0821
0821
0821
0821
0821
0841
0841
0841
0841
0821
0821
0821
0821
0821
0821
0821
0821
0821
0821
0821
0821
0821
0821
0821
0821
0821
0821
0821
0821
0821
0821
0821
0821
0821
0821
0821
0821
0821
0021
0021
0021
0021
0021
0021
0021
0021
0021
0021
0021
0021
0021
0021
0021
0021
0021
0021
0021
0021
0021
0021
0021
0021
0021
0021
0021
0021
0021
0021
0021
0021
0021
0021
0021
0021
0021
0021
0021
0021
0021
0021
0021
0021
0021
0021
0021
0021
0021
0021
0021
0021
0021
0021
0021
0021
0021
0021
0021
0021
0021
0021
0021
0021
0021
0821
0821
0821
0821
0821
0821
0821
0821
0821
0821
0821
0821
0821
0821
0821
0821
0821
0821
0821
0821
0821
0821
0821
0821
0821
0821
0821
0821
0821
0821
0821
0821
0821
0821
0821
0821
0821
0821
0821
0821
0821
0821
0841
0841
0841
18c4
0841
0841
0841
0841
0841
0841
0842
0842
0842
0842
0842
0842
0842
0842
0842
0842
0842
0842
0842
0842
0842
0842
0842
0842
0842
1908
320f
3a51
3a73
3a94
3a75
3a75
3254
2a13
29f2
21b1
2191
1970
1950
194f
114f
1150
1150
1150
1150
1950
1951
1951
1971
1971
1971
1972
1972
1972
1972
1972
1972
1992
21f5
42da
3a30
8b43
d527
f6ed
d4e4
ccc4
c483
abe3
41a2
0842
0842
0842
0842
0842
0842
0863
198e
21f2
2212
2213
4b37
ae3e
63f9
21f1
21d0
21b0
19af
19af
198e
196d
112a
0842
0841
0841
0841
0841
0841
0841
0841
0841
0841
0841
0821
0821
0821
0821
0821
0821
0821
0821
0821
0841
0841
0842
0842
0841
0841
0821
0821
0821
0821
0821
0821
0821
0821
0821
0821
0821
0821
0821
0821
0821
0821
0821
0821
0821
0821
0821
0821
0821
0821
0821
0821
0821
0021
0021
0021
0021
0021
0021
0021
0021
0021
0021
0021
0021
0021
0021
0021
0021
0021
0021
0021
0021
0021
0021
0021
0021
0021
0021
0021
0021
0021
0021
0021
0021
0021
0021
0021
0021
0021
0021
0021
0021
0021
0021
0021
0021
0021
0021
0021
0021
0021
0021
0021
0021
0021
0021
0021
0021
0021
0021
0021
0021
0021
0021
0021
0021
0021
0021
0821
0821
0821
0821
0821
0821
0821
0821
0821
0821
0821
0821
0821
0821
0821
0821
0821
0821
0821
0821
0821
0821
0821
0821
0821
0821
0821
0821
0821
0821
0821
0821
0821
0821
0821
0821
0821
0821
0821
0821
0821
0821
0821
0841
0841
0841
0841
0841
0841
0841
0841
0841
0841
0842
0842
0842
0842
0842
0842
0842
0842
0842
0842
0842
0842
0842
0842
0842
0842
0842
0842
2129
3a94
3254
2a13
29d2
21b1
2190
196f
194f
112e
112e
112e
112e
112f
112f
114f
114f
1150
1150
1150
1950
1950
1951
1971
1971
1971
1972
1972
1972
1972
1972
1972
1993
3258
42d8
31aa
8b63
d568
f6cd
cce4
ccc4
bc83
a3e3
3962
0842
0842
0842
0842
0842
0842
0842
10e8
21f2
2213
2213
2213
2a54
2a33
21f1
21d1
21b0
19af
198e
196d
194c
10a5
0841
0841
0841
0841
0841
0841
0841
0841
0841
0841
0821
0821
0821
0821
0821
0821
0821
0821
0821
0841
0841
0842
0862
1062
0842
0841
0821
0821
0821
0821
0821
0821
0821
0821
0821
0821
0821
0821
0821
0821
0821
0821
0821
0821
0821
0821
0821
0821
0821
0821
0821
0821
0821
0021
0021
0021
0021
0021
0021
0021
0021
0021
0021
0021
0021
0021
0021
0021
0021
0021
0021
0021
0021
0021
0021
0021
0021
0021
0021
0021
0021
0021
0021
0021
0021
0021
0021
0021
0021
0021
0021
0021
0021
0021
0021
0021
0021
0021
0021
0021
0021
0021
0021
0021
0021
0021
0021
0021
0021
0021
0021
0021
0021
0021
0021
0021
0021
0021
0021
0821
0821
0821
0821
0821
0821
0821
0821
0821
0821
0821
0821
0821
0821
0821
0821
0821
0821
0821
0821
0821
0821
0821
0821
0821
0821
0821
0821
0821
0821
0821
0821
0821
0821
0821
0821
0821
0821
0821
0821
0821
0821
0821
0841
0841
0841
0841
0841
0841
0841
0841
0841
0841
0841
0842
0842
0842
0842
0842
0842
0842
0842
0842
0842
0842
0842
0842
0842
0842
0842
0842
18c5
3210
3a74
21b1
194e
112e
110e
112e
112e
112e
112e
112e
112e
112f
112f
112f
114f
114f
1150
1150
1150
1950
1951
1951
1971
1971
1971
1972
1972
1972
1972
1972
21d4
3ab9
3a74
2946
9383
ddc9
f68c
cce4
ccc4
bc63
a3c3
3122
0842
0842
0842
0842
0842
0842
0842
0863
196c
21f2
2213
2213
2212
21f2
21f1
21d1
21b0
198f
196d
194c
10c7
0842
0841
0841
0841
0841
0841
0841
0841
0841
0841
0841
0821
0821
0821
0821
0821
0821
0821
0821
0821
0841
0842
1062
4a4b
83d3
2906
0842
0841
0821
0821
0821
0821
0821
0821
0821
0821
0821
0821
0821
0821
0821
0821
0821
0821
0821
0821
0821
0821
0821
0821
0821
0821
0821
0021
0021
0021
0021
0021
0021
0021
0021
0021
0021
0021
0021
0021
0021
0021
0021
0021
0021
0021
0021
0021
0021
0021
0021
0021
0021
0021
0021
0021
0021
0021
0021
0021
0021
0021
0021
0021
0021
0021
0021
0021
0021
0021
0021
0021
0021
0021
0021
0021
0021
0021
0021
0021
0021
0021
0021
0021
0021
0021
0021
0021
0021
0021
0021
0021
0021
0021
0821
0821
0821
0821
0821
0821
0821
0821
0821
0821
0821
0821
0821
0821
0821
0821
0821
0821
0821
0821
0821
0821
0821
0821
0821
0821
0821
0821
0821
0821
0821
0821
0821
0821
0821
0821
0821
0821
0821
0821
0821
0821
0821
0821
0841
0841
0841
0841
0841
0841
0841
0841
0841
0841
0841
0842
0842
0842
0842
0842
0842
0842
0842
0842
0842
0842
0842
0842
0842
0842
0842
1063
2149
3a52
3254
2190
112e
110e
110e
110e
110e
112e
112e
112e
112e
112f
112f
114f
114f
1150
1150
1150
1950
1950
1951
1971
1971
1971
1972
1972
1972
1972
1993
2a16
42d9
29cf
2923
9ba3
e60a
ee4a
cce4
ccc4
bc63
9ba3
2902
0842
0842
0842
0842
0842
0842
0842
0842
0863
196c
21f2
2212
2212
21f2
21f1
21d0
21af
198e
196c
10e8
0842
0841
0841
0841
0841
0841
0841
0841
0841
0841
0841
0821
0821
0821
0821
0821
0821
0821
0821
0821
0821
0841
0862
18c4
e67f
f73f
7b91
1062
0842
0821
0821
0821
0821
0821
0821
0821
0821
0821
0821
0821
0821
0821
0821
0821
0821
0821
0821
0821
0821
0821
0821
0821
0821
0821
0021
0021
0021
0021
0021
0021
0021
0021
0021
0021
0021
0021
0021
0021
0021
0021
0021
0021
0021
0021
0021
0021
0021
0021
0021
0021
0021
0021
0021
0021
0021
0021
0021
0021
0021
0021
0021
0021
0021
0021
0021
0021
0021
0021
0021
0021
0021
0021
0021
0021
0021
0021
0021
0021
0021
0021
0021
0021
0021
0021
0021
0021
0021
0021
0021
0021
0021
0821
0821
0821
0821
0821
0821
0821
0821
0821
0821
0821
0821
0821
0821
0821
0821
0821
0821
0821
0821
0821
0821
0821
0821
0821
0821
0821
0821
0821
0821
0821
0821
0821
0821
0821
0821
0821
0821
0821
0821
0821
0821
0821
0821
0821
0841
0841
0841
0841
0841
0841
0841
0841
0841
0841
0841
0842
0842
0842
0842
0842
0842
3167
39a8
18a3
0842
0842
0842
0842
0842
0842
0842
1084
298c
3a73
3213
194f
110e
110e
110e
110e
110e
112e
112e
112e
112f
112f
112f
114f
114f
1150
1150
1150
1950
1951
1971
1971
1971
1971
1972
1972
1972
19b3
3298
42b7
2129
3122
a3c3
e64b
ee29
ccc4
cca4
bc63
9383
20e2
0842
0842
0842
0842
0842
0842
0842
0842
0842
0863
10e8
19af
21d1
21f1
21d1
21b0
198e
192b
10a6
0842
0841
0841
0841
0841
0841
0841
0841
0841
0841
0821
0821
0821
0821
0821
0821
0821
0821
0821
0821
0821
0821
0841
0842
1082
a4b7
d63d
4a4b
0862
0841
0821
0821
0821
0821
0821
0821
0821
0821
0821
0821
0821
0821
0821
0821
0821
0821
0821
0821
0821
0821
0821
0821
0821
0821
0021
0021
0021
0021
0021
0021
0021
0021
0021
0021
0021
0021
0021
0021
0021
0021
0021
0021
0021
0021
0021
0021
0021
0021
0021
0021
0021
0021
0021
0021
0021
0021
0021
0021
0021
0021
0021
0021
0021
0021
0021
0021
0021
0021
0021
0021
0021
0021
0021
0021
0021
0021
0021
0021
0021
0021
0021
0021
0021
0021
0021
0021
0021
0021
0021
0021
0021
0021
0821
0821
0821
0821
0821
0821
0821
0821
0821
0821
0821
0821
0821
0821
0821
0821
0821
0821
0821
0821
0821
0821
0821
0821
0821
0821
0821
0821
0821
0821
0821
0821
0821
0821
0821
0821
0821
0821
0821
0821
0821
0821
0821
0821
0821
0821
0841
0841
0841
0841
0841
0841
0841
0841
0841
0841
0841
0842
0842
0842
0842
20e4
62cd
6ace
41c8
0842
0842
0842
0842
0842
0842
0842
0842
18c6
31ee
3a74
29d1
192e
110d
110d
110d
110e
110e
112e
112e
112e
112f
112f
112f
112f
1150
1150
1150
1950
1950
1951
1951
1971
1971
1972
1972
1972
21f5
42da
3232
10a5
3942
a3e3
ee8c
e5e8
ccc4
cca4
bc63
9363
18a2
0842
0842
0842
0842
0842
0842
0842
0842
0842
0842
0842
0863
10a6
10e8
10e8
10c7
0885
0842
0841
0841
0841
0841
0841
0841
0841
0841
0841
0841
0821
0821
0821
0821
0821
0821
0821
0821
0821
0821
0821
0821
0821
0841
0841
0842
1062
20e4
1062
0842
0841
0821
0821
0821
0821
0821
0821
0821
0821
0821
0821
0821
0821
0821
0821
0821
0821
0821
0821
0821
0821
0821
0821
0821
0821
0021
0021
0021
0021
0021
0021
0021
0021
0021
0021
0021
0021
0021
0021
0021
0021
0021
0021
0021
0021
0021
0021
0021
0021
0021
0021
0021
0021
0021
0021
0021
0021
0021
0021
0021
0021
0021
0021
0021
0021
0021
0021
0021
0021
0021
0021
0021
0021
0021
0021
0021
0021
0021
0021
0021
0021
0021
0021
0021
0021
0021
0021
0021
0021
0021
0021
0021
0021
0021
0821
0821
0821
0821
0821
0821
0821
0821
0821
0821
0821
0821
0821
0821
0821
0821
0821
0821
0821
0821
0821
0821
0821
0821
0821
0821
0821
0821
0821
0821
0821
0821
0821
0821
0821
0821
0821
0821
0821
0821
0821
0821
0821
0821
0821
0841
0841
0841
0841
0841
0841
0841
0841
0841
0841
0841
0841
0841
0842
0842
1063
62ad
6ace
3187
0842
0842
0842
0842
0842
0842
0842
0842
0862
1908
3a31
3a54
2190
112e
110d
110d
110e
110e
112e
112e
112e
112f
112f
112f
112f
1130
1150
1150
1150
1950
1951
1951
1951
1971
1971
1972
1992
3257
42d8
298c
0862
4182
ac03
f6cd
e5a7
ccc4
cca4
bc43
8b23
18a2
0842
0842
0842
0842
0842
0842
0842
0842
0842
0842
0842
0842
0842
0842
0842
0841
0841
0841
0841
0841
0841
0841
0841
0841
0841
0841
0841
0821
0821
0821
0821
0821
0821
0821
0821
0821
0821
0821
0821
0821
0821
0841
0841
0841
0842
0842
0841
0841
0821
0821
0821
0821
0821
0821
0821
0821
0821
0821
0821
0821
0821
0821
0821
0821
0821
0821
0821
0821
0821
0821
0821
0821
0021
0021
0021
0021
0021
0021
0021
0021
0021
0021
0021
0021
0021
0021
0021
0021
0021
0021
0021
0021
0021
0021
0021
0021
0021
0021
0021
0021
0021
0021
0021
0021
0021
0021
0021
0021
0021
0021
0021
0021
0021
0021
0021
0021
0021
0021
0021
0021
0021
0021
0021
0021
0021
0021
0021
0021
0021
0021
0021
0021
0021
0021
0021
0021
0021
0021
0021
0021
0021
0021
0821
0821
0821
0821
0821
0821
0821
0821
0821
0821
0821
0821
0821
0821
0821
0821
0821
0821
0821
0821
0821
0821
0821
0821
0821
0821
0821
0821
0821
0821
0821
0821
0821
0821
0821
0821
0821
0821
0821
0821
0821
0821
0821
0821
0821
0821
0841
0841
0841
0841
0841
0841
0841
0841
0841
0841
0841
0841
0841
0842
0842
1083
20e5
0842
0842
0842
0842
0842
0842
0842
0842
0842
0842
1063
216a
3a52
3233
196f
110d
110d
110d
110e
110e
112e
112e
112e
112f
112f
112f
112f
1150
1150
1150
1950
1950
1951
1951
1951
1971
1972
21b4
3ab9
3a75
18e7
0842
49a2
ac24
f6ed
e586
ccc4
c4a4
b443
8303
1082
0842
0842
0842
0842
0842
0842
0842
0842
0842
0842
0842
0842
0842
0842
0841
0841
0841
0841
0841
0841
0841
0841
0841
0841
0841
0841
0821
0821
0821
0821
0821
0821
0821
0821
0821
0821
0821
0821
0821
0821
0821
0821
0821
0821
0821
0841
0821
0821
0821
0821
0821
0821
0821
0821
0821
0821
0821
0821
0821
0821
0821
0821
0821
0821
0821
0821
0821
0821
0821
0821
0821
0821
0021
0021
0021
0021
0021
0021
0021
0021
0021
0021
0021
0021
0021
0021
0021
0021
0021
0021
0021
0021
0021
0021
0021
0021
0021
0021
0021
0021
0021
0021
0021
0021
0021
0021
0021
0021
0021
0021
0021
0021
0021
0021
0021
0021
0021
0021
0021
0021
0021
0021
0021
0021
0021
0021
0021
0021
0021
0021
0021
0021
0021
0021
0021
0021
0021
0021
0021
0021
0021
0021
0821
0821
0821
0821
0821
0821
0821
0821
0821
0821
0821
0821
0821
0821
0821
0821
0821
0821
0821
0821
0821
0821
0821
0821
0821
0821
0821
0821
0821
0821
0821
0821
0821
0821
0821
0821
0821
0821
0821
0821
0821
0821
0821
0821
0821
0821
0821
0841
0841
0841
0841
0841
0841
0841
0841
0841
0841
0841
0841
0841
0842
0842
0842
0842
0842
0842
0842
0842
0842
0842
0842
0842
0842
0842
10a5
29ad
3a73
29f2
194e
110d
110d
110e
110e
112e
112e
112e
112f
112f
112f
112f
1130
1150
1150
1150
1950
1951
1951
1951
1971
1972
2a15
42d9
31cf
1083
0842
49c2
b424
f70e
dd46
ccc4
c4a4
b443
72c2
1062
0842
0842
0842
0842
0842
0842
0842
0842
0842
0842
0842
0842
0841
0841
0841
0841
0841
0841
0841
0841
0841
0841
0841
0841
0841
0821
0821
0821
0821
0821
0821
0821
0821
0821
0821
0821
0821
0821
0821
0821
0821
0821
0821
0821
0821
0821
0821
0821
0821
0821
0821
0821
0841
0821
0821
0821
0821
0821
0821
0821
0821
0821
0821
0821
0821
0821
0821
0821
0821
0821
0821
0021
0021
0021
0021
0021
0021
0021
0021
0021
0021
0021
0021
0021
0021
0021
0021
0021
0021
0021
0021
0021
0021
0021
0021
0021
0021
0021
0021
0021
0021
0021
0021
0021
0021
0021
0021
0021
0021
0021
0021
0021
0021
0021
0021
0021
0021
0021
0021
0021
0021
0021
0021
0021
0021
0021
0021
0021
0021
0021
0021
0021
0021
0021
0021
0021
0021
0021
0021
0021
0021
0021
0821
0821
0821
0821
0821
0821
0821
0821
0821
0821
0821
0821
0821
0821
0821
0821
0821
0821
0821
0821
0821
0821
0821
0821
0821
0821
0821
0821
0821
0821
0821
0821
0821
0821
0821
0821
0821
0821
0821
0821
0821
0821
0821
0821
0821
0821
0821
0821
0841
0841
0841
0841
0841
0841
0841
0841
0841
0841
0841
0841
0841
0841
0842
0842
0842
0842
0842
0842
0842
0842
0842
0842
0842
0842
0842
18e6
320f
3a73
21b0
112e
110d
110d
110e
110e
112e
112e
112f
112f
112f
112f
112f
1150
1150
1150
1950
1951
1951
1951
1951
1992
3277
42b7
2129
0842
0842
3942
b424
ff2e
dd45
ccc4
c4a4
b423
5a22
0842
0842
0842
0842
0842
0842
0842
0842
0842
0842
0842
0842
0841
0841
0841
0841
0841
0841
0841
0841
0841
0841
0841
0841
0841
0821
0821
0821
0821
0821
0821
0821
0821
0821
0821
0821
0821
0821
0821
0821
0821
0821
0821
0821
0821
0821
0821
0821
0821
0821
0841
0841
0842
0862
0841
0841
0821
0821
0821
0821
0821
0821
0821
0821
0821
0821
0821
0821
0821
0821
0821
0821
0021
0021
0021
0021
0021
0021
0021
0021
0021
0021
0021
0021
0021
0021
0021
0021
0021
0021
0021
0021
0021
0021
0021
0021
0021
0021
0021
0021
0021
0021
0021
0021
0021
0021
0021
0021
0021
0021
0021
0021
0021
0021
0021
0021
0021
0021
0021
0021
0021
0021
0021
0021
0021
0021
0021
0021
0021
0021
0021
0021
0021
0021
0021
0021
0021
0021
0021
0021
0021
0021
0021
0821
0821
0821
0821
0821
0821
0821
0821
0821
0821
0821
0821
0821
0821
0821
0821
0821
0821
0821
0821
0821
0821
0821
0821
0821
0821
0821
0821
0821
0821
0821
0821
0821
0821
0821
0821
0821
0821
0821
0821
0821
0821
0821
0821
0821
0821
0821
0821
0821
0841
0841
0841
0841
0841
0841
0841
0841
0841
0841
0841
0841
0841
0841
0842
0842
0842
0842
0842
0842
0842
0842
0842
0842
0842
0842
0862
2129
3a51
3233
218f
110d
110d
110e
110e
112e
112e
112e
112f
112f
112f
112f
1130
1150
1150
1150
1950
1951
1951
1951
21d4
3ab9
3232
10a5
0842
0842
1082
8324
ff0e
d525
ccc4
c484
9383
2902
0842
0842
0842
0842
0842
0842
0842
0842
0842
0842
0841
0841
0841
0841
0841
0841
0841
0841
0841
0841
0841
0841
0841
0841
0821
0821
0821
0821
0821
0821
0821
0821
0821
0821
0821
0821
0821
0821
0821
0821
0821
0821
0821
0821
0821
0821
0821
0821
0821
0821
0841
0862
41e9
526b
1062
0841
0821
0821
0821
0821
0821
0821
0821
0821
0821
0821
0821
0821
0821
0821
0821
0021
0021
0021
0021
0021
0021
0021
0021
0021
0021
0021
0021
0021
0021
0021
0021
0021
0021
0021
0021
0021
0021
0021
0021
0021
0021
0021
0021
0021
0021
0021
0021
0021
0021
0021
0021
0021
0021
0021
0021
0021
0021
0021
0021
0021
0021
0021
0021
0021
0021
0021
0021
0021
0021
0021
0021
0021
0021
0021
0021
0021
0021
0021
0021
0021
0021
0021
0021
0021
0021
0021
0021
0821
0821
0821
0821
0821
0821
0821
0821
0821
0821
0821
0821
0821
0821
0821
0821
0821
0821
0821
0821
0821
0821
0821
0821
0821
0821
0821
0821
0821
0821
0821
0821
0821
0821
0821
0821
0821
0821
0821
0821
0821
0821
0821
0821
0821
0821
0821
0821
0821
0821
0841
0841
0841
0841
0841
0841
0841
0841
0841
0841
0841
0841
0841
0841
0841
0842
0842
0842
0842
0842
0842
0842
0842
0842
0842
0842
1084
298b
3a72
3212
194e
110d
110d
110e
110e
112e
112e
112f
112f
112f
112f
112f
1150
1150
1150
1950
1951
1951
1971
2a36
42d8
298c
0863
0842
0842
0842
20c2
93c8
a3e4
a3e3
7ae3
3122
0842
0842
0842
0842
0842
0842
0842
0842
0842
0841
0841
0841
0841
0841
0841
0841
0841
0841
0841
0841
0841
0841
0841
0841
0821
0821
0821
0821
0821
0821
0821
0821
0821
0821
0821
0821
0821
0821
0821
0821
0821
0821
0821
0821
0821
0821
0821
0821
0821
0821
0821
0842
18c4
e6bd
f73f
39c8
0862
0841
0821
0821
0821
0821
0821
0821
0821
0821
0821
0821
0821
0821
0821
0821
0021
0021
0021
0021
0021
0021
0021
0021
0021
0021
0021
0021
0021
0021
0021
0021
0021
0021
0021
0021
0021
0021
0021
0021
0021
0021
0021
0021
0021
0021
0021
0021
0021
0021
0021
0021
0021
0021
0021
0021
0021
0021
0021
0021
0021
0021
0021
0021
0021
0021
0021
0021
0021
0021
0021
0021
0021
0021
0021
0021
0021
0021
0021
0021
0021
0021
0021
0021
0021
0021
0021
0021
0821
0821
0821
0821
0821
0821
0821
0821
0821
0821
0821
0821
0821
0821
0821
0821
0821
0821
0821
0821
0821
0821
0821
0821
0821
0821
0821
0821
0821
0821
0821
0821
0821
0821
0821
0821
0821
0821
0821
0821
0821
0821
0821
0821
0821
0821
0821
0821
0821
0821
0821
0841
0841
0841
0841
0841
0841
0841
0841
0841
0841
0841
0841
0841
0841
0841
0842
0842
0842
0842
0842
0842
0842
0842
0842
0842
0842
10c5
31ce
3a73
29d1
192e
110d
110e
110e
112e
112e
112e
112f
112f
112f
112f
1130
1150
1150
1150
1950
1951
1992
3a97
3a74
18e7
0842
0842
0842
0842
0842
0862
1882
18a2
1062
0842
0842
0842
0842
0842
0842
0842
0842
0842
0841
0841
0841
0841
0841
0841
0841
0841
0841
0841
0841
0841
0841
0841
0841
0821
0821
0821
0821
0821
0821
0821
0821
0821
0821
0821
0821
0821
0821
0821
0821
0821
0821
0821
0821
0821
0821
0821
0821
0821
0821
0821
0821
0841
1083
a4b5
bd99
18c4
0842
0821
0821
0821
0821
0821
0821
0821
0821
0821
0821
0821
0821
0821
0821
0021
0021
0021
0021
0021
0021
0021
0021
0021
0021
0021
0021
0021
0021
0021
0021
0021
0021
0021
0021
0021
0021
0021
0021
0021
0021
0021
0021
0021
0021
0021
0021
0021
0021
0021
0021
0021
0021
0021
0021
0021
0021
0021
0021
0021
0021
0021
0021
0021
0021
0021
0021
0021
0021
0021
0021
0021
0021
0021
0021
0021
0021
0021
0021
0021
0021
0021
0021
0021
0021
0021
0021
0021
0821
0821
0821
0821
0821
0821
0821
0821
0821
0821
0821
0821
0821
0821
0821
0821
0821
0821
0821
0821
0821
0821
0821
0821
0821
0821
0821
0821
0821
0821
0821
0821
0821
0821
0821
0821
0821
0821
0821
0821
0821
0821
0821
0821
0821
0821
0821
0821
0821
0821
0821
0821
0841
0841
0841
0841
0841
0841
0841
0841
0841
0841
0841
0841
0841
0841
0841
0841
0842
0842
0842
0842
0842
0842
0842
0842
0842
0842
1907
3a10
3a53
21b0
112e
110d
110e
110e
112e
112e
112f
112f
112f
112f
112f
1150
1150
1150
1950
1951
21f4
42b8
31ef
1083
0842
0842
0842
0842
0842
0842
0842
0842
0842
0842
0842
0842
0842
0842
0842
0842
0841
0841
0841
0841
0841
0841
0841
0841
0841
0841
0841
0841
0841
0841
0841
0821
0821
0821
0821
0821
0821
0821
0821
0821
0821
0821
0821
0821
0821
0821
0821
0821
0821
0821
0821
0821
0821
0821
0821
0821
0821
0821
0821
0821
0821
0841
0842
1062
1083
0842
0841
0821
0821
0821
0821
0821
0821
0821
0821
0821
0821
0821
0821
0821
0821
0021
0021
0021
0021
0021
0021
0021
0021
0021
0021
0021
0021
0021
0021
0021
0021
0021
0021
0021
0021
0021
0021
0021
0021
0021
0021
0021
0021
0021
0021
0021
0021
0021
0021
0021
0021
0021
0021
0021
0021
0021
0021
0021
0021
0021
0021
0021
0021
0021
0021
0021
0021
0021
0021
0021
0021
0021
0021
0021
0021
0021
0021
0021
0021
0021
0021
0021
0021
0021
0021
0021
0021
0021
0021
0821
0821
0821
0821
0821
0821
0821
0821
0821
0821
0821
0821
0821
0821
0821
0821
0821
0821
0821
0821
0821
0821
0821
0821
0821
0821
0821
0821
0821
0821
0821
0821
0821
0821
0821
0821
0821
0821
0821
0821
0821
0821
0821
0821
0821
0821
0821
0821
0821
0821
0821
0821
0841
0841
0841
0841
0841
0841
0841
0841
0841
0841
0841
0841
0841
0841
0841
0841
0841
0842
0842
0842
0842
0842
0842
0842
0842
1063
214a
3a52
3233
196f
110d
110e
110e
112e
112e
112e
112f
112f
112f
112f
1130
1150
1150
1150
1971
3256
42b6
214a
0842
0842
0842
0842
0842
0842
0842
0842
0842
0842
0842
0842
0842
0842
0842
0841
0841
0841
0841
0841
0841
0841
0841
0841
0841
0841
0841
0841
0841
0841
0841
0821
0821
0821
0821
0821
0821
0821
0821
0821
0821
0821
0821
0821
0841
18a5
20e7
1884
0862
0821
0821
0821
0821
0821
0821
0821
0821
0821
0821
0821
0821
0821
0821
0841
0841
0842
0841
0821
0821
0821
0821
0821
0821
0821
0821
0821
0821
0821
0821
0821
0821
0021
0021
0021
0021
0021
0021
0021
0021
0021
0021
0021
0021
0021
0021
0021
0021
0021
0021
0021
0021
0021
0021
0021
0021
0021
0021
0021
0021
0021
0021
0021
0021
0021
0021
0021
0021
0021
0021
0021
0021
0021
0021
0021
0021
0021
0021
0021
0021
0021
0021
0021
0021
0021
0021
0021
0021
0021
0021
0021
0021
0021
0021
0021
0021
0021
0021
0021
0021
0021
0021
0021
0021
0021
0021
0021
0821
0821
0821
0821
0821
0821
0821
0821
0821
0821
0821
0821
0821
0821
0821
0821
0821
0821
0821
0821
0821
0821
0821
0821
0821
0821
0821
0821
0821
0821
0821
0821
0821
0821
0821
0821
0821
0821
0821
0821
0821
0821
0821
0821
0821
0821
0821
0821
0821
0821
0821
0821
0821
0841
0841
0841
0841
0841
0841
0841
0841
0841
0842
0842
0841
0841
0841
0841
0841
0841
0841
0841
0842
0842
0842
0842
0842
0842
1084
29ac
3a73
29f2
194e
110d
110e
110e
112e
112e
112f
112f
112f
112f
112f
1150
1150
1150
21b2
3a97
3232
10a5
0842
0842
0842
0842
0842
0842
0842
0842
0842
0842
0842
0842
0841
0841
0841
0841
0841
0841
0841
0841
0841
0841
0841
0841
0841
0841
0841
0841
0841
0841
0821
0821
0821
0821
0821
0821
0821
0821
0821
0821
0821
0821
0821
0821
1083
41ac
41ac
5aad
634d
2946
0821
0821
0821
0821
0821
0821
0821
0821
0821
0821
0821
0821
0841
0821
0821
0821
0821
0821
0821
0821
0821
0821
0821
0821
0821
0821
0821
0821
0821
0821
0821
0021
0021
0021
0021
0021
0021
0021
0021
0021
0021
0021
0021
0021
0021
0021
0021
0021
0021
0021
0021
0021
0021
0021
0021
0021
0021
0021
0021
0021
0021
0021
0021
0021
0021
0021
0021
0021
0021
0021
0021
0021
0021
0021
0021
0021
0021
0021
0021
0021
0021
0021
0021
0021
0021
0021
0021
0021
0021
0021
0021
0021
0021
0021
0021
0021
0021
0021
0021
0021
0021
0021
0021
0021
0021
0021
0821
0821
0821
0821
0821
0821
0821
0821
0821
0821
0821
0821
0821
0821
0821
0821
0821
0821
0821
0821
0821
0821
0821
0821
0821
0821
0821
0821
0821
0821
0821
0821
0821
0821
0821
0821
0821
0821
0821
0821
0821
0821
0821
0821
0821
0821
0821
0821
0821
0821
0821
0821
0821
0821
0821
0841
0841
0841
0841
0841
0841
18a4
520d
49cc
1063
0841
0841
0841
0841
0841
0841
0841
0841
0841
0842
0842
0842
0842
0842
18c6
31ef
3a73
21b1
112e
110e
110e
112e
112e
112e
112f
112f
112f
112f
1130
1150
1950
2a14
42b7
298c
0863
0842
0842
0842
0842
0842
0842
0842
0842
0842
0841
0841
0841
0841
0841
0841
0841
0841
0841
0841
0841
0841
0841
0841
0841
0841
0841
0841
0841
0841
0821
0821
0821
0821
0821
0821
0821
0821
0821
0821
0821
0821
0821
0821
0821
20e7
41ac
41ac
62ee
634d
39c8
0821
0821
0821
0821
0821
0821
0821
0821
0821
0821
20e5
524b
524b
1083
0821
0821
0821
0821
0821
0821
0821
0821
0821
0821
0821
0821
0821
0821
0821
0821
0021
0021
0021
0021
0021
0021
0021
0021
0021
0021
0021
0021
0021
0021
0021
0021
0021
0021
0021
0021
0021
0021
0021
0021
0021
0021
0021
0021
0021
0021
0021
0021
0021
0021
0021
0021
0021
0021
0021
0021
0021
0021
0021
0021
0021
0021
0021
0021
0021
0021
0021
0021
0021
0021
0021
0021
0021
0021
0021
0021
0021
0021
0021
0021
0021
0021
0021
0021
0021
0021
0021
0021
0021
0021
0021
0021
0821
0821
0821
0821
0821
0821
0821
0821
0821
0821
0821
0821
0821
0821
0821
0821
0821
0821
0821
0821
0821
0821
0821
0821
0821
0821
0821
0821
0821
0821
0821
0821
0821
0821
0821
0821
0821
0821
0821
0821
0821
0821
0821
0821
0821
0821
0821
0821
0821
0821
0821
0821
0821
0821
0821
0821
0841
0841
0841
0841
0841
3127
5a2e
5a2e
1884
0841
0841
0841
0841
0841
0841
0841
0841
0841
0841
0841
0841
0842
0842
0862
2128
3a31
3253
2190
112e
110e
110e
112e
112e
112f
112f
112f
112f
112f
1150
1971
3276
3a74
18e7
0842
0842
0842
0842
0842
0842
0842
0841
0841
0841
0841
0841
0841
0841
0841
0841
0841
0841
0841
0841
0841
0841
0841
0841
0841
0841
0841
0841
0821
0821
0821
0821
0821
0821
0821
0821
0821
0821
0821
0821
0821
0821
0821
0821
0821
0842
396a
41ac
41ab
2925
0862
0821
0821
0821
0821
0821
0821
0821
0821
0821
0821
49ea
62ad
62ad
41c9
0821
0821
0821
0821
0821
0821
0821
0821
0821
0821
0821
0821
0821
0821
0821
0821
0021
0021
0021
0021
0021
0021
0021
0021
0021
0021
0021
0021
0021
0021
0021
0021
0021
0021
0021
0021
0021
0021
0021
0021
0021
0021
0021
0021
0021
0021
0021
0021
0021
0021
0021
0021
0021
0021
0021
0021
0021
0021
0021
0021
0021
0021
0021
0021
0021
0021
0021
0021
0021
0021
0021
0021
0021
0021
0021
0021
0021
0021
0021
0021
0021
0021
0021
0021
0021
0021
0021
0021
0021
0021
0021
0021
0821
0821
0821
0821
0821
0821
0821
0821
0821
0821
0821
0821
0821
0821
0821
0821
0821
0821
0821
0821
0821
0821
0821
0821
0821
0821
0821
0821
0821
0821
0821
0821
0821
0821
0821
0821
0821
0821
0821
0821
0821
0821
0821
0821
0821
0821
0821
0821
0821
0821
0821
0821
0821
0821
0821
0821
0821
0841
0841
0841
0841
0842
3969
3128
0842
0841
0841
0841
0841
0841
0841
0841
0841
0841
0841
0841
0841
0841
0841
0841
1083
296b
3a72
3213
196f
110e
110e
112e
112e
112e
112f
112f
112f
112f
1150
21d3
3ab7
31ef
1084
0842
0842
0842
0841
0842
0841
0841
0841
0841
0841
0841
0841
0841
0841
0841
0841
0841
0841
0841
0841
0841
0841
0841
0841
0841
0841
0841
0821
0821
0821
0821
0821
0821
0821
0821
0821
0821
0821
0821
0821
0821
0821
0821
0821
0821
0821
1062
1063
0841
0821
0821
0821
0821
0821
0821
0821
0821
0821
0821
0821
0821
3987
62ad
62ad
2926
0821
0821
0821
0821
0821
0821
0821
0821
0821
0821
0821
0821
0821
0821
0821
0821
0021
0021
0021
0021
0021
0021
0021
0021
0021
0021
0021
0021
0021
0021
0021
0021
0021
0021
0021
0021
0021
0021
0021
0021
0021
0021
0021
0021
0021
0021
0021
0021
0021
0021
0021
0021
0021
0021
0021
0021
0021
0021
0021
0021
0021
0021
0021
0021
0021
0021
0021
0021
0021
0021
0021
0021
0021
0021
0021
0021
0021
0021
0021
0021
0021
0021
0021
0021
0021
0021
0021
0021
0021
0021
0021
0021
0821
0821
0821
0821
0821
0821
0821
0821
0821
0821
0821
0821
0821
0821
0821
0821
0821
0821
0821
0821
0821
0821
0821
0821
0821
0821
0821
0821
0821
0821
0821
0821
0821
0821
0821
0821
0821
0821
0821
0821
0821
0821
0821
0821
0821
0821
0821
0821
0821
0821
0821
0821
0821
0821
0821
0821
0821
0821
0821
0841
0841
0841
0841
0841
0841
0841
0841
0841
0841
0841
0841
0841
0841
0841
0841
0841
0841
0841
0841
0841
0842
10a5
31cd
3a73
29f2
194e
110e
110e
112e
112e
112e
112f
112f
112f
1950
2a35
3a95
214a
0842
0841
0841
31a7
6b4d
736e
18c4
0841
0841
0841
0841
0841
0841
0841
0841
0841
0841
0841
0841
0841
0841
0841
0841
0841
0841
0841
0821
0821
0821
0821
0821
0821
0821
0821
0821
0821
0821
0821
0821
0821
0821
0821
0821
0821
0821
0821
0821
0821
0821
0821
0821
0821
0821
0821
0821
0821
0821
0821
0821
0821
0821
0821
0841
2926
20e5
0842
0821
0821
0821
0821
0821
0821
0821
0821
0821
0821
0821
0821
0821
0821
0821
0021
0021
0021
0021
0021
0021
0021
0021
0021
0021
0021
0021
0021
0021
0021
0021
0021
0021
0021
0021
0021
0021
0021
0021
0021
0021
0021
0021
0021
0021
0021
0021
0021
0021
0021
0021
0021
0021
0021
0021
0021
0021
0021
0021
0021
0021
0021
0021
0021
0021
0021
0021
0021
0021
0021
0021
0021
0021
0021
0021
0021
0021
0021
0021
0021
0021
0021
0021
0021
0021
0021
0021
0021
0021
0021
0021
0021
0821
0821
0821
0821
0821
0821
0821
0821
0821
0821
0821
0821
0821
0821
0821
0821
0821
0821
0821
0821
0821
0821
0821
0821
0821
0821
0821
0821
0821
0821
0821
0821
0821
0821
0821
0821
0821
0821
0821
0821
0821
0821
0821
0821
0821
0821
0821
0821
0821
0821
0821
0821
0821
0821
0821
0821
0821
0821
0821
0821
0841
0841
0841
0841
0841
0841
0841
0841
0841
0841
0841
0841
0841
0841
0841
0841
0841
0841
0841
0841
0841
0842
18e7
3210
3a54
21b1
112e
110e
112e
112e
112e
112f
112f
112f
29f2
42b7
3a31
10a5
0841
0841
0842
6b4d
7bef
7bef
632c
0842
0841
0841
0841
0841
0841
0841
0841
0841
0841
0841
0841
0841
0841
0841
0841
0841
0841
0821
0821
0821
0821
0821
0821
0821
0821
0821
0821
0821
0821
0821
0821
0821
0821
0821
0821
0821
0821
0821
0821
0821
0821
0821
0821
0821
0821
0821
0821
0821
0821
0821
0821
0821
0821
0821
0821
0821
0821
0821
0821
0821
0821
0821
0821
0821
0821
0821
0821
0821
0821
0821
0821
0821
0821
0021
0021
0021
0021
0021
0021
0021
0021
0021
0021
0021
0021
0021
0021
0021
0021
0021
0021
0021
0021
0021
0021
0021
0021
0021
0021
0021
0021
0021
0021
0021
0021
0021
0021
0021
0021
0021
0021
0021
0021
0021
0021
0021
0021
0021
0021
0021
0021
0021
0021
0021
0021
0021
0021
0021
0021
0021
0021
0021
0021
0021
0021
0021
0021
0021
0021
0021
0021
0021
0021
0021
0021
0021
0021
0021
0021
0021
0821
0821
0821
0821
0821
0821
0821
0821
0821
0821
0821
0821
0821
0821
0821
0821
0821
0821
0821
0821
0821
0821
0821
0821
0821
0821
0821
0821
0821
0821
0821
0821
0821
0821
0821
0821
0821
0821
0821
0821
0821
0821
0821
0821
0821
0821
0821
0821
0821
0821
0821
0821
0821
0821
0821
0821
0821
0821
0821
0821
0821
0821
0841
0841
0841
0841
0841
0841
0841
0841
0841
0841
0841
0841
0841
0841
0841
0841
0841
0841
0841
0841
0863
2149
3a52
3233
1990
112e
112e
112e
112e
112e
112f
1970
42b6
5b79
29cd
0863
0841
0841
1062
6b6d
7bef
7bef
528a
0841
0841
0841
0841
0841
0841
0841
0841
0841
0841
0841
0841
0841
0841
0841
0841
0821
0821
0821
0821
0821
0821
0821
0821
0821
0821
0821
0821
0821
0821
0821
0821
0821
0821
0821
0821
0821
0821
0821
0821
0821
0821
0821
0821
0821
0821
0821
0821
0821
0821
0821
0821
0821
0821
0821
0821
0821
0821
0821
0821
0821
0821
0821
0821
0821
0821
0821
0821
0821
0821
0821
0821
0821
0821
0021
0021
0021
0021
0021
0021
0021
0021
0021
0021
0021
0021
0021
0021
0021
0021
0021
0021
0021
0021
0021
0021
0021
0021
0021
0021
0021
0021
0021
0021
0021
0021
0021
0021
0021
0021
0021
0021
0021
0021
0021
0021
0021
0021
0021
0021
0021
0021
0021
0021
0021
0021
0021
0021
0021
0021
0021
0021
0021
0021
0021
0021
0021
0021
0021
0021
0021
0021
0021
0021
0021
0021
0021
0021
0021
0021
0021
0821
0821
0821
0821
0821
0821
0821
0821
0821
0821
0821
0821
0821
0821
0821
0821
0821
0821
0821
0821
0821
0821
0821
0821
0821
0821
0821
0821
0821
0821
0821
0821
0821
0821
0821
0821
0821
0821
0821
0821
0821
0821
0821
0821
0821
0821
0821
0821
0821
0821
0821
0821
0821
0821
0821
0821
0821
0821
0821
0821
0821
0821
0821
0821
0841
0841
0841
0841
0841
0841
0841
0841
0841
0841
0841
0841
0841
0841
0841
0841
0841
0841
0841
1084
29ac
3a73
2a13
194f
112e
112e
112e
112e
112f
1970
3a96
4af5
1908
0842
0841
0841
0841
20e4
6b2d
52ab
2104
0841
0841
0841
0841
0841
0841
0841
0841
0841
0841
0841
0841
0841
0841
0821
0821
0821
0821
0821
0821
0821
0821
0821
0821
0821
0821
0821
0821
0821
0821
0821
0821
0821
0821
0821
0821
0821
0821
0821
0821
0821
0821
0821
0821
0821
0821
0821
0821
0821
0821
0821
0821
0821
0821
0821
0821
0821
0821
0821
0821
0821
0821
0821
0821
0821
0821
0821
0821
0821
0821
0821
0821
0821
0821
0021
0021
0021
0021
0021
0021
0021
0021
0021
0021
0021
0021
0021
0021
0021
0021
0021
0021
0021
0021
0021
0021
0021
0021
0021
0021
0021
0021
0021
0021
0021
0021
0021
0021
0021
0021
0021
0021
0021
0021
0021
0021
0021
0021
0021
0021
0021
0021
0021
0021
0021
0021
0021
0021
0021
0021
0021
0021
0021
0021
0021
0021
0021
0021
0021
0021
0021
0021
0021
0021
0021
0021
0021
0021
0021
0021
0021
0821
0821
0821
0821
0821
0821
0821
0821
0821
0821
0821
0821
0821
0821
0821
0821
0821
0821
0821
0821
0821
0821
0821
0821
0821
0821
0821
0821
0821
0821
0821
0821
0821
0821
0821
0821
0821
0821
0821
0821
0821
0821
0821
0821
0821
0821
0821
0821
0821
0821
0821
0821
0821
0821
0821
0821
0821
0821
0821
0821
0821
0821
0821
0821
0821
0821
0841
0841
0841
0841
0841
0841
0841
0841
0841
0841
0841
0841
0841
0841
0841
0841
0841
0842
18c6
31ef
3a74
29d2
194f
112e
112e
112e
112f
21b1
3a96
31ef
1084
0841
0841
0841
0841
0841
0841
0841
0841
0841
0841
0841
0841
0841
0841
0841
0841
0841
0841
0841
0841
0841
0821
0821
0821
0821
0821
0821
0821
0821
0821
0821
0821
0821
0821
0821
0821
0821
0821
0821
0821
0821
0821
0821
0821
0821
0821
0821
0821
0821
0821
0821
0821
0821
0821
0821
0821
0821
0821
0821
0821
0821
0821
0821
0821
0821
0821
0821
0821
0821
0821
0821
0821
0821
0821
0821
0821
0821
0821
0821
0821
0821
0021
0021
0021
0021
0021
0021
0021
0021
0021
0021
0021
0021
0021
0021
0021
0021
0021
0021
0021
0021
0021
0021
0021
0021
0021
0021
0021
0021
0021
0021
0021
0021
0021
0021
0021
0021
0021
0021
0021
0021
0021
0021
0021
0021
0021
0021
0021
0021
0021
0021
0021
0021
0021
0021
0021
0021
0021
0021
0021
0021
0021
0021
0021
0021
0021
0021
0021
0021
0021
0021
0021
0021
0021
0021
0021
0021
0021
0021
0821
0821
0821
0821
0821
0821
0821
0821
0821
0821
0821
0821
0821
0821
0821
0821
0821
0821
0821
0821
0821
0821
0821
0821
0821
0821
0821
0821
0821
0821
0821
0821
0821
0821
0821
0821
0821
0821
0821
0821
0821
0821
0821
0821
0821
0821
0821
0821
0821
0821
0821
0821
0821
0821
0821
0821
0821
0821
0821
0821
0821
0821
0821
0821
0821
0821
0821
0821
0841
0841
0841
0841
0841
0841
0841
0841
0841
0841
0841
0841
0841
0841
0841
0841
0842
2128
3a51
3a54
21b1
112e
112e
112e
194f
2a13
3a95
214a
0842
0841
0841
0841
0841
0841
0841
0841
0841
0841
0841
0841
0841
0841
0841
0841
0841
0841
0841
0841
0821
0821
0821
0821
0821
0821
0821
0821
0821
0821
0821
0821
0821
0821
0821
0821
0821
0821
0821
0821
0821
0821
0821
0821
0821
0821
0821
0821
0821
0821
0821
0821
0821
0821
0821
0821
0821
0821
0821
0821
0821
0821
0821
0821
0821
0821
0821
0821
0821
0821
0821
0821
0821
0821
0821
0821
0821
0821
0821
0821
0821
0821
0021
0021
0021
0021
0021
0021
0021
0021
0021
0021
0021
0021
0021
0021
0021
0021
0021
0021
0021
0021
0021
0021
0021
0021
0021
0021
0021
0021
0021
0021
0021
0021
0021
0021
0021
0021
0021
0021
0021
0021
0021
0021
0021
0021
0021
0021
0021
0021
0021
0021
0021
0021
0021
0021
0021
0021
0021
0021
0021
0021
0021
0021
0021
0021
0021
0021
0021
0021
0021
0021
0021
0021
0021
0021
0021
0021
0021
0021
0821
0821
0821
0821
0821
0821
0821
0821
0821
0821
0821
0821
0821
0821
0821
0821
0821
0821
0821
0821
0821
0821
0821
0821
0821
0821
0821
0821
0821
0821
0821
0821
0821
0821
0821
0821
0821
0821
0821
0821
0821
0821
0821
0821
0821
0821
0821
0821
0821
0821
0821
0821
0821
0821
0821
0821
0821
0821
0821
0821
0821
0821
0821
0821
0821
0821
0821
0821
0821
0821
0841
0841
0841
0841
0841
0841
0841
0841
0841
0841
0841
0841
0841
0841
0841
1063
296b
3a73
3234
1970
112e
112e
1970
3275
3a31
10c5
0841
0841
0841
0841
0841
0841
0841
0841
0841
0841
0841
0841
0841
0841
0841
0841
0841
0841
0821
0821
0821
0821
0821
0821
0821
0821
0821
0821
0821
0821
0821
0821
0821
0821
0821
0821
0821
0821
0821
0821
0821
0821
0821
0821
0821
0821
0821
0821
0821
0821
0821
0821
0821
0821
0821
0821
0821
0821
0821
0821
0821
0821
0821
0821
0821
0821
0821
0821
0821
0821
0821
0821
0821
0821
0821
0821
0821
0821
0821
0821
0821
0821
0021
0021
0021
0021
0021
0021
0021
0021
0021
0021
0021
0021
0021
0021
0021
0021
0021
0021
0021
0021
0021
0021
0021
0021
0021
0021
0021
0021
0021
0021
0021
0021
0021
0021
0021
0021
0021
0021
0021
0021
0021
0021
0021
0021
0021
0021
0021
0021
0021
0021
0021
0021
0021
0021
0021
0021
0021
0021
0021
0021
0021
0021
0021
0021
0021
0021
0021
0021
0021
0021
0021
0021
0021
0021
0021
0021
0021
0021
0021
0821
0821
0821
0821
0821
0821
0821
0821
0821
0821
0821
0821
0821
0821
0821
0821
0821
0821
0821
0821
0821
0821
0821
0821
0821
0821
0821
0821
0821
0821
0821
0821
0821
0821
0821
0821
0821
0821
0821
0821
0821
0821
0821
0821
1083
18a4
0821
0821
0821
0821
0821
0821
0821
0821
0821
0821
0821
0821
0821
0821
0821
0821
0821
0821
0821
0821
0821
0821
0821
0821
0821
0821
0841
0841
0841
0841
0841
0841
0841
0841
0841
0841
0841
0841
0841
10a5
31ce
3a94
29f3
194f
112f
21d2
3a95
29ac
0863
0841
0841
0841
0841
0841
0841
0841
0841
0841
0841
0841
0841
0841
0841
0841
0821
0821
0821
0821
0821
0821
0821
0821
0821
0821
0821
0821
0821
0821
0821
0821
0821
0821
0821
0821
0821
0821
0821
0821
0821
0821
0821
0821
0821
0821
0821
0821
0821
0821
0821
0821
0821
0821
0821
0821
0821
0821
0821
0821
0821
0821
0821
0821
0821
0821
0821
0821
0821
0821
0821
0821
0821
0821
0821
0821
0821
0821
0821
0821
0821
0821
0821
0821
0021
0021
0021
0021
0021
0021
0021
0021
0021
0021
0021
0021
0021
0021
0021
0021
0021
0021
0021
0021
0021
0021
0021
0021
0021
0021
0021
0021
0021
0021
0021
0021
0021
0021
0021
0021
0021
0021
0021
0021
0021
0021
0021
0021
0021
0021
0021
0021
0021
0021
0021
0021
0021
0021
0021
0021
0021
0021
0021
0021
0021
0021
0021
0021
0021
0021
0021
0021
0021
0021
0021
0021
0021
0021
0021
0021
0021
0021
0821
0821
0821
0821
0821
0821
0821
0821
0821
0821
0821
0821
0821
0821
0821
0821
0821
0821
0821
0821
0821
0821
0821
0821
0821
0821
0821
0821
0821
0821
0821
0821
0821
0821
0821
0821
0821
0821
0821
0821
0821
0821
0821
18a5
41ac
41ac
20c5
0821
0821
0821
0821
0821
0821
0821
0821
0821
0821
0821
0821
0821
0821
0821
0821
0821
0821
0821
0821
0821
0821
0821
0821
0821
0821
0821
0821
0841
0841
0841
0841
0841
0841
0841
0841
0841
0841
0842
18e7
3230
3a75
21d2
1970
3234
3a73
1908
0841
0841
0841
0841
0841
0841
0841
0841
0841
0841
0841
0841
0841
0821
0821
0821
0821
0821
0821
0821
0821
0821
0821
0821
0821
0821
0821
0821
0821
0821
0821
0821
0821
0821
0821
0821
0821
0821
0821
0821
0821
0821
0821
0821
0821
0821
0821
0821
0821
0821
0821
0821
0821
0821
0821
0821
0821
0821
0821
20e4
20e4
0821
0821
0821
0821
0821
0821
0821
0821
0821
0821
0821
0821
0821
0821
0821
0821
0821
0821
0821
0821
0821
0821
0821
0021
0021
0021
0021
0021
0021
0021
0021
0021
0021
0021
0021
0021
0021
0021
0021
0021
0021
0021
0021
0021
0021
0021
0021
0021
0021
0021
0021
0021
0021
0021
0021
0021
0021
0021
0021
0021
0021
0021
0021
0021
0021
0021
0021
0021
0021
0021
0021
0021
0021
0021
0021
0021
0021
0021
0021
0021
0021
0021
0021
0021
0021
0021
0021
0021
0021
0021
0021
0021
0021
0021
0021
0021
0021
0021
0021
0021
0021
0821
0821
0821
0821
0821
0821
0821
0821
0821
0821
0821
0821
0821
0821
0821
0821
0821
0821
0821
0821
0821
0821
0821
0821
0821
0821
0821
0821
0821
0821
0821
0821
0821
0821
0821
0821
0821
0821
0821
0821
0821
0821
0821
20e6
41ac
41ac
20e6
0821
0821
0821
0821
0821
0821
0821
0821
0821
0821
0821
0821
0821
0821
0821
0821
0821
0821
0821
0821
0821
0821
0821
0821
0821
0821
0821
0821
0821
0821
0821
0841
0841
0841
0841
0841
0841
0841
0841
0862
18e6
216b
192b
10e9
214b
2129
1063
0841
0841
0841
0841
0841
0841
0841
0841
0841
0841
0821
0821
0821
0821
0821
0821
0821
0821
0821
0821
0821
0821
0821
0821
0821
0821
0821
0821
0821
0821
0821
0821
0821
0821
0821
0821
0821
0821
0821
0821
0821
0821
0821
0821
0821
0821
0821
0821
0821
0821
0821
0821
0821
0821
0821
0821
0821
0821
18c4
7b71
7b70
18a3
0821
0821
0821
0821
0821
0821
0821
0821
0821
0821
0821
0821
0821
0821
0821
0821
0821
0821
0821
0821
0821
0821
0021
0021
0021
0021
0021
0021
0021
0021
0021
0021
0021
0021
0021
0021
0021
0021
0021
0021
0021
0021
0021
0021
0021
0021
0021
0021
0021
0021
0021
0021
0021
0021
0021
0021
0021
0021
0021
0021
0021
0021
0021
0021
0021
0021
0021
0021
0021
0021
0021
0021
0021
0021
0021
0021
0021
0021
0021
0021
0021
0021
0021
0021
0021
0021
0021
0021
0021
0021
0021
0021
0021
0021
0021
0021
0021
0021
0021
0021
0821
0821
0821
0821
0821
0821
0821
0821
0821
0821
0821
0821
0821
0821
0821
0821
0821
0821
0821
0821
0821
0821
0821
0821
0821
0821
0821
0821
0821
0821
0821
0821
0821
0821
0821
0821
0821
0821
0821
0821
0821
0821
0821
0842
2908
2908
1062
0821
0821
0821
0821
0821
0821
0821
0821
0821
0821
0821
0821
0821
0821
0821
0821
0821
0821
0821
0821
0821
0821
0821
0821
0821
0821
0821
0821
0821
0821
0821
0821
0821
0821
0821
0821
0841
0841
0841
0841
0841
0841
0841
0841
0841
0841
0841
0841
0841
0841
0841
0841
0821
0821
0821
0821
0821
0821
0821
0821
0821
0821
0821
0821
0821
0821
0821
0821
0821
0821
0821
0821
0821
0821
0821
0821
0821
0821
0821
0821
0821
0821
0821
0821
0821
0821
0821
0821
0821
0821
0821
0821
0821
0821
0821
0821
0821
0821
0821
0821
0821
0821
0821
0821
0821
1082
7b50
732f
1062
0821
0821
0821
0821
0821
0821
0821
0821
0821
0821
0821
0821
0821
0821
0821
0821
0821
0821
0821
0821
0821
0821
0021
0021
0021
0021
0021
0021
0021
0021
0021
0021
0021
0021
0021
0021
0021
0021
0021
0021
0021
0021
0021
0021
0021
0021
0021
0021
0021
0021
0021
0021
0021
0021
0021
0021
0021
0021
0021
0021
0021
0021
0021
0021
0021
0021
0021
0021
0021
0021
0021
0021
0021
0021
0021
0021
0021
0021
0021
0021
0021
0021
0021
0021
0021
0021
0021
0021
0021
0021
0021
0021
0021
0021
0021
0021
0021
0021
0021
0021
0021
0821
0821
0821
0821
0821
0821
0821
0821
0821
0821
0821
0821
0821
0821
0821
0821
0821
0821
0821
0821
0821
0821
0821
0821
0821
0821
0821
0821
0821
0821
0821
0821
0821
0821
0821
0821
0821
0821
0821
0821
0821
0821
0821
0821
0821
0821
0821
0821
0821
0821
0821
0821
0821
0821
0821
0821
0821
0821
0821
0821
0821
0821
0821
0821
0821
0821
0821
0821
0821
0821
0821
0821
0821
0821
0821
0821
0821
0821
0821
0821
0821
0821
0821
0821
0821
0821
0821
0821
0821
0821
0821
0821
0821
0821
0821
0821
0821
0821
0821
0821
0821
0821
0821
0821
0821
0821
0821
0821
0821
0821
0821
0821
0821
0821
0821
0821
0821
0821
0821
0821
0821
0821
0821
0821
0821
0821
0821
0821
0821
0821
0821
0821
0821
0821
0821
0821
0821
0821
0821
0821
0821
0821
0821
0821
0821
0821
0821
0821
0821
0821
0821
0821
0862
1062
0821
0821
0821
0821
0821
0821
0821
0821
0821
0821
0821
0821
0821
0821
0821
0821
0821
0821
0821
0821
0821
0821
0821
0821
0021
0021
0021
0021
0021
0021
0021
0021
0021
0021
0021
0021
0021
0021
0021
0021
0021
0021
0021
0021
0021
0021
0021
0021
0021
0021
0021
0021
0021
0021
0021
0021
0021
0021
0021
0021
0021
0021
0021
0021
0021
0021
0021
0021
0021
0021
0021
0021
0021
0021
0021
0021
0021
0021
0021
0021
0021
0021
0021
0021
0021
0021
0021
0021
0021
0021
0021
0021
0021
0021
0021
0021
0021
0021
0021
0021
0021
0021
0821
0821
0821
0821
0821
0821
0821
0821
0821
0821
0821
0821
0821
0821
0821
0821
0821
0821
0821
0821
0821
0821
0821
0821
0821
0821
0821
0821
0821
0821
0821
0821
0821
0821
0821
0821
0821
0821
0821
0821
0821
0821
0821
0821
0821
0821
0821
0821
0821
0821
0821
0821
0821
0821
0821
0821
0821
0821
0821
0821
0821
0821
0821
0821
0821
0821
0821
0821
0821
0821
0821
0821
0821
0821
0821
0821
0821
0821
0821
0821
0821
0821
0821
0821
0821
0821
0821
0821
0821
0821
0821
0821
0821
0821
0821
0821
0821
0821
0821
0821
0821
0821
0821
0821
0821
0821
0821
0821
0821
0821
0821
0821
0821
0821
0821
0821
0821
0821
0821
0821
0821
0821
0821
0821
0821
0821
0821
0821
0821
0821
0821
0821
0821
0821
0821
0821
0821
0821
0821
0821
0821
0821
0821
0821
0821
0821
0821
0821
0821
0821
0821
0821
0821
0821
0821
0821
0821
0821
0821
0821
0821
0821
0821
0821
0821
0821
0821
0821
0821
0821
0821
0821
0821
0821
0821
0821
0821
0821
0021
0021
0021
0021
0021
0021
0021
0021
0021
0021
0021
0021
0021
0021
0021
0021
0021
0021
0021
0021
0021
0021
0021
0021
0021
0021
0021
0021
0021
0021
0021
0021
0021
0021
0021
0021
0021
0021
0021
0021
0021
0021
0021
0021
0021
0021
0021
0021
0021
0021
0021
0021
0021
0021
0021
0021
0021
0021
0021
0021
0021
0021
0021
0021
0021
0021
0021
0021
0021
0021
0021
0021
0021
0021
0021
0021
0021
0021
0821
0821
0821
0821
0821
0821
0821
0821
0821
0821
0821
0821
0821
0821
0821
0821
0821
0821
0821
0821
0821
0821
0821
0821
0821
0821
0821
0821
0821
0821
0821
0821
0821
0821
0821
0821
0821
0821
0821
0821
0821
0821
0821
0821
0821
0821
0821
0821
0821
0821
0821
0821
0821
0821
0821
0821
0821
0821
0821
0821
0821
0821
0821
0821
0821
0821
0821
0821
0821
0821
0821
0821
0821
0821
0821
0821
0821
0821
0821
0821
0821
0821
0821
0821
0821
0821
0821
0821
0821
0821
0821
0821
0821
0821
0821
0821
0821
0821
0821
0821
0821
0821
0821
0821
0821
0821
0821
0821
0821
0821
0821
0821
0821
0821
0821
0821
0821
0821
0821
0821
0821
0821
0821
0821
0821
0821
0821
0821
0821
0821
0821
0821
0821
0821
0821
0821
0821
0821
0821
0821
0821
0821
0821
0821
0821
0821
0821
0821
0821
0821
0821
0821
0821
0821
0821
0821
0821
0821
0821
0821
0821
0821
0821
0821
0821
0821
0821
0821
0821
0821
0821
0821
0821
0821
0821
0821
0821
0821
0021
0021
0021
0021
0021
0021
0021
0021
0021
0021
0021
0021
0021
0021
0021
0021
0021
0021
0021
0021
0021
0021
0021
0021
0021
0021
0021
0021
0021
0021
0021
0021
0021
0021
0021
0021
0021
0021
0021
0021
0021
0021
0021
0021
0021
0021
0021
0021
0021
0021
0021
0021
0021
0021
0021
0021
0021
0021
0021
0021
0021
0021
0021
0021
0021
0021
0021
0021
0021
0021
0021
0021
0021
0021
0021
0021
0021
0021
0021
0821
0821
0821
0821
0821
0821
0821
0821
0821
0821
0821
0821
0821
0821
0821
0821
0821
0821
0821
0821
0821
0821
0821
0821
0821
0821
0821
0821
0821
0821
0821
0821
0821
0821
0821
0821
0821
0821
0821
0821
0821
0821
0821
0821
0821
0821
0821
0821
0821
0821
0821
0821
0821
0821
0821
0821
0821
0821
0821
0821
0821
0821
0821
0821
0821
0821
0821
0821
0821
0821
0821
0821
0821
0821
0821
0821
0821
0821
0821
0821
0821
0821
0821
0821
0821
0821
0821
0821
0821
0821
0821
0821
0821
0821
0821
0821
0821
0821
0821
0821
0821
0821
0821
0821
0821
0821
0821
0821
0821
0821
0821
0821
0821
0821
0821
0821
0821
0821
0821
0821
0821
0821
0821
0821
0821
0821
0821
0821
0821
0821
0821
0821
0821
0821
0821
0821
0821
0821
0821
0821
0821
0821
0821
0821
0821
0821
0821
0821
0821
0821
0821
0821
0821
0821
0821
0821
0821
0821
0821
0821
0821
0821
0821
0821
0821
0821
0821
0821
0821
0821
0821
0821
0821
0821
0821
0821
0821
0821
0021
0021
0021
0021
0021
0021
0021
0021
0021
0021
0021
0021
0021
0021
0021
0021
0021
0021
0021
0021
0021
0021
0021
0021
0021
0021
0021
0021
0021
0021
0021
0021
0021
0021
0021
0021
0021
0021
0021
0021
0021
0021
0021
0021
0021
0021
0021
0021
0021
0021
0021
0021
0021
0021
0021
0021
0021
0021
0021
0021
0021
0021
0021
0021
0021
0021
0021
0021
0021
0021
0021
0021
0021
0021
0021
0021
0021
0021
0821
0821
0821
0821
0821
0821
0821
0821
0821
0821
0821
0821
0821
0821
0821
0821
0821
0821
0821
0821
0821
0821
0821
0821
0821
0821
0821
0821
0821
0821
0821
0821
0821
0821
0821
0821
0821
0821
0821
0821
0821
0821
0821
0821
0821
0821
0821
0821
0821
0821
0821
0821
0821
0821
0821
0821
0821
0821
0821
0821
0821
0821
0821
0821
0821
0821
0821
0821
0821
0821
0821
0821
0821
0821
0821
0821
0821
0821
0821
0821
0821
0821
0821
0821
0821
0821
0821
0821
0821
0821
0821
0821
0821
0821
0821
0821
0821
0821
0821
0821
0821
0821
0821
0821
0821
0821
0821
0821
0821
0821
0821
0821
0821
0821
0821
0821
0821
0821
0821
0821
0821
0821
0821
0821
0821
0821
0821
0821
0821
0821
0821
0821
0821
0821
0821
0821
0821
0821
0821
0821
0821
0821
0821
0821
0821
0821
0821
0821
0821
0821
0821
0821
0821
0821
0821
0821
0821
0821
0821
0821
0821
0821
0821
0821
0821
0821
0821
0821
0821
0821
0821
0821
0821
0821
0821
0821
0821
0821
0021
0021
0021
0021
0021
0021
0021
0021
0021
0021
0021
0021
0021
0021
0021
0021
0021
0021
0021
0021
0021
0021
0021
0021
0021
0021
0021
0021
0021
0021
0021
0021
0021
0021
0021
0021
0021
0021
0021
0021
0021
0021
0021
0021
0021
0021
0021
0021
0021
0021
0021
0021
0021
0021
0021
0021
0021
0021
0021
0021
0021
0021
0021
0021
0021
0021
0021
0021
0021
0021
0021
0021
0021
0021
0021
0021
0021
0021
0821
0821
0821
0821
0821
0821
0821
0821
0821
0821
0821
0821
0821
0821
0821
0821
0821
0821
0821
0821
0821
0821
0821
0821
0821
0821
0821
0821
0821
0821
0821
0821
0821
0821
0821
0821
0821
0821
0821
0821
0821
0821
0821
0821
0821
0821
0821
0821
0821
0821
0821
0821
0821
0821
0821
0821
0821
0821
0821
0821
0821
0821
0821
0821
0821
0821
0821
0821
0821
0821
0821
0821
0821
0821
0821
0821
0821
0821
0821
0821
0821
0821
0821
0821
0821
0821
0821
0821
0821
0821
0821
0821
0821
0821
0821
0821
0821
0821
0821
0821
0821
0821
0821
0821
0821
0821
0821
0821
0821
0821
0821
0821
0821
0821
0821
0821
0821
0821
0821
0821
0821
0821
0821
0821
0821
0821
0821
0821
0821
0821
0821
0821
0821
0821
0821
0821
0821
0821
0821
0821
0821
0821
0821
0821
0821
0821
0821
0821
0821
0821
0821
0821
0821
0821
0821
0821
0821
0821
0821
0821
0821
0821
0821
0821
0821
0821
0821
0821
0821
0821
0821
0821
0821
0821
0821
0821
0821
0821
0021
0021
0021
0021
0021
0021
0021
0021
0021
0021
0021
0021
0021
0021
0021
0021
0021
0021
0021
0021
0021
0021
0021
0021
0021
0021
0021
0021
0021
0021
0021
0021
0021
0021
0021
0021
0021
0021
0021
0021
0021
0021
0021
0021
0021
0021
0021
0021
0021
0021
0021
0021
0021
0021
0021
0021
0021
0021
0021
0021
0021
0021
0021
0021
0021
0021
0021
0021
0021
0021
0021
0021
0021
0021
0021
0021
0021
0021
0021
0821
0821
0821
0821
0821
0821
0821
0821
0821
0821
0821
0821
0821
0821
0821
0821
0821
0821
0821
0821
0821
0821
0821
0821
0821
0821
0821
0821
0821
0821
0821
0821
0821
0821
0821
0821
0821
0821
0821
0821
0821
0821
0821
0821
0821
0821
0821
0821
0821
0821
0821
0821
0821
0821
0821
0821
0821
0821
0821
0821
0821
0821
0821
0821
0821
0821
0821
0821
0821
0821
0821
0821
0821
0821
0821
0821
0821
0821
0821
0821
0821
0821
0821
0821
0821
0821
0821
0821
0821
0821
0821
0821
0821
0821
0821
0821
0821
0821
0821
0821
0821
0821
0821
0821
0821
0821
0821
0821
0821
0821
0821
0821
0821
0821
0821
0821
0821
0821
0821
0821
0821
0821
0821
0821
0821
0821
0821
0821
0821
0821
0821
0821
0821
0821
0821
0821
0821
0821
0821
0821
0821
0821
0821
0821
0821
0821
0821
0821
0821
0821
0821
0821
0821
0821
0821
0821
0821
0821
0821
0821
0821
0821
0821
0821
0821
0821
0821
0821
0821
0821
0821
0821
0821
0821
0821
0821
0821
0821
0021
0021
0021
0021
0021
0021
0021
0021
0021
0021
0021
0021
0021
0021
0021
0021
0021
0021
0021
0021
0021
0021
0021
0021
0021
0021
0021
0021
0021
0021
0021
0021
0021
0021
0021
0021
0021
0021
0021
0021
0021
0021
0021
0021
0021
0021
0021
0021
0021
0021
0021
0021
0021
0021
0021
0021
0021
0021
0021
0021
0021
0021
0021
0021
0021
0021
0021
0021
0021
0021
0021
0021
0021
0021
0021
0021
0021
0021
0821
0821
0821
0821
0821
0821
0821
0821
0821
0821
0821
0821
0821
0821
0821
0821
0821
0821
0821
0821
0821
0821
0821
0821
0821
0821
0821
0821
0821
0821
0821
0821
0821
0821
0821
0821
0821
0821
0821
0821
0821
0821
0821
0821
0821
0821
0821
0821
0821
0821
0821
0821
0821
0821
0821
0821
0821
0821
0821
0821
0821
0821
0821
0821
0821
0821
0821
0821
0821
0821
0821
0821
0821
0821
0821
0821
0821
0821
0821
0821
0821
0821
0821
0821
0821
0821
0821
0821
0821
0821
0821
0821
0821
0821
0821
0821
0821
0821
0821
0821
0821
0821
0821
0821
0821
0821
0821
0821
0821
0821
0821
0821
0821
0821
0821
0821
0821
0821
0821
0821
0821
0821
0821
0821
0821
0821
0821
0821
0821
0821
0821
0821
0821
0821
0821
0821
0821
0821
0821
0821
0821
0821
0821
0821
0821
0821
0821
0821
0821
0821
0821
0821
0821
0821
0821
0821
0821
0821
0821
0821
0821
0821
0821
0821
0821
0821
0821
0821
0821
0821
0821
0821
0821
0821
0821
0821
0821
0821
0021
0021
0021
0021
0021
0021
0021
0021
0021
0021
0021
0021
0021
0021
0021
0021
0021
0021
0021
0021
0021
0021
0021
0021
0021
0021
0021
0021
0021
0021
0021
0021
0021
0021
0021
0021
0021
0021
0021
0021
0021
0021
0021
0021
0021
0021
0021
0021
0021
0021
0021
0021
0021
0021
0021
0021
0021
0021
0021
0021
0021
0021
0021
0021
0021
0021
0021
0021
0021
0021
0021
0021
0021
0021
0021
0021
0021
0021
0021
0821
0821
0821
0821
0821
0821
0821
0821
0821
0821
0821
0821
0821
0821
0821
0821
0821
0821
0821
0821
0821
0821
0821
0821
0821
0821
0821
0821
0821
0821
0821
0821
0821
0821
0821
0821
0821
0821
0821
0821
0821
0821
0821
0821
0821
0821
0821
0821
0821
0821
0821
0821
0821
0821
0821
0821
0821
0821
0821
0821
0821
0821
0821
0821
0821
0821
0821
0821
0821
0821
0821
0821
0821
0821
0821
0821
0821
0821
0821
0821
0821
0821
0821
0821
0821
0821
0821
0821
0841
0841
0841
0821
0821
0821
0821
0821
0821
0821
0821
0821
0821
0821
0821
0821
0821
0821
0821
0821
0821
0821
0821
0821
0821
0821
0821
0821
0821
0821
0821
0821
0821
0821
0821
0821
0821
0821
0821
0821
0821
0821
0821
0821
0821
0821
0821
0821
0821
0821
0821
0821
0821
0821
0821
0821
0821
0821
0821
0821
0821
0821
0821
0821
0821
0821
0821
0821
0821
0821
0821
0821
0821
0821
0821
0821
0821
0821
0821
0821
0821
0821
0821
0821
0821
0821
0821
0821
0821
0821
0021
0021
0021
0021
0021
0021
0021
0021
0021
0021
0021
0021
0021
0021
0021
0021
0021
0021
0021
0021
0021
0021
0021
0021
0021
0021
0021
0021
0021
0021
0021
0021
0021
0021
0021
0021
0021
0021
0021
0021
0021
0021
0021
0021
0021
0021
0021
0021
0021
0021
0021
0021
0021
0021
0021
0021
0021
0021
0021
0021
0021
0021
0021
0021
0021
0021
0021
0021
0021
0021
0021
0021
0021
0021
0021
0021
0021
0021
0821
0821
0821
0821
0821
0821
0821
0821
0821
0821
0821
0821
0821
0821
0821
0821
0821
0821
0821
0821
0821
0821
0821
0821
0821
0821
0821
0821
0821
0821
0821
0821
0821
0821
0821
0821
0821
0821
0821
0821
0821
0821
0821
0821
0821
0821
0821
0821
0821
0821
0821
0821
0821
0821
0821
0821
0821
0821
0821
0821
0821
0821
0821
0821
0821
0821
0821
0821
0821
0821
0821
0821
0821
0821
0821
0821
0821
0821
0821
0821
0821
0821
0821
0821
0821
0821
0821
0841
1062
41aa
2906
0841
0821
0821
0821
0821
0821
0821
0821
0821
0821
0821
0821
0821
0821
0821
0821
0821
0821
0821
0821
0821
0821
0821
0821
0821
0821
0821
0821
0821
0821
0821
0821
0821
0821
0821
0821
0821
0821
0821
0821
0821
0821
0821
0821
0821
0821
0821
0821
0821
0821
0821
0821
0821
0821
0821
0821
0821
0821
0821
0821
0821
0821
0821
0821
0821
0821
0821
0821
0821
0821
0821
0821
0821
0821
0821
0821
0821
0821
0821
0821
0821
0821
0821
0821
0821
0821
0821
0021
0021
0021
0021
0021
0021
0021
0021
0021
0021
0021
0021
0021
0021
0021
0021
0021
0021
0021
0021
0021
0021
0021
0021
0021
0021
0021
0021
0021
0021
0021
0021
0021
0021
0021
0021
0021
0021
0021
0021
0021
0021
0021
0021
0021
0021
0021
0021
0021
0021
0021
0021
0021
0021
0021
0021
0021
0021
0021
0021
0021
0021
0021
0021
0021
0021
0021
0021
0021
0021
0021
0021
0021
0021
0021
0021
0021
0021
0021
0821
0821
0821
0821
0821
0821
0821
0821
0821
0821
0821
0821
0821
0821
0821
0821
0821
0821
0821
0821
0821
0821
0821
0821
0821
0821
0821
0821
0821
0821
0821
0821
0821
0821
0821
0821
0821
0821
0821
0821
0821
0821
0821
0821
0821
0821
0821
0821
0821
0821
0821
0821
0821
0821
0821
0821
0821
0821
0821
0821
0821
0821
0821
0821
0821
0821
0821
0821
0821
0821
0821
0821
0821
0821
0821
0821
0821
0821
0821
0821
0821
0821
0821
0821
0821
0821
0841
20e5
6ad0
520c
0841
0841
0821
0821
0821
0821
0821
0821
0821
0821
0821
0821
0821
0821
0821
0821
0821
0821
0821
0821
0821
0821
0821
0821
0821
0821
0821
0821
0821
0821
0821
0821
0821
0821
0821
0821
0821
0821
0821
0821
0821
0821
0821
0821
0821
0821
0821
0821
0821
0821
0821
0821
0821
0821
0821
0821
0821
0821
0821
0821
0821
0821
0821
0821
0821
0821
0821
0821
0821
0821
0821
0821
0821
0821
0821
0821
0821
0821
0821
0821
0821
0821
0821
0821
0821
0821
0821
0821
0021
0021
0021
0021
0021
0021
0021
0021
0021
0021
0021
0021
0021
0021
0021
0021
0021
0021
0021
0021
0021
0021
0021
0021
0021
0021
0021
0021
0021
0021
0021
0021
0021
0021
0021
0021
0021
0021
0021
0021
0021
0021
0021
0021
0021
0021
0021
0021
0021
0021
0021
0021
0021
0021
0021
0021
0021
0021
0021
0021
0021
0021
0021
0021
0021
0021
0021
0021
0021
0021
0021
0021
0021
0021
0021
0021
0021
0021
0821
0821
0821
0821
0821
0821
0821
0821
0821
0821
0821
0821
0821
0821
0821
0821
0821
0821
0821
0821
0821
0821
0821
0821
0821
0821
0821
0821
0821
0821
0821
0821
0821
0821
0821
0821
0821
0821
0821
0821
0821
0821
0821
0821
0821
0821
0821
0821
0821
0821
0821
0821
0821
0821
0821
0821
0821
0821
0821
0821
0821
0821
0821
0821
0821
0821
0821
0821
0821
0821
0821
0821
0821
0821
0821
0821
0821
0821
0821
0821
0821
0821
0821
0821
0821
0821
0821
0842
2927
1883
0841
0821
0821
0821
0821
0821
0821
0821
0821
0821
0821
0821
0821
0821
0821
0821
0821
0821
0821
0821
0821
0821
0821
0821
0821
0821
0821
0821
0821
0821
0821
0821
0821
0821
0821
0821
0821
0821
0821
0821
0821
0821
0821
0821
0821
0821
0821
0821
0821
0821
0821
0821
0821
0821
0821
0821
0821
0821
0821
0821
0821
0821
0821
0821
0821
0821
0821
0821
0821
0821
0821
0821
0821
0821
0821
0821
0821
0821
0821
0821
0821
0821
0821
0821
0821
0821
0821
0821
0021
0021
0021
0021
0021
0021
0021
0021
0021
0021
0021
0021
0021
0021
0021
0021
0021
0021
0021
0021
0021
0021
0021
0021
0021
0021
0021
0021
0021
0021
0021
0021
0021
0021
0021
0021
0021
0021
0021
0021
0021
0021
0021
0021
0021
0021
0021
0021
0021
0021
0021
0021
0021
0021
0021
0021
0021
0021
0021
0021
0021
0021
0021
0021
0021
0021
0021
0021
0021
0021
0021
0021
0021
0021
0021
0021
0021
0021
0021
0821
0821
0821
0821
0821
0821
0821
0821
0821
0821
0821
0821
0821
0821
0821
0821
0821
0821
0821
0821
0821
0821
0821
0821
0821
0821
0821
0821
0821
0821
0821
0821
0821
0821
0821
0821
0821
0821
0821
0821
0821
0821
0821
0821
0821
0821
0821
0821
0821
0821
0821
0821
0821
0821
0821
0821
0821
0821
0821
0821
0821
0821
0821
0821
0821
0821
0821
0821
0821
0821
0821
0821
0821
0821
0821
0821
0821
0821
0821
0821
0821
0821
0821
0821
0821
0821
0841
0841
0841
0821
0821
0821
0821
0821
0821
0821
0821
0821
0821
0821
0821
0821
0821
0821
0821
0821
0821
0821
0821
0821
0821
0821
0821
0821
0821
0821
0821
0821
0821
0821
0821
0821
0821
0821
0821
0821
0821
0821
0821
0821
0821
0821
0821
0821
0821
0821
0821
0821
0821
0821
0821
0821
0821
0821
0821
0821
0821
0821
0821
0821
0821
0821
0821
0821
0821
0821
0821
0821
0821
0821
0821
0821
0821
0821
0821
0821
0821
0821
0821
0821
0821
0821
0821
0821
0821
0821
0821
0821
0021
0021
0021
0021
0021
0021
0021
0021
0021
0021
0021
0021
0021
0021
0021
0021
0021
0021
0021
0021
0021
0021
0021
0021
0021
0021
0021
0021
0021
0021
0021
0021
0021
0021
0021
0021
0021
0021
0021
0021
0021
0021
0021
0021
0021
0021
0021
0021
0021
0021
0021
0021
0021
0021
0021
0021
0021
0021
0021
0021
0021
0021
0021
0021
0021
0021
0021
0021
0021
0021
0021
0021
0021
0021
0021
0021
0021
0021
0821
0821
0821
0821
0821
0821
0821
0821
0821
0821
0821
0821
0821
0821
0821
0821
0821
0821
0821
0821
0821
0821
0821
0821
0821
0821
0821
0821
0821
0821
0821
0821
0821
0821
0821
0821
0821
0821
0821
0821
0821
0821
0821
0821
0821
0821
0821
0821
0821
0821
0821
0821
0821
0821
0821
0821
0821
0821
0821
0821
0821
0821
0821
0821
0821
0821
0821
0821
0821
0821
0821
0821
0821
0821
0821
0821
0821
0821
0821
0821
0821
0821
0821
0821
0821
0821
0821
0821
0821
0821
0821
0821
0821
0821
0821
0821
0821
0821
0821
0821
0821
0821
0821
0821
0821
0821
0821
0821
0821
0821
0821
0821
0821
0821
0821
0821
0821
0821
0821
0821
0821
0821
0821
0821
0821
0821
0821
0821
0821
0821
0821
0821
0821
0821
0821
0821
0821
0821
0821
0821
0821
0821
0821
0821
0821
0821
0821
0821
0821
0821
0821
0821
0821
0821
0821
0821
0821
0821
0821
0821
0821
0821
0821
0821
0821
0821
0821
0821
0821
0821
0821
0821
0821
0821
0821
0821
0821
0821
0021
0021
0021
0021
0021
0021
0021
0021
0021
0021
0021
0021
0021
0021
0021
0021
0021
0021
0021
0021
0021
0021
0021
0021
0021
0021
0021
0021
0021
0021
0021
0021
0021
0021
0021
0021
0021
0021
0021
0021
0021
0021
0021
0021
0021
0021
0021
0021
0021
0021
0021
0021
0021
0021
0021
0021
0021
0021
0021
0021
0021
0021
0021
0021
0021
0021
0021
0021
0021
0021
0021
0021
0021
0021
0021
0021
0021
0021
0021
0821
0821
0821
0821
0821
0821
0821
0821
0821
0821
0821
0821
0821
0821
0821
0821
0821
0821
0821
0821
0821
0821
0821
0821
0821
0821
0821
0821
0821
0821
0821
0821
0821
0821
0821
0821
0821
0821
0821
0821
0821
0821
0821
0821
0821
0821
0821
0821
0821
0821
0821
0821
0821
0821
0821
0821
0821
0821
0821
0821
0821
0821
0821
0821
0821
0821
0821
0821
0821
0821
0821
0821
0821
0821
0821
0821
0821
0821
0821
0821
0821
0821
0821
0821
0821
0821
0821
0821
0821
0821
0821
0821
0821
0821
0821
0821
0821
0821
0821
0821
0821
0821
0821
0821
0821
0821
0821
0821
0821
0821
0821
0821
0821
0821
0821
0821
0821
0821
0821
0821
0821
0821
0821
0821
0821
0821
0821
0821
0821
0821
0821
0821
0821
0821
0821
0821
0821
0821
0821
0821
0821
0821
0821
0821
0821
0821
0821
0821
0821
0821
0821
0821
0821
0821
0821
0821
0821
0821
0821
0821
0821
0821
0821
0821
0821
0821
0821
0821
0821
0821
0821
0821
0821
0821
0821
0821
0821
0821
0021
0021
0021
0021
0021
0021
0021
0021
0021
0021
0021
0021
0021
0021
0021
0021
0021
0021
0021
0021
0021
0021
0021
0021
0021
0021
0021
0021
0021
0021
0021
0021
0021
0021
0021
0021
0021
0021
0021
0021
0021
0021
0021
0021
0021
0021
0021
0021
0021
0021
0021
0021
0021
0021
0021
0021
0021
0021
0021
0021
0021
0021
0021
0021
0021
0021
0021
0021
0021
0021
0021
0021
0021
0021
0021
0021
0021
0021
0821
0821
0821
0821
0821
0821
0821
0821
0821
0821
0821
0821
0821
0821
0821
0821
0821
0821
0821
0821
0821
0821
0821
0821
0821
0821
0821
0821
0821
0821
0821
0821
0821
0821
0821
0821
0821
0821
0821
0821
0821
0821
0821
0821
0821
0821
0821
0821
0821
0821
0821
0821
0821
0821
0821
0821
0821
0821
0821
0821
0821
0821
0821
0821
0821
0821
0821
0821
0821
0821
0821
0821
0821
0821
0821
0821
0821
0821
0821
0821
0821
0821
0821
0821
0821
0821
0821
0821
0821
0821
0821
0821
0821
0821
0821
0821
0821
0821
0821
0821
0821
0821
0821
0821
0821
0821
0821
0821
0821
0821
0821
0821
0821
0821
0821
0821
0821
0821
0821
0821
0821
0821
0821
0821
0821
0821
0821
0821
0821
0821
0821
0821
0821
0821
0821
0821
0821
0821
0821
0821
0821
0821
0821
0821
0821
0821
0821
0821
0821
0821
0821
0821
0821
0821
0821
0821
0821
0821
0821
0821
0821
0821
0821
0821
0821
0821
0821
0821
0821
0821
0821
0821
0821
0821
0821
0821
0821
0821
0021
0021
0021
0021
0021
0021
0021
0021
0021
0021
0021
0021
0021
0021
0021
0021
0021
0021
0021
0021
0021
0021
0021
0021
0021
0021
0021
0021
0021
0021
0021
0021
0021
0021
0021
0021
0021
0021
0021
0021
0021
0021
0021
0021
0021
0021
0021
0021
0021
0021
0021
0021
0021
0021
0021
0021
0021
0021
0021
0021
0021
0021
0021
0021
0021
0021
0021
0021
0021
0021
0021
0021
0021
0021
0021
0021
0021
0021
0021
0821
0821
0821
0821
0821
0821
0821
0821
0821
0821
0821
0821
0821
0821
0821
0821
0821
0821
0821
0821
0821
0821
0821
0821
0821
0821
0821
0821
0821
0821
0821
0821
0821
0821
0821
0821
0821
0821
0821
0821
0821
0821
0821
0821
0821
0821
0821
0821
0821
0821
0821
0821
0821
0821
0821
0821
0821
0821
0821
0821
0821
0821
0821
0821
0821
0821
0821
0821
0821
0821
0821
0821
0821
0821
0821
0821
0821
0821
0821
0821
0821
0821
0821
0821
0821
0821
0821
0821
0821
0821
0821
0821
0821
0821
0821
0821
0821
0821
0821
0821
0821
0821
0821
0821
0821
0821
0821
0821
0821
0821
0821
0821
0821
0821
0821
0821
0821
0821
0821
0821
0821
0821
0821
0821
0821
0821
0821
0821
0821
0821
0821
0821
0821
0821
0821
0821
0821
0821
0821
0821
0821
0821
0821
0821
0821
0821
0821
0821
0821
0821
0821
0821
0821
0821
0821
0821
0821
0821
0821
0821
0821
0821
0821
0821
0821
0821
0821
0821
0821
0821
0821
0821
0821
0821
0821
0821
0821
0821
0021
0021
0021
0021
0021
0021
0021
0021
0021
0021
0021
0021
0021
0021
0021
0021
0021
0021
0021
0021
0021
0021
0021
0021
0021
0021
0021
0021
0021
0021
0021
0021
0021
0021
0021
0021
0021
0021
0021
0021
0021
0021
0021
0021
0021
0021
0021
0021
0021
0021
0021
0021
0021
0021
0021
0021
0021
0021
0021
0021
0021
0021
0021
0021
0021
0021
0021
0021
0021
0021
0021
0021
0021
0021
0021
0021
0021
0021
0021
0821
0821
0821
0821
0821
0821
0821
0821
0821
0821
0821
0821
0821
0821
0821
0821
0821
0821
0821
0821
0821
0821
0821
0821
0821
0821
0821
0821
0821
0821
0821
0821
0821
0821
0821
0821
0821
0821
0821
0821
0821
0821
0821
0821
0821
0821
0821
0821
0821
0821
0821
0821
0821
0821
0821
0821
0821
0821
0821
0821
0821
0821
0821
0821
0821
0821
0821
0821
0821
0821
0821
0821
0821
0821
0821
0821
0821
0821
0821
0821
0821
0821
0821
0821
0821
0821
0821
0821
0821
0821
0821
0821
0821
0821
0821
0821
0821
0821
0821
0821
0821
0821
0821
0821
0821
0821
0821
0821
0821
0821
0821
0821
0821
0821
0821
0821
0821
0821
0821
0821
0821
0821
0821
0821
0821
0821
0821
0821
0821
0821
0821
0821
0821
0821
0821
0821
0821
0821
0821
0821
0821
0821
0821
0821
0821
0821
0821
0821
0821
0821
0821
0821
0821
0821
0821
0821
0821
0821
0821
0821
0821
0821
0821
0821
0821
0821
0821
0821
0821
0821
0821
0821
0821
0821
0821
0821
0821
0821
0021
0021
0021
0021
0021
0021
0021
0021
0021
0021
0021
0021
0021
0021
0021
0021
0021
0021
0021
0021
0021
0021
0021
0021
0021
0021
0021
0021
0021
0021
0021
0021
0021
0021
0021
0021
0021
0021
0021
0021
0021
0021
0021
0021
0021
0021
0021
0021
0021
0021
0021
0021
0021
0021
0021
0021
0021
0021
0021
0021
0021
0021
0021
0021
0021
0021
0021
0021
0021
0021
0021
0021
0021
0021
0021
0021
0021
0021
0821
0821
0821
0821
0821
0821
0821
0821
0821
0821
0821
0821
0821
0821
0821
0821
0821
0821
0821
0821
0821
0821
0821
0821
0821
0821
0821
0821
0821
0821
0821
0821
0821
0821
0821
0821
0821
0821
0821
0821
0821
0821
0821
0821
0821
0821
0821
0821
0821
0821
0821
0821
0821
0821
0821
0821
0821
0821
0821
0821
0821
0821
0821
0821
0821
0821
0821
0821
0821
0821
0821
0821
0821
0821
0821
0821
0821
0821
0821
0821
0821
0821
0821
0821
0821
0821
0821
0821
0821
0821
0821
0821
0821
0821
0821
0821
0821
0821
0821
0821
0821
0821
0821
0821
0821
0821
0821
0821
0821
0821
0821
0821
0821
0821
0821
0821
0821
0821
0821
0821
0821
0821
0821
0821
0821
0821
0821
0821
0821
0821
0821
0821
0821
0821
0821
0821
0821
0821
0821
0821
0821
0821
0821
0821
0821
0821
0821
0821
0821
0821
0821
0821
0821
0821
0821
0821
0821
0821
0821
0821
0821
0821
0821
0821
0821
0821
0821
0821
0821
0821
0821
0821
0821
0821
0821
0821
0821
0821
0021
0021
0021
0021
0021
0021
0021
0021
0021
0021
0021
0021
0021
0021
0021
0021
0021
0021
0021
0021
0021
0021
0021
0021
0021
0021
0021
0021
0021
0021
0021
0021
0021
0021
0021
0021
0021
0021
0021
0021
0021
0021
0021
0021
0021
0021
0021
0021
0021
0021
0021
0021
0021
0021
0021
0021
0021
0021
0021
0021
0021
0021
0021
0021
0021
0021
0021
0021
0021
0021
0021
0021
0021
0021
0021
0021
0021
0021
0021
0821
0821
0821
0821
0821
0821
0821
0821
0821
0821
0821
0821
0821
0821
0821
0821
0821
0821
0821
0821
0821
0821
0821
0821
0821
0821
0821
0821
0821
0821
0821
0821
0821
0821
0821
0821
0821
0821
0821
0821
0821
0821
0821
0821
0821
0821
0821
0821
0821
0821
0821
0821
0821
0821
0821
0821
0821
0821
0821
0821
0821
0821
0821
0821
0821
0821
0821
0821
0821
0821
0821
0821
0821
0821
0821
0821
0821
0821
0821
0821
0821
0821
0821
0821
0821
0821
0821
0821
0821
0821
0821
0821
0821
0821
0821
0821
0821
0821
0821
0821
0821
0821
0821
0821
0821
0821
0821
0821
0821
0821
0821
0821
0821
0821
0821
0821
0821
0821
0821
0821
0821
0821
0821
0821
0821
0821
0821
0821
0821
0821
0821
0821
0821
0821
0821
0821
0821
0821
0821
0821
0821
0821
0821
0821
0821
0821
0821
0821
0821
0821
0821
0821
0821
0821
0821
0821
0821
0821
0821
0821
0821
0821
0821
0821
0821
0821
0821
0821
0821
0821
0821
0821
0821
0821
0821
0821
0821
0821
0021
0021
0021
0021
0021
0021
0021
0021
0021
0021
0021
0021
0021
0021
0021
0021
0021
0021
0021
0021
0021
0021
0021
0021
0021
0021
0021
0021
0021
0021
0021
0021
0021
0021
0021
0021
0021
0021
0021
0021
0021
0021
0021
0021
0021
0021
0021
0021
0021
0021
0021
0021
0021
0021
0021
0021
0021
0021
0021
0021
0021
0021
0021
0021
0021
0021
0021
0021
0021
0021
0021
0021
0021
0021
0021
0021
0021
0021
0021
0821
0821
0821
0821
0821
0821
0821
0821
0821
0821
0821
0821
0821
0821
0821
0821
0821
0821
0821
0821
0821
0821
0821
0821
0821
0821
0821
0821
0821
0821
0821
0821
0821
0821
0821
0821
0821
0821
0821
0821
0821
0821
0821
0821
0821
0821
0821
0821
0821
0821
0821
0821
0821
0821
0821
0821
0821
0821
0821
0821
0821
0821
0821
0821
0821
0821
0821
0821
0821
0821
0821
0821
0821
0821
0821
0821
0821
0821
0821
0821
0821
0821
0821
0821
0821
0821
0821
0821
0821
0821
0821
0821
0821
0821
0821
0821
0821
0821
0821
0821
0821
0821
0821
0821
0821
0821
0821
0821
0821
0821
0821
0821
0821
0821
0821
0821
0821
0821
0821
0821
0821
0821
0821
0821
0821
0821
0821
0821
0821
0821
0821
0821
0821
0821
0821
0821
0821
0821
0821
0821
0821
0821
0821
0821
0821
0821
0821
0821
0821
0821
0821
0821
0821
0821
0821
0821
0821
0821
0821
0821
0821
0821
0821
0821
0821
0821
0821
0821
0821
0821
0821
0821
0821
0821
0821
0821
0821
0821
0021
0021
0021
0021
0021
0021
0021
0021
0021
0021
0021
0021
0021
0021
0021
0021
0021
0021
0021
0021
0021
0021
0021
0021
0021
0021
0021
0021
0021
0021
0021
0021
0021
0021
0021
0021
0021
0021
0021
0021
0021
0021
0021
0021
0021
0021
0021
0021
0021
0021
0021
0021
0021
0021
0021
0021
0021
0021
0021
0021
0021
0021
0021
0021
0021
0021
0021
0021
0021
0021
0021
0021
0021
0021
0021
0021
0021
0021
0821
0821
0821
0821
0821
0821
0821
0821
0821
0821
0821
0821
0821
0821
0821
0821
0821
0821
0821
0821
0821
0821
0821
0821
0821
0821
0821
0821
0821
0821
0821
0821
0821
0821
0821
0821
0821
0821
0821
0821
0821
0821
0821
0821
0821
0821
0821
0821
0821
0821
0821
0821
0821
0821
0821
0821
0821
0821
0821
0821
0821
0821
0821
0821
0821
0821
0821
0821
0821
0821
0821
0821
0821
0821
0821
0821
0821
0821
0821
0821
0821
0821
0821
0821
0821
0821
0821
0821
0821
0821
0821
0821
0821
0821
0821
0821
0821
0821
0821
0821
0821
0821
0821
0821
0821
0821
0821
0821
0821
0821
0821
0821
0821
0821
0821
0821
0821
0821
0821
0821
0821
0821
0821
0821
0821
0821
0821
0821
0821
0821
0821
0821
0821
0821
0821
0821
0821
0821
0821
0821
0821
0821
0821
0821
0821
0821
0821
0821
0821
0821
0821
0821
0821
0821
0821
0821
0821
0821
0821
0821
0821
0821
0821
0821
0821
0821
0821
0821
0821
0821
0821
0821
0821
0821
0821
0821
0821
0821
0821
0021
0021
0021
0021
0021
0021
0021
0021
0021
0021
0021
0021
0021
0021
0021
0021
0021
0021
0021
0021
0021
0021
0021
0021
0021
0021
0021
0021
0021
0021
0021
0021
0021
0021
0021
0021
0021
0021
0021
0021
0021
0021
0021
0021
0021
0021
0021
0021
0021
0021
0021
0021
0021
0021
0021
0021
0021
0021
0021
0021
0021
0021
0021
0021
0021
0021
0021
0021
0021
0021
0021
0021
0021
0021
0021
0021
0021
0021
0821
0821
0821
0821
0821
0821
0821
0821
0821
0821
0821
0821
0821
0821
0821
0821
0821
0821
0821
0821
0821
0821
0821
0821
0821
0821
0821
0821
0821
0821
0821
0821
0821
0821
0821
0821
0821
0821
0821
0821
0821
0821
0821
0821
0821
0821
0821
0821
0821
0821
0821
0821
0821
0821
0821
0821
0821
0821
0821
0821
0821
0821
0821
0821
0821
0821
0821
0821
0821
0821
0821
0821
0821
0821
0821
0821
0821
0821
0821
0821
0821
0821
0821
0821
0821
0821
0821
0821
0821
0821
0821
0821
0821
0821
0821
0821
0821
0821
0821
0821
0821
0821
0821
0821
0821
0821
0821
0821
0821
0821
0821
0821
0821
0821
0821
0821
0821
0821
0821
0821
0821
0821
0821
0821
0821
0821
0821
0821
0821
0821
0821
0821
0821
0821
0821
0821
0821
0821
0821
0821
0821
0821
0821
0821
0821
0821
0821
0821
0821
0821
0821
0821
0821
0821
0821
0821
0821
0821
0821
0821
0821
0821
0821
0821
0821
0821
0821
0821
0821
0821
0821
0821
0821
0821
0821
0821
0821
0821
0021
0021
0021
0021
0021
0021
0021
0021
0021
0021
0021
0021
0021
0021
0021
0021
0021
0021
0021
0021
0021
0021
0021
0021
0021
0021
0021
0021
0021
0021
0021
0021
0021
0021
0021
0021
0021
0021
0021
0021
0021
0021
0021
0021
0021
0021
0021
0021
0021
0021
0021
0021
0021
0021
0021
0021
0021
0021
0021
0021
0021
0021
0021
0021
0021
0021
0021
0021
0021
0021
0021
0021
0021
0021
0021
0021
0021
0021
0021
0821
0821
0821
0821
0821
0821
0821
0821
0821
0821
0821
0821
0821
0821
0821
0821
0821
0821
0821
0821
0821
0821
0821
0821
0821
0821
0821
0821
0821
0821
0821
0821
0821
0821
0821
0821
0821
0821
0821
0821
0821
0821
0821
0821
0821
0821
0821
0821
0821
0821
0821
0821
0821
0821
0821
0821
0821
0821
0821
0821
0821
0821
0821
0821
0821
0821
0821
0821
0821
0821
0821
0821
0821
0821
0821
0821
0821
0821
0821
0821
0821
0821
0821
0821
0821
0821
0821
0821
0821
0821
0821
0821
0821
0821
0821
0821
0821
0821
0821
0821
0821
0821
0821
0821
0821
0821
0821
0821
0821
0821
0821
0821
0821
0821
0821
0821
0821
0821
0821
0821
0821
0821
0821
0821
0821
0821
0821
0821
0821
0821
0821
0821
0821
0821
0821
0821
0821
0821
0821
0821
0821
0821
0821
0821
0821
0821
0821
0821
0821
0821
0821
0821
0821
0821
0821
0821
0821
0821
0821
0821
0821
0821
0821
0821
0821
0821
0821
0821
0821
0821
0821
0821
0821
0821
0821
0821
0821
0821
0021
0021
0021
0021
0021
0021
0021
0021
0021
0021
0021
0021
0021
0021
0021
0021
0021
0021
0021
0021
0021
0021
0021
0021
0021
0021
0021
0021
0021
0021
0021
0021
0021
0021
0021
0021
0021
0021
0021
0021
0021
0021
0021
0021
0021
0021
0021
0021
0021
0021
0021
0021
0021
0021
0021
0021
0021
0021
0021
0021
0021
0021
0021
0021
0021
0021
0021
0021
0021
0021
0021
0021
0021
0021
0021
0021
0021
0021
0021
0821
0821
0821
0821
0821
0821
0821
0821
0821
0821
0821
0821
0821
0821
0821
0821
0821
0821
0821
0821
0821
0821
0821
0821
0821
0821
0821
0821
0821
0821
0821
0821
0821
0821
0821
0821
0821
0821
0821
0821
0821
0821
0821
0821
0821
0821
0821
0821
0821
0821
0821
0821
0821
0821
0821
0821
0821
0821
0821
0821
0821
0821
0821
0821
0821
0821
0821
0821
0821
0821
0821
0821
0821
0821
0821
0821
0821
0821
0821
0821
0821
0821
0821
0821
0821
0821
0821
0821
0821
0821
0821
0821
0821
0821
0821
0821
0821
0821
0821
0821
0821
0821
0821
0821
0821
0821
0821
0821
0821
0821
0821
0821
0821
0821
0821
0821
0821
0821
0821
0821
0821
0821
0821
0821
0821
0821
0821
0821
0821
0821
0821
0821
0821
0821
0821
0821
0821
0821
0821
0821
0821
0821
0821
0821
0821
0821
0821
0821
0821
0821
0821
0821
0821
0821
0821
0821
0821
0821
0821
0821
0821
0821
0821
0821
0821
0821
0821
0821
0821
0821
0821
0821
0821
0821
0821
0821
0821
0821
0021
0021
0021
0021
0021
0021
0021
0021
0021
0021
0021
0021
0021
0021
0021
0021
0021
0021
0021
0021
0021
0021
0021
0021
0021
0021
0021
0021
0021
0021
0021
0021
0021
0021
0021
0021
0021
0021
0021
0021
0021
0021
0021
0021
0021
0021
0021
0021
0021
0021
0021
0021
0021
0021
0021
0021
0021
0021
0021
0021
0021
0021
0021
0021
0021
0021
0021
0021
0021
0021
0021
0021
0021
0021
0021
0021
0021
0021
0821
0821
0821
0821
0821
0821
0821
0821
0821
0821
0821
0821
0821
0821
0821
0821
0821
0821
0821
0821
0821
0821
0821
0821
0821
0821
0821
0821
0821
0821
0821
0821
0821
0821
0821
0821
0821
0821
0821
0821
0821
0821
0821
0821
0821
0821
0821
0821
0821
0821
0821
0821
0821
0821
0821
0821
0821
0821
0821
0821
0821
0821
0821
0821
0821
0821
0821
0821
0821
0821
0821
0821
0821
0821
0821
0821
0821
0821
0821
0821
0821
0821
0821
0821
0821
0821
0821
0821
0821
0821
0821
0821
0821
0821
0821
0821
0821
0821
0821
0821
0821
0821
0821
0821
0821
0821
0821
0821
0821
0821
0821
0821
0821
0821
0821
0821
0821
0821
0821
0821
0821
0821
0821
0821
0821
0821
0821
0821
0821
0821
0821
0821
0821
0821
0821
0821
0821
0821
0821
0821
0821
0821
0821
0821
0821
0821
0821
0821
0821
0821
0821
0821
0821
0821
0821
0821
0821
0821
0821
0821
0821
0821
0821
0821
0821
0821
0821
0821
0821
0821
0821
0821
0821
0821
0821
0821
0821
0821
0821
0021
0021
0021
0021
0021
0021
0021
0021
0021
0021
0021
0021
0021
0021
0021
0021
0021
0021
0021
0021
0021
0021
0021
0021
0021
0021
0021
0021
0021
0021
0021
0021
0021
0021
0021
0021
0021
0021
0021
0021
0021
0021
0021
0021
0021
0021
0021
0021
0021
0021
0021
0021
0021
0021
0021
0021
0021
0021
0021
0021
0021
0021
0021
0021
0021
0021
0021
0021
0021
0021
0021
0021
0021
0021
0021
0021
0021
0021
0821
0821
0821
0821
0821
0821
0821
0821
0821
0821
0821
0821
0821
0821
0821
0821
0821
0821
0821
0821
0821
0821
0821
0821
0821
0821
0821
0821
0821
0821
0821
0821
0821
0821
0821
0821
0821
0821
0821
0821
0821
0821
0821
0821
0821
0821
0821
0821
0821
0821
0821
0821
0821
0821
0821
0821
0821
0821
0821
0821
0821
0821
0821
0821
0821
0821
0821
0821
0821
0821
0821
0821
0821
0821
0821
0821
0821
0821
0821
0821
0821
0821
0821
0821
0821
0821
0821
0821
0821
0821
0821
0821
0821
0821
0821
0821
0821
0821
0821
0821
0821
0821
0821
0821
0821
0821
0821
0821
0821
0821
0821
0821
0821
0821
0821
0821
0821
0821
0821
0821
0821
0821
0821
0821
0821
0821
0821
0821
0821
0821
0821
0821
0821
0821
0821
0821
0821
0821
0821
0821
0821
0821
0821
0821
0821
0821
0821
0821
0821
0821
0821
0821
0821
0821
0821
0821
0821
0821
0821
0821
0821
0821
0821
0821
0821
0821
0821
0821
0821
0821
0821
0821
0821
0821
0821
0821
0821
0821
0021
0021
0021
0021
0021
0021
0021
0021
0021
0021
0021
0021
0021
0021
0021
0021
0021
0021
0021
0021
0021
0021
0021
0021
0021
0021
0021
0021
0021
0021
0021
0021
0021
0021
0021
0021
0021
0021
0021
0021
0021
0021
0021
0021
0021
0021
0021
0021
0021
0021
0021
0021
0021
0021
0021
0021
0021
0021
0021
0021
0021
0021
0021
0021
0021
0021
0021
0021
0021
0021
0021
0021
0021
0021
0021
0021
0021
0021
0021
0821
0821
0821
0821
0821
0821
0821
0821
0821
0821
0821
0821
0821
0821
0821
0821
0821
0821
0821
0821
0821
0821
0821
0821
0821
0821
0821
0821
0821
0821
0821
0821
0821
0821
0821
0821
0821
0821
0821
0821
0821
0821
0821
0821
0821
0821
0821
0821
0821
0821
0821
0821
0821
0821
0821
0821
0821
0821
0821
0821
0821
0821
0821
0821
0821
0821
0821
0821
0821
0821
0821
0821
0821
0821
0821
0821
0821
0821
0821
0821
0821
0821
0821
0821
0821
0821
0821
0821
0821
0821
0821
0821
0821
0821
0821
0821
0821
0821
0821
0821
0821
0821
0821
0821
0821
0821
0821
0821
0821
0821
0821
0821
0821
0821
0821
0821
0821
0821
0821
0821
0821
0821
0821
0821
0821
0821
0821
0821
0821
0821
0821
0821
0821
0821
0821
0821
0821
0821
0821
0821
0821
0821
0821
0821
0821
0821
0821
0821
0821
0821
0821
0821
0821
0821
0821
0821
0821
0821
0821
0821
0821
0821
0821
0821
0821
0821
0821
0821
0821
0821
0821
0821
0821
0821
0821
0821
0821
0821
0021
0021
0021
0021
0021
0021
0021
0021
0021
0021
0021
0021
0021
0021
0021
0021
0021
0021
0021
0021
0021
0021
0021
0021
0021
0021
0021
