00000000
00000000
00000000
00000000
00000000
00000000
00000000
00000000
00000000
00000000
00000000
00000000
00000000
00000000
00000000
00000000
00000000
00000000
00000000
00000000
00000000
00000000
00000000
00000000
00000000
00000000
00000000
00000000
00000000
00000000
00000000
00000000
00000000
00000000
00000000
00000000
00000000
00000000
00000000
00000000
00000000
00000000
00000000
00000000
00000000
00000000
00000000
00000000
00000000
00000000
00000000
00000000
00000000
00000000
00000000
00000000
00000000
00000000
00000000
00000000
00000000
00000000
00000000
00000000
00000000
00000000
00000000
00000000
00000000
00000000
00000000
00000000
00000000
00000000
00000000
00000000
00000000
00000000
00000000
00000000
00000000
00000000
00000000
00000000
00000000
00000000
00000000
00000000
00000000
00000000
00000000
00000000
00000000
00000000
00000000
00000000
00000000
00000000
00000000
00000000
02040021
478a3a52
b9e9537c
ddd13256
c8be1992
c0c221b3
c6cb2a15
d0d53a98
dbe04b1b
e4e8539d
e1da5b9d
bc9e42b5
754b214a
2f120842
0a010000
00000000
00000000
00000000
00000000
00000000
00000000
00000000
00000000
00000000
00000000
00000000
00000000
00000000
00000000
00000000
00000000
00000000
00000000
00000000
00000000
00000000
00000000
00000000
00000000
00000000
00000000
00000000
00000000
00000000
00000000
00000000
00000000
00000000
00000000
00000000
00000000
00000000
00000000
00000000
00000000
00000000
00000000
00000000
00000000
00000000
00000000
00000000
00000000
00000000
00000000
00000000
00000000
00000000
00000000
00000000
00000000
00000000
00000000
00000000
00000000
00000000
00000000
00000000
00000000
00000000
00000000
00000000
00000000
00000000
00000000
00000000
00000000
00000000
00000000
00000000
00000000
00000000
00000000
00000000
00000000
00000000
00000000
00000000
00000000
00000000
00000000
00000000
00000000
00000000
00000000
00000000
00000000
00000000
00000000
00000000
00000000
00000000
00000000
00000000
00000000
00000000
00000000
00000000
00000000
00000000
00000000
00000000
00000000
00000000
00000000
00000000
00000000
00000000
00000000
00000000
00000000
00000000
00000000
00000000
00000000
00000000
00000000
00000000
00000000
00000000
00000000
00000000
00000000
00000000
00000000
00000000
00000000
00000000
00000000
00000000
00000000
00000000
00000000
00000000
00000000
00000000
00000000
00000000
00000000
00000000
00000000
00000000
00000000
00000000
00000000
00000000
00000000
00000000
00000000
00000000
00000000
00000000
00000000
00000000
00000000
00000000
00000000
00000000
00000000
00000000
00000000
00000000
00000000
00000000
00000000
00000000
00000000
00000000
00000000
00000000
00000000
00000000
00000000
00000000
00000000
00000000
00000000
00000000
00000000
00000000
00000000
00000000
00000000
00000000
00000000
00000000
00000000
00000000
00000000
00000000
00000000
00000000
00000000
00000000
00000000
00000000
00000000
00000000
00000000
00000000
00000000
00000000
00000000
00000000
00000000
00000000
00000000
00000000
00000000
00000000
00000000
00000000
00000000
00000000
00000000
00000000
00000000
00000000
00000000
00000000
00000000
00000000
00000000
00000000
00000000
00000000
00000000
00000000
00000000
00000000
00000000
00000000
00000000
00000000
00000000
00000000
03060021
49913a73
bbe8537c
ddd03256
c7bc1972
bdb81151
c0bb1972
c7c121b3
d0ca2a15
dad43a98
dddf431b
d0e8539d
acdd5bbd
78a542d6
4352216b
1a160863
06010000
00000000
00000000
00000000
00000000
00000000
00000000
00000000
00000000
00000000
00000000
00000000
00000000
00000000
00000000
00000000
00000000
00000000
00000000
00000000
00000000
00000000
00000000
00000000
00000000
00000000
00000000
00000000
00000000
00000000
00000000
00000000
00000000
00000000
00000000
00000000
00000000
00000000
00000000
00000000
00000000
00000000
00000000
00000000
00000000
00000000
00000000
00000000
00000000
00000000
00000000
00000000
00000000
00000000
00000000
00000000
00000000
00000000
00000000
00000000
00000000
00000000
00000000
00000000
00000000
00000000
00000000
00000000
00000000
00000000
00000000
00000000
00000000
00000000
00000000
00000000
00000000
00000000
00000000
00000000
00000000
00000000
00000000
00000000
00000000
00000000
00000000
00000000
00000000
00000000
00000000
00000000
00000000
00000000
00000000
00000000
00000000
00000000
00000000
00000000
00000000
00000000
00000000
00000000
00000000
00000000
00000000
00000000
00000000
00000000
00000000
00000000
00000000
00000000
00000000
00000000
00000000
00000000
00000000
00000000
00000000
00000000
00000000
00000000
00000000
00000000
00000000
00000000
00000000
00000000
00000000
00000000
00000000
00000000
00000000
00000000
00000000
00000000
00000000
00000000
00000000
00000000
00000000
00000000
00000000
00000000
00000000
00000000
00000000
00000000
00000000
00000000
00000000
00000000
00000000
00000000
00000000
00000000
00000000
00000000
00000000
00000000
00000000
00000000
00000000
00000000
00000000
00000000
00000000
00000000
00000000
00000000
00000000
00000000
00000000
00000000
00000000
00000000
00000000
00000000
00000000
00000000
00000000
00000000
00000000
00000000
00000000
00000000
00000000
00000000
00000000
00000000
00000000
00000000
00000000
00000000
00000000
00000000
00000000
00000000
00000000
00000000
00000000
00000000
00000000
00000000
00000000
00000000
00000000
00000000
00000000
00000000
00000000
00000000
00000000
00000000
00000000
00000000
00000000
00000000
00000000
00000000
00000000
00000000
00000000
00000000
00000000
00000000
00000000
00000000
00000000
00000000
00000000
00000000
00000000
00000000
00000000
00000000
00000000
00000000
03070021
4d974293
bee8537c
dcd03236
c6bc1971
bab81151
b9b81151
bbb81151
bfba1972
c6c019b3
cfc92a15
d9d33298
dede431b
d2e8539e
b0df5bbe
7dac4b18
475a29ad
1d190883
07020000
00000000
00000000
00000000
00000000
00000000
00000000
00000000
00000000
00000000
00000000
00000000
00000000
00000000
00000000
00000000
00000000
00000000
00000000
00000000
00000000
00000000
00000000
00000000
00000000
00000000
00000000
00000000
00000000
00000000
00000000
00000000
00000000
00000000
00000000
00000000
00000000
00000000
00000000
00000000
00000000
00000000
00000000
00000000
00000000
00000000
00000000
00000000
00000000
00000000
00000000
00000000
00000000
00000000
00000000
00000000
00000000
00000000
00000000
00000000
00000000
00000000
00000000
00000000
00000000
00000000
00000000
00000000
00000000
00000000
00000000
00000000
00000000
00000000
00000000
00000000
00000000
00000000
00000000
00000000
00000000
00000000
00000000
00000000
00000000
00000000
00000000
00000000
00000000
00000000
00000000
00000000
00000000
00000000
00000000
00000000
00000000
00000000
00000000
00000000
00000000
00000000
00000000
00000000
00000000
00000000
00000000
00000000
00000000
00000000
00000000
00000000
00000000
00000000
00000000
00000000
00000000
00000000
00000000
00000000
00000000
00000000
00000000
00000000
00000000
00000000
00000000
00000000
00000000
00000000
00000000
00000000
00000000
00000000
00000000
00000000
00000000
00000000
00000000
00000000
00000000
00000000
00000000
00000000
00000000
00000000
00000000
00000000
00000000
00000000
00000000
00000000
00000000
00000000
00000000
00000000
00000000
00000000
00000000
00000000
00000000
00000000
00000000
00000000
00000000
00000000
00000000
00000000
00000000
00000000
00000000
00000000
00000000
00000000
00000000
00000000
00000000
00000000
00000000
00000000
00000000
00000000
00000000
00000000
00000000
00000000
00000000
00000000
00000000
00000000
00000000
00000000
00000000
00000000
00000000
00000000
00000000
00000000
00000000
00000000
00000000
00000000
00000000
00000000
00000000
00000000
00000000
00000000
00000000
00000000
00000000
00000000
00000000
00000000
00000000
00000000
00000000
00000000
00000000
00000000
00000000
00000000
00000000
00000000
00000000
00000000
00000000
00000000
00000000
00000000
00000000
00000000
00000000
00000000
00000000
00000000
00000000
00000000
04090021
519d42b4
c1e7535b
dbcf2a35
c5bb1971
bab81151
b8b81151
b8b81151
b9b81151
bbb81151
bfba1972
c5bf19b3
cec82a15
d8d33278
dedd431b
d4e7539e
b4e25bde
82b24b39
4c6129ce
201d1084
08030000
01000000
00000000
00000000
00000000
00000000
00000000
00000000
00000000
00000000
00000000
00000000
00000000
00000000
00000000
00000000
00000000
00000000
00000000
00000000
00000000
00000000
00000000
00000000
00000000
00000000
00000000
00000000
00000000
00000000
00000000
00000000
00000000
00000000
00000000
00000000
00000000
00000000
00000000
00000000
00000000
00000000
00000000
00000000
00000000
00000000
00000000
00000000
00000000
00000000
00000000
00000000
00000000
00000000
00000000
00000000
00000000
00000000
00000000
00000000
00000000
00000000
00000000
00000000
00000000
00000000
00000000
00000000
00000000
00000000
00000000
00000000
00000000
00000000
00000000
00000000
00000000
00000000
00000000
00000000
00000000
00000000
00000000
00000000
00000000
00000000
00000000
00000000
00000000
00000000
00000000
00000000
00000000
00000000
00000000
00000000
00000000
00000000
00000000
00000000
00000000
00000000
00000000
00000000
00000000
00000000
00000000
00000000
00000000
00000000
00000000
00000000
00000000
00000000
00000000
00000000
00000000
00000000
00000000
00000000
00000000
00000000
00000000
00000000
00000000
00000000
00000000
00000000
00000000
00000000
00000000
00000000
00000000
00000000
00000000
00000000
00000000
00000000
00000000
00000000
00000000
00000000
00000000
00000000
00000000
00000000
00000000
00000000
00000000
00000000
00000000
00000000
00000000
00000000
00000000
00000000
00000000
00000000
00000000
00000000
00000000
00000000
00000000
00000000
00000000
00000000
00000000
00000000
00000000
00000000
00000000
00000000
00000000
00000000
00000000
00000000
00000000
00000000
00000000
00000000
00000000
00000000
00000000
00000000
00000000
00000000
00000000
00000000
00000000
00000000
00000000
00000000
00000000
00000000
00000000
00000000
00000000
00000000
00000000
00000000
00000000
00000000
00000000
00000000
00000000
00000000
00000000
00000000
00000000
00000000
00000000
00000000
00000000
00000000
00000000
00000000
00000000
00000000
00000000
00000000
00000000
00000000
00000000
00000000
00000000
00000000
00000000
00000000
00000000
00000000
00000000
00000000
00000000
00000000
00000000
00000000
050b0021
55a342b5
c4e7535b
dbce2a35
c5bb1971
bab81151
b8b81151
b8b81151
b8b81151
b8b81151
b9b81151
bab81152
beba1972
c5bf19b4
cdc72a16
d7d23278
dedc431b
d6e7539e
b7e45bde
86b8535a
506831ef
232210a5
09040020
01000000
00000000
00000000
00000000
00000000
00000000
00000000
00000000
00000000
00000000
00000000
00000000
00000000
00000000
00000000
00000000
00000000
00000000
00000000
00000000
00000000
00000000
00000000
00000000
00000000
00000000
00000000
00000000
00000000
00000000
00000000
00000000
00000000
00000000
00000000
00000000
00000000
00000000
00000000
00000000
00000000
00000000
00000000
00000000
00000000
00000000
00000000
00000000
00000000
00000000
00000000
00000000
00000000
00000000
00000000
00000000
00000000
00000000
00000000
00000000
00000000
00000000
00000000
00000000
00000000
00000000
00000000
00000000
00000000
00000000
00000000
00000000
00000000
00000000
00000000
00000000
00000000
00000000
00000000
00000000
00000000
00000000
00000000
00000000
00000000
00000000
00000000
00000000
00000000
00000000
00000000
00000000
00000000
00000000
00000000
00000000
00000000
00000000
00000000
00000000
00000000
00000000
00000000
00000000
00000000
00000000
00000000
00000000
00000000
00000000
00000000
00000000
00000000
00000000
00000000
00000000
00000000
00000000
00000000
00000000
00000000
00000000
00000000
00000000
00000000
00000000
00000000
00000000
00000000
00000000
00000000
00000000
00000000
00000000
00000000
00000000
00000000
00000000
00000000
00000000
00000000
00000000
00000000
00000000
00000000
00000000
00000000
00000000
00000000
00000000
00000000
00000000
00000000
00000000
00000000
00000000
00000000
00000000
00000000
00000000
00000000
00000000
00000000
00000000
00000000
00000000
00000000
00000000
00000000
00000000
00000000
00000000
00000000
00000000
00000000
00000000
00000000
00000000
00000000
00000000
00000000
00000000
00000000
00000000
00000000
00000000
00000000
00000000
00000000
00000000
00000000
00000000
00000000
00000000
00000000
00000000
00000000
00000000
00000000
00000000
00000000
00000000
00000000
00000000
00000000
00000000
00000000
00000000
00000000
00000000
00000000
00000000
00000000
00000000
00000000
00000000
00000000
00000000
00000000
00000000
00000000
00000000
00000000
00000000
00000000
00000000
00000000
00000000
00000000
00000000
00000000
00000000
00000000
060d0841
59a942d5
c6e64b5b
dacd2a15
c4bb1971
b9b81150
b8b81151
b8b81151
b8b81151
b8b81151
b8b81151
b8b81151
b8b81172
bab81172
beb91973
c4be19b4
cdc62a16
d6d13279
dedb431c
d7e6539e
bbe55bff
8bbe537b
55703211
262610c6
0b050021
01000000
00000000
00000000
00000000
00000000
00000000
00000000
00000000
00000000
00000000
00000000
00000000
00000000
00000000
00000000
00000000
00000000
00000000
00000000
00000000
00000000
00000000
00000000
00000000
00000000
00000000
00000000
00000000
00000000
00000000
00000000
00000000
00000000
00000000
00000000
00000000
00000000
00000000
00000000
00000000
00000000
00000000
00000000
00000000
00000000
00000000
00000000
00000000
00000000
00000000
00000000
00000000
00000000
00000000
00000000
00000000
00000000
00000000
00000000
00000000
00000000
00000000
00000000
00000000
00000000
00000000
00000000
00000000
00000000
00000000
00000000
00000000
00000000
00000000
00000000
00000000
00000000
00000000
00000000
00000000
00000000
00000000
00000000
00000000
00000000
00000000
00000000
00000000
00000000
00000000
00000000
00000000
00000000
00000000
00000000
00000000
00000000
00000000
00000000
00000000
00000000
00000000
00000000
00000000
00000000
00000000
00000000
00000000
00000000
00000000
00000000
00000000
00000000
00000000
00000000
00000000
00000000
00000000
00000000
00000000
00000000
00000000
00000000
00000000
00000000
00000000
00000000
00000000
00000000
00000000
00000000
00000000
00000000
00000000
00000000
00000000
00000000
00000000
00000000
00000000
00000000
00000000
00000000
00000000
00000000
00000000
00000000
00000000
00000000
00000000
00000000
00000000
00000000
00000000
00000000
00000000
00000000
00000000
00000000
00000000
00000000
00000000
00000000
00000000
00000000
00000000
00000000
00000000
00000000
00000000
00000000
00000000
00000000
00000000
00000000
00000000
00000000
00000000
00000000
00000000
00000000
00000000
00000000
00000000
00000000
00000000
00000000
00000000
00000000
00000000
00000000
00000000
00000000
00000000
00000000
00000000
00000000
00000000
00000000
00000000
00000000
00000000
00000000
00000000
00000000
00000000
00000000
00000000
00000000
00000000
00000000
00000000
00000000
00000000
00000000
00000000
00000000
00000000
00000000
00000000
00000000
00000000
00000000
00000000
00000000
00000000
00000000
00000000
00000000
00000000
00000000
07100842
5daf4af6
c9e54b3b
d9cc2a15
c4ba1971
b9b81150
b8b81150
b8b81151
b8b81151
b8b81151
b8b81151
b8b81151
b8b81172
b8b81172
b8b81172
bab81172
beb91993
c3be19b4
ccc62a16
d6d03299
ddda431c
d9e5539e
bee65bff
90c3539c
59773a32
2a2b10c7
0c060021
02000000
00000000
00000000
00000000
00000000
00000000
00000000
00000000
00000000
00000000
00000000
00000000
00000000
00000000
00000000
00000000
00000000
00000000
00000000
00000000
00000000
00000000
00000000
00000000
00000000
00000000
00000000
00000000
00000000
00000000
00000000
00000000
00000000
00000000
00000000
00000000
00000000
00000000
00000000
00000000
00000000
00000000
00000000
00000000
00000000
00000000
00000000
00000000
00000000
00000000
00000000
00000000
00000000
00000000
00000000
00000000
00000000
00000000
00000000
00000000
00000000
00000000
00000000
00000000
00000000
00000000
00000000
00000000
00000000
00000000
00000000
00000000
00000000
00000000
00000000
00000000
00000000
00000000
00000000
00000000
00000000
00000000
00000000
00000000
00000000
00000000
00000000
00000000
00000000
00000000
00000000
00000000
00000000
00000000
00000000
00000000
00000000
00000000
00000000
00000000
00000000
00000000
00000000
00000000
00000000
00000000
00000000
00000000
00000000
00000000
00000000
00000000
00000000
00000000
00000000
00000000
00000000
00000000
00000000
00000000
00000000
00000000
00000000
00000000
00000000
00000000
00000000
00000000
00000000
00000000
00000000
00000000
00000000
00000000
00000000
00000000
00000000
00000000
00000000
00000000
00000000
00000000
00000000
00000000
00000000
00000000
00000000
00000000
00000000
00000000
00000000
00000000
00000000
00000000
00000000
00000000
00000000
00000000
00000000
00000000
00000000
00000000
00000000
00000000
00000000
00000000
00000000
00000000
00000000
00000000
00000000
00000000
00000000
00000000
00000000
00000000
00000000
00000000
00000000
00000000
00000000
00000000
00000000
00000000
00000000
00000000
00000000
00000000
00000000
00000000
00000000
00000000
00000000
00000000
00000000
00000000
00000000
00000000
00000000
00000000
00000000
00000000
00000000
00000000
00000000
00000000
00000000
00000000
00000000
00000000
00000000
00000000
00000000
00000000
00000000
00000000
00000000
00000000
00000000
00000000
00000000
00000000
00000000
00000000
00000000
00000000
00000000
00000000
00000000
08120862
61b54af6
cbe44b3a
d8cb2a14
c3ba1951
b9b81150
b8b81150
b8b81151
b8b81151
b8b81151
b8b81151
b8b81152
b8b81172
b8b81172
b8b81172
b8b81972
b8b81973
bab81973
bdb91994
c3bd19b5
cbc52a17
d5cf329a
ddda431d
dae4539f
c2e75bff
95c85bbc
5e7f3a73
2d3118e8
0e080021
02000000
00000000
00000000
00000000
00000000
00000000
00000000
00000000
00000000
00000000
00000000
00000000
00000000
00000000
00000000
00000000
00000000
00000000
00000000
00000000
00000000
00000000
00000000
00000000
00000000
00000000
00000000
00000000
00000000
00000000
00000000
00000000
00000000
00000000
00000000
00000000
00000000
00000000
00000000
00000000
00000000
00000000
00000000
00000000
00000000
00000000
00000000
00000000
00000000
00000000
00000000
00000000
00000000
00000000
00000000
00000000
00000000
00000000
00000000
00000000
00000000
00000000
00000000
00000000
00000000
00000000
00000000
00000000
00000000
00000000
00000000
00000000
00000000
00000000
00000000
00000000
00000000
00000000
00000000
00000000
00000000
00000000
00000000
00000000
00000000
00000000
00000000
00000000
00000000
00000000
00000000
00000000
00000000
00000000
00000000
00000000
00000000
00000000
00000000
00000000
00000000
00000000
00000000
00000000
00000000
00000000
00000000
00000000
00000000
00000000
00000000
00000000
00000000
00000000
00000000
00000000
00000000
00000000
00000000
00000000
00000000
00000000
00000000
00000000
00000000
00000000
00000000
00000000
00000000
00000000
00000000
00000000
00000000
00000000
00000000
00000000
00000000
00000000
00000000
00000000
00000000
00000000
00000000
00000000
00000000
00000000
00000000
00000000
00000000
00000000
00000000
00000000
00000000
00000000
00000000
00000000
00000000
00000000
00000000
00000000
00000000
00000000
00000000
00000000
00000000
00000000
00000000
00000000
00000000
00000000
00000000
00000000
00000000
00000000
00000000
00000000
00000000
00000000
00000000
00000000
00000000
00000000
00000000
00000000
00000000
00000000
00000000
00000000
00000000
00000000
00000000
00000000
00000000
00000000
00000000
00000000
00000000
00000000
00000000
00000000
00000000
00000000
00000000
00000000
00000000
00000000
00000000
00000000
00000000
00000000
00000000
00000000
00000000
00000000
00000000
00000000
00000000
00000000
00000000
00000000
00000000
00000000
00000000
00000000
00000000
00000000
00000000
0a150863
65ba4b17
cee44b1a
d7cb2a14
c2ba1151
b9b81150
b8b81150
b8b81151
b8b81151
b8b81151
b8b81151
b8b81172
b8b81172
b8b81172
b8b81172
b8b81973
b8b81973
b8b81973
b8b81993
b9b81994
bdb91994
c2bd19d5
cac42217
d4ce329a
dcd9431d
dbe3539f
c5e85c1f
99cd5bdd
63863a95
31371909
100a0821
02000000
00000000
00000000
00000000
00000000
00000000
00000000
00000000
00000000
00000000
00000000
00000000
00000000
00000000
00000000
00000000
00000000
00000000
00000000
00000000
00000000
00000000
00000000
00000000
00000000
00000000
00000000
00000000
00000000
00000000
00000000
00000000
00000000
00000000
00000000
00000000
00000000
00000000
00000000
00000000
00000000
00000000
00000000
00000000
00000000
00000000
00000000
00000000
00000000
00000000
00000000
00000000
00000000
00000000
00000000
00000000
00000000
00000000
00000000
00000000
00000000
00000000
00000000
00000000
00000000
00000000
00000000
00000000
00000000
00000000
00000000
00000000
00000000
00000000
00000000
00000000
00000000
00000000
00000000
00000000
00000000
00000000
00000000
00000000
00000000
00000000
00000000
00000000
00000000
00000000
00000000
00000000
00000000
00000000
00000000
00000000
00000000
00000000
00000000
00000000
00000000
00000000
00000000
00000000
00000000
00000000
00000000
00000000
00000000
00000000
00000000
00000000
00000000
00000000
00000000
00000000
00000000
00000000
00000000
00000000
00000000
00000000
00000000
00000000
00000000
00000000
00000000
00000000
00000000
00000000
00000000
00000000
00000000
00000000
00000000
00000000
00000000
00000000
00000000
00000000
00000000
00000000
00000000
00000000
00000000
00000000
00000000
00000000
00000000
00000000
00000000
00000000
00000000
00000000
00000000
00000000
00000000
00000000
00000000
00000000
00000000
00000000
00000000
00000000
00000000
00000000
00000000
00000000
00000000
00000000
00000000
00000000
00000000
00000000
00000000
00000000
00000000
00000000
00000000
00000000
00000000
00000000
00000000
00000000
00000000
00000000
00000000
00000000
00000000
00000000
00000000
00000000
00000000
00000000
00000000
00000000
00000000
00000000
00000000
00000000
00000000
00000000
00000000
00000000
00000000
00000000
00000000
00000000
00000000
00000000
00000000
00000000
00000000
00000000
00000000
00000000
00000000
00000000
00000000
00000000
00000000
00000000
00000000
00000000
00000000
0b180863
69bf4b18
d0e34b1a
d7ca29f4
c2ba1150
b9b81150
b8b81150
b8b81151
b8b81151
b8b81151
b8b81151
b8b81172
b8b81172
b8b81172
b8b81172
b8b81973
b8b81973
b8b81973
b8b81993
b8b81994
b8b81994
b9b81994
bcb91995
c2bc19d6
c9c32218
d3cd329a
dcd8431d
dce2539f
c7e85c1f
9ed15bde
688e42b6
353d192a
120c0842
03000000
00000000
00000000
00000000
00000000
00000000
00000000
00000000
00000000
00000000
00000000
00000000
00000000
00000000
00000000
00000000
00000000
00000000
00000000
00000000
00000000
00000000
00000000
00000000
00000000
00000000
00000000
00000000
00000000
00000000
00000000
00000000
00000000
00000000
00000000
00000000
00000000
00000000
00000000
00000000
00000000
00000000
00000000
00000000
00000000
00000000
00000000
00000000
00000000
00000000
00000000
00000000
00000000
00000000
00000000
00000000
00000000
00000000
00000000
00000000
00000000
00000000
00000000
00000000
00000000
00000000
00000000
00000000
00000000
00000000
00000000
00000000
00000000
00000000
00000000
00000000
00000000
00000000
00000000
00000000
00000000
00000000
00000000
00000000
00000000
00000000
00000000
00000000
00000000
00000000
00000000
00000000
00000000
00000000
00000000
00000000
00000000
00000000
00000000
00000000
00000000
00000000
00000000
00000000
00000000
00000000
00000000
00000000
00000000
00000000
00000000
00000000
00000000
00000000
00000000
00000000
00000000
00000000
00000000
00000000
00000000
00000000
00000000
00000000
00000000
00000000
00000000
00000000
00000000
00000000
00000000
00000000
00000000
00000000
00000000
00000000
00000000
00000000
00000000
00000000
00000000
00000000
00000000
00000000
00000000
00000000
00000000
00000000
00000000
00000000
00000000
00000000
00000000
00000000
00000000
00000000
00000000
00000000
00000000
00000000
00000000
00000000
00000000
00000000
00000000
00000000
00000000
00000000
00000000
00000000
00000000
00000000
00000000
00000000
00000000
00000000
00000000
00000000
00000000
00000000
00000000
00000000
00000000
00000000
00000000
00000000
00000000
00000000
00000000
00000000
00000000
00000000
00000000
00000000
00000000
00000000
00000000
00000000
00000000
00000000
00000000
00000000
00000000
00000000
00000000
00000000
00000000
00000000
00000000
00000000
00000000
00000000
00000000
00000000
00000000
00000000
00000000
00000000
00000000
00000000
00000000
00000000
00000000
0d1b0883
6dc35338
d2e24b19
d6c929f4
c2b91150
b9b81150
b8b81150
b8b81151
b8b81151
b8b81151
b8b81151
b8b81172
b8b81172
b8b81172
b8b81172
b8b81973
b8b81973
b8b81973
b8b81993
b8b81994
b8b81994
b8b81994
b8b81994
b9b81995
bcb819b5
c1bc19d6
c9c22218
d2cc329b
dbd7431d
dce1539f
cae95c1f
a2d55bfe
6d9542d7
3943214b
140e0842
04000000
00000000
00000000
00000000
00000000
00000000
00000000
00000000
00000000
00000000
00000000
00000000
00000000
00000000
00000000
00000000
00000000
00000000
00000000
00000000
00000000
00000000
00000000
00000000
00000000
00000000
00000000
00000000
00000000
00000000
00000000
00000000
00000000
00000000
00000000
00000000
00000000
00000000
00000000
00000000
00000000
00000000
00000000
00000000
00000000
00000000
00000000
00000000
00000000
00000000
00000000
00000000
00000000
00000000
00000000
00000000
00000000
00000000
00000000
00000000
00000000
00000000
00000000
00000000
00000000
00000000
00000000
00000000
00000000
00000000
00000000
00000000
00000000
00000000
00000000
00000000
00000000
00000000
00000000
00000000
00000000
00000000
00000000
00000000
00000000
00000000
00000000
00000000
00000000
00000000
00000000
00000000
00000000
00000000
00000000
00000000
00000000
00000000
00000000
00000000
00000000
00000000
00000000
00000000
00000000
00000000
00000000
00000000
00000000
00000000
00000000
00000000
00000000
00000000
00000000
00000000
00000000
00000000
00000000
00000000
00000000
00000000
00000000
00000000
00000000
00000000
00000000
00000000
00000000
00000000
00000000
00000000
00000000
00000000
00000000
00000000
00000000
00000000
00000000
00000000
00000000
00000000
00000000
00000000
00000000
00000000
00000000
00000000
00000000
00000000
00000000
00000000
00000000
00000000
00000000
00000000
00000000
00000000
00000000
00000000
00000000
00000000
00000000
00000000
00000000
00000000
00000000
00000000
00000000
00000000
00000000
00000000
00000000
00000000
00000000
00000000
00000000
00000000
00000000
00000000
00000000
00000000
00000000
00000000
00000000
00000000
00000000
00000000
00000000
00000000
00000000
00000000
00000000
00000000
00000000
00000000
00000000
00000000
00000000
00000000
00000000
00000000
00000000
00000000
00000000
00000000
00000000
00000000
00000000
00000000
00000000
00000000
00000000
00000000
00000000
00000000
00000000
00000000
00000000
00000000
00000000
0f1f0884
71c85338
d3e142f9
d5c821f3
c1b91150
b9b81150
b8b81150
b8b81151
b8b81151
b8b81151
b8b81151
b8b81172
b8b81172
b8b81172
b8b81172
b8b81973
b8b81973
b8b81993
b8b81993
b8b81994
b8b81994
b8b81994
b8b81995
b8b81995
b8b819b5
b9b819b5
bcb819b6
c1bb19d7
c8c22218
d1cb329b
dbd6431e
dde14b9f
cde95c1f
a6d95c1e
729c4b18
3d4a216c
17110843
05010000
00000000
00000000
00000000
00000000
00000000
00000000
00000000
00000000
00000000
00000000
00000000
00000000
00000000
00000000
00000000
00000000
00000000
00000000
00000000
00000000
00000000
00000000
00000000
00000000
00000000
00000000
00000000
00000000
00000000
00000000
00000000
00000000
00000000
00000000
00000000
00000000
00000000
00000000
00000000
00000000
00000000
00000000
00000000
00000000
00000000
00000000
00000000
00000000
00000000
00000000
00000000
00000000
00000000
00000000
00000000
00000000
00000000
00000000
00000000
00000000
00000000
00000000
00000000
00000000
00000000
00000000
00000000
00000000
00000000
00000000
00000000
00000000
00000000
00000000
00000000
00000000
00000000
00000000
00000000
00000000
00000000
00000000
00000000
00000000
00000000
00000000
00000000
00000000
00000000
00000000
00000000
00000000
00000000
00000000
00000000
00000000
00000000
00000000
00000000
00000000
00000000
00000000
00000000
00000000
00000000
00000000
00000000
00000000
00000000
00000000
00000000
00000000
00000000
00000000
00000000
00000000
00000000
00000000
00000000
00000000
00000000
00000000
00000000
00000000
00000000
00000000
00000000
00000000
00000000
00000000
00000000
00000000
00000000
00000000
00000000
00000000
00000000
00000000
00000000
00000000
00000000
00000000
00000000
00000000
00000000
00000000
00000000
00000000
00000000
00000000
00000000
00000000
00000000
00000000
00000000
00000000
00000000
00000000
00000000
00000000
00000000
00000000
00000000
00000000
00000000
00000000
00000000
00000000
00000000
00000000
00000000
00000000
00000000
00000000
00000000
00000000
00000000
00000000
00000000
00000000
00000000
00000000
00000000
00000000
00000000
00000000
00000000
00000000
00000000
00000000
00000000
00000000
00000000
00000000
00000000
00000000
00000000
00000000
00000000
00000000
00000000
00000000
00000000
00000000
00000000
00000000
00000000
00000000
00000000
00000000
00000000
00000000
00000000
00000000
00000000
00000000
00000000
00000000
11231084
75cc5359
d5e042f9
d4c721d3
c1b91150
b9b81150
b8b81150
b8b81151
b8b81151
b8b81151
b8b81152
b8b81172
b8b81172
b8b81172
b8b81972
b8b81973
b8b81973
b8b81993
b8b81994
b8b81994
b8b81994
b8b81994
b8b81995
b8b81995
b8b819b5
b8b819b5
b8b819b6
b9b819b6
bbb819b6
c0bb19d7
c7c12219
d0ca329b
dad53afe
dde04b9f
cfe85c1f
aadc5c1e
76a34b39
4150218d
19150863
05010000
00000000
00000000
00000000
00000000
00000000
00000000
00000000
00000000
00000000
00000000
00000000
00000000
00000000
00000000
00000000
00000000
00000000
00000000
00000000
00000000
00000000
00000000
00000000
00000000
00000000
00000000
00000000
00000000
00000000
00000000
00000000
00000000
00000000
00000000
00000000
00000000
00000000
00000000
00000000
00000000
00000000
00000000
00000000
00000000
00000000
00000000
00000000
00000000
00000000
00000000
00000000
00000000
00000000
00000000
00000000
00000000
00000000
00000000
00000000
00000000
00000000
00000000
00000000
00000000
00000000
00000000
00000000
00000000
00000000
00000000
00000000
00000000
00000000
00000000
00000000
00000000
00000000
00000000
00000000
00000000
00000000
00000000
00000000
00000000
00000000
00000000
00000000
00000000
00000000
00000000
00000000
00000000
00000000
00000000
00000000
00000000
00000000
00000000
00000000
00000000
00000000
00000000
00000000
00000000
00000000
00000000
00000000
00000000
00000000
00000000
00000000
00000000
00000000
00000000
00000000
00000000
00000000
00000000
00000000
00000000
00000000
00000000
00000000
00000000
00000000
00000000
00000000
00000000
00000000
00000000
00000000
00000000
00000000
00000000
00000000
00000000
00000000
00000000
00000000
00000000
00000000
00000000
00000000
00000000
00000000
00000000
00000000
00000000
00000000
00000000
00000000
00000000
00000000
00000000
00000000
00000000
00000000
00000000
00000000
00000000
00000000
00000000
00000000
00000000
00000000
00000000
00000000
00000000
00000000
00000000
00000000
00000000
00000000
00000000
00000000
00000000
00000000
00000000
00000000
00000000
00000000
00000000
00000000
00000000
00000000
00000000
00000000
00000000
00000000
00000000
00000000
00000000
00000000
00000000
00000000
00000000
00000000
00000000
00000000
00000000
00000000
00000000
00000000
00000000
00000000
00000000
00000000
00000000
00000000
00000000
00000000
00000000
00000000
00000000
00000000
00000000
132710a5
79d05359
d7e042f9
d3c721d3
c0b91150
b9b81150
b8b81151
b8b81151
b8b81151
b8b81151
b8b81172
b8b81172
b8b81172
b8b81172
b8b81973
b8b81973
b8b81973
b8b81993
b8b81994
b8b81994
b8b81994
b8b81994
b8b81995
b8b81995
b8b819b5
b8b819b5
b8b819b6
b8b819b6
b8b819b6
b9b819b6
bbb819d6
bfba19d7
c6c02219
cfc9327b
d9d43afd
dedf4b7f
d1e85bff
aedf641f
7baa4b5a
4249216c
13000000
00000000
00000000
00000000
00000000
00000000
00000000
00000000
00000000
00000000
00000000
00000000
00000000
00000000
00000000
00000000
00000000
00000000
00000000
00000000
00000000
00000000
00000000
00000000
00000000
00000000
00000000
00000000
00000000
00000000
00000000
00000000
00000000
00000000
00000000
00000000
00000000
00000000
00000000
00000000
00000000
00000000
00000000
00000000
00000000
00000000
00000000
00000000
00000000
00000000
00000000
00000000
00000000
00000000
00000000
00000000
00000000
00000000
00000000
00000000
00000000
00000000
00000000
00000000
00000000
00000000
00000000
00000000
00000000
00000000
00000000
00000000
00000000
00000000
00000000
00000000
00000000
00000000
00000000
00000000
00000000
00000000
00000000
00000000
00000000
00000000
00000000
00000000
00000000
00000000
00000000
00000000
00000000
00000000
00000000
00000000
00000000
00000000
00000000
00000000
00000000
00000000
00000000
00000000
00000000
00000000
00000000
00000000
00000000
00000000
00000000
00000000
00000000
00000000
00000000
00000000
00000000
00000000
00000000
00000000
00000000
00000000
00000000
00000000
00000000
00000000
00000000
00000000
00000000
00000000
00000000
00000000
00000000
00000000
00000000
00000000
00000000
00000000
00000000
00000000
00000000
00000000
00000000
00000000
00000000
00000000
00000000
00000000
00000000
00000000
00000000
00000000
00000000
00000000
00000000
00000000
00000000
00000000
00000000
00000000
00000000
00000000
00000000
00000000
00000000
00000000
00000000
00000000
00000000
00000000
00000000
00000000
00000000
00000000
00000000
00000000
00000000
00000000
00000000
00000000
00000000
00000000
00000000
00000000
00000000
00000000
00000000
00000000
00000000
00000000
00000000
00000000
00000000
00000000
00000000
00000000
00000000
00000000
00000000
00000000
00000000
00000000
00000000
00000000
00000000
00000000
00000000
00000000
00000000
00000000
00000000
00000000
00000000
00000000
00000000
00000000
152b10a5
7dd35359
d8df42d8
d3c621d3
c0b91150
b8b81150
b8b81151
b8b81151
b8b81151
b8b81151
b8b81172
b8b81172
b8b81172
b8b81172
b8b81973
b8b81973
b8b81973
b8b81993
b8b81994
b8b81994
b8b81994
b8b81994
b8b81995
b8b819b5
b8b819b5
b8b819b5
b8b819b6
b8b819b6
b8b819b6
b8b819b6
b8b819d7
b9b819d7
bbb819d7
bfba19d7
c6c02219
cfc82a7b
d8d33afd
dede4b7f
d3e75bff
a1ab4b37
3d000000
00000000
00000000
00000000
00000000
00000000
00000000
00000000
00000000
00000000
00000000
00000000
00000000
00000000
00000000
00000000
00000000
00000000
00000000
00000000
00000000
00000000
00000000
00000000
00000000
00000000
00000000
00000000
00000000
00000000
00000000
00000000
00000000
00000000
00000000
00000000
00000000
00000000
00000000
00000000
00000000
00000000
00000000
00000000
00000000
00000000
00000000
00000000
00000000
00000000
00000000
00000000
00000000
00000000
00000000
00000000
00000000
00000000
00000000
00000000
00000000
00000000
00000000
00000000
00000000
00000000
00000000
00000000
00000000
00000000
00000000
00000000
00000000
00000000
00000000
00000000
00000000
00000000
00000000
00000000
00000000
00000000
00000000
00000000
00000000
00000000
00000000
00000000
00000000
00000000
00000000
00000000
00000000
00000000
00000000
00000000
00000000
00000000
00000000
00000000
00000000
00000000
00000000
00000000
00000000
00000000
00000000
00000000
00000000
00000000
00000000
00000000
00000000
00000000
00000000
00000000
00000000
00000000
00000000
00000000
00000000
00000000
00000000
00000000
00000000
00000000
00000000
00000000
00000000
00000000
00000000
00000000
00000000
00000000
00000000
00000000
00000000
00000000
00000000
00000000
00000000
00000000
00000000
00000000
00000000
00000000
00000000
00000000
00000000
00000000
00000000
00000000
00000000
00000000
00000000
00000000
00000000
00000000
00000000
00000000
00000000
00000000
00000000
00000000
00000000
00000000
00000000
00000000
00000000
00000000
00000000
00000000
00000000
00000000
00000000
00000000
00000000
00000000
00000000
00000000
00000000
00000000
00000000
00000000
00000000
00000000
00000000
00000000
00000000
00000000
00000000
00000000
00000000
00000000
00000000
00000000
00000000
00000000
00000000
00000000
00000000
00000000
00000000
00000000
00000000
00000000
00000000
00000000
00000000
00000000
00000000
00000000
00000000
00000000
00000000
00000000
173010e6
81d6535a
d9de42d8
d2c521d3
bfb81150
b8b81150
b8b81151
b8b81151
b8b81151
b8b81151
b8b81172
b8b81172
b8b81172
b8b81172
b8b81973
b8b81973
b8b81973
b8b81993
b8b81994
b8b81994
b8b81994
b8b81994
b8b81995
b8b819b5
b8b819b5
b8b819b5
b8b819b6
b8b819b6
b8b819b6
b8b819b6
b8b819d7
b8b819d7
b8b819d7
b9b819d7
bbb819d7
bfba19d7
c5bf2218
cec72a7b
d8d23add
c2a53297
54000000
00000000
00000000
00000000
00000000
00000000
00000000
00000000
00000000
00000000
00000000
00000000
00000000
00000000
00000000
00000000
00000000
00000000
00000000
00000000
00000000
00000000
00000000
00000000
00000000
00000000
00000000
00000000
00000000
00000000
00000000
00000000
00000000
00000000
00000000
00000000
00000000
00000000
00000000
00000000
00000000
00000000
00000000
00000000
00000000
00000000
00000000
00000000
00000000
00000000
00000000
00000000
00000000
00000000
00000000
00000000
00000000
00000000
00000000
00000000
00000000
00000000
00000000
00000000
00000000
00000000
00000000
00000000
00000000
00000000
00000000
00000000
00000000
00000000
00000000
00000000
00000000
00000000
00000000
00000000
00000000
00000000
00000000
00000000
00000000
00000000
00000000
00000000
00000000
00000000
00000000
00000000
00000000
00000000
00000000
00000000
00000000
00000000
00000000
00000000
00000000
00000000
00000000
00000000
00000000
00000000
00000000
00000000
00000000
00000000
00000000
00000000
00000000
00000000
00000000
00000000
00000000
00000000
00000000
00000000
00000000
00000000
00000000
00000000
00000000
00000000
00000000
00000000
00000000
00000000
00000000
00000000
00000000
00000000
00000000
00000000
00000000
00000000
00000000
00000000
00000000
00000000
00000000
00000000
00000000
00000000
00000000
00000000
00000000
00000000
00000000
00000000
00000000
00000000
00000000
00000000
00000000
00000000
00000000
00000000
00000000
00000000
00000000
00000000
00000000
00000000
00000000
00000000
00000000
00000000
00000000
00000000
00000000
00000000
00000000
00000000
00000000
00000000
00000000
00000000
00000000
00000000
00000000
00000000
00000000
00000000
00000000
00000000
00000000
00000000
00000000
00000000
00000000
00000000
00000000
00000000
00000000
00000000
00000000
00000000
00000000
00000000
00000000
00000000
00000000
00000000
00000000
00000000
00000000
00000000
00000000
00000000
00000000
00000000
00000000
00000000
193518e6
85d9537a
dbdd42d8
d1c521b3
bfb81150
b8b81150
b8b81151
b8b81151
b8b81151
b8b81152
b8b81172
b8b81172
b8b81172
b8b81172
b8b81973
b8b81973
b8b81993
b8b81993
b8b81994
b8b81994
b8b81994
b8b81995
b8b81995
b8b819b5
b8b819b5
b8b819b5
b8b819b6
b8b819b6
b8b819b6
b8b819d6
b8b819d7
b8b819d7
b8b819d7
b8b819d7
b8b819d7
b8b819d7
bab819d7
beba19d7
c5c02219
b39621d4
4f000000
00000000
00000000
00000000
00000000
00000000
00000000
00000000
00000000
00000000
00000000
00000000
00000000
00000000
00000000
00000000
00000000
00000000
00000000
00000000
00000000
00000000
00000000
00000000
00000000
00000000
00000000
00000000
00000000
00000000
00000000
00000000
00000000
00000000
00000000
00000000
00000000
00000000
00000000
00000000
00000000
00000000
00000000
00000000
00000000
00000000
00000000
00000000
00000000
00000000
00000000
00000000
00000000
00000000
00000000
00000000
00000000
00000000
00000000
00000000
00000000
00000000
00000000
00000000
00000000
00000000
00000000
00000000
00000000
00000000
00000000
00000000
00000000
00000000
00000000
00000000
00000000
00000000
00000000
00000000
00000000
00000000
00000000
00000000
00000000
00000000
00000000
00000000
00000000
00000000
00000000
00000000
00000000
00000000
00000000
00000000
00000000
00000000
00000000
00000000
00000000
00000000
00000000
00000000
00000000
00000000
00000000
00000000
00000000
00000000
00000000
00000000
00000000
00000000
00000000
00000000
00000000
00000000
00000000
00000000
00000000
00000000
00000000
00000000
00000000
00000000
00000000
00000000
00000000
00000000
00000000
00000000
00000000
00000000
00000000
00000000
00000000
00000000
00000000
00000000
00000000
00000000
00000000
00000000
00000000
00000000
00000000
00000000
00000000
00000000
00000000
00000000
00000000
00000000
00000000
00000000
00000000
00000000
00000000
00000000
00000000
00000000
00000000
00000000
00000000
00000000
00000000
00000000
00000000
00000000
00000000
00000000
00000000
00000000
00000000
00000000
00000000
00000000
00000000
00000000
00000000
00000000
00000000
00000000
00000000
00000000
00000000
00000000
00000000
00000000
00000000
00000000
00000000
00000000
00000000
00000000
00000000
00000000
00000000
00000000
00000000
00000000
00000000
00000000
00000000
00000000
00000000
00000000
00000000
00000000
00000000
00000000
00000000
00000000
00000000
00000000
1c3a18e7
89dc537a
dbdc42b8
d0c421b3
beb81150
b8b81151
b8b81151
b8b81151
b8b81151
b8b81152
b8b81172
b8b81172
b8b81172
b8b81972
b8b81973
b8b81973
b8b81993
b8b81994
b8b81994
b8b81994
b8b81994
b8b81995
b8b81995
b8b819b5
b8b819b5
b8b819b6
b8b819b6
b8b819b6
b8b819b6
b8b819d7
b8b819d7
b8b819d7
b8b819d7
b8b819d7
b8b819d7
b8b819d7
b8b919d7
babf2219
c0ca329b
b0a13256
4e000000
00000000
00000000
00000000
00000000
00000000
00000000
00000000
00000000
00000000
00000000
00000000
00000000
00000000
00000000
00000000
00000000
00000000
00000000
00000000
00000000
00000000
00000000
00000000
00000000
00000000
00000000
00000000
00000000
00000000
00000000
00000000
00000000
00000000
00000000
00000000
00000000
00000000
00000000
00000000
00000000
00000000
00000000
00000000
00000000
00000000
00000000
00000000
00000000
00000000
00000000
00000000
00000000
00000000
00000000
00000000
00000000
00000000
00000000
00000000
00000000
00000000
00000000
00000000
00000000
00000000
00000000
00000000
00000000
00000000
00000000
00000000
00000000
00000000
00000000
00000000
00000000
00000000
00000000
00000000
00000000
00000000
00000000
00000000
00000000
00000000
00000000
00000000
00000000
00000000
00000000
00000000
00000000
00000000
00000000
00000000
00000000
00000000
00000000
00000000
00000000
00000000
00000000
00000000
00000000
00000000
00000000
00000000
00000000
00000000
00000000
00000000
00000000
00000000
00000000
00000000
00000000
00000000
00000000
00000000
00000000
00000000
00000000
00000000
00000000
00000000
00000000
00000000
00000000
00000000
00000000
00000000
00000000
00000000
00000000
00000000
00000000
00000000
00000000
00000000
00000000
00000000
00000000
00000000
00000000
00000000
00000000
00000000
00000000
00000000
00000000
00000000
00000000
00000000
00000000
00000000
00000000
00000000
00000000
00000000
00000000
00000000
00000000
00000000
00000000
00000000
00000000
00000000
00000000
00000000
00000000
00000000
00000000
00000000
00000000
00000000
00000000
00000000
00000000
00000000
00000000
00000000
00000000
00000000
00000000
00000000
00000000
00000000
00000000
00000000
00000000
00000000
00000000
00000000
00000000
00000000
00000000
00000000
00000000
00000000
00000000
00000000
00000000
00000000
00000000
00000000
00000000
00000000
00000000
00000000
00000000
00000000
00000000
00000000
00000000
00000000
1f401908
8dde537b
dcdb3ab8
d0c321b3
beb81150
b8b81151
b8b81151
b8b81151
b8b81151
b8b81172
b8b81172
b8b81172
b8b81172
b8b81973
b8b81973
b8b81973
b8b81993
b8b81994
b8b81994
b8b81994
b8b81994
b8b81995
b8b81995
b8b819b5
b8b819b5
b8b819b6
b8b819b6
b8b819b6
b8b819b6
b8b819d7
b8b819d7
b8b819d7
b8b819d7
b8b819d7
b8b819d7
b9bc21f8
bdc52a5a
c4d33afd
cfe153bf
beae4b17
54000000
00000000
00000000
00000000
00000000
00000000
00000000
00000000
00000000
00000000
00000000
00000000
00000000
00000000
00000000
00000000
00000000
00000000
00000000
00000000
00000000
00000000
00000000
00000000
00000000
00000000
00000000
00000000
00000000
00000000
00000000
00000000
00000000
00000000
00000000
00000000
00000000
00000000
00000000
00000000
00000000
00000000
02060820
050c0840
04020000
01000000
00000000
00000000
00000000
00000000
00000000
00000000
00000000
00000000
00000000
00000000
00000000
00000000
00000000
00000000
00000000
00000000
00000000
00000000
00000000
00000000
00000000
00000000
00000000
00000000
00000000
00000000
00000000
00000000
00000000
00000000
00000000
00000000
00000000
00000000
00000000
00000000
00000000
00000000
00000000
00000000
00000000
00000000
00000000
00000000
00000000
00000000
00000000
00000000
00000000
00000000
00000000
00000000
00000000
00000000
00000000
00000000
00000000
00000000
00000000
00000000
00000000
00000000
00000000
00000000
00000000
00000000
00000000
00000000
00000000
00000000
00000000
00000000
00000000
00000000
00000000
00000000
00000000
00000000
00000000
00000000
00000000
00000000
00000000
00000000
00000000
00000000
00000000
00000000
00000000
00000000
00000000
00000000
00000000
00000000
00000000
00000000
00000000
00000000
00000000
00000000
00000000
00000000
00000000
00000000
00000000
00000000
00000000
00000000
00000000
00000000
00000000
00000000
00000000
00000000
00000000
00000000
00000000
00000000
00000000
00000000
00000000
00000000
00000000
00000000
00000000
00000000
00000000
00000000
00000000
00000000
00000000
00000000
00000000
00000000
00000000
00000000
00000000
00000000
00000000
00000000
00000000
00000000
00000000
00000000
00000000
00000000
00000000
00000000
00000000
00000000
00000000
00000000
00000000
00000000
00000000
00000000
00000000
00000000
00000000
00000000
00000000
00000000
00000000
00000000
00000000
00000000
00000000
00000000
00000000
00000000
21451928
91e0537b
ddda3ab8
cfc321b2
beb81150
b8b81151
b8b81151
b8b81151
b8b81151
b8b81172
b8b81172
b8b81172
b8b81172
b8b81973
b8b81973
b8b81973
b8b81993
b8b81994
b8b81994
b8b81994
b8b81994
b8b81995
b8b819b5
b8b819b5
b8b819b5
b8b819b6
b8b819b6
b8b819b6
b8b819b6
b8b819d7
b8b819d7
b8b819d7
b8b819d7
b9ba19d7
bbc22239
c1ce32bc
cbdc4b5f
d7e85c1f
dacd5bdd
af5e29cf
43000000
00000000
00000000
00000000
00000000
00000000
00000000
00000000
00000000
00000000
00000000
00000000
00000000
00000000
00000000
00000000
00000000
00000000
00000000
00000000
00000000
00000000
00000000
00000000
00000000
00000000
00000000
00000000
00000000
00000000
00000000
00000000
00000000
00000000
00000000
00000000
00000000
00000000
00000000
00000000
030c0840
21796a82
53cdc4e5
6fdbdda5
68b7bcc5
404649e2
12010000
00000000
00000000
00000000
00000000
00000000
00000000
00000000
00000000
00000000
00000000
00000000
00000000
00000000
00000000
00000000
00000000
00000000
00000000
00000000
00000000
00000000
00000000
00000000
00000000
00000000
00000000
00000000
00000000
00000000
00000000
00000000
00000000
00000000
00000000
00000000
00000000
00000000
00000000
00000000
00000000
00000000
00000000
00000000
00000000
00000000
00000000
00000000
00000000
00000000
00000000
00000000
00000000
00000000
00000000
00000000
00000000
00000000
00000000
00000000
00000000
00000000
00000000
00000000
00000000
00000000
00000000
00000000
00000000
00000000
00000000
00000000
00000000
00000000
00000000
00000000
00000000
00000000
00000000
00000000
00000000
00000000
00000000
00000000
00000000
00000000
00000000
00000000
00000000
00000000
00000000
00000000
00000000
00000000
00000000
00000000
00000000
00000000
00000000
00000000
00000000
00000000
00000000
00000000
00000000
00000000
00000000
00000000
00000000
00000000
00000000
00000000
00000000
00000000
00000000
00000000
00000000
00000000
00000000
00000000
00000000
00000000
00000000
00000000
00000000
00000000
00000000
00000000
00000000
00000000
00000000
00000000
00000000
00000000
00000000
00000000
00000000
00000000
00000000
00000000
00000000
00000000
00000000
00000000
00000000
00000000
00000000
00000000
00000000
00000000
00000000
00000000
00000000
00000000
00000000
00000000
00000000
00000000
00000000
00000000
00000000
00000000
00000000
00000000
00000000
00000000
00000000
00000000
00000000
00000000
244c2149
95e2539b
ded93ab7
cec221b2
bdb81150
b8b81151
bbc629b1
c2d439f2
c7d84212
c1bb1972
b9b81172
b8b81172
b8b81172
b8b81973
b8b81973
b8b81993
b8b81993
b8b81994
b8b81994
b8b81994
b8b81994
b8b81995
b8b819b5
b8b819b5
b8b819b5
b8b819b6
b8b819b6
b8b819b6
b8b819b6
b8b819d7
b8b819d7
b8b919d7
bdc93a57
c1ca329b
c7d7433e
d3e553df
dbdf641f
ce9642f7
9f311908
58040021
18000000
00000000
00000000
00000000
00000000
00000000
00000000
00000000
00000000
00000000
00000000
00000000
00000000
00000000
00000000
00000000
00000000
00000000
00000000
00000000
00000000
00000000
00000000
00000000
00000000
00000000
00000000
00000000
00000000
00000000
00000000
00000000
00000000
00000000
00000000
00000000
00000000
00000000
00000000
01050000
2ca172e3
86f2d565
caf2ee06
e3f2fe46
ddf2fe66
b6eaff4d
604f62e6
14000000
00000000
00000000
00000000
00000000
00000000
00000000
00000000
00000000
00000000
00000000
00000000
00000000
00000000
00000000
00000000
00000000
00000000
00000000
00000000
00000000
00000000
00000000
00000000
00000000
00000000
00000000
00000000
00000000
00000000
00000000
00000000
00000000
00000000
00000000
00000000
00000000
00000000
00000000
00000000
00000000
00000000
00000000
00000000
00000000
00000000
00000000
00000000
00000000
00000000
00000000
00000000
00000000
00000000
00000000
00000000
00000000
00000000
00000000
00000000
00000000
00000000
00000000
00000000
00000000
00000000
00000000
00000000
00000000
00000000
00000000
00000000
00000000
00000000
00000000
00000000
00000000
00000000
00000000
00000000
00000000
00000000
00000000
00000000
00000000
00000000
00000000
00000000
00000000
00000000
00000000
00000000
00000000
00000000
00000000
00000000
00000000
00000000
00000000
00000000
00000000
00000000
00000000
00000000
00000000
00000000
00000000
00000000
00000000
00000000
00000000
00000000
00000000
00000000
00000000
00000000
00000000
00000000
00000000
00000000
00000000
00000000
00000000
00000000
00000000
00000000
00000000
00000000
00000000
00000000
00000000
00000000
00000000
00000000
00000000
00000000
00000000
00000000
00000000
00000000
00000000
00000000
00000000
00000000
00000000
00000000
00000000
00000000
00000000
00000000
00000000
00000000
00000000
00000000
00000000
00000000
00000000
00000000
00000000
00000000
00000000
00000000
00000000
00000000
00000000
00000000
00000000
00000000
00000000
2752214a
99e4539b
ded93a97
cdc121b2
bdb81150
b8b91951
caf062b2
e1f972d2
e7f872d2
dadd4a32
c2b81172
b8b81172
b8b81972
b8b81973
b8b81973
b8b81993
b8b81993
b8b81994
b8b81994
b8b81994
b8b81995
b8b81995
b8b819b5
b8b819b5
b8b819b6
b8b819b6
b8b819b6
b8b819b6
b8b819d7
b8b819d7
bbc43237
c8ea7376
dafa8c15
e1f683f7
e0eb6c1d
d8b7539b
b351298d
740c0842
35000000
0d000000
01000000
00000000
00000000
00000000
00000000
00000000
00000000
00000000
00000000
00000000
00000000
00000000
00000000
00000000
134c3186
295739c7
253c2945
10050020
01000000
00000000
00000000
00000000
00000000
00000000
00000000
00000000
00000000
00000000
00000000
00000000
00000000
00000000
00000000
00000000
00000000
00000000
00000000
00000000
00000000
13472901
77efbcc5
ddf2e5c6
f2f2f626
f2f2fe66
f2f2fec8
f0f2fff3
bdcacd88
48080820
02000000
00000000
00000000
00000000
00000000
00000000
00000000
00000000
00000000
00000000
00000000
00000000
00000000
00000000
00000000
00000000
00000000
00000000
00000000
00000000
00000000
00000000
00000000
00000000
00000000
00000000
00000000
00000000
00000000
00000000
00000000
00000000
00000000
00000000
00000000
00000000
00000000
00000000
00000000
00000000
00000000
00000000
00000000
00000000
00000000
00000000
00000000
00000000
00000000
00000000
00000000
00000000
00000000
00000000
00000000
00000000
00000000
00000000
00000000
00000000
00000000
00000000
00000000
00000000
00000000
00000000
00000000
00000000
00000000
00000000
00000000
00000000
00000000
00000000
00000000
00000000
00000000
00000000
00000000
00000000
00000000
00000000
00000000
00000000
00000000
00000000
00000000
00000000
00000000
00000000
00000000
00000000
00000000
00000000
00000000
00000000
00000000
00000000
00000000
00000000
00000000
00000000
00000000
00000000
00000000
00000000
00000000
00000000
00000000
00000000
00000000
00000000
00000000
00000000
00000000
00000000
00000000
00000000
00000000
00000000
00000000
00000000
00000000
00000000
00000000
00000000
00000000
00000000
00000000
00000000
00000000
00000000
00000000
00000000
00000000
00000000
00000000
00000000
00000000
00000000
00000000
00000000
00000000
00000000
00000000
00000000
00000000
00000000
00000000
00000000
00000000
00000000
00000000
00000000
00000000
00000000
00000000
00000000
00000000
00000000
00000000
00000000
00000000
00000000
00000000
00000000
00000000
00000000
2a58218b
9de5539c
ded83a97
cdc119b2
bdb81151
becf31d1
dcf972d2
f7f972d3
f9f972d3
f2f86ad2
d3be2192
b9b81172
b8b81972
b8b81973
b8b81973
b8b81993
b8b81994
b8b81994
b8b81994
b8b81994
b8b81995
b8b81995
b8b819b5
b8b819b5
b8b819b6
b8b819b6
b8b819b6
b8b819b6
b8ba19d7
bbc12239
c9e56358
e3fb8c15
f7fc9416
fafa9415
e5ba6b32
9e1c1084
49010000
17000000
03000000
00000000
00000000
00000000
00000000
00000000
00000000
00000000
00000000
00000000
00000000
00000000
00000000
00000000
00000000
0e3a2125
5ae38c92
9be59493
97e59493
5e5331a7
16000000
00000000
00000000
00000000
00000000
00000000
00000000
00000000
00000000
00000000
00000000
00000000
00000000
00000000
00000000
00000000
00000000
00000000
00000000
00000000
01040000
40b47b23
b7f2d565
f1f2ee06
f2f2fe46
f2f2fe66
f2f2ff6c
f2f2ffb1
e6ead546
772018a0
0a000000
00000000
00000000
00000000
00000000
00000000
00000000
00000000
00000000
00000000
00000000
00000000
00000000
00000000
00000000
00000000
00000000
00000000
00000000
00000000
00000000
00000000
00000000
00000000
00000000
00000000
00000000
00000000
00000000
00000000
00000000
00000000
00000000
00000000
00000000
00000000
00000000
00000000
00000000
00000000
00000000
00000000
00000000
00000000
00000000
00000000
00000000
00000000
00000000
00000000
00000000
00000000
00000000
00000000
00000000
00000000
00000000
00000000
00000000
00000000
00000000
00000000
00000000
00000000
00000000
00000000
00000000
00000000
00000000
00000000
00000000
00000000
00000000
00000000
00000000
00000000
00000000
00000000
00000000
00000000
00000000
00000000
00000000
00000000
00000000
00000000
00000000
00000000
00000000
00000000
00000000
00000000
00000000
00000000
00000000
00000000
00000000
00000000
00000000
00000000
00000000
00000000
00000000
00000000
00000000
00000000
00000000
00000000
00000000
00000000
00000000
00000000
00000000
00000000
00000000
00000000
00000000
00000000
00000000
00000000
00000000
00000000
00000000
00000000
00000000
00000000
00000000
00000000
00000000
00000000
00000000
00000000
00000000
00000000
00000000
00000000
00000000
00000000
00000000
00000000
00000000
00000000
00000000
00000000
00000000
00000000
00000000
00000000
00000000
00000000
00000000
00000000
00000000
00000000
00000000
00000000
00000000
00000000
00000000
00000000
00000000
00000000
00000000
00000000
01040000
050f0841
0c2110a2
15342104
45894a6d
adee6bf9
e4e55b55
d5d54ab2
c7cd3a51
c9cf3a51
e3f67312
f8f97312
f9f972f2
f4e55272
d5b81172
b9b81172
b8b81973
b8b81973
b8b81973
b8b81993
b8b81994
b8b81994
b8b81994
b8b81994
b8b81995
b8b81995
b8b819b5
b8b819b5
b8b819b6
b8b819b6
b8b919d6
babe21f8
bec82a7b
c6d6431e
dbf073da
f3fc9415
faf58c15
f5ea8bd3
ce985a6c
5c000000
07000000
00000000
00000000
00000000
00000000
00000000
00000000
00000000
00000000
00000000
00000000
00000000
00000000
00000000
00000000
00000000
00010000
41c97c10
b3e59493
e4e59493
e5e59493
b5b773af
42000000
00000000
00000000
00000000
00000000
00000000
00000000
00000000
00000000
00000000
00000000
00000000
00000000
00000000
00000000
00000000
00000000
00000000
00000000
00000000
103d20e1
79eebca5
e1f2e5a6
f2f2f626
f2f2fe66
f2f2fea7
f2f2fff3
f2f2f6aa
ede7b484
831a1060
0e000000
00000000
00000000
00000000
00000000
00000000
00000000
00000000
00000000
00000000
00000000
00000000
00000000
00000000
00000000
00000000
00000000
00000000
00000000
00000000
00000000
00000000
00000000
00000000
00000000
00000000
00000000
00000000
00000000
00000000
00000000
00000000
00000000
00000000
00000000
00000000
00000000
00000000
00000000
00000000
00000000
00000000
00000000
00000000
00000000
00000000
00000000
00000000
00000000
00000000
00000000
00000000
00000000
00000000
00000000
00000000
00000000
00000000
00000000
00000000
00000000
00000000
00000000
00000000
00000000
00000000
00000000
00000000
00000000
00000000
00000000
00000000
00000000
00000000
00000000
00000000
00000000
00000000
00000000
00000000
00000000
00000000
00000000
00000000
00000000
00000000
00000000
00000000
00000000
00000000
00000000
00000000
00000000
00000000
00000000
00000000
00000000
00000000
00000000
00000000
00000000
00000000
00000000
00000000
00000000
00000000
00000000
00000000
00000000
00000000
00000000
00000000
00000000
00000000
00000000
00000000
00000000
00000000
00000000
00000000
00000000
00000000
00000000
00000000
00000000
00000000
00000000
00000000
00000000
00000000
00000000
00000000
00000000
00000000
00000000
00000000
00000000
00000000
00000000
00000000
00000000
00000000
00000000
00000000
00000000
00000000
00000000
00000000
00000000
00000000
00000000
00000000
00000000
00000000
00000000
00000000
00000000
00000000
00000000
00000000
00000000
01040000
081b1082
18462945
31794a49
4ca56b2c
66c47bef
7cd78c50
a0ec9cd3
d8fda514
f3fb9d14
ecf99cf4
e5f79cd3
e2f594b3
edf89493
f9fb9453
f9f683d2
ecdb52d2
cfc52a12
bcbc1992
b9b81973
b8b81973
b8b81973
b8b81993
b8b81994
b8b81994
b8b81994
b8b81994
b8b81995
b8b819b5
b8b819b5
b8b819b5
b8b819b6
b9bb19d7
bcc42a39
c3d13add
cee04b9f
d9e75c1f
ddc66399
e1d27b72
eae78bb3
e4cc7b50
a5442925
37000000
00000000
00000000
00000000
00000000
00000000
00000000
00000000
00000000
00000000
00000000
00000000
00000000
00000000
00000000
00000000
00000000
00000000
57925aec
c9e59493
e5e59493
e5e59493
ceb973af
5d030020
01000000
00000000
00000000
00000000
00000000
00000000
00000000
00000000
00000000
00000000
00000000
00000000
00000000
00000000
00000000
00000000
00000000
00000000
01020000
3aaa72e3
b2f2d545
f1f2ede6
f2f2fe46
f2f2fe66
f2f2ff4c
f2f2ffb2
f2f2dd86
dfb27b03
6d030000
07000000
00000000
00000000
00000000
00000000
00000000
00000000
00000000
00000000
00000000
00000000
00000000
00000000
00000000
00000000
00000000
00000000
00000000
00000000
00000000
00000000
00000000
00000000
00000000
00000000
00000000
00000000
00000000
00000000
00000000
00000000
00000000
00000000
00000000
00000000
00000000
00000000
00000000
00000000
00000000
00000000
00000000
00000000
00000000
00000000
00000000
00000000
00000000
00000000
00000000
00000000
00000000
00000000
00000000
00000000
00000000
00000000
00000000
00000000
00000000
00000000
00000000
00000000
00000000
00000000
00000000
00000000
00000000
00000000
00000000
00000000
00000000
00000000
00000000
00000000
00000000
00000000
00000000
00000000
00000000
00000000
00000000
00000000
00000000
00000000
00000000
00000000
00000000
00000000
00000000
00000000
00000000
00000000
00000000
00000000
00000000
00000000
00000000
00000000
00000000
00000000
00000000
00000000
00000000
00000000
00000000
00000000
00000000
00000000
00000000
00000000
00000000
00000000
00000000
00000000
00000000
00000000
00000000
00000000
00000000
00000000
00000000
00000000
00000000
00000000
00000000
00000000
00000000
00000000
00000000
00000000
00000000
00000000
00000000
00000000
00000000
00000000
00000000
00000000
00000000
00000000
00000000
00000000
00000000
00000000
00000000
00000000
00000000
00000000
00000000
00000000
00000000
00000000
00000000
00000000
00000000
00000000
00000000
00000000
00010000
030b0841
0e2718a3
254b3165
49794a49
78aa6b4c
a7d48c50
caec9cf2
def2a533
ebf8ad75
f8feb5b6
fdfdb5b6
fbfcb596
fafbb596
f9fbb575
f9fbad75
fafbad55
fafba534
f1f89cf4
e2f18c53
d5e26373
c9ce4273
bfbe21d3
baba1993
bfd221b5
c8de21f6
c3bc1994
b9b81994
b8b81994
b8b81995
b8b819b5
b8b819b5
b8ba19b6
bbc02218
c0cc329b
cadb435e
d6e75bff
dbd45bfe
c67c3a73
922010a5
70060021
844f3146
830c0821
47000000
11000000
00000000
00000000
00000000
00000000
00000000
00000000
00000000
00000000
00000000
00000000
00000000
00000000
00000000
00000000
00000000
00000000
00000000
302e18e4
a2e38c92
e4e59493
e2da8c52
a62110a3
37000000
01000000
00000000
00000000
00000000
00000000
00000000
00000000
00000000
00000000
00000000
00000000
00000000
00000000
00000000
00000000
00000000
00000000
00000000
0d3318a1
73ecb4a4
def2e5a5
f2f2f626
f2f2fe66
f2f2fea7
f2f2ffd2
f2f2f6ca
f1efbcc5
b6462901
3f000000
01000000
00000000
00000000
00000000
00000000
00000000
00000000
00000000
00000000
00000000
00000000
00000000
00000000
00000000
00000000
00000000
00000000
00000000
00000000
00000000
00000000
00000000
00000000
00000000
00000000
00000000
00000000
00000000
00000000
00000000
00000000
00000000
00000000
00000000
00000000
00000000
00000000
00000000
00000000
00000000
00000000
00000000
00000000
00000000
00000000
00000000
00000000
00000000
00000000
00000000
00000000
00000000
00000000
00000000
00000000
00000000
00000000
00000000
00000000
00000000
00000000
00000000
00000000
00000000
00000000
00000000
00000000
00000000
00000000
00000000
00000000
00000000
00000000
00000000
00000000
00000000
00000000
00000000
00000000
00000000
00000000
00000000
00000000
00000000
00000000
00000000
00000000
00000000
00000000
00000000
00000000
00000000
00000000
00000000
00000000
00000000
00000000
00000000
00000000
00000000
00000000
00000000
00000000
00000000
00000000
00000000
00000000
00000000
00000000
00000000
00000000
00000000
00000000
00000000
00000000
00000000
00000000
00000000
00000000
00000000
00000000
00000000
00000000
00000000
00000000
00000000
00000000
00000000
00000000
00000000
00000000
00000000
00000000
00000000
00000000
00000000
00000000
00000000
00000000
00000000
00000000
00000000
00000000
00000000
00000000
00000000
00000000
00000000
00000000
00000000
00000000
00000000
00000000
00000000
00000000
00000000
00000000
00000000
00000000
00000000
03000000
0d000000
1d000000
32040020
4e130861
72372104
9c774a49
c5be7bce
e6f29cf3
f9fead75
fdfdb5b6
fcfcbdf7
fbfbc617
fbfbc617
fbfbbdf7
fbfbbdd7
fbfbb5b6
fafbb596
f8fbad75
f2fba534
e8f694b3
dae673d3
cfdd42b4
d8f83238
e8f83218
dde329f7
c4b81994
b8b81995
b8b81995
b8b819b5
b9bd21d7
bec82a59
c6d53afd
d1e353bf
dbe25c1f
d1a14b18
a53a1929
64060021
28000000
09000000
15000000
17000000
03000000
00000000
00000000
00000000
00000000
00000000
00000000
00000000
00000000
00000000
00000000
00000000
00000000
00000000
00000000
00000000
00000000
00000000
00000000
0c000000
45020000
791a1082
7e2010a3
47000000
08000000
00000000
00000000
00000000
00000000
00000000
00000000
00000000
00000000
00000000
00000000
00000000
00000000
00000000
00000000
00000000
00000000
00000000
00010000
359f6aa3
acf2d545
f0f2ede6
f2f2fe46
f2f2fe66
f2f2ff4b
f2f2ffd2
f2f2dda6
e4bc8343
7e060020
13000000
00000000
00000000
00000000
00000000
00000000
00000000
00000000
00000000
00000000
00000000
00000000
00000000
00000000
00000000
00000000
00000000
00000000
00000000
00000000
00000000
00000000
00000000
00000000
00000000
00000000
00000000
00000000
00000000
00000000
00000000
00000000
00000000
00000000
00000000
00000000
00000000
00000000
00000000
00000000
00000000
00000000
00000000
00000000
00000000
00000000
00000000
00000000
00000000
00000000
00000000
00000000
00000000
00000000
00000000
00000000
00000000
00000000
00000000
00000000
00000000
00000000
00000000
00000000
00000000
00000000
00000000
00000000
00000000
00000000
00000000
00000000
00000000
00000000
00000000
00000000
00000000
00000000
00000000
00000000
00000000
00000000
00000000
00000000
00000000
00000000
00000000
00000000
00000000
00000000
00000000
00000000
00000000
00000000
00000000
00000000
00000000
00000000
00000000
00000000
00000000
00000000
00000000
00000000
00000000
00000000
00000000
00000000
00000000
00000000
00000000
00000000
00000000
00000000
00000000
00000000
00000000
00000000
00000000
00000000
00000000
00000000
00000000
00000000
00000000
00000000
00000000
00000000
00000000
00000000
00000000
00000000
00000000
00000000
00000000
00000000
00000000
00000000
00000000
00000000
00000000
00000000
00000000
00000000
00000000
00000000
00000000
00000000
00000000
00000000
00000000
00000000
00000000
00000000
00000000
00000000
00000000
00000000
00000000
00000000
00000000
00000000
00000000
00000000
01000000
06000000
13000000
2d050020
582718c3
a1af6330
e6fa94d5
fcfca534
fcfcad75
fbfbbdd6
fbfbc638
fbfbce59
fbfbce79
fbfbc638
fbfbc618
fbfbbdf7
fbfbb5b6
fafbad75
f4fba534
eef994b4
f3fc6bb5
f9f94297
ede029f7
cdb81994
b8b81995
b9bb19b6
bcc42a18
c2d03abb
cddf4b7e
d9e75c1f
d8c0539c
b85c29cf
7c100842
3b000000
10000000
01000000
00000000
00000000
00000000
00000000
00000000
00000000
00000000
00000000
00000000
00000000
00000000
00000000
00000000
00000000
00000000
00000000
00000000
00000000
00000000
00000000
00000000
00000000
00000000
01000000
07000000
0f000000
08000000
00000000
00000000
00000000
00000000
00000000
00000000
00000000
00000000
00000000
00000000
00000000
00000000
00000000
00000000
00000000
00000000
00000000
00000000
0b2b1881
6de8b484
dbf2dda5
f2f2f626
f2f2fe66
f2f2fe87
f2f2ffd2
f2f2f6eb
f2f0c4e5
bc513141
45000000
01000000
00000000
00000000
00000000
00000000
00000000
00000000
00000000
00000000
00000000
00000000
00000000
00000000
00000000
00000000
00000000
00000000
00000000
00000000
00000000
00000000
00000000
00000000
00000000
00000000
00000000
00000000
00000000
00000000
00000000
00000000
00000000
00000000
00000000
00000000
00000000
00000000
00000000
00000000
00000000
00000000
00000000
00000000
00000000
00000000
00000000
00000000
00000000
00000000
00000000
00000000
00000000
00000000
00000000
00000000
00000000
00000000
00000000
00000000
00000000
00000000
00000000
00000000
00000000
00000000
00000000
00000000
00000000
00000000
00000000
00000000
00000000
00000000
00000000
00000000
00000000
00000000
00000000
00000000
00000000
00000000
00000000
00000000
00000000
00000000
00000000
00000000
00000000
00000000
00000000
00000000
00000000
00000000
00000000
00000000
00000000
00000000
00000000
00000000
00000000
00000000
00000000
00000000
00000000
00000000
00000000
00000000
00000000
00000000
00000000
00000000
00000000
00000000
00000000
00000000
00000000
00000000
00000000
00000000
00000000
00000000
00000000
00000000
00000000
00000000
00000000
00000000
00000000
00000000
00000000
00000000
00000000
00000000
00000000
00000000
00000000
00000000
00000000
00000000
00000000
00000000
00000000
00000000
00000000
00000000
00000000
00000000
00000000
00000000
00000000
00000000
00000000
00000000
00000000
00000000
00000000
00000000
00000000
00000000
00000000
00000000
00000000
00000000
00000000
00000000
00000000
00000000
01000000
0c030000
57813a30
c6ee63da
f5ef73f4
f8f99cf4
fbfbad55
fbfbb5b6
fbfbc618
fbfbce79
fbfbd6ba
fbfbd69a
fbfbce79
fbfbc638
fbfbbdf7
fbfbb5b6
fbfbad75
fbfca514
faf68434
e8d142b4
c9bc21d5
bbc021f7
c0cc327a
c9da431d
d5e75bdf
dbd75bfe
c8823a74
932310a5
50020000
1b000000
04000000
00000000
00000000
00000000
00000000
00000000
00000000
00000000
00000000
00000000
00000000
00000000
00000000
00000000
00000000
00000000
00000000
00000000
00000000
00000000
00000000
00000000
00000000
00000000
00000000
00000000
00000000
00000000
00000000
00000000
00000000
00000000
00000000
00000000
00000000
00000000
00000000
00000000
00000000
00000000
00000000
00000000
00000000
00000000
00000000
00000000
00000000
00010000
30936262
a6f2cd25
f0f2ede6
f2f2fe46
f2f2fe66
f2f2ff2a
f2f2ffd3
f2f2ddc6
e6c68b83
84090020
16000000
00000000
00000000
00000000
00000000
00000000
00000000
00000000
00000000
00000000
00000000
00000000
00000000
00000000
00000000
00000000
00000000
00000000
00000000
00000000
00000000
00000000
00000000
00000000
00000000
00000000
00000000
00000000
00000000
00000000
00000000
00000000
00000000
00000000
00000000
00000000
00000000
00000000
00000000
00000000
00000000
00000000
00000000
00000000
00000000
00000000
00000000
00000000
00000000
00000000
00000000
00000000
00000000
00000000
00000000
00000000
00000000
00000000
00000000
00000000
00000000
00000000
00000000
00000000
00000000
00000000
00000000
00000000
00000000
00000000
00000000
00000000
00000000
00000000
00000000
00000000
00000000
00000000
00000000
00000000
00000000
00000000
00000000
00000000
00000000
00000000
00000000
00000000
00000000
00000000
00000000
00000000
00000000
00000000
00000000
00000000
00000000
00000000
00000000
00000000
00000000
00000000
00000000
00000000
00000000
00000000
00000000
00000000
00000000
00000000
00000000
00000000
00000000
00000000
00000000
00000000
00000000
00000000
00000000
00000000
00000000
00000000
00000000
00000000
00000000
00000000
00000000
00000000
00000000
00000000
00000000
00000000
00000000
00000000
00000000
00000000
00000000
00000000
00000000
00000000
00000000
00000000
00000000
00000000
00000000
00000000
00000000
00000000
00000000
00000000
00000000
00000000
00000000
00000000
00000000
00000000
00000000
00000000
00000000
00000000
00000000
00000000
00000000
00000000
00010000
00000000
00000000
00000000
00000000
02040001
43863a51
b7e9537c
e7d63a96
e7dd5b32
f2f594b3
fafbad55
fbfbb5b6
fbfbc618
fbfbd699
fbfbdefb
fbfbdefb
fbfbd6ba
fbfbce79
fbfbc638
fbfbbdd7
fbfbb596
fafbad55
eef48c94
d8de5b55
ccd742fb
d1e3539f
dbe35bff
d2a64b39
a93f192a
68070021
2b000000
09000000
00000000
00000000
00000000
00000000
00000000
00000000
00000000
00000000
00000000
00000000
00000000
00000000
00000000
00000000
00000000
00000000
00000000
00000000
00000000
00000000
00000000
00000000
00000000
00000000
00000000
00000000
00000000
00000000
00000000
00000000
00000000
00000000
00000000
00000000
00000000
00000000
00000000
00000000
00000000
00000000
00000000
00000000
00000000
00000000
00000000
00000000
00000000
00000000
09231080
67e5ac64
d7f2dda5
f2f2f626
f2f2fe46
f2f2fe87
f2f2ffd1
f2f2f70c
f2f1c505
c15c3961
4b000000
02000000
00000000
00000000
00000000
00000000
00000000
00000000
00000000
00000000
00000000
00000000
00000000
00000000
00000000
00000000
00000000
00000000
00000000
00000000
00000000
00000000
00000000
00000000
00000000
00000000
00000000
00000000
00000000
00000000
00000000
00000000
00000000
00000000
00000000
00000000
00000000
00000000
00000000
00000000
00000000
00000000
00000000
00000000
00000000
00000000
00000000
00000000
00000000
00000000
00000000
00000000
00000000
00000000
00000000
00000000
00000000
00000000
00000000
00000000
00000000
00000000
00000000
00000000
00000000
00000000
00000000
00000000
00000000
00000000
00000000
00000000
00000000
00000000
00000000
00000000
00000000
00000000
00000000
00000000
00000000
00000000
00000000
00000000
00000000
00000000
00000000
00000000
00000000
00000000
00000000
00000000
00000000
00000000
00000000
00000000
00000000
00000000
00000000
00000000
00000000
00000000
00000000
00000000
00000000
00000000
00000000
00000000
00000000
00000000
00000000
00000000
00000000
00000000
00000000
00000000
00000000
00000000
00000000
00000000
00000000
00000000
00000000
00000000
00000000
00000000
00000000
00000000
00000000
00000000
00000000
00000000
00000000
00000000
00000000
00000000
00000000
00000000
00000000
00000000
00000000
00000000
00000000
00000000
00000000
00000000
00000000
00000000
00000000
00000000
00000000
00000000
00000000
00000000
00000000
00000000
00000000
00000000
00000000
00000000
00000000
00000000
00000000
00010000
238a396a
51ba49cd
5187394a
22010000
00000000
00000000
02050021
478c3a72
b9e9537c
ded13256
d1c021b2
dad64ad2
eff59493
f9fbad55
fbfbbdb6
fbfbc638
fbfbd69a
fbfbe71b
fbfbe73c
fbfbdefb
fbfbd6ba
fbfbce59
fbfbc617
fbfcb5b6
fafdad75
f2fb9cf5
e9f27c59
ddc85bbb
bc6229ef
7f130863
3e000000
11000000
02000000
00000000
00000000
00000000
00000000
00000000
00000000
00000000
00000000
00000000
00000000
00000000
00000000
00000000
00000000
00000000
00000000
00000000
00000000
00000000
00000000
00000000
00000000
00000000
00000000
00000000
00000000
00000000
00000000
00000000
00000000
00000000
00000000
00000000
00000000
00000000
00000000
00000000
00000000
00000000
00000000
00000000
00000000
00000000
00000000
00000000
00000000
00000000
00000000
00000000
2b885a42
a0f2cd25
eff2ede6
f2f2fe46
f2f2fe66
f2f2ff2a
f2f2ffd3
f2f2e5c7
e9ce93a4
8a0c0820
1a000000
00000000
00000000
00000000
00000000
00000000
00000000
00000000
00000000
00000000
00000000
00000000
00000000
00000000
00000000
00000000
00000000
00000000
00000000
00000000
00000000
00000000
00000000
00000000
00000000
00000000
00000000
00000000
00000000
00000000
00000000
00000000
00000000
00000000
00000000
00000000
00000000
00000000
00000000
00000000
00000000
00000000
00000000
00000000
00000000
00000000
00000000
00000000
00000000
00000000
00000000
00000000
00000000
00000000
00000000
00000000
00000000
00000000
00000000
00000000
00000000
00000000
00000000
00000000
00000000
00000000
00000000
00000000
00000000
00000000
00000000
00000000
00000000
00000000
00000000
00000000
00000000
00000000
00000000
00000000
00000000
00000000
00000000
00000000
00000000
00000000
00000000
00000000
00000000
00000000
00000000
00000000
00000000
00000000
00000000
00000000
00000000
00000000
00000000
00000000
00000000
00000000
00000000
00000000
00000000
00000000
00000000
00000000
00000000
00000000
00000000
00000000
00000000
00000000
00000000
00000000
00000000
00000000
00000000
00000000
00000000
00000000
00000000
00000000
00000000
00000000
00000000
00000000
00000000
00000000
00000000
00000000
00000000
00000000
00000000
00000000
00000000
00000000
00000000
00000000
00000000
00000000
00000000
00000000
00000000
00000000
00000000
00000000
00000000
00000000
00000000
00000000
00000000
00000000
00000000
00000000
00000000
00000000
00000000
00000000
00000000
00000000
00000000
0d341084
6ae75a51
c5e85a51
c4e75a51
725b20e7
17000000
00000000
03060021
4b933a93
bce8537c
dcd03256
c7bc1992
c3bb1991
d7d752d2
eff694b3
fafbad75
fbfbbdd7
fbfbce58
fbfbd6ba
fbfbe73c
fbfbef5c
fbfbe71b
fbfcdeda
fcfcce79
fcfdc638
fdfebdd7
fdfdad75
f7f29cf4
ce8a52ac
710e0841
21000000
05000000
00000000
00000000
00000000
00000000
00000000
00000000
00000000
00000000
00000000
00000000
00000000
00000000
00000000
00000000
00000000
00000000
00000000
00000000
00000000
00000000
00000000
00000000
00000000
00000000
00000000
00000000
00000000
00000000
00000000
00000000
00000000
00000000
00000000
00000000
00000000
00000000
00000000
00000000
00000000
00000000
00000000
00000000
00000000
00000000
00000000
00000000
00000000
00000000
00000000
00000000
071b1060
61e0a424
d3f2dd85
f2f2f606
f2f2fe46
f2f2fe87
f2f2ffd1
f2f2f70d
f2f2cd05
c66741a2
50000000
03000000
00000000
00000000
00000000
00000000
00000000
00000000
00000000
00000000
00000000
00000000
00000000
00000000
00000000
00000000
00000000
00000000
00000000
00000000
00000000
00000000
00000000
00000000
00000000
00000000
00000000
00000000
00000000
00000000
00000000
00000000
00000000
00000000
00000000
00000000
00000000
00000000
00000000
00000000
00000000
00000000
00000000
00000000
00000000
00000000
00000000
00000000
00000000
00000000
00000000
00000000
00000000
00000000
00000000
00000000
00000000
00000000
00000000
00000000
00000000
00000000
00000000
00000000
00000000
00000000
00000000
00000000
00000000
00000000
00000000
00000000
00000000
00000000
00000000
00000000
00000000
00000000
00000000
00000000
00000000
00000000
00000000
00000000
00000000
00000000
00000000
00000000
00000000
00000000
00000000
00000000
00000000
00000000
00000000
00000000
00000000
00000000
00000000
00000000
00000000
00000000
00000000
00000000
00000000
00000000
00000000
00000000
00000000
00000000
00000000
00000000
00000000
00000000
00000000
00000000
00000000
00000000
00000000
00000000
00000000
00000000
00000000
00000000
00000000
00000000
00000000
00000000
00000000
00000000
00000000
00000000
00000000
00000000
00000000
00000000
00000000
00000000
00000000
00000000
00000000
00000000
00000000
00000000
00000000
00000000
00000000
00000000
00000000
00000000
00000000
00000000
00000000
00000000
00000000
00000000
00000000
00000000
00000000
00000000
00000000
00000000
00000000
00000000
235820e6
97e75a51
e8e95a51
e8e75a51
9c4618a5
28000000
00000000
04080021
4f994294
bfe8537c
dccf3256
c6bc1992
bbb81151
c2bd1992
dadd5b32
f2f99cf4
fafbb595
fbfbbdf7
fbfbce79
fbfbdefb
fbfcef5d
fbfcf79d
fcfdef5c
fdfedefb
fdfed6ba
fdfbc638
fbf5bdb6
f6f2ad54
d2db8c71
745f39c7
1d050020
01000000
00000000
00000000
00000000
00000000
00000000
00000000
00000000
00000000
00000000
00000000
00000000
00000000
00000000
00000000
00000000
00000000
00000000
00000000
00000000
00000000
00000000
00000000
00000000
00000000
00000000
00000000
00000000
00000000
00000000
00000000
00000000
00000000
00000000
00000000
00000000
00000000
00000000
00000000
00000000
00000000
00000000
00000000
00000000
00000000
00000000
00000000
00000000
00000000
00000000
00000000
267c5202
9af2cd25
edf2ede6
f2f2f646
f2f2fe66
f2f2ff09
f2f2fff3
f2f2e5e7
ebd59be4
90110840
1e000000
00000000
00000000
00000000
00000000
00000000
00000000
00000000
00000000
00000000
00000000
00000000
00000000
00000000
00000000
00000000
00000000
00000000
00000000
00000000
00000000
00000000
00000000
00000000
00000000
00000000
00000000
00000000
00000000
00000000
00000000
00000000
00000000
00000000
00000000
00000000
00000000
00000000
00000000
00000000
00000000
00000000
00000000
00000000
00000000
00000000
00000000
00000000
00000000
00000000
00000000
00000000
00000000
00000000
00000000
00000000
00000000
00000000
00000000
00000000
00000000
00000000
00000000
00000000
00000000
00000000
00000000
00000000
00000000
00000000
00000000
00000000
00000000
00000000
00000000
00000000
00000000
00000000
00000000
00000000
00000000
00000000
00000000
00000000
00000000
00000000
00000000
00000000
00000000
00000000
00000000
00000000
00000000
00000000
00000000
00000000
00000000
00000000
00000000
00000000
00000000
00000000
00000000
00000000
00000000
00000000
00000000
00000000
00000000
00000000
00000000
00000000
00000000
00000000
00000000
00000000
00000000
00000000
00000000
00000000
00000000
00000000
00000000
00000000
00000000
00000000
00000000
00000000
00000000
00000000
00000000
00000000
00000000
00000000
00000000
00000000
00000000
00000000
00000000
00000000
00000000
00000000
00000000
00000000
00000000
00000000
00000000
00000000
00000000
00000000
00000000
00000000
00000000
00000000
00000000
00000000
00000000
00000000
00000000
00000000
00000000
00000000
00000000
00000000
16010000
7594396b
cdd1520f
d1a541ac
76050000
13000000
00000000
040a0021
539f42b5
c2e7537c
dbce3256
c5bb1972
bab81152
b9b81172
c5c129d2
e0e873d3
f6fba534
fbfbb5b6
fbfbc638
fbfcd6ba
fcfde73c
fcfdf7be
fdfef7be
fdfcef7d
fcf7defb
f9f3d678
f5f2c617
f3f2b5b5
ecf2ad34
bdc9840f
5b3e2924
11010000
00000000
00000000
00000000
00000000
00000000
00000000
00000000
00000000
00000000
00000000
00000000
00000000
00000000
00000000
00000000
00000000
00000000
00000000
00000000
00000000
00000000
00000000
00000000
00000000
00000000
00000000
00000000
00000000
00000000
00000000
00000000
00000000
00000000
00000000
00000000
00000000
00000000
00000000
00000000
00000000
00000000
00000000
00000000
00000000
00000000
00000000
00000000
00000000
00000000
05150840
5bdaa404
cef2dd85
f2f2f606
f2f2fe46
f2f2fe87
f2f2ffb0
f2f2ff2e
f2f2cd25
cb7349c2
56000000
04000000
00000000
00000000
00000000
00000000
00000000
00000000
00000000
00000000
00000000
00000000
00000000
00000000
00000000
00000000
00000000
00000000
00000000
00000000
00000000
00000000
00000000
00000000
00000000
00000000
00000000
00000000
00000000
00000000
00000000
00000000
00000000
00000000
00000000
00000000
00000000
00000000
00000000
00000000
00000000
00000000
00000000
00000000
00000000
00000000
00000000
00000000
00000000
00000000
00000000
00000000
00000000
00000000
00000000
00000000
00000000
00000000
00000000
00000000
00000000
00000000
00000000
00000000
00000000
00000000
00000000
00000000
00000000
00000000
00000000
00000000
00000000
00000000
00000000
00000000
00000000
00000000
00000000
00000000
00000000
00000000
00000000
00000000
00000000
00000000
00000000
00000000
00000000
00000000
00000000
00000000
00000000
00000000
00000000
00000000
00000000
00000000
00000000
00000000
00000000
00000000
00000000
00000000
00000000
00000000
00000000
00000000
00000000
00000000
00000000
00000000
00000000
00000000
00000000
00000000
00000000
00000000
00000000
00000000
00000000
00000000
00000000
00000000
00000000
00000000
00000000
00000000
00000000
00000000
00000000
00000000
00000000
00000000
00000000
00000000
00000000
00000000
00000000
00000000
00000000
00000000
00000000
00000000
00000000
00000000
00000000
00000000
00000000
00000000
00000000
00000000
00000000
00000000
00000000
00000000
00000000
00000000
00000000
00000000
00000000
00000000
00000000
00000000
00000000
00000000
26020000
5a010000
5e000000
2b000000
01000000
00000000
050c0821
57a642d6
c5e6537c
dace2a36
c5bb1972
bab81172
b8b81172
bab81172
cccc3a72
e9f48c93
f9fcad75
fcfcbdf7
fcfdce79
fdfedefb
fdfdef7d
fcf9ffde
faf4f7bd
f6f2ef3b
f4f2deda
f2f2ce78
f2f2c5f7
f2f2b595
e7f0a513
a7a56b2c
401b1082
07000000
00000000
00000000
00000000
00000000
00000000
00000000
00000000
00000000
00000000
00000000
00000000
00000000
00000000
00000000
00000000
134c20c6
21361884
0e000000
00000000
00000000
00000000
00000000
00000000
00000000
00000000
00000000
00000000
00000000
00000000
00000000
00000000
00000000
00000000
00000000
00000000
00000000
00000000
00000000
00000000
00000000
00000000
00000000
00000000
00000000
00000000
00000000
00000000
00000000
217049c2
94f2cd05
ecf2e5c6
f2f2f646
f2f2fe66
f2f2fee9
f2f2fff3
f2f2e607
ecdba404
96170840
22000000
00000000
00000000
00000000
00000000
00000000
00000000
00000000
00000000
00000000
00000000
00000000
00000000
00000000
00000000
00000000
00000000
00000000
00000000
00000000
00000000
00000000
00000000
00000000
00000000
00000000
00000000
00000000
00000000
00000000
00000000
00000000
00000000
00000000
00000000
00000000
00000000
00000000
00000000
00000000
00000000
00000000
00000000
00000000
00000000
00000000
00000000
00000000
00000000
00000000
00000000
00000000
00000000
00000000
00000000
00000000
00000000
00000000
00000000
00000000
00000000
00000000
00000000
00000000
00000000
00000000
00000000
00000000
00000000
00000000
00000000
00000000
00000000
00000000
00000000
00000000
00000000
00000000
00000000
00000000
00000000
00000000
00000000
00000000
00000000
00000000
00000000
00000000
00000000
00000000
00000000
00000000
00000000
00000000
00000000
00000000
00000000
00000000
00000000
00000000
00000000
00000000
00000000
00000000
00000000
00000000
00000000
00000000
00000000
00000000
00000000
00000000
00000000
00000000
00000000
00000000
00000000
00000000
00000000
00000000
00000000
00000000
00000000
00000000
00000000
00000000
00000000
00000000
00000000
00000000
00000000
00000000
00000000
00000000
00000000
00000000
00000000
00000000
00000000
00000000
00000000
00000000
00000000
00000000
00000000
00000000
00000000
00000000
00000000
00000000
00000000
00000000
00000000
00000000
00000000
00000000
00000000
00000000
00000000
00000000
00000000
00000000
00000000
00000000
00000000
00000000
00000000
01000000
00000000
00000000
00000000
00000000
060e0842
5bab4af7
c7e64b5c
dacd2a36
c4bb1972
b9b81172
b8b81172
b8b81172
bfc021d3
d9e66bb4
f4fca534
fcfeb5b6
fdfece58
fdfbd6ba
fbf6e73b
f8f2f79d
f4f2ffbd
f3f2f79d
f2f2e73b
f2f2ded9
f2f2ce58
f2f2bdf6
f2f2ad74
dbe69cb2
846a4208
22050020
01000000
00000000
00000000
00000000
00000000
00000000
00000000
00000000
00000000
00000000
00000000
00000000
00000000
00000000
1b6a2928
67e56272
93e56272
522e1084
0c000000
00000000
00000000
00000000
00000000
00000000
00000000
00000000
00000000
00000000
00000000
00000000
00000000
00010000
0c2f1883
0c000000
00000000
00000000
00000000
00000000
00000000
00000000
00000000
00000000
00000000
00000000
00000000
00000000
00000000
04100820
55d39be4
caf2dd85
f2f2f606
f2f2fe46
f2f2fe67
f2f2ffaf
f2f2ff4e
f2f2cd25
d07f5202
5c000000
06000000
00000000
00000000
00000000
00000000
00000000
00000000
00000000
00000000
00000000
00000000
00000000
00000000
00000000
00000000
00000000
00000000
00000000
00000000
00000000
00000000
00000000
00000000
00000000
00000000
00000000
00000000
00000000
00000000
00000000
00000000
00000000
00000000
00000000
00000000
00000000
00000000
00000000
00000000
00000000
00000000
00000000
00000000
00000000
00000000
00000000
00000000
00000000
00000000
00000000
00000000
00000000
00000000
00000000
00000000
00000000
00000000
00000000
00000000
00000000
00000000
00000000
00000000
00000000
00000000
00000000
00000000
00000000
00000000
00000000
00000000
00000000
00000000
00000000
00000000
00000000
00000000
00000000
00000000
00000000
00000000
00000000
00000000
00000000
00000000
00000000
00000000
00000000
00000000
00000000
00000000
00000000
00000000
00000000
00000000
00000000
00000000
00000000
00000000
00000000
00000000
00000000
00000000
00000000
00000000
00000000
00000000
00000000
00000000
00000000
00000000
00000000
00000000
00000000
00000000
00000000
00000000
00000000
00000000
00000000
00000000
00000000
00000000
00000000
00000000
00000000
00000000
00000000
00000000
00000000
00000000
00000000
00000000
00000000
00000000
00000000
00000000
00000000
00000000
00000000
00000000
00000000
00000000
00000000
00000000
00000000
00000000
00000000
00000000
00000000
00000000
00000000
00000000
00000000
00000000
00000000
00000000
00000000
00000000
00000000
00000000
00000000
00000000
00000000
00000000
00000000
00000000
00000000
00000000
00000000
00000000
00000000
08100842
5fb14b17
cae54b5c
d9cc2a36
c3ba1972
b9b81172
b9ba1973
bbc221d4
c2ce3257
d6e55b79
f1fb9cf5
fcfcb596
fcf8bdf7
f9f3ce78
f5f2defa
f3f2ef7c
f2f2f7bd
f2f2f7bd
f2f2f79c
f2f2e71b
f2f2d6b9
f2f2c637
f2f2bdb5
eff2ad34
c1c07bce
562918c3
0b000000
00000000
00000000
00000000
00000000
00000000
00000000
00000000
00000000
00000000
00000000
00000000
00000000
00000000
3c86396b
aee56272
e5e56272
945828e7
22000000
00000000
00000000
00000000
00000000
00000000
00000000
00000000
00000000
00000000
00000000
00000000
05160842
30a951ed
6fe56ab1
72b65a0e
351d1062
07000000
00000000
00000000
00000000
00000000
00000000
00000000
00000000
00000000
00000000
00000000
00000000
1d654181
8ef2c505
eaf2e5c6
f2f2f626
f2f2fe66
f2f2fee8
f2f2fff3
f2f2ee28
eee1ac44
9c1d1060
27000000
00000000
00000000
00000000
00000000
00000000
00000000
00000000
00000000
00000000
00000000
00000000
00000000
00000000
00000000
00000000
00000000
00000000
00000000
00000000
00000000
00000000
00000000
00000000
00000000
00000000
00000000
00000000
00000000
00000000
00000000
00000000
00000000
00000000
00000000
00000000
00000000
00000000
00000000
00000000
00000000
00000000
00000000
00000000
00000000
00000000
00000000
00000000
00000000
00000000
00000000
00000000
00000000
00000000
00000000
00000000
00000000
00000000
00000000
00000000
00000000
00000000
00000000
00000000
00000000
00000000
00000000
00000000
00000000
00000000
00000000
00000000
00000000
00000000
00000000
00000000
00000000
00000000
00000000
00000000
00000000
00000000
00000000
00000000
00000000
00000000
00000000
00000000
00000000
00000000
00000000
00000000
00000000
00000000
00000000
00000000
00000000
00000000
00000000
00000000
00000000
00000000
00000000
00000000
00000000
00000000
00000000
00000000
00000000
00000000
00000000
00000000
00000000
00000000
00000000
00000000
00000000
00000000
00000000
00000000
00000000
00000000
00000000
00000000
00000000
00000000
00000000
00000000
00000000
00000000
00000000
00000000
00000000
00000000
00000000
00000000
00000000
00000000
00000000
00000000
00000000
00000000
00000000
00000000
00000000
00000000
00000000
00000000
00000000
00000000
00000000
00000000
00000000
00000000
00000000
00000000
00000000
00000000
00000000
00000000
00000000
00000000
00000000
00000000
00000000
00000000
00000000
00000000
00000000
00000000
00000000
00000000
00000000
09130863
63b64b18
cce44b5c
d8cb2a36
c3bb1992
bbbe19b3
bfca2a16
c7d73aba
d3e5537d
dee05bdd
e6d87c14
f1f4a534
f6f2b5b5
f4f2c637
f2f2d6b9
f2f2ef3b
f2f2f7bd
f2f2ffbd
f2f2f7bd
f2f2ef7c
f2f2defa
f2f2ce78
f2f2c5f7
f2f2b575
e4eb9cd2
92724a28
28050020
01000000
00000000
00000000
00000000
00000000
00000000
00000000
00000000
00000000
00000000
00000000
00000000
00000000
281a0842
8386396a
b688396b
71000000
16000000
00000000
00000000
00000000
00000000
00000000
00000000
00000000
00000000
00000000
00000000
00000000
153e20c5
78e56ab1
d6e56ab1
d9e56ab1
7f4320c5
18000000
00000000
00000000
00000000
00000000
00000000
00000000
00000000
00000000
00000000
00000000
030b0820
4fcc93a4
c5f2dd65
f2f2ee06
f2f2fe46
f2f2fe66
f2f2ff8e
f2f2ff6f
f2f2d545
d48b5a42
62000000
07000000
00000000
00000000
00000000
00000000
00000000
00000000
00000000
00000000
00000000
00000000
00000000
00000000
00000000
00000000
00000000
00000000
00000000
00000000
00000000
00000000
00000000
00000000
00000000
00000000
00000000
00000000
00000000
00000000
00000000
00000000
00000000
00000000
00000000
00000000
00000000
00000000
00000000
00000000
00000000
00000000
00000000
00000000
00000000
00000000
00000000
00000000
00000000
00000000
00000000
00000000
00000000
00000000
00000000
00000000
00000000
00000000
00000000
00000000
00000000
00000000
00000000
00000000
00000000
00000000
00000000
00000000
00000000
00000000
00000000
00000000
00000000
00000000
00000000
00000000
00000000
00000000
00000000
00000000
00000000
00000000
00000000
00000000
00000000
00000000
00000000
00000000
00000000
00000000
00000000
00000000
00000000
00000000
00000000
00000000
00000000
00000000
00000000
00000000
00000000
00000000
00000000
00000000
00000000
00000000
00000000
00000000
00000000
00000000
00000000
00000000
00000000
00000000
00000000
00000000
00000000
00000000
00000000
00000000
00000000
00000000
00000000
00000000
00000000
00000000
00000000
00000000
00000000
00000000
00000000
00000000
00000000
00000000
00000000
00000000
00000000
00000000
00000000
00000000
00000000
00000000
00000000
00000000
00000000
00000000
00000000
00000000
00000000
00000000
00000000
00000000
00000000
00000000
00000000
00000000
00000000
00000000
00000000
00000000
00000000
00000000
00000000
00000000
00000000
00000000
00000000
00000000
00000000
00000000
00000000
00000000
00000000
00000000
0a160863
67bc4b39
cee34b5c
d7cb2a36
c5c521f5
c4d23278
cfe14b3c
dae65bbe
d6b54b39
b24f216b
9c6739e8
c7e89cd2
f0f2b575
f2f2c617
f2f2d699
f2f2e71b
f2f2f79d
f2f2ffbd
f2f2ffbd
f2f2f7bd
f2f2e73b
f2f2deb9
f2f2ce37
f2f2bdb6
f0f2ad34
c2bb73ae
54201082
09000000
00000000
00000000
00000000
00000000
00000000
00000000
00000000
00000000
00000000
00000000
00000000
00000000
07000000
28000000
43000000
22000000
00000000
00000000
00000000
00000000
00000000
00000000
00000000
00000000
00000000
00000000
00000000
00000000
1c301884
8ee56ab1
e5e56ab1
e5e36ab1
934220c5
21000000
00000000
00000000
00000000
00000000
00000000
00000000
00000000
00000000
00000000
00000000
19593961
88f1c4e5
e8f2e5c6
f2f2f626
f2f2fe66
f2f2fec8
f2f2fff4
f2f2ee48
efe6ac64
a2241081
2c000000
00000000
00000000
00000000
00000000
00000000
00000000
00000000
00000000
00000000
00000000
00000000
00000000
00000000
00000000
00000000
00000000
00000000
00000000
00000000
00000000
00000000
00000000
00000000
00000000
00000000
00000000
00000000
00000000
00000000
00000000
00000000
00000000
00000000
00000000
00000000
00000000
00000000
00000000
00000000
00000000
00000000
00000000
00000000
00000000
00000000
00000000
00000000
00000000
00000000
00000000
00000000
00000000
00000000
00000000
00000000
00000000
00000000
00000000
00000000
00000000
00000000
00000000
00000000
00000000
00000000
00000000
00000000
00000000
00000000
00000000
00000000
00000000
00000000
00000000
00000000
00000000
00000000
00000000
00000000
00000000
00000000
00000000
00000000
00000000
00000000
00000000
00000000
00000000
00000000
00000000
00000000
00000000
00000000
00000000
00000000
00000000
00000000
00000000
00000000
00000000
00000000
00000000
00000000
00000000
00000000
00000000
00000000
00000000
00000000
00000000
00000000
00000000
00000000
00000000
00000000
00000000
00000000
00000000
00000000
00000000
00000000
00000000
00000000
00000000
00000000
00000000
00000000
00000000
00000000
00000000
00000000
00000000
00000000
00000000
00000000
00000000
00000000
00000000
00000000
00000000
00000000
00000000
00000000
00000000
00000000
00000000
00000000
00000000
00000000
00000000
00000000
00000000
00000000
00000000
00000000
00000000
00000000
00000000
00000000
00000000
00000000
00000000
00000000
00000000
00000000
00000000
00000000
00000000
00000000
00000000
00000000
00000000
00000000
0c190883
6bc05359
d0e24b3c
d8d13278
cfdc42fa
d7e7539e
dacf539c
c2733210
8a1b0884
48010000
3a2f18e3
94d08430
e7f2ad54
f2f2bdf6
f2f2ce78
f2f2defa
f2f2f77c
f2f2ffbd
f2f2ffbd
f2f2f7bd
f2f2ef7c
f2f2defa
f2f2ce78
f2f2bdf6
f2f2ad74
e0e394b1
845431a6
1d010000
00000000
00000000
00000000
00000000
00000000
00000000
00000000
00000000
00000000
00000000
00000000
00000000
00000000
00000000
00000000
00000000
00000000
00000000
00000000
00000000
00000000
00000000
00000000
00000000
00000000
00000000
00000000
00000000
0c000000
51301884
a39241ab
a43518a4
57000000
10000000
00000000
00000000
00000000
00000000
00000000
00000000
00000000
00000000
00000000
02080020
49c38b63
c0f2d565
f2f2ee06
f2f2fe46
f2f2fe66
f2f2ff8e
f2f2ff90
f2f2d546
d8966282
68010000
09000000
00000000
00000000
00000000
00000000
00000000
00000000
00000000
00000000
00000000
00000000
00000000
00000000
00000000
00000000
00000000
00000000
00000000
00000000
00000000
00000000
00000000
00000000
00000000
00000000
00000000
00000000
00000000
00000000
00000000
00000000
00000000
00000000
00000000
00000000
00000000
00000000
00000000
00000000
00000000
00000000
00000000
00000000
00000000
00000000
00000000
00000000
00000000
00000000
00000000
00000000
00000000
00000000
00000000
00000000
00000000
00000000
00000000
00000000
00000000
00000000
00000000
00000000
00000000
00000000
00000000
00000000
00000000
00000000
00000000
00000000
00000000
00000000
00000000
00000000
00000000
00000000
00000000
00000000
00000000
00000000
00000000
00000000
00000000
00000000
00000000
00000000
00000000
00000000
00000000
00000000
00000000
00000000
00000000
00000000
00000000
00000000
00000000
00000000
00000000
00000000
00000000
00000000
00000000
00000000
00000000
00000000
00000000
00000000
00000000
00000000
00000000
00000000
00000000
00000000
00000000
00000000
00000000
00000000
00000000
00000000
00000000
00000000
00000000
00000000
00000000
00000000
00000000
00000000
00000000
00000000
00000000
00000000
00000000
00000000
00000000
00000000
00000000
00000000
00000000
00000000
00000000
00000000
00000000
00000000
00000000
00000000
00000000
00000000
00000000
00000000
00000000
00000000
00000000
00000000
00000000
00000000
00000000
00000000
00000000
00000000
00000000
00000000
00000000
00000000
00000000
00000000
00000000
00000000
00000000
00000000
00000000
00000000
00000000
0e1d1084
6fc5535a
d3e34b5c
dfe44b5d
dcdf5bbd
cf9942b5
a13318e7
5e040020
25000000
07000000
11140861
71b0736d
d9f2ad34
f2f2bdd6
f2f2ce58
f2f2deda
f2f2ef7c
f2f2f7bd
f2f2ffbd
f2f2ffbd
f2f2f7bd
f2f2e73b
f2f2d6b9
f2f2c637
f2f2b5b5
eef1a513
ae905aca
3c090821
03000000
00000000
00000000
00000000
00000000
00000000
00000000
00000000
00000000
00000000
00000000
00000000
00000000
00000000
00000000
00000000
00000000
00000000
00000000
00000000
00000000
00000000
00000000
00000000
00000000
00000000
00000000
00000000
00000000
0c000000
31000000
32000000
0d000000
00000000
00000000
00000000
00000000
00000000
00000000
00000000
00000000
00000000
00000000
164e3121
82f0c4e5
e6f2e5c6
f2f2f626
f2f2fe66
f2f2fec8
f2f2fff3
f2f2ee69
f0e9b484
a82d18a1
31000000
00000000
00000000
00000000
00000000
00000000
00000000
00000000
00000000
00000000
00000000
00000000
00000000
00000000
00000000
00000000
00000000
00000000
00000000
00000000
00000000
00000000
00000000
00000000
00000000
00000000
00000000
00000000
00000000
00000000
00000000
00000000
00000000
00000000
00000000
00000000
00000000
00000000
00000000
00000000
00000000
00000000
00000000
00000000
00000000
00000000
00000000
00000000
00000000
00000000
00000000
00000000
00000000
00000000
00000000
00000000
00000000
00000000
00000000
00000000
00000000
00000000
00000000
00000000
00000000
00000000
00000000
00000000
00000000
00000000
00000000
00000000
00000000
00000000
00000000
00000000
00000000
00000000
00000000
00000000
00000000
00000000
00000000
00000000
00000000
00000000
00000000
00000000
00000000
00000000
00000000
00000000
00000000
00000000
00000000
00000000
00000000
00000000
00000000
00000000
00000000
00000000
00000000
00000000
00000000
00000000
00000000
00000000
00000000
00000000
00000000
00000000
00000000
00000000
00000000
00000000
00000000
00000000
00000000
00000000
00000000
00000000
00000000
00000000
00000000
00000000
00000000
00000000
00000000
00000000
00000000
00000000
00000000
00000000
00000000
00000000
00000000
00000000
00000000
00000000
00000000
00000000
00000000
00000000
00000000
00000000
00000000
00000000
00000000
00000000
00000000
00000000
00000000
00000000
00000000
00000000
00000000
00000000
00000000
00000000
00000000
00000000
00000000
00000000
00000000
00000000
00000000
00000000
00000000
00000000
00000000
00000000
00000000
00000000
00000000
0f201084
73c9537b
d6e85bbe
daba4b39
b454218c
760d0822
36000000
0e000000
01000000
00000000
07080020
578f5aca
c8f1a513
f2f2b5b5
f2f2ce37
f2f2ded9
f2f2ef5c
f2f2f7bd
f2f2ffbd
f2f2ffbd
f2f2f7bd
f2f2ef5c
f2f2deda
f2f2ce58
f2f2bdd6
f2f2ad54
ccbf7bce
5e1f1082
0a000000
00000000
00000000
00000000
00000000
00000000
00000000
00000000
00000000
00000000
00000000
00000000
00000000
00000000
00000000
00000000
00000000
00000000
00000000
00000000
00000000
00000000
00000000
00000000
00000000
00000000
00000000
00000000
00000000
00000000
00000000
00000000
00000000
00000000
00000000
00000000
00000000
00000000
00000000
00000000
00000000
00000000
01050020
43ba8343
bbf2d565
f2f2ee06
f2f2fe46
f2f2fe66
f2f2ff6d
f2f2ff91
f2f2d566
dca16aa3
6e020000
0c000000
00000000
00000000
00000000
00000000
00000000
00000000
00000000
00000000
00000000
00000000
00000000
00000000
00000000
00000000
00000000
00000000
00000000
00000000
00000000
00000000
00000000
00000000
00000000
00000000
00000000
00000000
00000000
00000000
00000000
00000000
00000000
00000000
00000000
00000000
00000000
00000000
00000000
00000000
00000000
00000000
00000000
00000000
00000000
00000000
00000000
00000000
00000000
00000000
00000000
00000000
00000000
00000000
00000000
00000000
00000000
00000000
00000000
00000000
00000000
00000000
00000000
00000000
00000000
00000000
00000000
00000000
00000000
00000000
00000000
00000000
00000000
00000000
00000000
00000000
00000000
00000000
00000000
00000000
00000000
00000000
00000000
00000000
00000000
00000000
00000000
00000000
00000000
00000000
00000000
00000000
00000000
00000000
00000000
00000000
00000000
00000000
00000000
00000000
00000000
00000000
00000000
00000000
00000000
00000000
00000000
00000000
00000000
00000000
00000000
00000000
00000000
00000000
00000000
00000000
00000000
00000000
00000000
00000000
00000000
00000000
00000000
00000000
00000000
00000000
00000000
00000000
00000000
00000000
00000000
00000000
00000000
00000000
00000000
00000000
00000000
00000000
00000000
00000000
00000000
00000000
00000000
00000000
00000000
00000000
00000000
00000000
00000000
00000000
00000000
00000000
00000000
00000000
00000000
00000000
00000000
00000000
00000000
00000000
00000000
00000000
00000000
00000000
00000000
00000000
00000000
00000000
00000000
00000000
00000000
00000000
00000000
00000000
00000000
00000000
0f1b0883
66923a94
ac6d31ef
8b1e1084
4b010000
19000000
03000000
00000000
00000000
00000000
03030000
44754a48
b9eea4f3
f1f2b595
f2f2c637
f2f2d6b9
f2f2ef3b
f2f2f7bd
f2f2ffbd
f2f2ffbd
f2f2ffbd
f2f2f79c
f2f2e6fa
f2f2d678
f2f2bdf6
f2f2ad74
e0db8c71
7e3d2124
17000000
00000000
00000000
00000000
00000000
00000000
00000000
00000000
00000000
00000000
00000000
00000000
00000000
00000000
00000000
00000000
00000000
00000000
00000000
00000000
00000000
00000000
00000000
00000000
00000000
00000000
00000000
00000000
00000000
00000000
00000000
00000000
00000000
19644208
35704a49
1c000000
00000000
00000000
00000000
00000000
00000000
00000000
12442901
7cefbcc5
e3f2e5c6
f2f2f626
f2f2fe66
f2f2fea8
f2f2fff3
f2f2f689
f1ecbca5
ad3620c1
36000000
00000000
00000000
00000000
00000000
00000000
00000000
00000000
00000000
00000000
00000000
00000000
00000000
00000000
00000000
00000000
00000000
00000000
00000000
00000000
00000000
00000000
00000000
00000000
00000000
00000000
00000000
00000000
00000000
00000000
00000000
00000000
00000000
00000000
00000000
00000000
00000000
00000000
00000000
00000000
00000000
00000000
00000000
00000000
00000000
00000000
00000000
00000000
00000000
00000000
00000000
00000000
00000000
00000000
00000000
00000000
00000000
00000000
00000000
00000000
00000000
00000000
00000000
00000000
00000000
00000000
00000000
00000000
00000000
00000000
00000000
00000000
00000000
00000000
00000000
00000000
00000000
00000000
00000000
00000000
00000000
00000000
00000000
00000000
00000000
00000000
00000000
00000000
00000000
00000000
00000000
00000000
00000000
00000000
00000000
00000000
00000000
00000000
00000000
00000000
00000000
00000000
00000000
00000000
00000000
00000000
00000000
00000000
00000000
00000000
00000000
00000000
00000000
00000000
00000000
00000000
00000000
00000000
00000000
00000000
00000000
00000000
00000000
00000000
00000000
00000000
00000000
00000000
00000000
00000000
00000000
00000000
00000000
00000000
00000000
00000000
00000000
00000000
00000000
00000000
00000000
00000000
00000000
00000000
00000000
00000000
00000000
00000000
00000000
00000000
00000000
00000000
00000000
00000000
00000000
00000000
00000000
00000000
00000000
00000000
00000000
00000000
00000000
00000000
00000000
00000000
00000000
00000000
00000000
00000000
00000000
00000000
00000000
00000000
00000000
00000000
07000000
2b000000
40000000
23000000
08000000
00000000
00000000
00000000
00000000
00000000
01010000
376541e7
adeb9cf2
eff2b595
f2f2c617
f2f2d6b9
f2f2e73b
f2f2f7bd
f2f2ffbd
f2f2ffbd
f2f2ffbd
f2f2f79d
f2f2e73b
f2f2d699
f2f2c617
f2f2b595
eae99cd2
985f39c7
27010000
00000000
00000000
00000000
00000000
00000000
00000000
00000000
00000000
00000000
00000000
00000000
00000000
00000000
00000000
00000000
00000000
00000000
00000000
00000000
00000000
00000000
00000000
00000000
00000000
00000000
00000000
00000000
00000000
00000000
00000000
00000000
0c312104
5ee594b2
a7e594b2
6b5539c7
15000000
00000000
00000000
00000000
00000000
01030000
3eb07b03
b5f2d545
f1f2ede6
f2f2fe46
f2f2fe66
f2f2ff6c
f2f2ffb1
f2f2dd86
dfac72e3
74030000
0e000000
00000000
00000000
00000000
00000000
00000000
00000000
00000000
00000000
00000000
00000000
00000000
00000000
00000000
00000000
00000000
00000000
00000000
00000000
00000000
00000000
00000000
00000000
00000000
00000000
00000000
00000000
00000000
00000000
00000000
00000000
00000000
00000000
00000000
00000000
00000000
00000000
00000000
00000000
00000000
00000000
00000000
00000000
00000000
00000000
00000000
00000000
00000000
00000000
00000000
00000000
00000000
00000000
00000000
00000000
00000000
00000000
00000000
00000000
00000000
00000000
00000000
00000000
00000000
00000000
00000000
00000000
00000000
00000000
00000000
00000000
00000000
00000000
00000000
00000000
00000000
00000000
00000000
00000000
00000000
00000000
00000000
00000000
00000000
00000000
00000000
00000000
00000000
00000000
00000000
00000000
00000000
00000000
00000000
00000000
00000000
00000000
00000000
00000000
00000000
00000000
00000000
00000000
00000000
00000000
00000000
00000000
00000000
00000000
00000000
00000000
00000000
00000000
00000000
00000000
00000000
00000000
00000000
00000000
00000000
00000000
00000000
00000000
00000000
00000000
00000000
00000000
00000000
00000000
00000000
00000000
00000000
00000000
00000000
00000000
00000000
00000000
00000000
00000000
00000000
00000000
00000000
00000000
00000000
00000000
00000000
00000000
00000000
00000000
00000000
00000000
00000000
00000000
00000000
00000000
00000000
00000000
00000000
00000000
00000000
00000000
00000000
00000000
00000000
00000000
00000000
00000000
00000000
00000000
00000000
00000000
00000000
00000000
00000000
00000000
00000000
00000000
00000000
00000000
00000000
00000000
00000000
00000000
00000000
00000000
00000000
00000000
315e39c7
a6ea9cd2
eef2b595
f2f2c617
f2f2d6b9
f2f2e73b
f2f2f7bd
f2f2ffbd
f2f2ffbd
f2f2ffbd
f2f2f7bd
f2f2ef3b
f2f2d6b9
f2f2c637
f2f2b5b5
efefa513
ad7b4a69
38040000
01000000
00000000
00000000
00000000
00000000
00000000
00000000
00000000
00000000
00000000
00000000
00000000
00000000
00000000
00000000
00000000
00000000
00000000
00000000
00000000
00000000
00000000
00000000
00000000
00000000
00000000
00000000
00000000
00000000
00000000
00000000
0f0c0841
7bcd8430
dddf9492
8c171082
1b000000
00000000
00000000
00000000
00000000
0f3920c1
76edbca5
e0f2e5a6
f2f2f626
f2f2fe66
f2f2fea7
f2f2fff3
f2f2f6aa
f1eebcc5
b34020e1
3c000000
01000000
00000000
00000000
00000000
00010000
0c2e18a1
297849e2
459c6ac3
4d9972e3
426e5a22
242118a1
08000000
00000000
00000000
00000000
00000000
00000000
00000000
00000000
00000000
00000000
00000000
00000000
00000000
00000000
00000000
00000000
00000000
00000000
00000000
00000000
00000000
00000000
00000000
00000000
00000000
00000000
00000000
00000000
00000000
00000000
00000000
00000000
00000000
00000000
00000000
00000000
00000000
00000000
00000000
00000000
00000000
00000000
00000000
00000000
00000000
00000000
00000000
00000000
00000000
00000000
00000000
00000000
00000000
00000000
00000000
00000000
00000000
00000000
00000000
00000000
00000000
00000000
00000000
00000000
00000000
00000000
00000000
00000000
00000000
00000000
00000000
00000000
00000000
00000000
00000000
00000000
00000000
00000000
00000000
00000000
00000000
00000000
00000000
00000000
00000000
00000000
00000000
00000000
00000000
00000000
00000000
00000000
00000000
00000000
00000000
00000000
00000000
00000000
00000000
00000000
00000000
00000000
00000000
00000000
00000000
00000000
00000000
00000000
00000000
00000000
00000000
00000000
00000000
00000000
00000000
00000000
00000000
00000000
00000000
00000000
00000000
00000000
00000000
00000000
00000000
00000000
00000000
00000000
00000000
00000000
00000000
00000000
00000000
00000000
00000000
00000000
00000000
00000000
00000000
00000000
00000000
00000000
00000000
00000000
00000000
00000000
00000000
00000000
00000000
00000000
00000000
00000000
00000000
00000000
00000000
00000000
00000000
00000000
00000000
00000000
00000000
00000000
00000000
00000000
00000000
00000000
00000000
00000000
00000000
00000000
00000000
00000000
00000000
00000000
00000000
00010000
306139e7
a5eb9cd2
eef2b595
f2f2c617
f2f2d6b9
f2f2e73b
f2f2f7bd
f2f2ffbd
f2f2ffbd
f2f2ffbd
f2f2f7bd
f2f2ef5c
f2f2deda
f2f2ce37
f2f2b5b5
f1f1a533
bb905aca
46070821
03000000
00000000
00000000
00000000
00000000
00000000
00000000
00000000
00000000
00000000
00000000
00000000
00000000
00000000
00000000
00000000
00000000
00000000
00000000
00000000
00000000
00000000
00000000
00000000
00000000
00000000
00000000
00000000
00000000
00000000
00000000
03000000
36000000
6b000000
3d000000
06000000
00000000
00000000
00000000
00020000
38a572c3
aff2d545
f1f2ede6
f2f2fe46
f2f2fe66
f2f2ff4b
f2f2ffb2
f2f2dd86
e2b67b23
7a040000
11000000
00000000
00000000
00000000
06170840
31ab5222
75fc8b83
a8ff9be4
c4ffa424
cdffb484
c1ffc4c5
a1f7c4e5
6a917b03
270b0840
03000000
00000000
00000000
00000000
00000000
00000000
00000000
00000000
00000000
00000000
00000000
00000000
00000000
00000000
00000000
00000000
00000000
00000000
00000000
00000000
00000000
00000000
00000000
00000000
00000000
00000000
00000000
00000000
00000000
00000000
00000000
00000000
00000000
00000000
00000000
00000000
00000000
00000000
00000000
00000000
00000000
00000000
00000000
00000000
00000000
00000000
00000000
00000000
00000000
00000000
00000000
00000000
00000000
00000000
00000000
00000000
00000000
00000000
00000000
00000000
00000000
00000000
00000000
00000000
00000000
00000000
00000000
00000000
00000000
00000000
00000000
00000000
00000000
00000000
00000000
00000000
00000000
00000000
00000000
00000000
00000000
00000000
00000000
00000000
00000000
00000000
00000000
00000000
00000000
00000000
00000000
00000000
00000000
00000000
00000000
00000000
00000000
00000000
00000000
00000000
00000000
00000000
00000000
00000000
00000000
00000000
00000000
00000000
00000000
00000000
00000000
00000000
00000000
00000000
00000000
00000000
00000000
00000000
00000000
00000000
00000000
00000000
00000000
00000000
00000000
00000000
00000000
00000000
00000000
00000000
00000000
00000000
00000000
00000000
00000000
00000000
00000000
00000000
00000000
00000000
00000000
00000000
00000000
00000000
00000000
00000000
00000000
00000000
00000000
00000000
00000000
00000000
00000000
00000000
00000000
00000000
00000000
00000000
00000000
00000000
00000000
00000000
00000000
00000000
00000000
00000000
00000000
00000000
00000000
00000000
00000000
00000000
00000000
01020000
346e4208
aaed9cf3
eff2b595
f2f2c637
f2f2d6b9
f2f2ef3b
f2f2f7bd
f2f2ffbd
f2f2ffbd
f2f2ffbd
f2f2f7bd
f2f2ef5c
f2f2deda
f2f2ce58
f2f2bdb6
f2f2a533
c49d630b
500b0821
05000000
00000000
00000000
00000000
00000000
00000000
00000000
00000000
00000000
00000000
00000000
00000000
00000000
00000000
00000000
00000000
00000000
00000000
00000000
00000000
00000000
00000000
00000000
00000000
00000000
00000000
00000000
00000000
00000000
00000000
00000000
00000000
00000000
00000000
00000000
00000000
00000000
00000000
00000000
0d3018a1
70eab484
ddf2e5a5
f2f2f626
f2f2fe66
f2f2fea7
f2f2ffd2
f2f2f6cb
f1f0c4c5
b94a2921
41000000
01000000
00000000
00000000
06190840
41d66262
a6ff8343
e9ff93a4
feff9c04
ffffac24
ffffac64
ffffb484
fdffbcc5
e2ffcd05
95bb9be4
340a0840
02000000
00000000
00000000
00000000
00000000
00000000
00000000
00000000
00000000
00000000
00000000
00000000
00000000
00000000
00000000
00000000
00000000
00000000
00000000
00000000
00000000
00000000
00000000
00000000
00000000
00000000
00000000
00000000
00000000
00000000
00000000
00000000
00000000
00000000
00000000
00000000
00000000
00000000
00000000
00000000
00000000
00000000
00000000
00000000
00000000
00000000
00000000
00000000
00000000
00000000
00000000
00000000
00000000
00000000
00000000
00000000
00000000
00000000
00000000
00000000
00000000
00000000
00000000
00000000
00000000
00000000
00000000
00000000
00000000
00000000
00000000
00000000
00000000
00000000
00000000
00000000
00000000
00000000
00000000
00000000
00000000
00000000
00000000
00000000
00000000
00000000
00000000
00000000
00000000
00000000
00000000
00000000
00000000
00000000
00000000
00000000
00000000
00000000
00000000
00000000
00000000
00000000
00000000
00000000
00000000
00000000
00000000
00000000
00000000
00000000
00000000
00000000
00000000
00000000
00000000
00000000
00000000
00000000
00000000
00000000
00000000
00000000
00000000
00000000
00000000
00000000
00000000
00000000
00000000
00000000
00000000
00000000
00000000
00000000
00000000
00000000
00000000
00000000
00000000
00000000
00000000
00000000
00000000
00000000
00000000
00000000
00000000
00000000
00000000
00000000
00000000
00000000
00000000
00000000
00000000
00000000
00000000
00000000
00000000
00000000
00000000
00000000
00000000
00000000
00000000
00000000
00000000
00000000
00000000
00000000
00000000
00000000
02050020
3e845289
b4f0a513
f0f2b5b5
f2f2c637
f2f2deb9
f2f2ef5b
f2f2f7bd
f2f2ffbd
f2f2ffbd
f2f2ffbd
f2f2ffbd
f2f2ef7c
f2f2deda
f2f2ce58
f2f2bdd6
f2f2a534
c9a2632c
560d0821
06000000
00000000
00000000
00000000
00000000
00000000
00000000
00000000
00000000
00000000
00000000
00000000
00000000
00000000
00000000
00000000
00000000
00000000
00000000
00000000
00000000
00000000
00000000
00000000
00000000
00000000
00000000
00000000
00000000
00000000
00000000
00000000
00000000
00000000
00000000
00000000
00000000
00000000
00010000
339a6a82
aaf2d545
f0f2ede6
f2f2fe46
f2f2fe66
f2f2ff4b
f2f2ffd3
f2f2dda6
e5c08363
80070020
14000000
00000000
00000000
00020000
33b349e2
a8ff8343
f5ff8b83
ffff9be4
ffffa404
ffffac44
ffffb464
ffffb484
ffffb484
ffffbca5
eeffc505
938972c3
25000000
00000000
00000000
00000000
00000000
00000000
00000000
00000000
00000000
00000000
00000000
00000000
00000000
00000000
00000000
00000000
00000000
00000000
00000000
00000000
00000000
00000000
00000000
00000000
00000000
00000000
00000000
00000000
00000000
00000000
00000000
00000000
00000000
00000000
00000000
00000000
00000000
00000000
00000000
00000000
00000000
00000000
00000000
00000000
00000000
00000000
00000000
00000000
00000000
00000000
00000000
00000000
00000000
00000000
00000000
00000000
00000000
00000000
00000000
00000000
00000000
00000000
00000000
00000000
00000000
00000000
00000000
00000000
00000000
00000000
00000000
00000000
00000000
00000000
00000000
00000000
00000000
00000000
00000000
00000000
00000000
00000000
00000000
00000000
00000000
00000000
00000000
00000000
00000000
00000000
00000000
00000000
00000000
00000000
00000000
00000000
00000000
00000000
00000000
00000000
00000000
00000000
00000000
00000000
00000000
00000000
00000000
00000000
00000000
00000000
00000000
00000000
00000000
00000000
00000000
00000000
00000000
00000000
00000000
00000000
00000000
00000000
00000000
00000000
00000000
00000000
00000000
00000000
00000000
00000000
00000000
00000000
00000000
00000000
00000000
00000000
00000000
00000000
00000000
00000000
00000000
00000000
00000000
00000000
00000000
00000000
00000000
00000000
00000000
00000000
00000000
00000000
00000000
00000000
00000000
00000000
00000000
00000000
00000000
00000000
00000000
00000000
00000000
00000000
00000000
00000000
00000000
00000000
00000000
00000000
00000000
00000000
050e0841
4ea2632c
c2f2a534
f1f2bdb6
f2f2ce58
f2f2deda
f2f2ef5c
f2f2f7bd
f2f2ffbd
f2f2ffbd
f2f2ffbd
f2f2ffbd
f2f2ef5c
f2f2deda
f2f2ce58
f2f2bdb6
f2f2a533
c99f630c
570c0841
06000000
00000000
00000000
00000000
00000000
00000000
00000000
00000000
00000000
00000000
00000000
00000000
00000000
00000000
00000000
00000000
00000000
00000000
00000000
00000000
00000000
00000000
00000000
071c18a1
226c7b87
366d6a82
231d18a0
07000000
00000000
00000000
00000000
00000000
00000000
00000000
00000000
00000000
00000000
00000000
0a271081
6ae7b464
d9f2dda5
f2f2f626
f2f2fe46
f2f2fe87
f2f2ffd2
f2f2f6eb
f2f1c4e5
be553141
47000000
02000000
00000000
00000000
0f3a18a1
7bfd7b23
ecff8b83
ffff93c4
ffff9be4
ffffa424
ffffac44
ffffb464
ffffb484
ffffb484
ffffb484
ffffbca4
dff4bca5
65181080
06000000
00000000
00000000
00000000
00000000
00000000
00000000
00000000
00000000
00000000
00000000
00000000
00000000
00000000
00000000
00000000
00000000
00000000
00000000
00000000
00000000
00000000
00000000
00000000
00000000
00000000
00000000
00000000
00000000
00000000
00000000
00000000
00000000
00000000
00000000
00000000
00000000
00000000
00000000
00000000
00000000
00000000
00000000
00000000
00000000
00000000
00000000
00000000
00000000
00000000
00000000
00000000
00000000
00000000
00000000
00000000
00000000
00000000
00000000
00000000
00000000
00000000
00000000
00000000
00000000
00000000
00000000
00000000
00000000
00000000
00000000
00000000
00000000
00000000
00000000
00000000
00000000
00000000
00000000
00000000
00000000
00000000
00000000
00000000
00000000
00000000
00000000
00000000
00000000
00000000
00000000
00000000
00000000
00000000
00000000
00000000
00000000
00000000
00000000
00000000
00000000
00000000
00000000
00000000
00000000
00000000
00000000
00000000
00000000
00000000
00000000
00000000
00000000
00000000
00000000
00000000
00000000
00000000
00000000
00000000
00000000
00000000
00000000
00000000
00000000
00000000
00000000
00000000
00000000
00000000
00000000
00000000
00000000
00000000
00000000
00000000
00000000
00000000
00000000
00000000
00000000
00000000
00000000
00000000
00000000
00000000
00000000
00000000
00000000
00000000
00000000
00000000
00000000
00000000
00000000
00000000
00000000
00000000
00000000
00000000
00000000
00000000
00000000
00000000
00000000
00000000
00000000
00000000
00000000
00000000
00000000
0c2210a2
66c47bef
d3f2ad54
f2f2bdd6
f2f2ce58
f2f2defa
f2f2ef7c
f2f2ffbd
f2f2ffbd
f2f2ffbd
f2f2ffbd
f2f2f7bd
f2f2ef5c
f2f2deda
f2f2ce38
f2f2b5b5
f2f2a533
c6955aeb
52090821
05000000
00000000
00000000
00000000
00000000
00000000
00000000
00000000
00000000
00000000
00000000
00000000
00000000
00000000
00000000
00000000
00000000
00000000
00000000
00000000
00000000
00000000
0b2d20a1
4be2c4e5
97f2ff4f
aff2ed84
98e3d4e4
4c3028e1
0c000000
00000000
00000000
00000000
00000000
00000000
00000000
00000000
00000000
00000000
2e8f5a62
a4f2cd25
eff2ede6
f2f2fe46
f2f2fe66
f2f2ff2a
f2f2ffd3
f2f2e5c7
e7c98b83
860a0020
18000000
00000000
00000000
00000000
318a41c2
b0ff93a4
ffff9bc4
ffff9be4
ffffa404
ffffa424
ffffac44
ffffac64
ffffb464
ffffb464
ffffb464
ffffac44
fcffb484
9a5e49c2
1e000000
00000000
00000000
00000000
00000000
00000000
00000000
00000000
00000000
00000000
00000000
00000000
00000000
00000000
00000000
00000000
00000000
00000000
00000000
00000000
00000000
00000000
00000000
00000000
00000000
00000000
00000000
00000000
00000000
00000000
00000000
00000000
00000000
00000000
00000000
00000000
00000000
00000000
00000000
00000000
00000000
00000000
00000000
00000000
00000000
00000000
00000000
00000000
00000000
00000000
00000000
00000000
00000000
00000000
00000000
00000000
00000000
00000000
00000000
00000000
00000000
00000000
00000000
00000000
00000000
00000000
00000000
00000000
00000000
00000000
00000000
00000000
00000000
00000000
00000000
00000000
00000000
00000000
00000000
00000000
00000000
00000000
00000000
00000000
00000000
00000000
00000000
00000000
00000000
00000000
00000000
00000000
00000000
00000000
00000000
00000000
00000000
00000000
00000000
00000000
00000000
00000000
00000000
00000000
00000000
00000000
00000000
00000000
00000000
00000000
00000000
00000000
00000000
00000000
00000000
00000000
00000000
00000000
00000000
00000000
00000000
00000000
00000000
00000000
00000000
00000000
00000000
00000000
00000000
00000000
00000000
00000000
00000000
00000000
00000000
00000000
00000000
00000000
00000000
00000000
00000000
00000000
00000000
00000000
00000000
00000000
00000000
00000000
00000000
00000000
00000000
00000000
00000000
00000000
00000000
00000000
00000000
00000000
00000000
00000000
00000000
00000000
00000000
00000000
00000000
00000000
00000000
00000000
00000000
00000000
00000000
1b4a3165
84e09491
e2f2ad74
f2f2c5f6
f2f2d678
f2f2e71a
f2f2f79c
f2f2ffbd
f2f2ffbd
f2f2ffbd
f2f2ffbd
f4faffde
f6fbef7c
f5f3deb9
f2f2c637
f2f2b5b5
f1f0a513
bf835289
49050020
03000000
00000000
00000000
00000000
00000000
00000000
00000000
00000000
00000000
00000000
00000000
00000000
00000000
00000000
00000000
00000000
00000000
00000000
00000000
00000000
00000000
00000000
35a66a82
aaf2e609
eef2f6cc
f2f2e564
eef2dd24
aba88302
36000000
00000000
00000000
00000000
00000000
00000000
00000000
00000000
00000000
08201060
64e3ac44
d5f2dd85
f2f2f626
f2f2fe46
f2f2fe87
f2f2ffd1
f2f2f70c
f2f2c505
c3603981
4d000000
03000000
00000000
00000000
00000000
4fb06282
ceff9c04
ffffa424
ffffa424
ffffa424
ffffac44
ffffac44
ffffac44
ffffac44
ffffac44
ffffac44
ffffa424
ffffa424
b9865a42
39000000
00000000
00000000
00000000
00000000
00000000
00000000
00000000
00000000
00000000
00000000
00000000
00000000
00000000
00000000
00000000
00000000
00000000
00000000
00000000
00000000
00000000
00000000
00000000
00000000
00000000
00000000
00000000
00000000
00000000
00000000
00000000
00000000
00000000
00000000
00000000
00000000
00000000
00000000
00000000
00000000
00000000
00000000
00000000
00000000
00000000
00000000
00000000
00000000
00000000
00000000
00000000
00000000
00000000
00000000
00000000
00000000
00000000
00000000
00000000
00000000
00000000
00000000
00000000
00000000
00000000
00000000
00000000
00000000
00000000
00000000
00000000
00000000
00000000
00000000
00000000
00000000
00000000
00000000
00000000
00000000
00000000
00000000
00000000
00000000
00000000
00000000
00000000
00000000
00000000
00000000
00000000
00000000
00000000
00000000
00000000
00000000
00000000
00000000
00000000
00000000
00000000
00000000
00000000
00000000
00000000
00000000
00000000
00000000
00000000
00000000
00000000
00000000
00000000
00000000
00000000
00000000
00000000
00000000
00000000
00000000
00000000
00000000
00000000
00000000
00000000
00000000
00000000
00000000
00000000
00000000
00000000
00000000
00000000
00000000
00000000
00000000
00000000
00000000
00000000
00000000
00000000
00000000
00000000
00000000
00000000
00000000
00000000
00000000
00000000
00000000
00000000
00000000
00000000
00000000
00000000
00000000
00000000
00000000
00000000
00000000
00000000
00000000
00000000
00000000
00000000
00000000
00000000
00000000
00000000
02070020
3685528a
a7efa513
edf2b595
f2f2c617
f2f2d6b9
f2f2e73b
f2f2f7bd
f2f2ffbd
f2f2ffbd
f2f2ffbd
f2f2ffbd
f7feffde
fcfeef5c
f8f5d6b9
f3f2c617
f2f2b595
f0ec9cf2
b2694207
3d010000
02000000
00000000
00000000
00000000
00000000
00000000
00000000
00000000
00000000
00000000
00000000
00000000
00000000
00000000
00000000
00000000
00000000
00000000
00000000
00000000
00000000
01060000
63e19ba3
dbf2f6ee
f2f2f627
f2f2e564
f2f2d4e4
d4c58b42
5b000000
00000000
00000000
00000000
00000000
00000000
00000000
00000000
00000000
29835222
9ef2cd25
eef2ede6
f2f2f646
f2f2fe66
f2f2ff0a
f2f2ffd3
f2f2e5e7
ead193c4
8c0e0820
1c000000
00000000
00000000
00000000
00000000
58b16aa2
d8ffac44
ffffb464
ffffb464
ffffb485
ffffb4a5
ffffac44
ffffac44
ffffac44
ffffa424
ffffa424
ffffa404
ffff9bc4
c3865202
43000000
00000000
00000000
00000000
00000000
00000000
00000000
00000000
00000000
00000000
00000000
00000000
00000000
00000000
00000000
00000000
00000000
00000000
00000000
00000000
00000000
00000000
00000000
00000000
00000000
00000000
00000000
00000000
00000000
00000000
00000000
00000000
00000000
00000000
00000000
00000000
00000000
00000000
00000000
00000000
00000000
00000000
00000000
00000000
00000000
00000000
00000000
00000000
00000000
00000000
00000000
00000000
00000000
00000000
00000000
00000000
00000000
00000000
00000000
00000000
00000000
00000000
00000000
00000000
00000000
00000000
00000000
00000000
00000000
00000000
00000000
00000000
00000000
00000000
00000000
00000000
00000000
00000000
00000000
00000000
00000000
00000000
00000000
00000000
00000000
00000000
00000000
00000000
00000000
00000000
00000000
00000000
00000000
00000000
00000000
00000000
00000000
00000000
00000000
00000000
00000000
00000000
00000000
00000000
00000000
00000000
00000000
00000000
00000000
00000000
00000000
00000000
00000000
00000000
00000000
00000000
00000000
00000000
00000000
00000000
00000000
00000000
00000000
00000000
00000000
00000000
00000000
00000000
00000000
00000000
00000000
00000000
00000000
00000000
00000000
00000000
00000000
00000000
00000000
00000000
00000000
00000000
00000000
00000000
00000000
00000000
00000000
00000000
00000000
00000000
00000000
00000000
00000000
00000000
00000000
00000000
00000000
00000000
00000000
00000000
00000000
00000000
00000000
00000000
00000000
00000000
00000000
00000000
00000000
00000000
0c2718c3
5ec37bef
caf2ad54
f1f2bdd6
f2f2ce58
f2f2deda
f2f2ef5c
f2f2f7bd
f2f2ffbd
f2f2ffbd
f2f2ffbd
f2f2ffbd
f6f6f79d
faf7e71b
f7f2d699
f3f2c5f7
f2f2b575
ece19491
a0482965
2d000000
00000000
00000000
00000000
00000000
00000000
00000000
00000000
00000000
00000000
00000000
00000000
00000000
00000000
00000000
00000000
00000000
00000000
00000000
00000000
00000000
00000000
0e3218a0
83f2bc84
eef2ff70
f2f2eda5
f2f2e544
f2f2ccc4
d0966242
57000000
00000000
00000000
00000000
00000000
00000000
00000000
00000000
06191060
5edea424
d1f2dd85
f2f2f606
f2f2fe46
f2f2fe87
f2f2ffb0
f2f2f72d
f2f2cd05
c86c41a2
53000000
04000000
00000000
00000000
00000000
00000000
4f8a5a22
ceffb464
ffffb4a4
ffffbca5
ffffee8e
fffff776
ffffc507
ffffac44
ffffa424
ffffa404
ffff9be4
ffff93c4
ffff8b83
b95f3141
39000000
00000000
00000000
00000000
00000000
00000000
00000000
00000000
00000000
00000000
00000000
00000000
00000000
00000000
00000000
00000000
00000000
00000000
00000000
00000000
00000000
00000000
00000000
00000000
00000000
00000000
00000000
00000000
00000000
00000000
00000000
00000000
00000000
00000000
00000000
00000000
00000000
00000000
00000000
00000000
00000000
00000000
00000000
00000000
00000000
00000000
00000000
00000000
00000000
00000000
00000000
00000000
00000000
00000000
00000000
00000000
00000000
00000000
00000000
00000000
00000000
00000000
00000000
00000000
00000000
00000000
00000000
00000000
00000000
00000000
00000000
00000000
00000000
00000000
00000000
00000000
00000000
00000000
00000000
00000000
00000000
00000000
00000000
00000000
00000000
00000000
00000000
00000000
00000000
00000000
00000000
00000000
00000000
00000000
00000000
00000000
00000000
00000000
00000000
00000000
00000000
00000000
00000000
00000000
00000000
00000000
00000000
00000000
00000000
00000000
00000000
00000000
00000000
00000000
00000000
00000000
00000000
00000000
00000000
00000000
00000000
00000000
00000000
00000000
00000000
00000000
00000000
00000000
00000000
00000000
00000000
00000000
00000000
00000000
00000000
00000000
00000000
00000000
00000000
00000000
00000000
00000000
00000000
00000000
00000000
00000000
00000000
00000000
00000000
00000000
00000000
00000000
00000000
00000000
00000000
00000000
00000000
00000000
00000000
00000000
00000000
00000000
00000000
00000000
00000000
00000000
00000000
00000000
00000000
01040020
266d4208
90e99cd2
e4f2b575
f2f2c5f7
f2f2d678
f2f3e71a
f3f6f79d
f3f2ffbd
f2f2ffbd
f2f2ffbd
f2f2ffbd
f2f2f7bd
f3f2ef7c
f4f2defa
f3f2ce58
f2f2bdd6
f2f2ad54
e4ca840f
872818c3
1c000000
00000000
00000000
00000000
00000000
00000000
00000000
00000000
00000000
00000000
00000000
00000000
00000000
00000000
00000000
00000000
00000000
00000000
00000000
00000000
00000000
00000000
286f41a1
a1f2d526
f2f2ff4f
f2f2ed64
f2f2dd44
f2f2c483
b5593141
3c000000
00000000
00000000
00000000
00000000
00000000
00000000
00000000
247849e2
98f2cd05
edf2ede6
f2f2f646
f2f2fe66
f2f2ff09
f2f2fff3
f2f2e607
ebd89be4
92130840
20000000
00000000
00000000
00000000
00000000
00000000
313b20e1
b0fdb464
ffffbca5
ffffbcc5
ffffde2b
ffffff96
ffffcd48
ffffac44
ffffa424
ffff9be4
ffff93c4
ffff8b83
fcf47303
9b190840
1e000000
00000000
00000000
00000000
00000000
00000000
00000000
00000000
00000000
00000000
00000000
00000000
00000000
00000000
00000000
00000000
00000000
00000000
00000000
00000000
00000000
00000000
00000000
00000000
00000000
00000000
00000000
00000000
00000000
00000000
00000000
00000000
00000000
00000000
00000000
00000000
00000000
00000000
00000000
00000000
00000000
00000000
00000000
00000000
00000000
00000000
00000000
00000000
00000000
00000000
00000000
00000000
00000000
00000000
00000000
00000000
00000000
00000000
00000000
00000000
00000000
00000000
00000000
00000000
00000000
00000000
00000000
00000000
00000000
00000000
00000000
00000000
00000000
00000000
00000000
00000000
00000000
00000000
00000000
00000000
00000000
00000000
00000000
00000000
00000000
00000000
00000000
00000000
00000000
00000000
00000000
00000000
00000000
00000000
00000000
00000000
00000000
00000000
00000000
00000000
00000000
00000000
00000000
00000000
00000000
00000000
00000000
00000000
00000000
00000000
00000000
00000000
00000000
00000000
00000000
00000000
00000000
00000000
00000000
00000000
00000000
00000000
00000000
00000000
00000000
00000000
00000000
00000000
00000000
00000000
00000000
00000000
00000000
00000000
00000000
00000000
00000000
00000000
00000000
00000000
00000000
00000000
00000000
00000000
00000000
00000000
00000000
00000000
00000000
00000000
00000000
00000000
00000000
00000000
00000000
00000000
00000000
00000000
00000000
00000000
00000000
00000000
00000000
00000000
00000000
00000000
00000000
00000000
00000000
0c2b18c3
57c07bce
c2f2ad34
f0f2bdb6
f2f2c637
f2f3deb9
f5feef7c
f9feffde
f9fbfffe
f4f2ffbd
f2f2ffbd
f2f2ffbd
f2f2f7bd
f2f2ef3b
f2f2deb9
f2f2c637
f2f2b5b5
f2f2a533
d4a2632c
690f0841
0e000000
00000000
00000000
00000000
00000000
00000000
00000000
00000000
00000000
00000000
00000000
00000000
00000000
00000000
00000000
00000000
00000000
00000000
00000000
00000000
00000000
00000000
47ac72a2
c0f2e609
f2f2f6cb
f2f2e564
f2f2dd24
f2f0b423
961d1060
1d000000
00000000
00000000
00000000
00000000
00000000
00000000
05130840
59d89be4
cdf2dd85
f2f2f606
f2f2fe46
f2f2fe67
f2f2ffb0
f2f2ff4e
f2f2cd25
cd7849e2
59000000
05000000
00000000
00000000
00000000
00000000
00000000
0f020000
7cb47b23
ecffbca5
ffffc4c5
ffffc4e5
ffffc4e5
ffffb4a5
ffffac64
ffffa404
ffff9bc4
ffff8b83
ffff7b23
df8b3981
66000000
06000000
00000000
00000000
00000000
00000000
00000000
00000000
00000000
00000000
00000000
00000000
00000000
00000000
00000000
00000000
00000000
00000000
00000000
00000000
00000000
00000000
00000000
00000000
00000000
00000000
00000000
00000000
00000000
00000000
00000000
00000000
00000000
00000000
00000000
00000000
00000000
00000000
00000000
00000000
00000000
00000000
00000000
00000000
00000000
00000000
00000000
00000000
00000000
00000000
00000000
00000000
00000000
00000000
00000000
00000000
00000000
00000000
00000000
00000000
00000000
00000000
00000000
00000000
00000000
00000000
00000000
00000000
00000000
00000000
00000000
00000000
00000000
00000000
00000000
00000000
00000000
00000000
00000000
00000000
00000000
00000000
00000000
00000000
00000000
00000000
00000000
00000000
00000000
00000000
00000000
00000000
00010000
00010000
01010000
01020000
01020000
02040000
02040000
02020000
01020000
01010000
01010000
00010000
00000000
00000000
00000000
00000000
00000000
00000000
00000000
00000000
00000000
00000000
00000000
00000000
00000000
00000000
00000000
00000000
00000000
00000000
00000000
00000000
00000000
00000000
00000000
00000000
00000000
00000000
00000000
00000000
00000000
00000000
00000000
00000000
00000000
00000000
00000000
00000000
00000000
00000000
00000000
00000000
00000000
00000000
00000000
00000000
00000000
00000000
00000000
00000000
00000000
00000000
00000000
00000000
00000000
00000000
00000000
00000000
00000000
00000000
00000000
00000000
00000000
00000000
00000000
00000000
00000000
030d0841
2f85528a
97ec9cf2
e4f2b575
f2f2c5f7
f2f2ce78
f3f5e71a
f9fef7bd
fefefffe
fdfdfffe
f7f2ffbd
f2f2ffbd
f2f2ffbd
f2f2f79c
f2f2e71a
f2f2d699
f2f2c617
f2f2b595
f0ea9cd2
b9684207
47020000
04000000
00000000
00000000
00000000
00000000
00000000
00000000
00000000
00000000
00000000
00000000
00000000
00000000
00000000
00000000
00000000
00000000
00000000
00000000
00000000
00000000
02070000
65e2a3c3
ddf2f6ee
f2f2f627
f2f2e564
f2f2d4e4
e9d08b42
77010000
07000000
00000000
00000000
00000000
00000000
00000000
00000000
206b41a2
92f2cd05
ebf2e5c6
f2f2f646
f2f2fe66
f2f2fee9
f2f2fff3
f2f2ee28
eddea424
98191060
24000000
00000000
00000000
00000000
00000000
00000000
00000000
00000000
3b3718a2
b1d99bc4
f5ffbcc5
ffffbcc5
ffffbcc5
ffffb484
ffffac64
ffffa404
ffff93a4
ffff8343
eebc5202
940a0020
25000000
00000000
00000000
00000000
00000000
00000000
00000000
00000000
00000000
00000000
00000000
00000000
00000000
00000000
00000000
00000000
00000000
00000000
00000000
00000000
00000000
00000000
00000000
00000000
00000000
00000000
00000000
00000000
00000000
00000000
00000000
00000000
00000000
00000000
00000000
00000000
00000000
00000000
00000000
00000000
00000000
00000000
00000000
00000000
00000000
00000000
00000000
00000000
00000000
00000000
00000000
00000000
00000000
00000000
00000000
00000000
00000000
00000000
00000000
00000000
00000000
00000000
00000000
00000000
00000000
00000000
00000000
00000000
00000000
00000000
00000000
00000000
00000000
00000000
00000000
00000000
00000000
00000000
00000000
00000000
00000000
00000000
00000000
00000000
00000000
00000000
00000000
00000000
00000000
00000000
00000000
00000000
00010000
01020000
02030000
03040000
04060000
050a0020
07090000
05060000
03040000
03030000
02020000
01010000
00000000
00000000
00000000
00000000
00000000
00000000
00000000
00000000
00000000
00000000
00000000
00000000
00000000
00000000
00000000
00000000
00000000
00000000
00000000
00000000
00000000
00000000
00000000
00000000
00000000
00000000
00000000
00000000
00000000
00000000
00000000
00000000
00000000
00000000
00000000
00000000
00000000
00000000
00000000
00000000
00000000
00000000
00000000
00000000
00000000
00000000
00000000
00000000
00000000
00000000
00000000
00000000
00000000
00000000
00000000
00000000
00000000
00000000
00000000
00000000
00000000
00000000
00000000
00000000
01040020
1a5839a6
71da8c71
cff2ad54
f1f2bdd6
f2f2ce38
f2f2deb9
f3f2e73b
f7f8ffbd
fcfcfffe
fbf7ffde
f6f2ffbd
f2f2ffbd
f2f2f7bd
f2f2ef5b
f2f2deda
f2f2ce58
f2f2bdd6
f2f2ad54
e6cc840f
932f18e3
26000000
01000000
00000000
00000000
00000000
00000000
00000000
00000000
00000000
00000000
00000000
00000000
00000000
00000000
00000000
00000000
00000000
00000000
00000000
00000000
00000000
00000000
0f3418a0
84f2bc84
eef2ff70
f2f2eda5
f2f2e544
f2f2ccc4
d2935a22
59000000
00000000
00000000
00000000
00000000
00000000
00000000
01030000
4cc18b83
c4f2dd85
f2f2f606
f2f2fe46
f2f2fe66
f2f2ffaf
f2f2ff4f
f2f2cd45
d1835222
5e000000
06000000
00000000
00000000
00000000
00000000
00000000
00000000
1d752908
64e351ef
b1d2520d
dabc7b24
eefcb484
feffb484
ffffb464
ffffac44
ffff9be4
fdf88363
e29341a2
960b0020
34000000
03000000
00000000
00000000
00000000
00000000
00000000
00000000
00000000
00000000
00000000
00000000
00000000
00000000
00000000
00000000
00000000
00000000
00000000
00000000
00000000
00000000
00000000
00000000
00000000
00000000
00000000
00000000
00000000
00000000
00000000
00000000
00000000
00000000
00000000
00000000
00000000
00000000
00000000
00000000
00000000
00000000
00000000
00000000
00000000
00000000
00000000
00000000
00000000
00000000
00000000
00000000
00000000
00000000
00000000
00000000
00000000
00000000
00000000
00000000
00000000
00000000
00000000
00000000
00000000
00000000
00000000
00000000
00000000
00000000
00000000
00000000
00000000
00000000
00000000
00000000
00000000
00000000
00000000
00000000
00000000
00000000
00000000
00000000
00000000
00000000
00000000
00000000
00000000
00000000
00000000
00000000
00000000
01010000
02030000
03050000
05080000
070b0000
0b111062
0d100841
0a0a0000
07080000
05050000
03030000
02010000
01000000
00000000
00000000
00000000
00000000
00000000
00000000
00000000
00000000
00000000
00000000
00000000
00000000
00000000
00000000
00000000
00000000
00000000
00000000
00000000
00000000
00000000
00000000
00000000
00000000
00000000
00000000
00000000
00000000
00000000
00000000
00000000
00000000
00000000
00000000
00000000
00000000
00000000
00000000
00000000
00000000
00000000
00000000
00000000
00000000
00000000
00000000
00000000
00000000
00000000
00000000
00000000
00000000
00000000
00000000
00000000
00000000
00000000
00000000
00000000
00000000
00000000
00000000
01020000
113f2924
58c57bef
baf2a534
ecf2b5b5
f2f2c617
f2f2d699
f2f2e6fa
f2f2ef7c
f4f2f7bd
f6f2ffbd
f6f2ffbd
f3f2ffbd
f2f2f7bd
f2f2f77c
f2f2e71a
f2f2d699
f2f2c617
f2f2b595
f1efa513
ce8c5aaa
640a0821
0e000000
00000000
00000000
00000000
00000000
00000000
00000000
00000000
00000000
00000000
00000000
00000000
00000000
00000000
00000000
00000000
00000000
00000000
00000000
00000000
00000000
00000000
297141a1
a2f2d526
f2f2ff4f
f2f2ed64
f2f2dd24
f2f2c483
b3563121
3a000000
00000000
00000000
00000000
00000000
00000000
00000000
03080820
68d5b464
def2e5c6
f2f2f626
f2f2fe66
f2f2fee8
f2f2fff4
f2f2ee48
eee3ac44
9e201060
29000000
00000000
00000000
00000000
00000000
00000000
00000000
00000000
4cbd41ac
bee5520f
e0e5520f
aa351083
873020c1
a97a5202
c69e6282
ce9b5a42
c2703982
a2221060
6b000000
28000000
03000000
00000000
00000000
00000000
00000000
00000000
00000000
00000000
00000000
00000000
00000000
00000000
00000000
00000000
00000000
00000000
00000000
00000000
00000000
00000000
00000000
00000000
00000000
00000000
00000000
00000000
00000000
00000000
00000000
00000000
00000000
00000000
00000000
00000000
00000000
00000000
00000000
00000000
00000000
00000000
00000000
00000000
00000000
00000000
00000000
00000000
00000000
00000000
00000000
00000000
00000000
00000000
00000000
00000000
00000000
00000000
00000000
00000000
00000000
00000000
00000000
00000000
00000000
00000000
00000000
00000000
00000000
00000000
00000000
00000000
00000000
00000000
00000000
00000000
00000000
00000000
00000000
00000000
00000000
00000000
00000000
00000000
00000000
00000000
00000000
00000000
00000000
00000000
00000000
00000000
00000000
00000000
00000000
01020000
03040000
05080000
080d0841
0d141062
141f18a3
192220c4
14131062
0c0d0821
08080000
05040000
03020000
01000000
00000000
00000000
00000000
00000000
00000000
00000000
00000000
00000000
00000000
00000000
00000000
00000000
00000000
00000000
00000000
00000000
00000000
00000000
00000000
00000000
00000000
00000000
00000000
00000000
00000000
00000000
00000000
00000000
00000000
00000000
00000000
00000000
00000000
00000000
00000000
00000000
00000000
00000000
00000000
00000000
00000000
00000000
00000000
00000000
00000000
00000000
00000000
00000000
00000000
00000000
00000000
00000000
00000000
00000000
00000000
00000000
00000000
00000000
00000000
00000000
00000000
01020000
0f392104
4db873ae
abf0a513
e6f2b595
f2f2c5f6
f2f2ce78
f2f2deda
f2f2ef5c
f2f2f7bd
f2f2ffbd
f2f2ffbd
f2f2ffbd
f2f2ffbd
f2f2f79d
f2f2e73b
f2f2deb9
f2f2ce58
f2f2bdd6
f2f2ad54
ead48c50
a33e2124
35000000
03000000
00000000
00000000
00000000
00000000
00000000
00000000
00000000
00000000
00000000
00000000
00000000
00000000
00000000
00000000
00000000
00000000
00000000
00000000
00000000
00000000
00000000
48ae72a2
c1f2e62a
f2f2f6cb
f2f2e564
f2f2dd24
f1f0b423
951b1040
1c000000
00000000
00000000
00000000
00000000
00000000
00000000
02010000
64b2a404
dbf2ee06
f2f2fe46
f2f2fe66
f2f2ff8e
f2f2ff6f
f2f2d545
d58f5a62
65000000
08000000
00000000
00000000
00000000
00000000
00000000
00000000
00000000
4b6f28e7
bbdb51ee
d4aa396b
76140821
1e000000
2b000000
46000000
4e000000
43000000
25000000
09000000
00000000
00000000
00000000
00000000
00000000
00000000
00000000
00000000
00000000
00000000
00000000
00000000
00000000
00000000
00000000
00000000
00000000
00000000
00000000
00000000
00000000
00000000
00000000
00000000
00000000
00000000
00000000
00000000
00000000
00000000
00000000
00010000
02070020
06100841
0b1a1082
0f2210a2
122610a3
132510a3
111f1082
0d161062
080c0821
04040000
01000000
00000000
00000000
00000000
00000000
00000000
00000000
00000000
00000000
00000000
00000000
00000000
00000000
00000000
00000000
00000000
00000000
00000000
00000000
00000000
00000000
00000000
00000000
00000000
00000000
00000000
00000000
00000000
00000000
00000000
00000000
00000000
00000000
00000000
00000000
00000000
00000000
00000000
00000000
00000000
00000000
00000000
00000000
00000000
00000000
00000000
00000000
00000000
00000000
00000000
00000000
00000000
01030000
04060000
070b0821
0d141082
286b6b4e
5bced67a
7ce1e71c
56434209
1d131062
0d0b0001
07060000
04020000
01000000
00000000
00000000
00000000
00000000
00000000
00000000
00000000
00000000
00000000
00000000
00000000
00000000
00000000
00000000
00000000
00000000
00000000
00000000
00000000
00000000
00000000
00000000
00000000
00000000
00000000
00000000
00000000
00000000
00000000
00000000
00000000
00000000
00000000
00000000
00000000
00000000
00000000
00000000
00000000
00000000
00000000
00000000
00010000
00000000
00000000
00000000
00000000
00000000
00000000
00000000
00000000
00000000
00000000
00000000
00000000
00000000
00000000
00000000
00000000
00000000
01050020
13432945
4eba73ae
a7f0a513
e3f2b575
f2f2bdf6
f2f2ce58
f2f2deb9
f2f2e73b
f2f2f79d
f2f2ffbd
f2f2ffbd
f2f2ffbd
f2f2ffbd
f2f2f7bd
f2f2ef5c
f2f2deda
f2f2ce78
f2f2c5f7
f2f2b595
f1eea4f3
cf8952aa
6a0c0821
13000000
00000000
00000000
00000000
00000000
00000000
00000000
00000000
00000000
00000000
00000000
00000000
00000000
00000000
00000000
00000000
00000000
00000000
00000000
00000000
00000000
00000000
02080020
67e4a3c3
def2f6ee
f2f2f627
f2f2e564
f2f2d4e4
e8cd8b42
76010000
07000000
00000000
00000000
00000000
00000000
00000000
00000000
00000000
3e4641a2
b5eaee06
f0f2fe66
f2f4fec8
f4f9fff4
f5f5ee69
eddcac44
a0231080
2d000000
00000000
00000000
00000000
00000000
00000000
00000000
00000000
00000000
1c000000
560f0821
66040000
31000000
05000000
00000000
00000000
00000000
00000000
00000000
00000000
00000000
00000000
00000000
00000000
00000000
00000000
00000000
00000000
00000000
00000000
00000000
00000000
00000000
00000000
00000000
00000000
00000000
00000000
00000000
00000000
00000000
00000000
00000000
00000000
00000000
00000000
00000000
00000000
02060020
091c1082
18422145
2c6e4208
43945acb
57b16b6e
67c373cf
73cc7bf0
79d07c10
7acf7c10
77c97bf0
6ebc73ae
61a5632d
4e844a8a
395a31a7
233018e3
10100841
04020000
00000000
00000000
00000000
00000000
00000000
00000000
00000000
00000000
00000000
00000000
00000000
00000000
00000000
00000000
00000000
00000000
00000000
00000000
00000000
00000000
00000000
00000000
00000000
00000000
00000000
00000000
00000000
00000000
00000000
00000000
00000000
00000000
00000000
00000000
00000000
00000000
00000000
00000000
00000000
00000000
00000000
00000000
00000000
00000000
00000000
00000000
00000000
00000000
02040000
05090000
0a100842
131e18a3
60e4e73d
c7ffffff
ebffffff
c4edf79e
592018c3
130f0841
0a080000
05040000
01000000
00000000
00000000
00000000
00000000
00000000
00000000
00000000
00000000
00000000
00000000
00000000
00000000
00000000
00000000
00000000
00000000
00000000
00000000
00000000
00000000
00000000
00000000
00000000
00000000
00000000
00000000
00000000
00000000
00000000
00000000
00000000
00000000
00000000
00000000
00000000
00000000
00000000
00000000
00000000
00000000
00010000
00010000
01020000
01010000
01010000
00000000
00000000
00000000
00000000
00000000
00000000
00000000
00000000
00000000
00000000
00000000
00000000
00000000
00000000
04110861
1e6039c7
5dc9840f
aef1a513
e3f2b595
f1f2bdf6
f2f2ce58
f2f2d6b9
f2f2e71b
f2f2f77c
f2f2f7bd
f2f2ffbd
f2f2ffbd
f2f2ffbd
f2f2f7bd
f2f2ef5c
f2f2defa
f2f2d699
f2f2c617
f2f2b5b5
f2f2ad34
e5c27bce
9a3018e3
31000000
03000000
00000000
00000000
00000000
00000000
00000000
00000000
00000000
00000000
00000000
00000000
00000000
00000000
00000000
00000000
00000000
00000000
030b0821
0d2a18a3
0a000000
00000000
00000000
103720a1
85f2bc84
eef2ff70
f2f2eda5
f2f2e544
f2f2ccc4
d1915a22
58000000
00000000
00000000
00000000
00000000
00000000
00000000
00000000
00000000
12010000
62555a42
c1d2dd86
ecfbff8e
f9fdff91
f9f9cd49
c4473142
51000000
09000000
00000000
00000000
00000000
00000000
00000000
00000000
00000000
00000000
00000000
04000000
05000000
01000000
00000000
00000000
00000000
00000000
00000000
00000000
00000000
00000000
00000000
00000000
00000000
00000000
00000000
00000000
00000000
00000000
00000000
00000000
00000000
00000000
00000000
00000000
00000000
00000000
00000000
00000000
00000000
00000000
00000000
00000000
00000000
00000000
00010000
05110841
15432945
3487528a
5ac073af
80e08c72
9fee94d3
b8f29d14
caf29d14
d6f29d35
ddf2a535
e0f2a535
e1f2a535
dff29d35
daf29d35
d1f29d14
c3f19cf4
aee994b3
92d58431
6fa9632d
496839e8
252918c3
0c060020
02000000
00000000
00000000
00000000
00000000
00000000
00000000
00000000
00000000
00000000
00000000
00000000
00000000
00000000
00000000
00000000
00000000
00000000
00000000
00000000
00000000
00000000
00000000
00000000
00000000
00000000
00000000
00000000
00000000
00000000
00000000
00000000
00000000
00000000
00000000
00000000
00000000
00000000
00000000
00000000
00000000
00000000
00000000
00000000
00000000
00000000
02050000
070c0821
0e151062
1d322946
8dfeffff
f8ffffff
ffffffff
f2dedefc
832418c4
1a141062
0e0b0821
07050000
02000000
00000000
00000000
00000000
00000000
00000000
00000000
00000000
00000000
00000000
00000000
00000000
00000000
00000000
0c301063
2c823149
396328e7
19000000
00000000
00000000
00000000
00000000
00000000
00000000
00000000
00000000
00000000
00000000
00000000
00000000
00000000
00000000
00000000
00000000
00000000
00000000
00000000
00000000
00000000
00000000
00010000
01020000
01020000
02030000
02030000
02010000
01010000
00000000
00000000
00000000
00000000
00000000
00000000
00000000
00000000
00000000
00000000
00000000
02080821
10362104
36925acb
79df9491
bff2ad34
e7f2b595
f2f2bdf6
f2f2ce58
f2f2d6b9
f2f2e71b
f2f2ef7c
f2f2f7bd
f2f2ffbd
f2f2ffbd
f2f2ffbd
f2f2f7bd
f2f2ef5c
f2f2defa
f2f2d699
f2f2c637
f2f2bdd6
f2f2ad54
edde9491
bc5f39c7
55040020
0d000000
00000000
00000000
00000000
00000000
00000000
00000000
00000000
00000000
00000000
00000000
00000000
00000000
00000000
00000000
00000000
00000000
0d3420e4
43cc7330
79e483b2
678e524b
23000000
00000000
2b7449a1
a4f2d546
f2f2ff4f
f2f2e564
f2f2dd24
f2f2bc83
b2543121
39000000
00000000
00000000
00000000
00000000
00000000
00000000
00000000
00000000
00000000
16000000
4d0c0840
a7c4942f
e9e99c51
f0e28bb1
8f1b1062
18000000
00000000
00000000
00000000
00000000
00000000
00000000
00000000
00000000
00000000
00000000
00000000
00000000
00000000
00000000
00000000
00000000
00000000
00000000
00000000
00000000
00000000
00000000
00000000
00000000
00000000
00000000
00000000
00000000
00000000
00000000
00000000
00000000
00000000
00000000
00000000
00000000
00000000
00000000
00000000
00000000
00000000
00000000
00000000
00000000
04110841
18503166
42a5632d
76dd8451
a6f094f4
caf29d35
e1f2a555
ecf2a576
f1f2ad96
f2f2ad96
f2f2adb7
f2f2b5b7
f2f2b5b7
f2f2b5b7
f2f2adb7
f2f2adb7
f2f2ad96
f2f2ad76
f0f2a555
e8f2a535
d8f29d14
bceb94b3
91c97bf0
5e804a6a
2d2e18c3
0d050020
01000000
00000000
00000000
00000000
00000000
00000000
00000000
00000000
00000000
00000000
00000000
00000000
00000000
00000000
00000000
00000000
00000000
00000000
00000000
00000000
00000000
00000000
00000000
00000000
00000000
00000000
00000000
00000000
00000000
00000000
00000000
00000000
00000000
00000000
00000000
00000000
00000000
00000000
00000000
00000000
00000000
00000000
00000000
00000000
02030000
07070000
0d0c0821
1b171082
6f757baf
dbf9f7df
f9edef7e
d3818411
66151082
160b0821
0c060000
06030000
02000000
00000000
00000000
00000000
00000000
00000000
00000000
00000000
00000000
00000000
00000000
00000000
00000000
01040000
3cbd49cd
95e65a30
ace55a30
5e301083
0c000000
00000000
00000000
00000000
00000000
00000000
00000000
00000000
00000000
00000000
00000000
00000000
00000000
00000000
00000000
00000000
00000000
00000000
00000000
00000000
00000000
00000000
01010000
02040000
195e39e7
46b473ae
53915aeb
280c0821
04010000
01010000
00000000
00000000
00000000
00000000
00000000
00000000
00000000
00020000
040f0841
12372104
30815269
63cc840f
a1efa513
d4f2ad54
edf2b5b5
f2f2c5f7
f2f2ce58
f2f2d6b9
f2f2e71b
f2f2ef7c
f2f2f7bd
f2f2ffbd
f2f2ffbd
f2f2f7bd
f2f2f79d
f2f2ef5c
f2f2defa
f2f2d699
f2f2c637
f2f2bdd6
f2f2ad74
f0e99cd2
d086528a
75100841
1d000000
01000000
00000000
00000000
00000000
00000000
00000000
00000000
00000000
00000000
00000000
00000000
00000000
00000000
00000000
00000000
00000000
00000000
266539a8
92e583b2
dee583b2
cbd47b71
58000000
00000000
49b172c2
c2f2e62a
f2f2f6ab
f2f2e564
f2f2dd24
f1efb423
94190840
1b000000
00000000
00000000
00000000
00000000
00000000
00000000
00000000
00000000
00000000
00000000
03000000
39120841
8d7541e9
9a2a18a3
49000000
07000000
00000000
00000000
00000000
00000000
00000000
00000000
00000000
00000000
00000000
00000000
00000000
00000000
00000000
00000000
00000000
00000000
00000000
00000000
00000000
00000000
00000000
00000000
00000000
00000000
00000000
00000000
00000000
00000000
00000000
00000000
00000000
00000000
00000000
00000000
00000000
00000000
01040000
01000000
00000000
00000000
00000000
00000000
01060020
103a2104
3a9d5aec
78e08c72
b2f19cf4
daf2a535
ecf2a576
f2f2ad97
f2f2b5d7
f2f2b5f8
f2f2be18
f2f2be39
f2f2be39
f2f2be39
f2f2c659
f2f2c639
f2f2be39
f2f2be39
f2f2be18
f2f2bdf8
f2f2b5d7
f2f2adb7
f2f2ad96
f0f2a555
e6f29d35
caee94d3
99c97bf0
5b704208
241a1082
07010000
00000000
00000000
00000000
00000000
00000000
00000000
00000000
00000000
00000000
00000000
00000000
00000000
00000000
00000000
00000000
00000000
00000000
00000000
00000000
00000000
00000000
00000000
00000000
00000000
00000000
00000000
00000000
00000000
00000000
00000000
00000000
00000000
00000000
00000000
00000000
00000000
00000000
00000000
00000000
00000000
00000000
00000000
01030000
05060000
090c0821
10131082
2f1c18a3
734341e8
94282104
6b161082
2e0e0821
0d080000
07040000
04020000
01000000
00000000
00000000
00000000
00000000
00000000
00000000
00000000
00000000
00000000
00000000
00000000
00000000
02030000
60bd49cd
d1e65a30
e5e55a30
8d391884
1a000000
00000000
00000000
00000000
00000000
00000000
00000000
00000000
00000000
00000000
00000000
00000000
00000000
00000000
00000000
00000000
00000000
00000000
00000000
00000000
00000000
00010000
01010000
050e0841
55e39492
baf49cd3
cbf39cd2
8ca1632c
321c1082
0b0f0841
06080821
03060020
03060020
04080821
060f0841
0b1d1082
15382104
276541e7
459e630c
6ed28c30
9eed9cf3
cbf2ad54
e8f2b595
f1f2bdd6
f2f2c617
f2f2ce78
f2f2ded9
f2f2e71b
f2f2ef7c
f2f2f7bd
f2f2ffbd
f2f2ffbd
f2f2f7bd
f2f2f77c
f2f2e73b
f2f2deda
f2f2d699
f2f2c637
f2f2bdd6
f2f2ad74
f1ed9cf3
d99c630b
8a1e1082
2d000000
04000000
00000000
00000000
00000000
00000000
00000000
00000000
00000000
00000000
00000000
00000000
00000000
00000000
00000000
00000000
00000000
00000000
00000000
2a422905
9adc8391
e3e583b2
d2a862ad
5f000000
02090020
68e5a3c3
dff2f70e
f2f2f607
f2f2e564
f2f2d4e4
e8cb8b42
75000000
06000000
00000000
00000000
00000000
00000000
00000000
00000000
00000000
00000000
00000000
00000000
00000000
04000000
22000000
28000000
0a000000
00000000
00000000
00000000
00000000
00000000
00000000
00000000
00000000
00000000
00000000
00000000
00000000
00000000
00000000
00000000
00000000
00000000
00000000
00000000
00000000
00000000
00000000
00000000
00000000
00000000
00000000
00000000
00000000
00000000
00000000
00000000
00000000
00000000
00000000
00000000
15533186
42b46b6e
64d98431
473d2125
0f000000
00000000
00000000
05130841
216c3a08
5fcf7c10
a6f09cf4
d8f2a535
edf2ad76
f2f2adb7
f2f2b5f8
f2f2be18
f2f2c659
f2f2c67a
f2f2ce9a
f2f2cebb
f2f2cebb
f2f2cedb
f2f2d6db
f2f2d6db
f2f2cebb
f2f2cebb
f2f2ce9a
f2f2c67a
f2f2c65a
f2f2be39
f2f2be18
f2f2b5d7
f2f2ad97
f1f2a556
e7f29d14
c5e994b3
87a9632d
403b2124
10040000
01000000
00000000
00000000
00000000
00000000
00000000
00000000
00000000
00000000
00000000
00000000
00000000
00000000
00000000
00000000
00000000
00000000
00000000
00000000
00000000
00000000
00000000
00000000
00000000
00000000
00000000
00000000
00000000
00000000
00000000
00000000
00000000
00000000
00000000
00000000
00000000
00000000
00000000
00000000
00000000
00000000
01030000
05070000
090d0841
111a18a3
191c18c3
261b18a3
27161082
180d0841
0e080000
09050000
05030000
03020000
01000000
00000000
00000000
00000000
00000000
00000000
00000000
00000000
00000000
00000000
00000000
00000000
00000000
01000000
3d361884
9886314a
ae692907
62000000
0e000000
00000000
00000000
00000000
00000000
00000000
00000000
00000000
00000000
00000000
00000000
00000000
00000000
00000000
00000000
00000000
00000000
00000000
00000000
00000000
00000000
01010000
01020000
0e2618c3
81ec9cd3
edf39cf3
f4f59cd3
dbe39471
97bc7bae
63a46b2c
53925acb
4a8952aa
488a52aa
4b945aeb
55a76b4c
64bf7bce
7bd78c50
97ea9cd2
b7f1a533
d5f2ad54
e9f2b595
f1f2bdd6
f2f2c617
f2f2ce58
f2f2d699
f2f2deda
f2f2e73b
f2f2f79c
f2f2f7bd
f2f2f7bd
f2f2f7bd
f2f2f79c
f2f2ef5b
f2f2e6fa
f2f2deb9
f2f2ce78
f2f2c617
f2f2bdd6
f2f2ad74
f1ed9cf3
dca3632c
952718c3
38000000
08000000
00000000
00000000
00000000
00000000
00000000
00000000
00000000
00000000
00000000
00000000
00000000
00000000
00000000
00000000
00000000
00000000
00000000
00000000
10000000
4e181062
894b2926
76010000
2a000000
113920c1
86f2bc84
eff2ff70
f2f2eda5
f2f2e544
f2f2ccc4
cf8e5a22
56000000
00000000
00000000
00000000
00000000
00000000
00000000
00000000
00000000
00000000
00000000
00000000
00000000
00000000
00000000
00000000
00000000
00000000
00000000
00000000
00000000
00000000
00000000
00000000
00000000
00000000
00000000
00000000
00000000
00000000
00000000
00000000
00000000
00000000
00000000
00000000
00000000
00000000
00000000
00000000
00000000
00000000
00000000
00000000
00000000
00000000
00000000
00000000
00000000
00000000
00000000
00000000
44be73af
abe58c72
d6e58c72
b5da8431
4d1c1082
07000000
082110a2
319152cb
7de58c92
c5f29d14
e9f2a576
f2f2adb7
f2f2b5f8
f2f2be39
f2f2c67a
f2f2ce9a
f2f2d6db
f2f2d6fc
f2f2df1c
f2f2df3d
f2f2df3d
f2f2df5d
f2f2e75d
f2f2df5d
f2f2df5d
f2f2df3d
f2f2df1d
f2f2d6fc
f2f2d6dc
f2f2cebb
f2f2ce9a
f2f2c659
f2f2be18
f2f2b5d7
f2f2ad96
f0f2a555
ddf19cf4
a8ca7bf0
595a31a7
1a090821
02000000
00000000
00000000
00000000
00000000
00000000
00000000
00000000
00000000
00000000
00000000
00000000
00000000
00000000
00000000
00000000
00000000
00000000
00000000
00000000
00000000
00000000
00000000
00000000
00000000
00000000
00000000
00000000
00000000
00000000
00000000
00000000
00000000
00000000
00000000
00000000
00000000
00000000
00000000
00000000
01030000
05070000
0d1818a3
43ccce59
7df2ef7d
5f514a6a
25101082
0f090000
09050000
05030000
03020000
02010000
01000000
00000000
00000000
00000000
00000000
00000000
00000000
00000000
00000000
00000000
00000000
00000000
00000000
00000000
0d000000
2f000000
3c000000
1a000000
00000000
00000000
00000000
00000000
00000000
00000000
00000000
00000000
00000000
00000000
00000000
00000000
00000000
00000000
00000000
00000000
00000000
00000000
00000000
00000000
00000000
01010000
01010000
0b040000
606b4228
cce49492
e1b673ae
c483528a
bcd08430
c8f1a513
c6f1a513
bff1a513
bdf1a513
c0f2a533
c8f2a534
d2f2ad54
dff2ad74
e9f2b595
f0f2b5b5
f2f2bdd6
f2f2c617
f2f2ce58
f2f2d699
f2f2ded9
f2f2e71b
f2f2ef5c
f2f2f79d
f2f2f7bd
f2f2f79c
f2f2ef7c
f2f2e73b
f2f2e71a
f2f2deda
f2f2d699
f2f2ce58
f2f2c5f6
f2f2b5b5
f2f2ad54
f0e99cd2
d99b630b
952718a3
3c010000
0a000000
00000000
00000000
00000000
00000000
00000000
00000000
00000000
00000000
00000000
00000000
00000000
00000000
00000000
00000000
00000000
00000000
00000000
00000000
00000000
00000000
06000000
19000000
13000000
040f0841
37945a23
adf5d546
f3f2ff4f
f2f2e564
f2f2dd24
f2f2bc83
b1513121
38000000
00000000
00000000
00000000
00000000
00000000
00000000
00000000
00000000
00000000
00000000
00000000
00000000
00000000
00000000
00000000
00000000
00000000
00000000
00000000
00000000
00000000
00000000
00000000
00000000
00000000
00000000
00000000
00000000
00000000
00000000
00000000
00000000
00000000
00000000
00000000
00000000
00000000
00000000
00000000
00000000
00000000
00000000
00000000
00000000
00000000
00000000
00000000
00000000
00000000
00000000
04110841
6ce08451
dae58c72
e5e58c72
dfd98431
76070821
132a18c3
3ca6632d
91ed94d3
d5f2a535
eff2ad96
f2f2b5d7
f2f2be39
f2f2c67a
f2f2cebb
f2f2d6dc
f2f2df1c
f2f2df5d
f2f2e77e
f2f2e77e
f2f2e79e
f2f2e79e
f2f2e79e
f2f2e79e
f2f2e79e
f2f2e79e
f2f2e79e
f2f2e79e
f2f2e77e
f2f2e75e
f2f2df3d
f2f2d6fc
f2f2d6db
f2f2ce9a
f2f2c659
f2f2be18
f2f2adb7
f2f2a576
e8f29d14
bcda8451
6a6b3a08
200b0821
03000000
00000000
00000000
00000000
00000000
00000000
00000000
00000000
00000000
00000000
00000000
00000000
00000000
00000000
00000000
00000000
00000000
00000000
00000000
00000000
00000000
00000000
00000000
00000000
00000000
00000000
00000000
00000000
00000000
00000000
00000000
00000000
00000000
00000000
00000000
00000000
00000000
00000000
00000000
02040000
06090020
162e2966
84feffff
efffffff
b48d8c51
40100861
0c080000
06030000
03020000
02010000
01010000
01000000
00000000
00010000
00010000
01010000
01020000
01010000
01010000
00010000
00000000
00000000
00000000
00000000
00000000
00000000
00000000
00000000
00000000
00000000
00000000
00000000
00000000
00000000
00000000
00000000
00000000
00000000
00000000
00000000
00000000
00000000
00000000
00000000
00000000
00000000
00000000
00000000
00000000
00000000
00000000
01010000
02010000
1d020000
5a181082
6e030000
51090020
6a4e3186
b3bc7bae
e3eea4f3
f1f2ad54
f1f2b595
f2f2b5b5
f2f2bdd6
f2f2bdd6
f2f2bdf6
f2f2c617
f2f2c637
f2f2ce58
f2f2d699
f2f2deda
f2f2e6fa
f2f2e73b
f2f2ef5b
f2f2ef5c
f2f2ef3b
f2f2e73b
f2f2e71a
f2f2deda
f2f2d6b9
f2f2d699
f2f2ce58
f2f2c617
f2f2bdd6
f2f2b595
f3f5ad34
efe29491
d0845289
891d1082
38000000
0a000000
00000000
00000000
00000000
00000000
00000000
00000000
00000000
00000000
00000000
00000000
00000000
00000000
00000000
00000000
00000000
00000000
00000000
00000000
00000000
00000000
00000000
00000000
00000000
00000000
248241e9
87f89bc7
e0feee4b
f6f5f6ab
f3f2e564
f2f2dd04
f1efac23
92170840
1a000000
00000000
00000000
00000000
00000000
00000000
00000000
00000000
00000000
00000000
00000000
00000000
00000000
00000000
00000000
00000000
00000000
00000000
00000000
00000000
00000000
00000000
00000000
00000000
00000000
00000000
00000000
00000000
00000000
00000000
00000000
00000000
00000000
00000000
00000000
00000000
00000000
00000000
00000000
00000000
00000000
00000000
00000000
00000000
00000000
00000000
00000000
00000000
00000000
00000000
00000000
04000000
50513186
bee38c52
e3e08451
c987528a
642818c3
41ab634d
9aef94d3
ddf2a555
f1f2adb7
f2f2b5f8
f2f2c659
f2f2ce9a
f2f2d6db
f2f2df1d
f2f2e75d
f2f2e77e
f2f2e79e
f2f2e79e
f2f2e79e
f2f2e79e
f2f2e79e
f2f2e79e
f2f2e79e
f2f2e79e
f2f2e79e
f2f2e79e
f2f2e79e
f2f2e79e
f2f2e79e
f2f2e79e
f2f2e77e
f2f2df3d
f2f2d6fc
f2f2cebb
f2f2c67a
f2f2be39
f2f2b5d7
f2f2ad76
ecf29d15
c5df8472
706d4208
200a0821
02000000
00000000
00000000
00000000
00000000
00000000
00000000
00000000
00000000
00000000
00000000
00000000
00000000
00000000
00000000
00000000
00000000
00000000
00000000
00000000
00000000
00000000
00000000
00000000
00000000
00000000
00000000
00000000
00000000
00000000
00000000
00000000
00000000
00000000
00000000
00000000
00000000
00000000
01010000
05040000
120a0021
6b7473ae
c4a19d14
911710a2
2f060000
08020000
03000000
01000000
01000000
01000000
01020000
01030000
02040000
03060000
04070000
060e0841
06070000
04060000
03040000
02030000
01020000
01010000
00000000
00000000
00000000
00000000
00000000
00000000
00000000
00000000
00000000
00000000
00000000
00000000
00000000
00000000
00000000
00000000
00000000
00000000
00000000
00000000
00000000
00000000
00000000
00000000
00000000
00000000
00000000
00000000
00000000
01010000
01010000
07020000
08010000
04010000
17030000
4f3018e3
9b945aeb
d5df9491
edf2a533
f2f2ad74
f2f2b5b5
f2f2bdf6
f2f2c617
f2f2ce58
f2f2ce78
f2f2d699
f2f2d6b9
f2f2deb9
f2f2deda
f2f2deda
f2f2deda
f2f2ded9
f2f2d6b9
f2f2d699
f2f2d678
f2f2ce58
f2f2c637
f2f2c5f7
f2f2bdd6
f2f2b595
f2f2ad54
f3f6a513
f5f99472
efee7b50
c0ae49ec
54000000
07000000
00000000
00000000
00000000
00000000
00000000
00000000
00010000
01020000
01010000
00000000
00000000
00000000
00000000
00000000
00000000
00000000
00000000
00000000
00000000
00000000
00000000
00000000
00000000
00000000
00000000
479c524a
c5fdb425
fcfef70f
f9f4f607
f3f2e564
f2f2d4e4
e7c98b22
74000000
06000000
00000000
00000000
00000000
00000000
00000000
00000000
00000000
00000000
00000000
00000000
00000000
00000000
00000000
00000000
00000000
00000000
00000000
00000000
00000000
00000000
00000000
00000000
00000000
00000000
00000000
00000000
00000000
00000000
00000000
00000000
00000000
00000000
00000000
00000000
00000000
00000000
00000000
00000000
00000000
00000000
00000000
00000000
00000000
00000000
00000000
00000000
00000000
00000000
00000000
00000000
00000000
14000000
572718c3
7d0a0821
631c1082
5ba15b0c
99ef94d3
dff2a555
f1f2adb7
f2f2be18
f2f2c65a
f2f2cebb
f2f2d6fc
f2f2df1c
f2f2df1c
f2f2df1c
f2f2df1c
f2f2df1c
f2f2df3d
f2f2df3d
f2f2e75d
f2f2e77e
f2f2e77e
f2f2e79e
f2f2e79e
f2f2e79e
f2f2e79e
f2f2e79e
f2f2e79e
f2f2e79e
f2f2e79e
f2f2e79e
f2f2e79e
f2f2e77e
f2f2df3d
f2f2d6dc
f2f2ce9a
f2f2be39
f2f2b5d7
f2f2ad76
edf29d15
c6dc8451
6c5e39c7
1b050020
01000000
00000000
00000000
00000000
00000000
00000000
00000000
00000000
00000000
00000000
00000000
00000000
00000000
00000000
00000000
00000000
00000000
00000000
00000000
00000000
00000000
00000000
00000000
00000000
00000000
00000000
00000000
00000000
00000000
00000000
00000000
00000000
00000000
00000000
00000000
00000000
00000000
01010000
02020000
06050000
23080000
4a0c0841
32060000
0a030000
03010000
01000000
00000000
00000000
00000000
01030000
03050000
05080000
070b0821
090e0861
0f1818a3
0f0e0861
0a0b0821
07080000
05050000
03030000
02010000
00000000
00000000
00000000
00000000
00000000
00000000
00000000
00000000
00000000
00000000
00000000
00000000
00000000
00000000
00000000
00000000
00000000
00000000
00000000
00000000
00000000
00000000
00000000
00000000
00000000
00000000
00000000
00000000
00000000
00000000
01000000
01010000
01010000
01000000
01000000
0d000000
35120841
775939a6
b7b2738d
dfe69cb2
eff2a533
f2f2ad74
f2f2b595
f2f2bdd6
f2f2bdf6
f2f2c617
f2f2c617
f2f2c637
f2f2ce37
f2f2ce58
f2f2ce38
f2f2ce37
f2f2c637
f2f2c617
f2f2c5f6
f2f2bdd6
f2f2b5b5
f2f2b575
f2f2ad54
f1eea4f3
ebd98c50
edf283b1
f3ea6ad0
ede56270
d9e4626f
6c1e1042
07000000
00000000
00000000
00000000
00000000
00000000
00010000
01020000
02040000
02020000
01010000
00000000
00000000
00000000
00000000
00000000
00000000
00000000
00000000
00000000
00000000
00000000
00000000
00000000
00000000
00000000
384220e1
b5f9c4a4
fbf6ff90
f7f2eda5
f3f2e544
f2f2ccc4
ce8c5a22
55000000
00000000
00000000
00000000
00000000
00000000
00000000
00000000
00000000
00000000
00000000
00000000
00000000
00000000
00000000
00000000
00000000
00000000
00000000
00000000
00000000
00000000
00000000
00000000
00000000
00000000
00000000
00000000
00000000
00000000
00000000
00000000
00000000
00000000
00000000
00000000
00000000
00000000
00000000
00000000
00000000
00000000
00000000
00000000
00000000
00000000
00000000
00000000
00000000
00000000
00000000
00000000
00000000
00000000
0a000000
100e0841
2f874a8a
8ceb94b3
dbf2a555
f1f2adb7
f2f2be18
f2f2c67a
f2f2cebb
f2f2cebb
f2f2cebb
f2f2ce9a
f2f2ce9a
f2f2ce9a
f2f2ce9a
f2f2ce9a
f2f2cebb
f2f2cebb
f2f2d6db
f2f2d6fc
f2f2df1c
f2f2df3d
f2f2e75e
f2f2e77e
f2f2e79e
f2f2e79e
f2f2e79e
f2f2e79e
f2f2e79e
f2f2e79e
f2f2e79e
f2f2e79e
f2f2e77e
f2f2df5d
f2f2d6fc
f2f2ce9a
f2f2be39
f2f2b5d8
f2f2ad76
ecf29d14
bfcf7c10
5d422945
12010000
00000000
00000000
00000000
00000000
00000000
00000000
00000000
00000000
00000000
00000000
00000000
00000000
00000000
00000000
00000000
00000000
00000000
00000000
00000000
00000000
00000000
00000000
00000000
00000000
00000000
00000000
00000000
00000000
00000000
00000000
00000000
00000000
00000000
00000000
00000000
00000000
0b2d18e3
12161062
08020000
05030000
07050000
06020000
03020000
02010000
01000000
00000000
00000000
00010000
02040000
05080000
080d0841
0d131082
121a18a3
1b2b2124
1b1b18a3
12141082
0d0d0861
08080000
05050000
03020000
01000000
00000000
00000000
00000000
00000000
00000000
00000000
00000000
00000000
00000000
00000000
00000000
00000000
00000000
00000000
00000000
00000000
00000000
00000000
00000000
00000000
00000000
00000000
00000000
00000000
00000000
00000000
00000000
00000000
00000000
00000000
00000000
01000000
00000000
00010000
00000000
05000000
1b020000
4b1e1082
866139c7
b9ac6b6d
dbdc9471
ecefa4f3
f1f2ad34
f2f2ad54
f2f2b575
f2f2b595
f2f2b5b5
f2f2b5b5
f2f2b5b5
f2f2b5b5
f2f2b5b5
f2f2b595
f2f2b595
f2f2ad74
f2f2ad54
f2f1a533
efe89cd2
e5c783ef
cb86528a
a23b2104
b4cb5a2e
e3e56270
e6e56270
e4e2626f
86361884
15000000
00000000
00000000
00000000
00000000
00000000
01020000
0f362105
44d39c53
4d5b41c8
18020000
01010000
00000000
00000000
00000000
00000000
00000000
00000000
00000000
00000000
00000000
00000000
00000000
00000000
00000000
00000000
2f7949c1
a9f2d546
f5f2ff4f
f3f2e564
f2f2dd24
f2f2bc83
b04f3101
37000000
00000000
00000000
00000000
00000000
00000000
00000000
00000000
00000000
00000000
00000000
00000000
00000000
00000000
00000000
00000000
00000000
00000000
00000000
00000000
00000000
00000000
00000000
00000000
00000000
00000000
00000000
00000000
00000000
00000000
00000000
00000000
00000000
00000000
00000000
00000000
00000000
00000000
00000000
00000000
00000000
00000000
00000000
00000000
00000000
00000000
00000000
00000000
00000000
00000000
00000000
00000000
00000000
00000000
01030000
1b5c31a7
74e08c72
d1f29d35
f0f2ad96
f2f2be18
f2f2c659
f2f2c67a
f2f2c659
f2f2be39
f2f2be19
f2f2be18
f2f2be18
f2f2be18
f2f2be18
f2f2be18
f2f2be19
f2f2be39
f2f2c659
f2f2c67a
f2f2ce9a
f2f2cebb
f2f2d6fc
f2f2df1d
f2f2e75d
f2f2e77e
f2f2e79e
f2f2e79e
f2f2e79e
f2f2e79e
f2f2e79e
f2f2e79e
f2f2e79e
f2f2e79e
f2f2e75d
f2f2d6fc
f2f2ce9b
f2f2be39
f2f2b5d7
f2f2a576
e9f19cf4
adb26b6e
452110a2
08000000
00000000
00000000
00000000
00000000
00000000
00000000
00000000
00000000
00000000
00000000
00000000
00000000
00000000
00000000
00000000
00000000
00000000
00000000
00000000
00000000
00000000
00000000
00000000
00000000
00000000
00000000
00000000
00000000
00000000
00000000
00000000
00000000
00000000
00000000
1e774a49
62e68c52
7bc273af
3a0d0841
05000000
02010000
02000000
01000000
01000000
00000000
00000000
00000000
00010000
03060000
070b0821
0d141082
152018e3
26494a69
4b9ca514
4a464a49
262118e3
16141082
0d0c0821
08060000
04020000
01000000
00000000
00000000
00000000
00000000
00000000
00000000
00000000
00000000
00000000
00000000
00000000
00000000
00000000
00000000
00000000
00000000
00000000
00000000
00000000
00000000
00000000
00000000
00000000
00000000
00000000
00000000
00000000
00000000
00000000
00000000
00000000
00000000
0b2c1907
205429ed
16020000
01000000
01000000
08000000
20020000
4a171061
79452945
a4805269
c5b2738d
dad38c30
e7e494b2
eded9cf3
f0f0a513
f1f1a533
f2f2a533
f2f2a533
f2f1a513
f1efa513
efe99cd2
eadd9471
e1c47bef
d09962eb
b56039c7
8e2918c3
60090821
32000000
5b662907
b9ce5a2e
dfe46270
c4662907
5f000000
0d000000
00000000
00000000
00000000
00000000
00010000
01020000
276141e9
98f7b517
ae916aed
3c030000
02010000
00000000
00000000
00000000
00000000
00000000
00000000
00000000
00000000
00000000
00000000
00000000
00000000
00000000
00000000
4cb67ac2
c5f2e64a
f2f2f6ab
f2f2e564
f2f2dd04
f1eeac03
91150840
19000000
00000000
00000000
00000000
00000000
00000000
00000000
00000000
00000000
00000000
00000000
00000000
00000000
00000000
00000000
00000000
00000000
00000000
00000000
00000000
00000000
00000000
00000000
00000000
00000000
00000000
00000000
00000000
00000000
00000000
00000000
00000000
00000000
00000000
00000000
00000000
00000000
00000000
00000000
00000000
00000000
00000000
00000000
00000000
00000000
00000000
00000000
00000000
00000000
00000000
00000000
00000000
00000000
00000000
0b2a18c3
53c273af
bcf29d14
edf2ad76
f2f2b5f8
f2f2be39
f2f2be18
f2f2b5f8
f2f2b5d7
f2f2adb7
f2f2ad96
f2f2ad96
f2f2ad76
f2f2ad76
f2f2ad96
f2f2ad96
f2f2ad96
f2f2adb7
f2f2b5d7
f2f2b5f8
f2f2be18
f2f2be39
f2f2c67a
f2f2ce9b
f2f2d6db
f2f2df1c
f2f2e75d
f2f2e79e
f2f2e79e
f2f2e79e
f2f2e79e
f2f2e79e
f2f2e79e
f2f2e79e
f2f2e79e
f2f2e75d
f2f2d6fc
f2f2ce9a
f2f2be39
f2f2b5b7
f2f2a555
e0ec94d3
8f7d4a49
29080020
02000000
00000000
00000000
00000000
00000000
00000000
00000000
00000000
00000000
00000000
00000000
00000000
00000000
00000000
00000000
00000000
00000000
00000000
00000000
00000000
00000000
00000000
00000000
00000000
00000000
00000000
00000000
00000000
00000000
00000000
00000000
00000000
00000000
00000000
43975acc
b6e68c52
dbdd8431
6c030000
04000000
00000000
00000000
00000000
00000000
00000000
00000000
00000000
01010000
04080000
0a0e0861
121b18c3
2b5d630c
6deef7be
b4ffffff
b7fcffff
746b73ae
2f1c18c3
130f1062
0a080000
05020000
01000000
00000000
00000000
00000000
00000000
00000000
00000000
00000000
00000000
00000000
00000000
00000000
00000000
00000000
00000000
00000000
00000000
00000000
00000000
00000000
00000000
00000000
00000000
00000000
00000000
00000000
00000000
00000000
00000000
00000000
00000000
02060021
195e322e
59d86cbd
88cb647c
55321908
0d000000
00000000
00000000
01000000
06000000
17000000
33060020
53161062
733120e3
8e503186
a36c4208
b3825289
bd905aca
c2965aeb
c3935aeb
c08952aa
b8784a49
ab5e39c7
99402924
802210a2
630c0841
42010000
23000000
0c000000
02000000
19000000
4d000000
71130841
57000000
1a000000
00000000
00000000
00000000
00000000
00000000
00000000
01010000
1c0a0821
67382905
740d0841
29010000
01000000
00000000
00000000
00000000
00000000
00000000
00000000
00000000
00000000
00000000
00000000
00000000
00000000
00000000
030b0820
6ae8a3e3
e0f2f70e
f2f2f606
f2f2e564
f2f2d4e4
e6c68322
72000000
05000000
00000000
00000000
00000000
00000000
00000000
00000000
00000000
00000000
00000000
00000000
00000000
00000000
00000000
00000000
00000000
00000000
00000000
00000000
00000000
00000000
00000000
00000000
00000000
00000000
00000000
00000000
00000000
00000000
00000000
00000000
00000000
00000000
00000000
00000000
00000000
00000000
00000000
00000000
00000000
00000000
00000000
00000000
00000000
00000000
00000000
00000000
00000000
00000000
00000000
00000000
00000000
00000000
02080821
2e844a8a
98ee94d3
e5f2a555
f2f2b5d7
f2f2b5f8
f2f2b5b7
f2f2ad96
f2f2a576
f2f2a555
f2f29d35
f2f29d14
f2f29d14
f2f19cf4
f2f19cf4
f2f19cf4
f2f29d14
f2f29d14
f2f29d35
f2f2a555
f2f2a576
f2f2ad96
f2f2b5b7
f2f2b5f8
f2f2be39
f2f2c67a
f2f2cebb
f2f2d6fc
f2f2df3d
f2f2e77e
f2f2e79e
f2f2e79e
f2f2e79e
f2f2e79e
f2f2e79e
f2f2e79e
f2f2e79e
f2f2df5d
f2f2d6fc
f2f2c67a
f2f2be18
f2f2ad96
f0f29d35
ccd37c30
653b2104
11000000
00000000
00000000
00000000
00000000
00000000
00000000
00000000
00000000
00000000
00000000
00000000
00000000
00000000
00000000
00000000
00000000
00000000
00000000
00000000
00000000
00000000
00000000
00000000
00000000
00000000
00000000
00000000
00000000
00000000
00000000
00000000
00000000
00000000
290c0841
7f754229
9c392124
46000000
01000000
00000000
00000000
00000000
00000000
00000000
00000000
00000000
01030000
07100861
101c18c3
1d312945
53a2a534
bbffffff
fbffffff
feffffff
c3a7ad55
58332945
1f1d18c3
11111062
08060020
02000000
00000000
00000000
00000000
00000000
00000000
00000000
00000000
00000000
00000000
00000000
00000000
00000000
00000000
00000000
00000000
00000000
00000000
00000000
00000000
00000000
00000000
00000000
00000000
00000000
00000000
00000000
00000000
00000000
00000000
071b10a4
2e994b76
79e56cdf
bedf5c3e
dbeb6cdf
a3a453b8
3b150883
05000000
00000000
00000000
00000000
00000000
01000000
07000000
12000000
20000000
30020000
3d040020
47070821
4d090020
4e080821
4b060020
42030000
36010000
28000000
18000000
0b000000
03000000
00000000
00000000
00000000
00000000
00000000
05000000
05000000
00000000
00000000
00000000
00000000
00000000
00000000
00000000
00000000
03010000
11020000
12010000
04010000
01000000
00000000
00000000
00000000
00000000
00000000
00000000
00000000
00000000
00000000
00000000
00000000
00000000
00000000
123e20c1
89f2c484
eff2ff70
f2f2eda5
f2f2e544
f2f2ccc4
cd895a02
54000000
00000000
00000000
00000000
00000000
00000000
00000000
00000000
00000000
00000000
00000000
00000000
00000000
00000000
00000000
00000000
00000000
00000000
00000000
00000000
00000000
00000000
00000000
00000000
00000000
00000000
00000000
00000000
00000000
00000000
00000000
00000000
00000000
00000000
00000000
00000000
00000000
00000000
00000000
00000000
00000000
00000000
00000000
00000000
00000000
00000000
00000000
00000000
00000000
00000000
00000000
00000000
00000000
00000000
10372104
65d27c10
cef29d35
f1f2ad96
f2f2adb7
f2f2a576
f2f2a535
f2f29d14
f1ed94d3
ecde8471
e2c573cf
d5ab634d
c9955acb
c0874a8a
bb824a6a
bb87528a
c0965acb
caad634d
d6c873ef
e3df8c72
ecee94d3
f1f29d14
f2f2a555
f2f2ad76
f2f2adb7
f2f2b5f8
f2f2be39
f2f2c67a
f2f2cebb
f2f2df1c
f2f2e75e
f2f2e79e
f2f2e79e
f2f2e79e
f2f2e79e
f2f2e79e
f2f2e79e
f2f2e79e
f2f2df3d
f2f2cedb
f2f2c659
f2f2b5d8
f2f2a576
eaf094f4
a49352cb
360b0821
03000000
00000000
00000000
00000000
00000000
00000000
00000000
00000000
00000000
00000000
00000000
00000000
00000000
00000000
00000000
00000000
00000000
00000000
00000000
00000000
00000000
00000000
00000000
00000000
00000000
00000000
00000000
00000000
00000000
00000000
00000000
00000000
00000000
03000000
20000000
2c000000
0e000000
00000000
00000000
00000000
00000000
00000000
00000000
00000000
00000000
01010000
07080000
110f1062
1e1d18c3
576d73ae
c3ffffff
ffffffff
fffeffff
cb8894b2
601e18c3
20101082
12090000
08030000
02000000
00000000
00000000
00000000
00000000
00000000
00000000
00000000
00000000
00000000
00000000
00000000
00000000
00000000
00000000
00000000
00000000
00000000
00000000
00000000
00000000
00000000
00000000
00000000
00000000
00000000
00000000
00000000
01020000
1144218a
4ac8647c
98e4649f
cdd1437b
d8cc3b3a
dddf5c3e
d5e76cdf
85743a91
24060021
01000000
00000000
00000000
00000000
00000000
00000000
00000000
00000000
00000000
02000000
03000000
04000000
04000000
03000000
02000000
01000000
00000000
00000000
00000000
00000000
00000000
00000000
00000000
00000000
00000000
00000000
00000000
00000000
00000000
00000000
00000000
00000000
00000000
00000000
00000000
00000000
01000000
01000000
00000000
00000000
00000000
00000000
00000000
00000000
00000000
00000000
00000000
00000000
00000000
00000000
00000000
00000000
00000000
2e7b49c1
a7f2d566
f2f2ff2e
f2f2e564
f2f2dd24
f2f2bc83
ae4c2901
35000000
00000000
00000000
00000000
00000000
00000000
00000000
00000000
00000000
00000000
00000000
00000000
00000000
00000000
00000000
00000000
00000000
00000000
00000000
00000000
00000000
00000000
00000000
00000000
00000000
00000000
00000000
00000000
00000000
00000000
00000000
00000000
00000000
00000000
00000000
00000000
00000000
00000000
00000000
00000000
00000000
00000000
00000000
00000000
00000000
00000000
00000000
00000000
00000000
00000000
00000000
00000000
00000000
02070020
31854a8a
9fef94d3
e9f2a576
f2f2a576
f2f2a535
f2f09cf4
ecdd8451
dbac634d
bf6f4208
9e3d2124
7f1e1082
670e0841
55070020
49040000
44030000
44040020
4a070020
560f0841
69201082
82402125
a1744229
c2b26b6e
dde08c72
edf19cf4
f2f2a535
f2f2ad76
f2f2b5b7
f2f2be18
f2f2c659
f2f2cebb
f2f2d6fc
f2f2e75d
f2f2e79e
f2f2e79e
f2f2e79e
f2f2e79e
f2f2e79e
f2f2e79e
f2f2e77e
f2f2d71c
f2f2ce9a
f2f2be19
f2f2adb7
f2f29d35
d3d68431
6b382104
11000000
00000000
00000000
00000000
00000000
00000000
00000000
00000000
00000000
00000000
00000000
00000000
00000000
00000000
00000000
00000000
00000000
00000000
00000000
00000000
00000000
00000000
00000000
00000000
00000000
00000000
00000000
00000000
00000000
00000000
00000000
00000000
00000000
00000000
00000000
00000000
00000000
00000000
00000000
00000000
00000000
00000000
00000000
00000000
00000000
01010000
04060000
0a0c0841
13151082
32292925
82737bef
cfcace99
d17b8430
8a2620e4
39161082
140d0841
0b070000
05020000
01000000
00000000
00000000
00000000
00000000
00000000
00000000
00000000
00000000
00000000
00000000
00000000
00000000
00000000
00000000
00000000
00000000
00000000
00000000
00000000
00000000
00000000
00000000
00000000
00000000
00000000
00000000
040e0842
237c42d3
69e16cdf
b2dd543e
d5ca3b1a
cfbc2a76
c6c02a97
cfd1437b
dfe5647f
c6d86c9d
6646218a
13010000
00000000
00000000
00000000
00000000
00000000
00000000
00000000
00000000
00000000
00000000
00000000
00000000
00000000
00000000
00000000
00000000
00000000
00000000
00000000
00000000
00000000
00000000
00000000
00000000
00000000
00000000
00000000
00000000
00000000
00000000
00000000
00000000
00000000
00000000
00000000
00000000
00000000
00000000
00000000
00000000
00000000
00000000
00000000
00000000
00000000
00000000
00000000
00000000
00000000
00000000
00000000
00000000
4db87ae2
c6f2ee4b
f2f2f6aa
f2f2e564
f2f2d504
f1edac03
90140840
18010000
01010000
01020000
01020000
02040000
02040000
02020000
01020000
01010000
01010000
00000000
00000000
00000000
00000000
00000000
00000000
00000000
00000000
00000000
00000000
00000000
00000000
00000000
00000000
00000000
00000000
00000000
00000000
00000000
00000000
00000000
00000000
00000000
00000000
00000000
00000000
00000000
00000000
00000000
00000000
00000000
00000000
00000000
00000000
00000000
00000000
00000000
00000000
00000000
00000000
00000000
00000000
00000000
0b2618a3
5fc87bf0
ccf29d35
f1f2a555
f2f19cf4
ecda8451
d49452cb
a9432945
78120861
4c020000
2b000000
17000000
0b000000
05000000
03000000
02000000
02000000
03000000
05000000
0c000000
18000000
2e030000
4f150861
7c492965
ad9b5aec
d7dd8451
edf29d14
f2f2a555
f2f2ad96
f2f2b5f8
f2f2be39
f2f2ce9a
f2f2d6fc
f2f2df5d
f2f2e79e
f2f2e79e
f2f2e79e
f2f2e79e
f2f2e79e
f2f2e79e
f2f2df5d
f2f2d6db
f2f2c65a
f2f2b5f8
f2f2a576
eaef94d3
9f804a6a
2f050020
01000000
00000000
00000000
00000000
00000000
00000000
00000000
00000000
00000000
00000000
00000000
00000000
00000000
00000000
00000000
00000000
00000000
00000000
00000000
00000000
00000000
00000000
00000000
00000000
00000000
00000000
00000000
00000000
00000000
00000000
00000000
00000000
00000000
00000000
00000000
00000000
00000000
00000000
00000000
00000000
00000000
00000000
00000000
00000000
00010000
03050000
08090000
152c18a3
3d8941aa
7ac35a2e
975c39a8
701f18c3
361710a2
180f1062
0f090000
08050000
04020000
01000000
00000000
00000000
00000000
00000000
00000000
00000000
00000000
00000000
00000000
00000000
00000000
00000000
00000000
00000000
00000000
00000000
00000000
00000000
00000000
00000000
00000000
00000000
00000000
00000000
00000000
0b2d1907
3bb35c1a
89e66cdf
c6d54bdd
d6c332d8
c9b92256
beb82255
bbb92255
c4c532d7
d4d74b9c
dfe9649f
b0b95bfa
482110c5
08000000
00000000
00000000
00000000
00000000
00000000
00000000
00000000
00000000
00000000
00000000
00000000
00000000
00000000
00000000
00000000
00000000
00000000
00000000
00000000
00000000
00000000
00000000
00000000
00000000
00000000
00000000
00000000
00000000
00000000
00000000
00000000
00000000
00000000
00000000
00000000
00000000
00000000
00000000
00000000
00000000
00000000
00000000
00000000
00000000
00000000
00000000
00000000
00000000
00000000
00000000
030c0820
6be9abe3
e1f2f70f
f2f2f606
f2f2e564
f2f2d4e4
e5c48302
71000000
06010000
01020000
02040000
03050000
05080020
06080020
05050000
03040000
02020000
01010000
01000000
00000000
00000000
00000000
00000000
00000000
00000000
00000000
00000000
00000000
00000000
00000000
00000000
00000000
00000000
00000000
00000000
00000000
00000000
00000000
00000000
00000000
00000000
00000000
00000000
00000000
00000000
00000000
00000000
00000000
00000000
00000000
00000000
00000000
00000000
00000000
00000000
00000000
00000000
00000000
00000000
00000000
00010000
215e31c7
8de994b3
e5f29d14
f0e994b3
dda8632d
ae452945
6f0c0821
39000000
15000000
05000000
01000000
00000000
00000000
00000000
00000000
00000000
00000000
00000000
00000000
00000000
00000000
01000000
06000000
18000000
3d0f0841
754d2966
b3b16b6d
e0eb94b3
f0f29d35
f2f2ad76
f2f2b5d7
f2f2be39
f2f2ce9a
f2f2d6fc
f2f2e75d
f2f2e79e
f2f2e79e
f2f2e79e
f2f2e79e
f2f2e79e
f2f2e77e
f2f2df1c
f2f2ce9a
f2f2be18
f2f2ad96
f1f29d14
c8be73af
581c1082
08000000
00000000
00000000
00000000
00000000
00000000
00000000
00000000
00000000
00000000
00000000
00000000
00000000
00000000
00000000
00000000
00000000
00000000
00000000
00000000
00000000
00000000
00000000
00000000
00000000
00000000
00000000
00000000
00000000
00000000
00000000
00000000
00000000
00000000
00000000
00000000
00000000
00000000
00000000
00000000
00000000
00000000
00000000
00000000
00010000
02030000
06050000
369e41ab
8ee66270
c6e76270
bae3626f
663b20c4
1f0d0841
0f090000
0a060000
06030000
03010000
01000000
00000000
00000000
00000000
00000000
00000000
00000000
00000000
00000000
00000000
00000000
00000000
00000000
00000000
00000000
00000000
00000000
00000000
00000000
00000000
00000000
00000000
00000000
00000000
02060021
1a5f324f
59d76cde
a6e15c7f
d2cd437b
d2be2a97
c4b82256
bbb82255
b8b82255
b8b82235
bcbb2255
c8c93af8
dadd53dd
daea6cbf
948d4314
2e0b0842
03000000
00000000
00000000
00000000
00000000
00000000
00000000
00000000
00000000
00000000
00000000
00000000
00000000
00000000
00000000
00000000
00000000
00000000
00000000
00000000
00000000
00000000
00000000
00000000
00000000
00000000
00000000
00000000
00000000
00000000
00000000
00000000
00000000
00000000
00000000
00000000
00000000
00000000
00000000
00000000
00000000
00000000
00000000
00000000
00000000
00000000
00000000
00000000
00000000
00000000
134120e1
8af2c4a4
f0f2ff70
f2f2ed85
f2f2e544
f2f2cca4
cc875201
53000000
01020000
02040000
04060000
060a0020
090f1062
0b0f1062
090a0020
06060000
04040000
02020000
01000000
00000000
00000000
00000000
00000000
00000000
00000000
00000000
00000000
00000000
00000000
00000000
00000000
00000000
00000000
00000000
00000000
00000000
00000000
00000000
00000000
00000000
00000000
00000000
00000000
00000000
00000000
00000000
00000000
00000000
00000000
00000000
00000000
00000000
00000000
00000000
00000000
00000000
00000000
00000000
00000000
00000000
030a0821
409a5aec
b4f194f4
eada8451
cb774249
88191082
42010000
14000000
03000000
00000000
00000000
00000000
00000000
00000000
00000000
00000000
00000000
00000000
00000000
00000000
00000000
00000000
00000000
00000000
00000000
04000000
17010000
471e1082
8f824a6a
cfdf8c72
edf29d14
f2f2a576
f2f2b5d7
f2f2be39
f2f2ce9a
f2f2d6fc
f2f2e75e
f2f2e79e
f2f2e79e
f2f2e79e
f2f2e79e
f2f2e79e
f2f2df3d
f2f2cedb
f2f2c659
f2f2b5d7
f2f2a555
e1e28c72
81462945
19000000
00000000
00000000
00000000
00000000
00000000
00000000
00000000
00000000
00000000
00000000
00000000
00000000
00000000
00000000
00000000
00000000
00000000
00000000
00000000
00000000
00000000
00000000
00000000
00000000
00000000
00000000
00000000
00000000
00000000
00000000
00000000
00000000
00000000
00000000
00000000
00000000
00000000
00000000
00000000
00000000
00000000
00000000
00000000
00000000
02020000
04030000
59bb520d
cae66270
e6e66270
e5e76270
8c2c1063
1f070000
08050000
06030000
04020000
02010000
00000000
00000000
00000000
00000000
00000000
00000000
00000000
00000000
00000000
00000000
00000000
00000000
00000000
00000000
00000000
00000000
00000000
00000000
00000000
00000000
00000000
00000000
00000000
071b10a4
2f995397
79e56cff
bdd9541e
d6c63b1a
ccba2a77
bfb82256
bab82255
b8b82255
b8b82255
b8b82234
b9b82234
bfbe2a75
cdcf3b39
dee25c1e
cfe26c9e
755c31ed
1a020000
01000000
00000000
00000000
00000000
00000000
00000000
00000000
00000000
00000000
00000000
00000000
00000000
00000000
00000000
00000000
00000000
00000000
00000000
00000000
00000000
00000000
00000000
00000000
00000000
00000000
00000000
00000000
00000000
00000000
00000000
00000000
00000000
00000000
00000000
00000000
00000000
00000000
00000000
00000000
00000000
00000000
00000000
00000000
00000000
00000000
00000000
00000000
00000000
00000000
307e51e1
a9f2d566
f2f2ff2e
f2f2e564
f2f2dd24
f2f2bc63
ad4a2901
34000000
01030000
03060000
060a0841
0c1518c3
287373ae
44818430
2b1210a2
0b0a0841
06060000
03030000
01000000
00000000
00000000
00000000
00000000
00000000
00000000
00000000
00000000
00000000
00000000
00000000
00000000
00000000
00000000
00000000
00000000
00000000
00000000
00000000
00000000
00000000
00000000
00000000
00000000
00000000
00000000
00000000
00000000
00000000
00000000
00000000
00000000
00000000
00000000
00000000
00000000
00000000
00000000
00000000
00000000
00000000
0a1f1082
62c573cf
c8ce7c10
bc5831a6
6c090821
26000000
06000000
00000000
00000000
00000000
00000000
00000000
00000000
00000000
00000000
00000000
00000000
00000000
00000000
00000000
00000000
00000000
00000000
00000000
00000000
00000000
00000000
08000000
2b0c0841
746339c7
c2d58431
ebf29d14
f2f2a576
f2f2b5d7
f2f2be39
f2f2cebb
f2f2df1c
f2f2e77e
f2f2e79e
f2f2e79e
f2f2e79e
f2f2e79e
f2f2e77e
f2f2d6fc
f2f2c67a
f2f2b5f8
f2f2a576
edef94d3
a4784249
30030000
01000000
00000000
00000000
00000000
00000000
00000000
00000000
00000000
00000000
00000000
00000000
00000000
00000000
00000000
00000000
00000000
00000000
00000000
00000000
00000000
00000000
00000000
00000000
00000000
00000000
00000000
00000000
00000000
00000000
00000000
00000000
00000000
00000000
00000000
00000000
00000000
00000000
00000000
00000000
00000000
00000000
00000000
00000000
00000000
01010000
02010000
4b6b3127
bbe1624f
e5e5626f
dfc95a0e
7a0d0821
10020000
04020000
03010000
02010000
01000000
00000000
00000000
00000000
00000000
00000000
00000000
00000000
00000000
00000000
00000000
00000000
00000000
00000000
00000000
00000000
00000000
00000000
00000000
00000000
00000000
00000000
01020000
124421ab
4ac864bc
98e464df
cdd14bbd
d4c032d9
c6b92276
bcb82256
b9b82256
b8b82255
b8b82255
b8b82255
b8b82234
b8b82234
bab92234
c2c22a96
d2d4437a
e0e7645e
bcca643b
57311907
0d000000
00000000
00000000
00000000
00000000
00000000
00000000
00000000
00000000
00000000
00000000
00000000
00000000
00000000
00000000
00000000
00000000
00000000
00000000
00000000
00000000
00000000
00000000
00000000
00000000
00000000
00000000
00000000
00000000
00000000
00000000
00000000
00000000
00000000
00000000
00000000
00000000
00000000
00000000
00000000
00000000
00000000
00000000
00000000
00000000
00000000
00000000
00000000
00000000
4aab72c2
c3f2ee4b
f2f2f68a
f2f2e564
f2f2d504
f1edac03
8f120820
17010000
02040000
05070000
090f1082
39b4bdd7
8fffffff
bcffffff
90adb596
360f1082
09070000
05040000
02010000
00000000
00000000
00000000
00000000
00000000
00000000
00000000
00000000
00000000
00000000
00000000
00000000
00000000
00000000
00000000
00000000
00000000
00000000
00000000
00000000
00000000
00000000
00000000
00000000
00000000
00000000
00000000
00000000
00000000
00000000
00000000
00000000
00000000
00000000
00000000
00000000
00000000
00000000
00000000
00000000
00000000
173d2124
78bd738e
a74d2966
5e040020
19000000
02000000
00000000
00000000
00000000
00000000
00000000
00000000
00000000
00000000
00000000
00000000
00000000
00000000
00000000
00000000
00000000
00000000
00000000
00000000
00000000
00000000
00000000
00000000
03000000
1d070020
665831a6
bdd58431
ebf29d14
f2f2ad76
f2f2b5f8
f2f2c659
f2f2cebb
f2f2df3d
f2f2e79e
f2f2e79e
f2f2e79e
f2f2e79e
f2f2e77e
f2f2df1c
f2f2ce9a
f2f2be18
f2f2ad96
f1f29d14
bfa4630c
4b0c0821
04000000
00000000
00000000
00000000
00000000
00000000
00000000
00000000
00000000
00000000
00000000
00000000
00000000
00000000
00000000
00000000
00000000
00000000
00000000
00000000
00000000
00000000
00000000
00000000
00000000
00000000
00000000
00000000
00000000
00000000
00000000
00000000
00000000
00000000
00000000
00000000
00000000
00000000
00000000
00000000
00000000
00000000
00000000
00000000
00000000
00000000
1b000000
623a18a4
924620c5
7e040000
36000000
04000000
01000000
01000000
00000000
00000000
00000000
00000000
00000000
00000000
00000000
00000000
00000000
00000000
00000000
00000000
00000000
00000000
00000000
00000000
00000000
00000000
00000000
00000000
00000000
00000000
040e0862
237d4313
69e1751f
b3dd5c5f
d5ca3b5c
cfbc2ab8
c1b82276
bab82276
b8b82256
b8b82255
b8b82255
b8b82255
b8b82235
b8b82234
b8b82234
b8b82234
bbba2234
c6c732b7
d7da4b9b
deeb649f
a3a45376
3a140863
05000000
00000000
00000000
00000000
00000000
00000000
00000000
00000000
00000000
00000000
00000000
00000000
00000000
00000000
00000000
00000000
00000000
00000000
00000000
00000000
00000000
00000000
00000000
00000000
00000000
00000000
00000000
00000000
00000000
00000000
00000000
00000000
00000000
00000000
00000000
00000000
00000000
00000000
00000000
00000000
00000000
00000000
00000000
00000000
00000000
00000000
00000000
00000000
4f8f72a2
c8f2f72f
f2f2f606
f2f2e564
f2f2d4e4
e3bd8302
6f000000
05010000
03060000
070c0841
0e1618c3
68c7c638
deffffff
ffffffff
dcc7c638
661618c3
0e0c0841
07060000
03010000
00000000
00000000
00000000
00000000
00000000
00000000
00000000
00000000
00000000
00000000
00000000
00000000
00000000
00000000
00000000
00000000
00000000
00000000
00000000
00000000
00000000
00000000
00000000
00000000
00000000
00000000
00000000
00000000
00000000
00000000
00000000
00000000
00000000
00000000
00000000
00000000
00000000
00000000
00000000
00000000
00000000
265a31a6
6a543186
59040000
15000000
01000000
00000000
00000000
00000000
00000000
00000000
00010000
00010000
01010000
01020000
01030000
01020000
01010000
01010000
00010000
00000000
00000000
00000000
00000000
00000000
00000000
00000000
00000000
00000000
00000000
02000000
19060020
656139c7
c1de8471
edf29d35
f2f2ad96
f2f2be18
f2f2c67a
f2f2d6fc
f2f2e75d
f2f2e79e
f2f2e79e
f2f2e79e
f2f2e79e
f2f2df3d
f2f2cebb
f2f2be39
f2f2adb7
f2f29d35
d2c273af
631a1082
0a000000
00000000
00000000
00000000
00000000
00000000
00000000
00000000
00000000
00000000
00000000
00000000
00000000
00000000
00000000
00000000
00000000
00000000
00000000
00000000
00000000
00000000
00000000
00000000
00000000
00000000
00000000
00000000
00000000
00000000
00000000
00000000
00000000
00000000
00000000
00000000
00000000
00000000
00000000
00000000
00000000
00000000
00000000
00000000
00000000
00000000
00000000
0f000000
20000000
12000000
01000000
00000000
00000000
00000000
00000000
00000000
00000000
00000000
00000000
00000000
00000000
00000000
00000000
00000000
00000000
00000000
00000000
00000000
00000000
00000000
00000000
00000000
00000000
00000000
00010000
0b2d1928
3cb35c5a
89e66d1f
c6d54bfe
d6c3331a
c9b92a97
beb82277
b9b82276
b8b82256
b8b82256
b8b82255
b8b82255
b8b82255
b8b82234
b8b82234
b8b82234
b8b82234
b9b82213
bebd2254
cacc3af7
dcdf53dc
d5e76c9e
85743a70
23060021
01000000
00000000
00000000
00000000
00000000
00000000
00000000
00000000
00000000
00000000
00000000
00000000
00000000
00000000
00000000
00000000
00000000
00000000
00000000
00000000
00000000
00000000
00000000
00000000
00000000
00000000
00000000
00000000
00000000
00000000
00000000
00000000
00000000
00000000
00000000
00000000
00000000
00000000
00000000
00000000
00000000
00000000
00000000
00000000
00000000
00000000
00000000
2c2118a1
9fdaeeee
ecf2ed85
f2f2e544
f0e9c483
b63f2901
3f000000
00000000
03030000
07060000
0d0d0861
54676b4d
c8f1ef9d
f8efef9d
ca747bef
570d0861
0d060000
07030000
03000000
00000000
00000000
00000000
00000000
00000000
00000000
00000000
00000000
00000000
00000000
00000000
00000000
00000000
00000000
00000000
00000000
00000000
00000000
00000000
00000000
00000000
00000000
00000000
00000000
00000000
00000000
00000000
00000000
00000000
00000000
00000000
00000000
00000000
00000000
00000000
00000000
00000000
00000000
00000000
00000000
01020000
28442945
3e080020
273c2945
389f6b6d
3b4e39a7
13000000
00000000
00000000
00000000
00010000
01010000
01020000
02030000
02040000
04060000
03030000
02020000
02020000
01010000
01000000
00000000
00000000
00000000
00000000
00000000
00000000
00000000
00000000
00000000
00000000
02000000
1d0b0821
727d4a49
ceea94b3
f0f2a555
f2f2b5b7
f2f2be39
f2f2ce9b
f2f2df1c
f2f2e77e
f2f2e79e
f2f2e79e
f2f2e79e
f2f2df5d
f2f2d6db
f2f2c659
f2f2b5b7
f2f2a535
ded48431
772b18c3
11000000
00000000
00000000
00000000
00000000
00000000
00000000
00000000
00000000
00000000
00000000
00000000
00000000
00000000
00000000
00000000
00000000
00000000
00000000
00000000
00000000
00000000
00000000
00000000
00000000
00000000
00000000
00000000
00000000
00000000
00000000
00000000
00000000
00000000
00000000
00000000
00000000
00000000
00000000
00000000
00000000
00000000
00000000
00000000
00000000
00000000
00000000
00000000
00000000
00000000
00000000
00000000
00000000
00000000
00000000
00000000
00000000
00000000
00000000
00000000
00000000
00000000
00000000
00000000
00000000
00000000
00000000
00000000
00000000
00000000
00000000
00000000
00000000
02070021
1a603250
59d86d1e
a6e164bf
d2cd439d
d2be32d9
c4b82a97
bbb82277
b8b82277
b8b82276
b8b82256
b8b82256
b8b82255
b8b82255
b8b82255
b8b82234
b8b82234
b8b82234
b8b82233
b8b82213
b9b82213
c0c02a54
cfd14338
dfe55c1d
c6d8645d
66452169
13010000
00000000
00000000
00000000
00000000
00000000
00000000
00000000
00000000
00000000
00000000
00000000
00000000
00000000
00000000
00000000
00000000
00000000
00000000
00000000
00000000
00000000
00000000
00000000
00000000
00000000
00000000
00000000
00000000
00000000
00000000
00000000
00000000
00000000
00000000
00000000
00000000
00000000
00000000
00000000
00000000
00000000
00000000
00000000
00000000
00000000
00000000
08000000
441518a1
92686262
af706a62
9c2420c1
53000000
10000000
00000000
02020000
04050000
08080000
220e1062
652d3186
8c232925
650e1062
26080000
08050000
04020000
02000000
00000000
00000000
00000000
00000000
00000000
00000000
00000000
00000000
00000000
00000000
00000000
00000000
00000000
00000000
00000000
00000000
00000000
00000000
00000000
00000000
00000000
00000000
00000000
00000000
00000000
00000000
00000000
00000000
00000000
00000000
00000000
00000000
00000000
00000000
00000000
00000000
00000000
00000000
00000000
00000000
02050020
17120861
17000000
3cac7bcf
9be59d13
acdf9cd3
4b010000
00000000
00000000
00000000
01010000
01020000
02030000
03050000
05070000
070b0021
06060000
04040000
03030000
02010000
01010000
00000000
00000000
00000000
00000000
00000000
00000000
00000000
00000000
00000000
00000000
00000000
03000000
291c1082
8cab634d
def19cf4
f2f2a576
f2f2b5f8
f2f2c65a
f2f2d6db
f2f2df5d
f2f2e79e
f2f2e79e
f2f2e79e
f2f2e75e
f2f2d6db
f2f2c659
f2f2b5d7
f2f2a555
e5de8472
85392104
19000000
00000000
00000000
00000000
00000000
00000000
00000000
00000000
00000000
00000000
00000000
00000000
00000000
00000000
00000000
00000000
00000000
00000000
00000000
00000000
00000000
00000000
00000000
00000000
00000000
00000000
00000000
00000000
00000000
00000000
00000000
00000000
00000000
00000000
00000000
00000000
00000000
00000000
00000000
00000000
00000000
00000000
00000000
00000000
00000000
00000000
00000000
00000000
00000000
00000000
00000000
00000000
00000000
00000000
00000000
00000000
00000000
00000000
00000000
00000000
00000000
00000000
00000000
00000000
00000000
00000000
00000000
00000000
00000000
00000000
00000000
00000000
071b10a5
2f9a53d7
79e6753f
bdd9545f
d6c63b5c
ccba2ab8
bfb82a98
bab82277
b8b82277
b8b82276
b8b82276
b8b82256
b8b82256
b8b82255
b8b82255
b8b82255
b8b82234
b8b82234
b8b82234
b8b82213
b8b82213
b8b82213
bbba2213
c4c52a95
d4d74359
dfe9645e
b0b95bb9
482110a4
08000000
00000000
00000000
00000000
00000000
00000000
00000000
00000000
00000000
00000000
00000000
00000000
00000000
00000000
00000000
00000000
00000000
00000000
00000000
00000000
00000000
00000000
00000000
00000000
00000000
00000000
00000000
00000000
00000000
00000000
00000000
00000000
00000000
00000000
00000000
00000000
00000000
00000000
00000000
00000000
00000000
00000000
00000000
00000000
00000000
00000000
00000000
05000000
1f000000
36000000
25000000
09000000
00000000
00000000
01020000
03030000
05050000
09070000
130c0841
1a0c0841
11070000
09050000
05030000
03020000
01000000
00000000
00000000
00000000
00000000
00000000
00000000
00000000
00000000
00000000
00000000
00000000
00000000
00000000
00000000
00000000
00000000
00000000
00000000
00000000
00000000
00000000
00000000
00000000
00000000
00000000
00000000
00000000
00000000
00000000
00000000
00000000
00000000
00000000
00000000
00000000
00000000
00000000
00000000
00000000
00000000
02030000
06000000
05000000
45684a49
b8e59d13
cf92632c
5c000000
00000000
00000000
00000000
01010000
02030000
03050000
06090000
16412927
2f6a4a2b
24160842
0a070000
05040000
03020000
01010000
00000000
00000000
00000000
00000000
00000000
00000000
00000000
00000000
00000000
00000000
00000000
00000000
07010000
43462945
afda8451
ecf2a535
f2f2adb7
f2f2be19
f2f2ce9a
f2f2df1c
f2f2e77e
f2f2e79e
f2f2e79e
f2f2e77e
f2f2d6fc
f2f2c659
f2f2b5d7
f2f2a555
e9e38c72
8f422125
1f000000
00000000
00000000
00000000
00000000
00000000
00000000
00000000
00000000
00000000
00000000
00000000
00000000
00000000
00000000
00000000
00000000
00000000
00000000
00000000
00000000
00000000
00000000
00000000
00000000
00000000
00000000
00000000
00000000
00000000
00000000
00000000
00000000
00000000
00000000
00000000
00000000
00000000
00000000
00000000
00000000
00000000
00000000
00000000
00000000
00000000
00000000
00000000
00000000
00000000
00000000
00000000
00000000
00000000
00000000
00000000
00000000
00000000
00000000
00000000
00000000
00000000
00000000
00000000
00000000
00000000
00000000
00000000
00000000
00000000
01020000
124529ac
4ac96cdd
98e46cff
cdd14bfe
d4c0331b
c6b92a98
bcb82298
b9b82297
b8b82277
b8b82277
b8b82276
b8b82276
b8b82256
b8b82255
b8b82255
b8b82255
b8b82235
b8b82234
b8b82234
b8b82234
b8b82213
b8b82213
b8b82213
b8b821f2
bcbb2213
c8c932b6
dadd4b9a
daea647e
948c42d3
2e0b0841
03000000
00000000
00000000
00000000
00000000
00000000
00000000
00000000
00000000
00000000
00000000
00000000
00000000
00000000
00000000
00000000
00000000
00000000
00000000
00000000
00000000
00000000
00000000
00000000
00000000
00000000
00000000
00000000
00000000
00000000
00000000
00000000
00000000
00000000
00000000
00000000
00000000
00000000
00000000
00000000
00000000
00000000
00000000
00000000
00000000
00000000
00000000
00000000
00000000
00000000
00000000
00000000
00000000
01010000
02020000
03030000
05040000
07060000
09060000
07040000
05030000
03020000
02010000
01000000
00000000
00000000
00000000
00000000
00000000
00000000
00000000
00000000
00000000
00000000
00000000
00000000
00000000
00000000
00000000
00000000
00000000
00000000
00000000
00000000
00000000
00000000
00000000
00000000
00000000
00000000
00000000
00000000
00000000
00000000
00000000
00000000
00000000
00000000
00000000
00000000
00000000
00000000
00000000
00000000
01000000
01000000
00000000
1a000000
560a0841
60000000
25000000
00000000
00000000
00000000
01020000
02040000
05080000
1d5e41ca
68f6acfb
a8ffbd5c
98e09c78
420d0021
07060000
04030000
02010000
00000000
00000000
00000000
00000000
00000000
00000000
00000000
00000000
00000000
00000000
00000000
00000000
00000000
150c0821
6f9252cb
d3f094f4
f2f2a576
f2f2b5f8
f2f2c67a
f2f2d6dc
f2f2e75e
f2f2e79e
f2f2e79e
f2f2e77e
f2f2d6fc
f2f2c65a
f2f2b5d7
f2f2a555
ebe48c92
93452945
22000000
00000000
00000000
00000000
00000000
00000000
00000000
00000000
00000000
00000000
00000000
00000000
00000000
00000000
00000000
00000000
00000000
00000000
00000000
00000000
00000000
00000000
00000000
00000000
00000000
00000000
00000000
00000000
00000000
00000000
00000000
00000000
00000000
00000000
00000000
00000000
00000000
00000000
00000000
00000000
00000000
00000000
00000000
00000000
00000000
00000000
00000000
00000000
00000000
00000000
00000000
00000000
00000000
00000000
00000000
00000000
00000000
00000000
00000000
00000000
00000000
00000000
00000000
00000000
00000000
00000000
00000000
00000000
00000000
040f0862
247d4334
69e1755f
b3dd5c9f
d5ca439d
cfbc2ada
c1b82a98
bab82a98
b8b82298
b8b82297
b8b82277
b8b82277
b8b82276
b8b82256
b8b82256
b8b82255
b8b82255
b8b82255
b8b82234
b8b82234
b8b82234
b8b82234
b8b82213
b8b82213
b8b821f3
b8b821f2
b9b821f2
bfbe2233
cdcf3af7
dee253db
cfe2647d
755b29cc
1a020000
01000000
00000000
00000000
00000000
00000000
00000000
00000000
00000000
00000000
00000000
00000000
00000000
00000000
00000000
00000000
00000000
00000000
00000000
00000000
00000000
00000000
00000000
00000000
00000000
00000000
00000000
00000000
00000000
00000000
00000000
00000000
00000000
00000000
00000000
00000000
00000000
00000000
00000000
00000000
00000000
00000000
00000000
00000000
00000000
00000000
00000000
00000000
00000000
00000000
00000000
00000000
00000000
00000000
01000000
01010000
02010000
03020000
04020000
03010000
02010000
01000000
01000000
00000000
00000000
00000000
00000000
00000000
00000000
00000000
00000000
00000000
00000000
00000000
00000000
00000000
00000000
00000000
00000000
00000000
00000000
00000000
00000000
00000000
00000000
00000000
00000000
00000000
00000000
00000000
00000000
00000000
00000000
00000000
00000000
00000000
00000000
00000000
00000000
00000000
00000000
00000000
00000000
00000000
00000000
00000000
00000000
00000000
02000000
02000000
00000000
00000000
00000000
00010000
02040000
04070000
080c0021
3e8862af
b7ffc57d
fdffcdde
f7feb53c
842518c4
10090000
06050000
03020000
01000000
00000000
00000000
00000000
00000000
00000000
00000000
00000000
00000000
00000000
00000000
00000000
00000000
03000000
37402125
a7db8451
ecf2a535
f2f2adb7
f2f2be39
f2f2cebb
f2f2df3d
f2f2e79e
f2f2e79e
f2f2e77e
f2f2d6dc
f2f2c659
f2f2b5d7
f2f2a555
eae28c72
93412125
22000000
00000000
00000000
00000000
00000000
00000000
00000000
00000000
00000000
00000000
00000000
00000000
00000000
00000000
00000000
00000000
00000000
00000000
00000000
00000000
00000000
00000000
00000000
00000000
00000000
00000000
00000000
00000000
00000000
00000000
00000000
00000000
00000000
00000000
00000000
00000000
00000000
00000000
00000000
00000000
00000000
00000000
00000000
00000000
00000000
00000000
00000000
00000000
00000000
00000000
00000000
00000000
00000000
00000000
00000000
00000000
00000000
00000000
00000000
00000000
00000000
00000000
00000000
00000000
00000000
00000000
00000000
00010000
0c2e1928
3cb4647b
89e66d3f
c6d5543f
d6c33b3c
c9b92ab9
beb82ab8
b9b82a98
b8b82a98
b8b82298
b8b82277
b8b82277
b8b82277
b8b82276
b8b82256
b8b82256
b8b82255
b8b82255
b8b82255
b8b82234
b8b82234
b8b82234
b8b82233
b8b82213
b8b82213
b8b821f2
b8b821f2
b8b821f2
bab921f2
c2c22a54
d2d44338
e0e75c3d
bbca5c1b
56311906
0d000000
00000000
00000000
00000000
00000000
00000000
00000000
00000000
00000000
00000000
00000000
00000000
00000000
00000000
00000000
00000000
00000000
00000000
00000000
00000000
00000000
00000000
00000000
00000000
00000000
00000000
00000000
00000000
00000000
00000000
00000000
00000000
00000000
00000000
00000000
00000000
00000000
00000000
00000000
00000000
00000000
00000000
00000000
00000000
00000000
00000000
00000000
00000000
00000000
00000000
00000000
00000000
00000000
00000000
00000000
00000000
01000000
01000000
01000000
00000000
00000000
00000000
00000000
00000000
00000000
00000000
00000000
00000000
00000000
00000000
00000000
00000000
00000000
00000000
00000000
00000000
00000000
00000000
00000000
00000000
00000000
00000000
00000000
00000000
00000000
00000000
00000000
00000000
00000000
00000000
00000000
00000000
00000000
00000000
00000000
00000000
00000000
00000000
00000000
00000000
00000000
00000000
00000000
00000000
00000000
00000000
00000000
00000000
00000000
00000000
00000000
00000000
00000000
02020000
04040000
08070000
3b513988
b3f3acda
fcffbd5c
edb983b4
7d160842
13050000
06030000
03010000
01000000
00000000
00000000
00000000
00000000
00000000
00000000
00000000
00000000
00000000
00000000
00000000
00000000
00000000
14100841
74a7632d
d9f29d14
f2f2ad96
f2f2be18
f2f2ce9a
f2f2d71c
f2f2e77e
f2f2e79e
f2f2e75e
f2f2d6db
f2f2c659
f2f2b5d7
f2f2a555
e9dd8451
8e372104
1e000000
00000000
00000000
00000000
00000000
00000000
00000000
00000000
00000000
00000000
00000000
00000000
00000000
00000000
00000000
00000000
00000000
00000000
00000000
00000000
00000000
00000000
00000000
00000000
00000000
00000000
00000000
00000000
00000000
00000000
00000000
00000000
00000000
00000000
00000000
00000000
00000000
00000000
00000000
00000000
00000000
00000000
00000000
00000000
00000000
00000000
00000000
00000000
00000000
00000000
00000000
00000000
00000000
00000000
00000000
00000000
00000000
00000000
00000000
00000000
00000000
00000000
00000000
00000000
00000000
00000000
02070021
1a603270
5ad8753e
a7e164df
d2cd43de
d2be331b
c4b82ab9
bbb82ab9
b8b82a98
b8b82a98
b8b82298
b8b82297
b8b82277
b8b82277
b8b82276
b8b82276
b8b82256
b8b82256
b8b82255
b8b82255
b8b82255
b8b82234
b8b82234
b8b82234
b8b82213
b8b82213
b8b82213
b8b821f2
b8b821f2
b8b821f2
b8b819f2
bbba21f2
c6c73295
d7da4b79
ddeb645e
a2a44b56
3a140863
05000000
00000000
00000000
00000000
00000000
00000000
00000000
00000000
00000000
00000000
00000000
00000000
00000000
00000000
00000000
00000000
00000000
00000000
00000000
00000000
00000000
00000000
00000000
00000000
00000000
00000000
00000000
00000000
00000000
00000000
00000000
00000000
00000000
00000000
00000000
00000000
00000000
00000000
00000000
00000000
00000000
00000000
00000000
00000000
00000000
00000000
00000000
00000000
00000000
00000000
00000000
00000000
00000000
00000000
00000000
00000000
00000000
00000000
00000000
00000000
00000000
00000000
00000000
00000000
00000000
00000000
00000000
00000000
00000000
00000000
00000000
00000000
00000000
00000000
00000000
00000000
00000000
00000000
00000000
00000000
00000000
00000000
00000000
00000000
00000000
00000000
00000000
00000000
00000000
00000000
00000000
00000000
00000000
00000000
00000000
00000000
00000000
00000000
00000000
00000000
00000000
00000000
00000000
00000000
00000000
00000000
00000000
00000000
00000000
00000000
00000000
00000000
01010000
02030000
05050000
19090000
5b1e1083
9c5e41ea
890f0821
39070000
0a040000
04020000
02010000
00000000
00000000
00000000
00000000
00000000
00000000
00000000
00000000
00000000
00000000
00000000
00000000
00000000
00000000
04010000
486739e8
bbec94b3
f0f2a556
f2f2b5f8
f2f2c67a
f2f2d6dc
f2f2e77e
f2f2e79e
f2f2df5d
f2f2cedb
f2f2c639
f2f2b5b7
f2f2a535
e5d27c10
832818c3
18000000
00000000
00000000
00000000
00000000
00000000
00000000
00000000
00000000
00000000
00000000
00000000
00000000
00000000
00000000
00000000
00000000
00000000
00000000
00000000
00000000
00000000
00000000
00000000
00000000
00000000
00000000
00000000
00000000
00000000
00000000
00000000
00000000
00000000
00000000
00000000
00000000
00000000
00000000
00000000
00000000
00000000
00000000
00000000
00000000
00000000
00000000
00000000
00000000
00000000
00000000
00000000
00000000
00000000
00000000
00000000
00000000
00000000
00000000
00000000
00000000
00000000
00000000
00000000
00000000
071c10a5
2f9a53d7
7ae6755f
bed95c7f
d6c63b7d
ccba2ada
bfb82ab9
b9b82ab9
b8b82ab9
b8b82a98
b8b82a98
b8b82298
b8b82297
b8b82277
b8b82277
b8b82276
b8b82276
b8b82256
b8b82255
b8b82255
b8b82255
b8b82235
b8b82234
b8b82234
b8b82234
b8b82213
b8b82213
b8b82213
b8b821f2
b8b821f2
b8b819f2
b8b819f1
b9b819d1
bebd2212
cbcd3ad6
dce053bb
d5e76c7e
826a322e
20030000
01000000
00000000
00000000
00000000
00000000
00000000
00000000
00000000
00000000
00000000
00000000
00000000
00000000
00000000
00000000
00000000
00000000
00000000
00000000
00000000
00000000
00000000
00000000
00000000
00000000
00000000
00000000
00000000
00000000
00000000
00000000
00000000
00000000
00000000
00000000
00000000
00000000
00000000
00000000
00000000
00000000
00000000
00000000
00000000
00000000
00000000
00000000
00000000
00000000
00000000
00000000
00000000
00000000
00000000
00000000
00000000
00000000
00000000
00000000
00000000
00000000
00000000
00000000
00000000
00000000
00000000
00000000
00000000
00000000
00000000
00000000
00000000
00000000
00000000
00000000
00000000
00000000
00000000
00000000
00000000
00000000
00000000
00000000
00000000
00000000
00000000
00000000
00000000
00000000
00000000
00000000
00000000
00000000
00000000
00000000
00000000
00000000
00000000
00000000
00000000
00000000
00000000
00000000
00000000
00000000
00000000
00000000
00000000
00000000
00000000
00000000
01010000
02020000
03030000
05050000
0d070000
230a0000
1f060000
08040000
04020000
02010000
01010000
00000000
00000000
00000000
00000000
00000000
00000000
00000000
00000000
00000000
00000000
00000000
00000000
00000000
00000000
00000000
273520e4
98d88451
eaf2a535
f2f2b5b7
f2f2c659
f2f2cedb
f2f2df5d
f2f2e79e
f2f2df3d
f2f2cebb
f2f2be39
f2f2adb7
f2f29d35
ddbe73af
74181062
10000000
00000000
00000000
00000000
00000000
00000000
00000000
00000000
00000000
00000000
00000000
00000000
00000000
00000000
00000000
00000000
00000000
00000000
00000000
00000000
00000000
00000000
00000000
00000000
00000000
00000000
00000000
00000000
00000000
00000000
00000000
00000000
00000000
00000000
00000000
00000000
00000000
00000000
00000000
00000000
00000000
00000000
00000000
00000000
00000000
00000000
00000000
00000000
00000000
00000000
00000000
00000000
00000000
00000000
00000000
00000000
00000000
00000000
00000000
00000000
00000000
00000000
00000000
00000000
030a0842
2e9153b8
8dec7d9f
d2dc5c9f
d9c9439e
c9bb2afa
bdb82ab9
b9b82ab9
b8b82ab9
b8b82ab9
b8b82a98
b8b82a98
b8b82298
b8b82297
b8b82277
b8b82277
b8b82276
b8b82256
b8b82256
b8b82255
b8b82255
b8b82255
b8b82234
b8b82234
b8b82234
b8b82234
b8b82213
b8b82213
b8b821f3
b8b821f2
b8b821f2
b8b819f2
b8b819f1
b9bb21f2
bec73295
cbdb4b79
dbe5645d
cf9042f3
7e160863
21000000
01000000
00000000
00000000
00000000
00000000
00000000
00000000
00000000
00000000
00000000
00000000
00000000
00000000
00000000
00000000
00000000
00000000
00000000
00000000
00000000
00000000
00000000
00000000
00000000
00000000
00000000
00000000
00000000
00000000
00000000
00000000
00000000
00000000
00000000
00000000
00000000
00000000
00000000
00000000
00000000
00000000
00000000
00000000
00000000
00000000
00000000
00000000
00000000
00000000
00000000
00000000
00000000
00000000
00000000
00000000
00000000
00000000
175e3186
3e99528a
2a0e0841
03000000
00000000
00000000
00000000
00000000
00000000
00000000
00000000
00000000
00000000
00000000
00000000
00000000
00000000
00000000
00000000
00000000
00000000
00000000
00000000
00000000
00000000
00000000
00000000
00000000
00000000
00000000
00000000
00000000
00000000
00000000
00000000
00000000
00000000
00000000
00000000
00000000
00000000
00000000
00000000
00000000
00000000
00000000
00000000
00000000
00000000
00000000
00000000
00000000
00000000
00000000
01010000
01010000
02020000
03030000
05040000
07070000
07050000
05050000
04030000
02020000
01010000
01010000
00000000
00000000
00000000
00000000
00000000
00000000
00000000
00000000
00000000
00000000
00000000
00000000
00000000
00000000
13171062
78bc73ae
def29d14
f2f2adb7
f2f2be39
f2f2cebb
f2f2df3d
f2f2e77e
f2f2df1c
f2f2ce9a
f2f2be18
f2f2ad96
f2f29d14
d09e5b0c
600a0821
09000000
00000000
00000000
00000000
00000000
00000000
00000000
00000000
00000000
00000000
00000000
00000000
00000000
00000000
00000000
00000000
00000000
00000000
00000000
00000000
00000000
00000000
00000000
00000000
00000000
00000000
00000000
00000000
00000000
00000000
00000000
00000000
00000000
00000000
00000000
00000000
00000000
00000000
00000000
00000000
00000000
00000000
00000000
00000000
00000000
00000000
00000000
00000000
00000000
00000000
00000000
00000000
00000000
00000000
00000000
00000000
00000000
00000000
00000000
00000000
00000000
00000000
00000000
00000000
03000000
322e1928
9dc86cfd
dee86d3f
d8d5543f
c7c33b5c
bcb92ada
b8b82ab9
b8b82ab9
b8b82a98
b8b82a98
b8b82a98
b8b82298
b8b82277
b8b82277
b8b82277
b8b82276
b8b82256
b8b82256
b8b82255
b8b82255
b8b82255
b8b82234
b8b82234
b8b82234
b8b82233
b8b82213
b8b82213
b8b821f2
b8b821f2
b8b821f2
b8b821f2
babf2233
c0cf3af7
cde253db
d6d3641b
ba5629cc
74050021
2b000000
06000000
00000000
00000000
00000000
00000000
00000000
00000000
00000000
00000000
00000000
00000000
00000000
00000000
00000000
00000000
00000000
00000000
00000000
00000000
00000000
00000000
00000000
00000000
00000000
00000000
00000000
00000000
00000000
00000000
00000000
00000000
00000000
00000000
00000000
00000000
00000000
00000000
00000000
00000000
00000000
00000000
00000000
00000000
00000000
00000000
00000000
00000000
00000000
00000000
00000000
00000000
00000000
00000000
00000000
00000000
00000000
00000000
02070020
51e173af
afe573cf
7d6939c7
1e000000
00000000
00000000
00000000
00000000
00000000
00000000
00000000
00000000
00000000
00000000
00000000
00000000
00000000
00000000
00000000
00000000
00000000
00000000
00000000
00000000
00000000
00000000
00000000
00000000
00000000
00000000
00000000
00000000
00000000
00000000
00000000
00000000
00000000
00000000
00000000
00000000
00000000
00000000
00000000
00000000
00000000
00000000
00000000
00000000
00000000
00000000
00000000
00000000
00000000
00000000
00000000
01010000
02020000
02020000
03040000
05060000
06060000
06070020
05040000
03030000
02020000
01010000
01010000
00000000
00000000
00000000
00000000
00000000
00000000
00000000
00000000
00000000
00000000
00000000
00000000
00000000
08090821
5f9d5b0c
cff29d14
f2f2ad96
f2f2be18
f2f2ce9a
f2f2df1d
f2f2e75e
f2f2d6fc
f2f2c67a
f2f2b5f8
f2f2a576
f1ee94d3
bc724228
47020000
03000000
00000000
00000000
00000000
00000000
00000000
00000000
00000000
00000000
00000000
00000000
00000000
00000000
00000000
00000000
00000000
00000000
00000000
00000000
00000000
00000000
00000000
00000000
00000000
00000000
00000000
00000000
00000000
00000000
00000000
00000000
00000000
00000000
00000000
00000000
00000000
00000000
00000000
00000000
00000000
00000000
00000000
00000000
00000000
00000000
00000000
00000000
00000000
00000000
00000000
00000000
00000000
00000000
00000000
00000000
00000000
00000000
00000000
00000000
00000000
00000000
00000000
00000000
00000000
00000000
0c020000
5458322f
bae0757f
e0e364ff
d2cf4bff
c2bf331b
bab82ab9
b8b82ab9
b8b82a98
b8b82a98
b8b82298
b8b82297
b8b82277
b8b82277
b8b82276
b8b82276
b8b82256
b8b82256
b8b82255
b8b82255
b8b82255
b8b82234
b8b82234
b8b82234
b8b82213
b8b82213
b8b82213
b8b821f2
b8b821f2
b8ba2212
bcc42a74
c4d74359
d3e6643d
d0ab5377
a12610c5
54000000
17000000
01000000
00000000
00000000
00000000
00000000
00000000
00000000
00000000
00000000
00000000
00000000
00000000
00000000
00000000
00000000
00000000
00000000
00000000
00000000
00000000
00000000
00000000
00000000
00000000
00000000
00000000
00000000
00000000
00000000
00000000
00000000
00000000
00000000
00000000
00000000
00000000
00000000
00000000
00000000
00000000
00000000
00000000
00000000
00000000
00000000
00000000
00000000
00000000
00000000
00000000
00000000
00000000
00000000
00000000
00000000
00000000
00000000
00000000
02000000
597a4208
b9a552ab
851f1082
22000000
00000000
00000000
00000000
00000000
00000000
00000000
00000000
00000000
00000000
00000000
00000000
00000000
00000000
00000000
00000000
00000000
00000000
00000000
00000000
00000000
00000000
00000000
00000000
00000000
00000000
00000000
00000000
00000000
00000000
00000000
00000000
00000000
00000000
00000000
00000000
00000000
00000000
00000000
00000000
00000000
00000000
00000000
00000000
00000000
00000000
00000000
00000000
00000000
00000000
00000000
00000000
00000000
01010000
02030000
03040000
05060000
07090000
090c0841
08070000
05050000
03030000
02020000
01010000
00000000
00000000
00000000
00000000
00000000
00000000
00000000
00000000
00000000
00000000
00000000
00000000
00000000
03040000
4c844a8a
c1f19cf4
f2f2ad76
f2f2be18
f2f2ce9a
f2f2df1c
f2f2df3d
f2f2cebb
f2f2c639
f2f2b5d7
f2f2a555
ecde8472
a0402125
2d000000
00000000
00000000
00000000
00000000
00000000
00000000
00000000
00000000
00000000
00000000
00000000
00000000
00000000
00000000
00000000
00000000
00000000
00000000
00000000
00000000
00000000
00000000
00000000
00000000
00000000
00000000
00000000
00000000
00000000
00000000
00000000
00000000
00000000
00000000
00000000
00000000
00000000
00000000
00000000
00000000
00000000
00000000
00000000
00000000
00000000
00000000
00000000
00000000
00000000
00000000
00000000
00000000
00000000
00000000
00000000
00000000
00000000
00000000
00000000
00000000
00000000
00000000
00000000
00000000
00000000
00000000
190a0842
73884b76
cdea7d9f
dedd5cbf
cdca439e
bfbc2ada
b9b82ab9
bcc84b58
bec03af8
bab82298
b8b82297
b8b82277
b8b82277
b8b82276
b8b82276
b8b82256
b8b82255
b8b82255
b8b82255
b8b82235
b8b82234
b8b82234
b8b82234
b8b82213
b8b82213
b8b82213
b8b821f2
b9bd2233
becb32d6
cadf53bb
d6de645d
c3723a4f
840b0842
37000000
0a000000
00000000
00000000
00000000
00000000
00000000
00000000
00000000
00000000
00000000
00000000
00000000
00000000
00000000
00000000
00000000
00000000
00000000
00000000
00000000
00000000
00000000
00000000
00000000
00000000
00000000
00000000
00000000
00000000
00000000
00000000
00000000
00000000
00000000
00000000
00000000
00000000
00000000
00000000
00000000
00000000
00000000
00000000
00000000
00000000
00000000
00000000
00000000
00000000
00000000
00000000
00000000
00000000
00000000
00000000
00000000
00000000
00000000
00000000
00000000
00000000
1f000000
48000000
31000000
08000000
00000000
00000000
00000000
00000000
00000000
00000000
00000000
00000000
00000000
00000000
00000000
00000000
00000000
00000000
00000000
00000000
00000000
00000000
00000000
00000000
00000000
00000000
00000000
00000000
00000000
00000000
00000000
00000000
00000000
00000000
00000000
00000000
00000000
00000000
00000000
00000000
00000000
00000000
00000000
00000000
00000000
00000000
00000000
00000000
00000000
00000000
00000000
00000000
00010000
01010000
01020000
01040000
02040000
03050000
05080000
080c0841
0b111082
152c3186
130d1062
09090000
06050000
03030000
02010000
00000000
00000000
00000000
00000000
00000000
00000000
00000000
00000000
00000000
00000000
00000000
00000000
00000000
01020000
3f744229
b6ef94f3
f1f2a576
f2f2b5f8
f2f2c67a
f2f2d71c
f2f2d71c
f2f2ce9a
f2f2be18
f2f2ad96
f2f29d14
deb86b8e
7b181062
16000000
00000000
00000000
00000000
00000000
00000000
00000000
00000000
00000000
00000000
00000000
00000000
00000000
00000000
00000000
00000000
00000000
00000000
00000000
00000000
00000000
00000000
00000000
00000000
00000000
00000000
00000000
00000000
00000000
00000000
00000000
00000000
00000000
00000000
00000000
00000000
00000000
00000000
00000000
00000000
00000000
00000000
00000000
00000000
00000000
00000000
00000000
00000000
00000000
00000000
00000000
00000000
00000000
00000000
00000000
00000000
00000000
00000000
00000000
00000000
00000000
00000000
00000000
00000000
00000000
00000000
00000000
03000000
2c1f10c5
92b6649c
daea755f
dad8545f
c9c53b5c
c4d763f8
d4f8a556
dcef94d6
c8b82a98
b8b82297
b8b82277
b8b82277
b8b82276
b8b82256
b8b82256
b8b82255
b8b82255
b8b82255
b8b82234
b8b82234
b8b82234
b8b82233
b8b82213
b8b82213
b8b92213
bbc12a74
c2d34338
d0e55c1d
d4c15bda
ae3b2148
63010000
20000000
03000000
00000000
00000000
00000000
00000000
00000000
00000000
00000000
00000000
00000000
00000000
00000000
00000000
00000000
00000000
00000000
00000000
00000000
00000000
00000000
00000000
00000000
00000000
00000000
00000000
00000000
00000000
00000000
00000000
00000000
00000000
00000000
00000000
00000000
00000000
00000000
00000000
00000000
00000000
00000000
00000000
00000000
00000000
00000000
00000000
00000000
00000000
00000000
00000000
00000000
00000000
00000000
00000000
00000000
00000000
00000000
00000000
00000000
00000000
00000000
00000000
00000000
00000000
00000000
00000000
00000000
00000000
00000000
00000000
00000000
00000000
00000000
00000000
00000000
00000000
00000000
00000000
00000000
00000000
00000000
00000000
00000000
00000000
00000000
00000000
00000000
00000000
00000000
00000000
00000000
00000000
00000000
00000000
00000000
00000000
00000000
00000000
00000000
00000000
00000000
00000000
00000000
00000000
00000000
00000000
00000000
00000000
00000000
00000000
00000000
00000000
00000000
00000000
01020000
02030000
03050000
04070000
060c0821
07090000
070a0000
090d0862
1b4a4a69
53e5e75c
88ffffff
6d7d7bef
280d1062
09070000
05040000
02010000
01000000
00000000
00000000
00000000
00000000
00000000
00000000
00000000
00000000
00000000
00000000
00000000
00000000
01010000
396d4208
b0ef94d3
f0f2a576
f2f2b5f8
f2f2c67a
f2f2d6fc
f2f2d6db
f2f2c659
f2f2b5d7
f2f2a556
f1ee94d3
c3764229
52030020
07000000
00000000
00000000
00000000
00000000
00000000
00000000
00000000
00000000
00000000
00000000
00000000
00000000
00000000
00000000
00000000
00000000
00000000
00000000
00000000
00000000
00000000
00000000
00000000
00000000
00000000
00000000
00000000
00000000
00000000
00000000
00000000
00000000
00000000
00000000
00000000
00000000
00000000
00000000
00000000
00000000
00000000
00000000
0a2818c3
10170862
06000000
00000000
00000000
00000000
00000000
00000000
00000000
00000000
00000000
00000000
00000000
00000000
00000000
00000000
00000000
00000000
00000000
00000000
00000000
00000000
00000000
00000000
00000000
08000000
464221ab
aed6753e
dfe56d1f
d5d24bff
d2dc641a
e9f99d37
f4f094d7
d4bb2ab8
b9b82a77
b8b82277
b8b82277
b8b82276
b8b82256
b8b82256
b8b82255
b8b82255
b8b82255
b8b82234
b8b82234
b8b82234
b8b82233
b8b82213
b9bb2234
bdc732b6
c7db4b9b
d5e4645e
cb8f42f3
93160863
45000000
0f000000
00000000
00000000
00000000
00000000
00000000
00000000
00000000
00000000
00000000
00000000
00000000
00000000
00000000
00000000
00000000
00000000
00000000
00000000
00000000
00000000
00000000
00000000
00000000
00000000
00000000
00000000
00000000
00000000
00000000
00000000
00000000
00000000
00000000
00000000
00000000
00000000
00000000
00000000
00000000
00000000
00000000
00000000
00000000
00000000
00000000
00000000
00000000
00000000
00000000
00000000
00000000
00000000
00000000
00000000
00000000
00000000
00000000
00000000
00000000
00000000
00000000
00000000
00000000
00000000
00000000
00000000
00000000
00000000
00000000
00000000
00000000
00000000
00000000
00000000
00000000
00000000
00000000
00000000
00000000
00000000
00000000
00000000
00000000
00000000
00000000
00000000
00000000
00000000
00000000
00000000
00000000
00000000
00000000
00000000
00000000
00000000
00000000
00000000
00000000
00000000
00000000
00000000
00000000
00000000
00000000
00000000
00000000
00000000
00000000
00000000
00000000
00000000
00000000
00000000
01030000
04060000
060b0821
0a111062
0f1a18a3
10131082
0e121082
101610a2
44a2a534
b4ffffff
f9ffffff
deffffff
6e2d3186
140c0841
07070000
04030000
01000000
00000000
00000000
00000000
00000000
00000000
00000000
00000000
00000000
00000000
00000000
00000000
00000000
01010000
38714228
afef94d3
f0f2a576
f2f2b5f8
f2f2c67a
f2f2d6fc
f2f2ce9a
f2f2be18
f2f2adb7
f2f29d35
e8d07c10
993018e3
2a000000
01000000
00000000
00000000
00000000
00000000
00000000
00000000
00000000
00000000
00000000
00000000
00000000
00000000
00000000
00000000
00000000
00000000
00000000
00000000
00000000
00000000
00000000
00000000
00000000
00000000
00000000
00000000
00000000
00000000
00000000
00000000
00000000
00000000
00000000
00000000
00000000
00000000
00000000
00000000
00000000
00000000
00000000
269952ab
69e47c10
7dd173af
493c2104
0f000000
00000000
00000000
00000000
00000000
00000000
00000000
00000000
00000000
00010000
00000000
00000000
00000000
00000000
00000000
00000000
00000000
00000000
00000000
00000000
00000000
00000000
00000000
12050021
63703ad3
c5e7757f
dfe064bf
d7cf4bbe
e2e6641e
efee643e
dfe153be
cbd84b7c
c6ce3b3b
c1c632d9
bec02ab8
bbbc2a77
b9b92256
b8b82255
b8b82255
b8b82255
b8b82234
b8b82234
b8b82234
b8b82233
babf2a55
c0cf3b18
cde25c1d
d6d3643c
ba5529cc
73050021
2a000000
05000000
00000000
00000000
00000000
00000000
00000000
00000000
00000000
00000000
00000000
00000000
00000000
00000000
00000000
00000000
00000000
00000000
00000000
00000000
00000000
00000000
00000000
00000000
00000000
00000000
00000000
00000000
00000000
00000000
00000000
00000000
00000000
00000000
00000000
00000000
00000000
00000000
00000000
00000000
00000000
00000000
00000000
00000000
00000000
00000000
00000000
00000000
00000000
00000000
00000000
00000000
00000000
00000000
00000000
00000000
00000000
00000000
00000000
00000000
00000000
00000000
00000000
00000000
00000000
00000000
00000000
00000000
00000000
00000000
00000000
00000000
00000000
00000000
00000000
00000000
00000000
00000000
00000000
00000000
00000000
00000000
00000000
00000000
00000000
00000000
00000000
00000000
00000000
00000000
00000000
00000000
00000000
00000000
00000000
00000000
00000000
00000000
00000000
00000000
00000000
00000000
00000000
00000000
00000000
00000000
00000000
00000000
00000000
00000000
00000000
00000000
00000000
00000000
00000000
00000000
00010000
02050000
060a0021
0c141082
266a6b2d
4da2a4f4
3f2e2946
1a161083
15141082
58939cd3
cdffffff
ffffffff
f7dddf1b
87111082
15090000
08040000
04020000
01000000
00000000
00000000
00000000
00000000
00000000
00000000
00000000
00000000
00000000
00000000
0d3318e3
172a18c3
0d080020
3e7e4a69
b4f09cf4
f1f2ad76
f2f2be18
f2f2ce9a
f2f2cebb
f2f2c659
f2f2b5d7
f2f2a576
f1ef94d3
ce874a8a
64080821
0e000000
00000000
00000000
00000000
00000000
00000000
00000000
00000000
00000000
00000000
00000000
00000000
00000000
00000000
00000000
00000000
00000000
00000000
00000000
00000000
00000000
00000000
00000000
00000000
00000000
00000000
00000000
00000000
00000000
00000000
00000000
00000000
00000000
00000000
00000000
00000000
00000000
00000000
00000000
00000000
00000000
00000000
00010000
5edc7bd0
d0e57c10
e0e57c10
9b7a4229
2e000000
00000000
00000000
00000000
00000000
00000000
00000000
00010000
00010000
01010000
01010000
00000000
00000000
00000000
00000000
00000000
00000000
00000000
00000000
00000000
00000000
00000000
00000000
01000000
22130883
83a05bf9
d4eb755f
ddda5c5f
d9d54bbe
e8f76c5f
f0fa643f
ebfa643f
e6f9645f
e1f6643f
dcf2643f
d6eb5bfe
d1e353bd
ccda4b7c
c6d03b1a
c2c832b8
bec12a96
bcbd2a55
babb2254
bcc532b6
c5d74b7b
d3e6647e
d0aa5397
a12610c5
53000000
16000000
01000000
00000000
00000000
00000000
00000000
00000000
00000000
00000000
00000000
00000000
00000000
00000000
00000000
00000000
00000000
00000000
00000000
00000000
00000000
00000000
00000000
00000000
00000000
00000000
00000000
00000000
00000000
00000000
00000000
00000000
00000000
00000000
00000000
00000000
00000000
00000000
00000000
00000000
00000000
00000000
00000000
00000000
00000000
00000000
00000000
00000000
00000000
00000000
00000000
00000000
00000000
00000000
00000000
00000000
00000000
00000000
00000000
00000000
00000000
00000000
00000000
00000000
00000000
00000000
00000000
00000000
00000000
00000000
00000000
00000000
00000000
00000000
00000000
00000000
00000000
00000000
00000000
00000000
00000000
00000000
00000000
00000000
00000000
00000000
00000000
00000000
00000000
00000000
00000000
00000000
00000000
00000000
00000000
00000000
00000000
00000000
00000000
00000000
00000000
00000000
00000000
00000000
00000000
00000000
00000000
00000000
00000000
00000000
00000000
00000000
00000000
00000000
00000000
00000000
00000000
00000000
00010000
03070000
0a110862
1b3d39c8
6effffff
c2ffffff
a8d0d69a
4d1f18c4
17151082
341510a2
90979cd3
cb999cf3
b049526a
510b0841
0b060000
06030000
03010000
01000000
00000000
00000000
00000000
00000000
00000000
00000000
00000000
00000000
00000000
103f2104
55e27bcf
89e57bd0
6a914a6a
6b955acb
bdf29d14
f2f2ad96
f2f2be18
f2f2ce9a
f2f2c67a
f2f2bdf8
f2f2ad96
f2f29d14
e7cb7bf0
9c3118e4
30000000
02000000
00000000
00000000
00000000
00000000
00000000
00000000
00000000
00000000
00000000
00000000
00000000
00000000
00000000
00000000
00000000
00000000
00000000
00000000
00000000
00000000
00000000
00000000
00000000
00000000
00000000
00000000
00000000
00000000
00000000
00000000
00000000
00000000
00000000
00000000
00000000
00000000
00000000
00000000
00000000
00000000
00000000
01040020
67b9634d
d8e57c10
e5e57c10
a7593186
35000000
00000000
00000000
00000000
00000000
00000000
00010000
01010000
02060020
03020000
01010000
01010000
00000000
00000000
00000000
00000000
00000000
00000000
00000000
00000000
00000000
00000000
00000000
00000000
05000000
382f1928
a0c86cdd
dde86d1f
dcd7541f
e4ed643f
f6fa641f
f9f64b9f
f8f7539f
f7f753bf
f6f85bdf
f4f95bff
f0fa641f
ecfa643f
e7fa643f
e2f7643f
ddf3641f
d8ee5bfe
d4eb5bfd
d6ed643e
dded6c9f
d3a04b36
983118e7
45140863
10080021
03020000
01000000
00000000
00000000
00000000
00000000
00000000
00000000
00000000
00000000
00000000
00000000
00000000
00000000
00000000
00000000
00000000
00000000
00000000
00000000
00000000
00000000
00000000
00000000
00000000
00000000
00000000
00000000
00000000
00000000
00000000
00000000
00000000
00000000
00000000
00000000
00000000
00000000
00000000
00000000
00000000
00000000
00000000
00000000
00000000
00000000
00000000
00000000
00000000
00000000
00000000
00000000
00000000
00000000
00000000
00000000
00000000
00000000
00000000
00000000
00000000
00000000
00000000
00000000
00000000
00000000
00000000
00000000
00000000
00000000
00000000
00000000
00000000
00000000
00000000
00000000
00000000
00000000
00000000
00000000
00000000
00000000
00000000
00000000
00000000
00000000
00000000
00000000
00000000
00000000
00000000
00000000
00000000
00000000
00000000
00000000
00000000
00000000
00000000
00000000
00000000
00000000
00000000
00000000
00000000
00000000
00000000
00000000
00000000
00000000
00000000
00000000
00000000
00000000
00000000
00000000
00000000
01010000
04080000
0c110862
2b4c4a29
a2feffff
ffffffff
e4c2c618
741d18a3
19121082
120d0841
320d1062
54121082
3f0a0821
19070000
07040000
04020000
02010000
01000000
00000000
00000000
00000000
00000000
00000000
00000000
00000000
00000000
00000000
379d52ab
a9e57bd0
e4e57bd0
cedb73af
aeb56b6e
ccf29d14
f2f2ad96
f2f2be19
f2f2c67a
f2f2be18
f2f2adb7
f2f2a555
f0e88cb3
c56f4208
5c050020
0d000000
00000000
00000000
00000000
00000000
00000000
00000000
00000000
00000000
00000000
00000000
00000000
00000000
00000000
00000000
00000000
00000000
00000000
00000000
00000000
00000000
00000000
00000000
00000000
00000000
00000000
00000000
00000000
00000000
00000000
00000000
00000000
00000000
00000000
00000000
00000000
00000000
00000000
00000000
00000000
00000000
00000000
00000000
01000000
31060020
836839c7
972c18c3
5b000000
16000000
00000000
00000000
00000000
00000000
00000000
01010000
07170862
39c66b6e
66ca6b8e
5894528a
26040000
02010000
00000000
00000000
00000000
00000000
00000000
00000000
00000000
00000000
00000000
00000000
00000000
00000000
0c020000
5458322f
bae0755f
e0e364bf
e2e25c1f
f1fa6c5f
f8f7539f
f5f23afd
f4f23afc
f5f33afd
f6f4431d
f7f4433e
f7f54b5e
f8f64b7e
f8f7539f
f7f95bdf
f5fb5bff
f4fd643f
f4fa643f
f1f1641f
d9e563fe
a4d85bbc
78c3537a
62a84af6
4e873a72
3c6529cd
2b472149
1f3618e6
286b2908
4bc241ac
455018a5
14000000
00000000
00000000
00000000
00000000
00000000
00000000
00000000
00000000
00000000
00000000
00000000
00000000
00000000
00000000
00000000
00000000
00000000
00000000
00000000
00000000
00000000
00000000
00000000
00000000
00000000
00000000
00000000
00000000
00000000
00000000
00000000
00000000
00000000
00000000
00000000
00000000
00000000
00000000
00000000
00000000
00000000
00000000
00000000
00000000
00000000
00000000
00000000
00000000
00000000
00000000
00000000
00000000
00000000
00000000
00000000
00000000
00000000
00000000
00000000
00000000
00000000
00000000
00000000
00000000
00000000
00000000
00000000
00000000
00000000
00000000
00000000
00000000
00000000
00000000
00000000
00000000
00000000
00000000
00000000
00000000
00000000
00000000
00000000
00000000
00000000
00000000
00000000
00000000
00000000
00000000
00000000
00000000
00000000
00000000
00000000
00000000
00000000
00000000
00000000
00000000
00000000
00000000
00000000
00000000
00000000
00000000
00000000
00000000
00000000
00010000
03050000
0a0a0021
1f141082
726a6b6e
bf959493
a43b39a7
4b121082
130b0021
0c080000
0a060000
0c0a0821
0b050000
07040000
04020000
03010000
01010000
00000000
00000000
00000000
00000000
00000000
00000000
00000000
00000000
00000000
00000000
3a4b2945
ace57bd0
e5e57bd0
d1a052cb
c0d17c10
dbf2a535
f2f2adb7
f2f2be39
f2f2be39
f2f2b5d7
f2f2a556
f2f094f4
dca4632c
85191062
23000000
01000000
00000000
00000000
00000000
00000000
00000000
00000000
00000000
00000000
00000000
00000000
00000000
00000000
00000000
00000000
00000000
00000000
00000000
00000000
00000000
00000000
00000000
00000000
00000000
00000000
00000000
00000000
00000000
00000000
00000000
00000000
00000000
00000000
00000000
00000000
00000000
00000000
00000000
00000000
00000000
00000000
00000000
00000000
00000000
02000000
1b000000
25000000
0b000000
00000000
00000000
00000000
00000000
00000000
00010000
02040020
35b7632d
a0ea8410
d9ec8431
cde98410
6e3720e4
0f010000
01010000
00000000
00000000
00000000
00000000
00000000
00000000
00000000
00000000
00000000
00000000
00000000
00000000
190a0842
73894b56
cdea755f
e4e15c7f
ecf56c7f
f8f95bff
f5f3431d
f1ee2a7b
f0ee2a5a
f1ee2a7a
f1ef2a9a
f2f0329b
f3f132bb
f5f53afc
f7f9433d
fafb4b7e
f8ed4b3c
f1df431b
eadf4b1b
e6e34b5c
e1e6537c
dae9539d
d0eb5bbe
c2ee5bde
b2ee63fe
a5f9641f
9cfb6bfe
a6fb6bdd
c8f7639b
b7d25317
646c31ee
2e4b214a
1f3018c6
131b0883
0a0c0822
04040000
01000000
00000000
00000000
00000000
00000000
00000000
00000000
00000000
00000000
00000000
00000000
00000000
00000000
00000000
00000000
00000000
00000000
00000000
00000000
00000000
092218a3
246f4228
221a1082
06000000
00000000
00000000
00000000
00000000
00000000
00000000
00000000
00000000
00000000
00000000
00000000
00000000
00000000
00000000
00000000
00000000
00000000
00000000
00000000
00000000
00000000
00000000
00000000
00000000
00000000
00000000
00000000
00000000
00000000
00000000
00000000
00000000
00000000
00000000
00000000
00000000
00000000
00000000
00000000
00000000
00000000
00000000
00000000
00000000
00000000
00000000
00000000
00000000
00000000
00000000
00000000
00000000
00000000
00000000
00000000
00000000
00000000
00000000
00000000
00000000
00000000
00000000
00000000
00000000
00000000
00000000
00000000
00000000
00000000
00000000
00000000
00000000
00000000
00000000
00000000
00000000
00000000
00000000
00000000
00000000
00000000
02030000
06060000
0c0b0821
27111062
4a191883
3e0f0862
190a0000
0b060000
07040000
05030000
06050000
06030000
03020000
02010000
02010000
01000000
00000000
00000000
00000000
00000000
00000000
00000000
00000000
00000000
00000000
00000000
13020000
55211082
8b432125
885831a6
ace78cb2
e7f2a555
f2f2b5d7
f2f2be39
f2f2b5d7
f2f2a576
f2f29d14
e6c473cf
a3352104
3d000000
06000000
00000000
00000000
00000000
00000000
00000000
00000000
00000000
00000000
00000000
00000000
00000000
00000000
00000000
00000000
00000000
00000000
00000000
00000000
00000000
00000000
00000000
00000000
00000000
00000000
00000000
00000000
00000000
00000000
00000000
00000000
00000000
00000000
00000000
00000000
00000000
00000000
00000000
00000000
00000000
00000000
00000000
00000000
00000000
00000000
00000000
00000000
00000000
00000000
00000000
00000000
00000000
00000000
00010000
01010000
02020000
5cb5632d
d0eb8431
ecee8431
ebea8411
a0764208
2c010000
01010000
00000000
00000000
00000000
00000000
00000000
00000000
00000000
00000000
00000000
00000000
00000000
00000000
03000000
2d1f10a5
92b6645b
dbea6d1f
ebed647f
f5fb645f
f7f64b7f
f2f032bb
eeec2239
edeb2219
edec2219
eeee2239
f0f22a7a
f4f832bb
f6f43adb
efd52a37
e1c621f5
d6c82a15
d4cb2a36
d7ce3257
dad13277
ddd53a98
e0d83ab9
e3db42f9
e8ea4b3b
f3fc537d
fbfc5b9d
fcfd5bbe
f9f65bbe
ecef5bde
c7ed63de
a3e963de
91de5bbc
7dcd5b7a
6ab44b17
57964293
4373320f
3152216a
223518e7
151f1084
0b0f0842
05050021
02010000
00000000
00000000
00000000
00000000
00000000
00000000
00000000
00000000
00000000
00000000
00000000
00000000
00000000
31a0632c
86e58c71
7d85528a
28000000
00000000
00000000
00000000
00000000
00000000
00000000
00000000
00000000
00000000
00000000
00000000
00000000
00000000
00000000
00000000
00000000
00000000
00000000
00000000
00000000
00000000
00000000
00000000
00000000
00000000
00000000
00000000
00000000
00000000
00000000
00000000
00000000
00000000
00000000
00000000
00000000
00000000
00000000
00000000
00000000
00000000
00000000
00000000
00000000
00000000
00000000
00000000
00000000
00000000
00000000
00000000
00000000
00000000
00000000
00000000
00000000
00000000
00000000
00000000
00000000
01040020
01000000
00000000
00000000
00000000
09261063
0b080020
02000000
00000000
00000000
00000000
00000000
00000000
00000000
00000000
00000000
00000000
00000000
00000000
00000000
00000000
01020000
04030000
06050000
0a070000
0f0c0821
0f060000
09050000
06030000
04020000
02010000
02010000
02000000
01000000
01000000
01000000
00000000
00000000
00000000
00000000
00000000
00000000
00000000
00000000
00000000
00000000
00000000
00000000
09000000
1b090821
4e9452cb
b1f19cf4
eff2ad76
f2f2b5f8
f2f2b5d7
f2f2ad76
f2f29d14
ead27c10
b54e2966
53030000
0e000000
00000000
00000000
00000000
00000000
00000000
00000000
00000000
00000000
00000000
00000000
00000000
00000000
00000000
00000000
00000000
00000000
00000000
00000000
00000000
00000000
00000000
00000000
00000000
00000000
00000000
00000000
00000000
00000000
00000000
00000000
00000000
00000000
00000000
00000000
00000000
00000000
00000000
00000000
00000000
00000000
00000000
00000000
00000000
00000000
00000000
00000000
00000000
00000000
00000000
00000000
00000000
00000000
00000000
00000000
01010000
01010000
486839c7
bce88410
ebea8410
e0c06b4d
8c110841
22010000
01000000
01010000
01010000
01020000
01040000
02030000
01020000
01010000
01010000
00000000
00000000
00000000
00000000
00000000
08010000
464221ab
aed66cfe
e6eb6cdf
f3fa6c7f
f9f85bdf
f4f23afd
efed2a5a
ecec2219
ecef2239
eff42a7a
f3f832bb
f2e72a79
e5c319b4
d1b91172
c3ba1972
c0ba1972
c2bb1992
c4bd1993
c7bf19b3
cac221b3
cdc421d4
d0c729f5
d7cf2a15
ebf63a99
fafa42b9
faf442d9
f0d83ab8
e6db42d9
e5de42fa
e5e14b3a
e3e44b5b
dee7537c
d5ea5b9d
c8ed5bbd
b9ee5bde
a7ea63dd
94e15bdd
81d15b9b
6eba5338
5b9d42b4
477a3a30
3558298b
253a1908
172310a4
0d120842
06070021
02020000
00000000
00000000
00000000
00000000
00000000
00000000
00000000
3d5331a6
a2b26b6d
93312104
2e000000
00000000
00000000
00000000
00000000
00000000
00000000
00000000
00000000
00000000
00000000
00000000
00000000
00000000
00000000
00000000
00000000
00000000
00000000
00000000
00000000
00000000
00000000
00000000
00000000
00000000
00000000
00000000
00000000
00000000
00000000
00000000
00000000
00000000
00000000
00000000
00000000
00000000
00000000
00000000
00000000
00000000
00000000
00000000
00000000
00000000
00000000
00000000
00000000
00000000
00000000
00000000
00000000
00000000
00000000
00000000
00000000
00000000
00000000
05120861
34bf73ae
61c373ae
381b1082
07000000
08200842
36b741cd
70e55a30
71b141ac
33150821
05000000
00000000
00000000
00000000
00000000
00000000
00000000
00000000
00000000
00000000
00000000
00000000
00000000
01000000
02010000
03010000
04020000
06030000
06020000
04010000
02010000
01000000
01000000
00000000
00000000
00000000
00000000
00000000
00000000
00000000
00000000
00000000
00000000
00000000
00000000
00000000
00000000
00000000
00000000
00000000
00000000
0e2d18c3
66ce7c10
d1f29d35
f2f2adb7
f2f2b5b7
f2f2a576
f2f29d14
ebd68431
bd5b31a7
60060020
16000000
01000000
00000000
00000000
00000000
00000000
00000000
00000000
00000000
00000000
00000000
00000000
00000000
00000000
00000000
00000000
00000000
00000000
00000000
00000000
00000000
00000000
00000000
00000000
00000000
00000000
00000000
00000000
00000000
00000000
00000000
00000000
00000000
00000000
00000000
00000000
00000000
00000000
00000000
00000000
00000000
00000000
00000000
00000000
00000000
00000000
00000000
00000000
00000000
00000000
00000000
00000000
00000000
00000000
00000000
00000000
00000000
01010000
1b030000
5d211082
91522966
861b1082
3b010000
05010000
01010000
01030000
03050000
04080000
070d0841
080c0841
06080000
04050000
02030000
01010000
00000000
00000000
00000000
00000000
00000000
12050021
64713ab2
c6e8753f
f1f56cbf
f9fb643f
f7f54b5e
f1f0329b
eff12a7a
f0f6329b
f4f632bb
eed82237
dcbb1973
c7b91172
bbb91972
b9b91972
bab91972
bab91972
bab81172
bbb81152
bcb81172
beb91172
c0ba1972
c3bb1972
d2c921b3
e2d021d4
e2c921d4
d6c421d4
cfc721f4
d2c92a15
d5cd2a35
d8d03256
dcd33277
dfd63a98
e2da42d8
e5de42f9
e6e14b1a
e4e44b5b
dfe7537c
d7ea539c
cbec5bbd
bcee5bde
abeb63fe
98e363dd
85d55bbc
72bf5359
5fa34ad5
4b823a51
396029ad
28401929
1a2710a5
0f150863
07090021
03020000
01000000
15000000
41000000
39000000
0c000000
00000000
00000000
00000000
00000000
00000000
00000000
00000000
00000000
00000000
00000000
00000000
00000000
00000000
00000000
00000000
00000000
00000000
00000000
00000000
00000000
00000000
00000000
00000000
00000000
00000000
00000000
00000000
00000000
00000000
00000000
00000000
00000000
00000000
00000000
00000000
00000000
00000000
00000000
00000000
00000000
00000000
00000000
00000000
00000000
00000000
00000000
00000000
00000000
00000000
00000000
00000000
00000000
00000000
00000000
00000000
00000000
00000000
00000000
133b2124
7ce58c71
d3e58c71
7f372104
15000000
1e5620c6
85e65a30
dae75a30
d9e65a30
8a7b3129
24000000
00000000
00000000
00000000
00000000
00000000
00000000
00000000
00000000
00000000
00000000
00000000
00000000
00000000
00000000
01000000
01000000
01000000
01000000
01000000
00000000
00000000
00000000
00000000
00000000
00000000
00000000
00000000
00000000
00000000
00000000
00000000
00000000
00000000
00000000
00000000
00000000
00000000
00000000
00000000
01050020
2b784249
98ed94d3
e8f2a555
f2f2ad96
f2f2a555
f2f19d14
e9cf7c10
bc5831a7
64070020
1a000000
01000000
00000000
00000000
00000000
00000000
00000000
00000000
00000000
00000000
00000000
00000000
00000000
00000000
00000000
00000000
00000000
00000000
00000000
00000000
00000000
00000000
00000000
00000000
00000000
00000000
00000000
00000000
00000000
00000000
00000000
00000000
00000000
00000000
00000000
00000000
00000000
00000000
00000000
00000000
00000000
00000000
00000000
00000000
00000000
00000000
00000000
00000000
00000000
00000000
00000000
00000000
00000000
00000000
00000000
00000000
00000000
00000000
00000000
01010000
0a010000
1d010000
1c010000
08010000
01000000
01010000
03050000
060a0020
0a111082
111d18c3
141b18a3
10111062
0a0a0020
06050000
02010000
01000000
00000000
00000000
00000000
00000000
01000000
22130863
83a153d8
dcf2751f
f8fc6c7f
f9f953bf
f5f73b1e
f4f832dc
f3ee329a
e8c821d5
d3b81973
c1b91973
b9b91973
b9b91972
babb1972
baba1972
b9b91972
b9b91972
b8b81172
b8b81172
b8b81152
b9b81151
b9b81151
bdb81151
c2b81151
c2b81151
bfb91171
bfba1971
c1bb1972
c3bc1992
c6be1992
c9c121b3
cbc421d3
cfc721f4
d2cb2a15
d6cf3235
d9d13256
dcd43277
dfd63a97
e1d93ab8
e4dd42f9
e5e04b1a
e4e34b5b
e0e6537c
d9e9539d
ceec5bbe
c0ee63de
afec63fe
9ce663fe
8ad95bbc
76c5537a
63aa4b17
4f893a73
3d6731ce
2b46214a
1d2c10c6
11180863
06000000
00000000
00000000
00000000
00000000
00000000
00000000
00000000
00000000
00000000
00000000
00000000
00000000
00000000
00000000
00000000
00000000
00000000
00000000
00000000
00000000
00000000
00000000
00000000
00000000
00000000
00000000
00000000
00000000
00000000
00000000
00000000
00000000
00000000
00000000
00000000
00000000
00000000
00000000
00000000
00000000
00000000
00000000
00000000
00000000
00000000
00000000
00000000
00000000
00000000
00000000
00000000
00000000
00000000
00000000
00000000
00000000
00000000
00000000
0f000000
636c4208
a8694208
63060020
0f000000
316c2908
a4e65a30
e7e75a30
e7e65a30
a75220c6
33000000
00000000
00000000
00000000
00000000
00000000
00000000
00000000
00000000
00000000
00000000
00000000
00000000
00000000
00000000
00000000
00000000
00000000
00000000
00000000
00000000
00000000
00000000
00000000
00000000
00000000
00000000
00000000
00000000
00000000
00000000
00000000
00000000
00000000
00000000
00000000
00000000
00000000
00000000
00000000
0d2e18e3
5dc97bf0
c8f29d15
f1f2a576
f2f2a535
f1ef94d3
e3bb738e
b1472945
5d050020
19000000
02000000
00000000
00000000
00000000
00000000
00000000
00000000
00000000
00000000
00000000
00000000
00000000
00000000
00000000
00000000
00000000
00000000
00000000
00000000
00000000
00000000
00000000
00000000
00000000
00000000
00000000
00000000
00000000
00000000
00000000
00000000
00000000
00000000
00000000
00000000
00000000
00000000
00000000
00000000
00000000
00000000
00000000
00000000
00000000
00000000
00000000
00000000
00000000
00000000
00000000
00000000
00000000
00000000
00000000
00000000
00000000
00000000
00000000
00000000
00000000
01000000
01010000
01000000
00000000
00000000
01020000
04080000
0a111082
15272125
3a9194b2
568f8c71
372218e3
13101062
0a070000
04020000
01000000
00000000
00000000
00000000
00000000
00000000
05000000
392f1907
a3ca649d
ecfa74df
fbfc643f
f9fb4b9f
f3e432ba
e2bf19b4
cbb81973
bcb81973
b9b91973
b9ba1973
becb21f4
c9e43a97
ccd93255
c1ba1972
b9b91972
b9b91172
b8b81172
b8b81172
b8b81172
b8b81172
b8b81152
b8b81151
b8b81151
b8b81151
b9b81151
b9b81151
bab81151
bbb81151
bcb91151
beba1951
c0bc1971
c4c321b2
d1e942d7
dadf3a76
d3c621d3
cdc421d3
cec621d4
d1c829f4
d4cb2a15
d7ce3256
dad23277
ded53a98
e1d83ab9
e3dc42fa
e5df4b1a
e5e24b5b
e2e5537c
dbe9539d
d0eb5bbe
c3ee5bde
b3ed63ff
a0e863fe
8ddc5bdd
7ac95b9b
38000000
00000000
00000000
00000000
00000000
00000000
00000000
00000000
00000000
00000000
00000000
00000000
00000000
00000000
00000000
00000000
00000000
00000000
00000000
00000000
00000000
00000000
00000000
00000000
00000000
00000000
00000000
00000000
00000000
00000000
00000000
00000000
00000000
00000000
00000000
00000000
00000000
00000000
00000000
00000000
00000000
00000000
00000000
00000000
00000000
00000000
00000000
00000000
00000000
00000000
00000000
00000000
00000000
00000000
00000000
00000000
00000000
00000000
00000000
00000000
1b000000
35000000
1c000000
02000000
1c030000
757e3129
c7d1520f
c8843149
74140841
1a000000
00000000
00000000
00000000
00000000
00000000
00000000
00000000
00000000
00000000
00000000
00000000
00000000
00000000
00000000
00000000
00000000
00000000
00000000
00000000
00000000
00000000
00000000
00000000
00000000
00000000
00000000
00000000
00000000
00000000
00000000
00000000
00000000
00000000
00000000
00000000
00000000
00000000
00000000
030d0841
328d52ab
9def94d3
e7f2a535
f2f29d14
eee28c72
d6945acb
9a2b18c3
4c020000
13000000
01000000
00000000
00000000
00000000
00000000
00000000
00000000
00000000
00000000
00000000
00000000
00000000
00000000
00000000
00000000
00000000
00000000
00000000
00000000
00000000
00000000
00000000
00000000
00000000
00000000
00000000
00000000
00000000
00000000
00000000
00000000
00000000
00000000
00000000
00000000
00000000
00000000
00000000
00000000
00000000
00000000
00000000
00000000
00000000
00000000
00000000
00000000
00000000
00000000
00000000
00000000
00000000
00000000
00000000
00000000
00000000
00000000
00000000
00000000
00000000
00000000
00000000
00000000
00000000
00000000
00000000
01040000
070d0841
111d18c3
388a8c71
90ffffff
c8ffffff
8d838c51
341b18c3
100c0841
06030000
01000000
00000000
00000000
00000000
00000000
00000000
00000000
0c020000
5559320e
c2ea74df
f7fc6c7f
f7e84b7e
e4cb2a58
cabb19b4
bab81973
b8b91973
b9b91973
babb1993
cdf242f9
e8ff537a
eefe535a
d7ca21f4
beba1972
b9b91972
b8b81172
b8b81172
b8b81172
b8b81172
b8b81172
b8b81172
b8b81172
b8b81152
b8b81151
b8b81151
b8b81151
b8b81151
b8b91151
b9ba1951
bbbc1971
c9eb42d7
e5ff5b7a
f1ff5b79
ded22a14
c6bc1971
c0bb1971
c1bb1971
c2bc1972
c5bd1992
c7c019b3
cac221b3
cdc521d4
d0c729f5
d3cb2a15
d6ce3256
dad13277
ddd53a98
e0d83ab9
e3db42fa
e5de4b1b
e5e24b3c
e3e5537d
ddeb5bde
6d000000
00000000
00000000
00000000
00000000
00000000
00000000
00000000
00000000
00000000
00000000
00000000
00000000
00000000
00000000
00000000
00000000
00000000
00000000
00000000
01050840
0a242901
17383961
172520c1
0b060020
01000000
00000000
00000000
00000000
00000000
00000000
00000000
00000000
00000000
00000000
00000000
00000000
00000000
00000000
00000000
00000000
00000000
00000000
00000000
00000000
00000000
00000000
00000000
00000000
00000000
00000000
00000000
00000000
00000000
00000000
00000000
00000000
00000000
00000000
00000000
00000000
00000000
00000000
00000000
01000000
20000000
55060000
57000000
26000000
05000000
00020000
00000000
00000000
00000000
00000000
00000000
00000000
00000000
00000000
00000000
00000000
00000000
00000000
00000000
00000000
00000000
00000000
00000000
00000000
00000000
00000000
00000000
00000000
00000000
00000000
00000000
00000000
00000000
00000000
00000000
00000000
00000000
00000000
00000000
00000000
00000000
00000000
01030000
1b5a31a7
75df8c72
d3f29d14
efe994b3
e1b86b8e
b95a31a7
78100841
34000000
0b000000
00000000
00000000
00000000
00000000
00000000
00000000
00000000
00000000
00000000
00000000
00000000
00000000
00000000
00000000
00000000
00000000
00000000
00000000
00000000
00000000
00000000
00000000
00000000
00000000
00000000
00000000
00000000
00000000
00000000
00000000
00000000
00000000
00000000
00000000
00000000
00000000
00000000
00000000
00000000
00000000
00000000
00000000
00000000
00000000
00000000
00000000
00000000
00000000
00000000
00000000
00000000
00000000
00000000
00000000
00000000
00000000
00000000
00000000
00000000
00000000
00000000
00000000
00000000
00000000
00000000
00000000
00000000
02040000
080d0841
151d18c3
548f94b2
c6ffffff
ffffffff
bf7d8410
4e1b18c3
140c0841
08030000
02000000
00000000
00000000
00000000
00000000
00000000
00000000
00000000
190a0841
748242d4
d1de641e
eae653be
dbd23aba
c6c021d5
bbb81993
b8b91973
b9b91993
babc1993
d6f042f8
f8ff535a
fefd4b3a
e2c321b4
c0b91973
b9b91972
b9b81172
b8b81172
b8b81172
b8b81172
b8b81172
b8b81172
b8b81172
b8b81172
b8b81172
b8b81172
b8b81152
b8b81151
b8b91151
b9ba1971
bbbc1972
d1e33a96
f3ff5b7a
ffff5b7a
e9d53214
c7bb1971
bbb91951
bab81151
bab81151
bab81151
bbb81151
bdb81151
beb91171
c0ba1972
c2bc1992
c4be1993
c7c021b3
cac321d4
cdc521f4
d0c82a15
d3cb2a36
d8d43a98
e0e34b5c
e8ec63ff
76000000
00000000
00000000
00000000
00000000
00000000
00000000
00000000
00000000
00000000
00000000
00000000
00000000
00000000
00000000
00000000
00000000
00000000
00000000
0f3c49e2
3fbbdecf
74ebffd2
8ef1fec9
8fecdd86
76bf9be4
42412901
10000000
00000000
00000000
00000000
00000000
00000000
00000000
00000000
00000000
00000000
00000000
00000000
00000000
00000000
00000000
00000000
00000000
00000000
00000000
00000000
00000000
00000000
00000000
00000000
00000000
00000000
00000000
00000000
00000000
00000000
00000000
00000000
00000000
00000000
00000000
00000000
00000000
00000000
00000000
00000000
01000000
01000000
10422105
40c06aee
5eb762ad
32110841
04000000
00000000
00000000
00000000
00000000
00000000
00000000
00000000
00000000
00000000
00000000
00000000
00000000
00000000
00000000
00000000
00000000
00000000
00000000
00000000
00000000
00000000
00000000
00000000
00000000
00000000
00000000
00000000
00000000
00000000
00000000
00000000
00000000
00000000
00010000
113e2124
59c873cf
b9e48c92
dbb86b8e
bf6839e8
8a1f1082
4d020000
1b000000
04000000
00000000
00000000
00000000
00000000
00000000
00000000
00000000
00000000
00000000
00000000
00000000
00000000
00000000
00000000
00000000
00000000
00000000
00000000
00000000
00000000
00000000
00000000
00000000
00000000
00000000
00000000
00000000
00000000
00000000
00000000
00000000
00000000
00000000
00000000
00000000
00000000
00000000
00000000
00000000
00000000
00000000
00000000
00000000
00000000
00000000
00000000
00000000
00000000
00000000
00000000
00000000
00000000
00000000
00000000
00000000
00000000
00000000
00000000
00000000
00000000
00000000
00000000
00000000
00000000
00000000
00000000
00000000
00000000
01020000
07080000
11111082
38252104
929494b2
c88e9492
8b2320e4
33101062
10070000
06020000
01000000
00000000
00000000
00000000
00000000
00000000
00000000
00000000
03000000
260a0021
819a42f6
d3ed641f
e0da431c
cdc72a17
beba1994
b9b81973
b9b91993
bab91993
cac421d4
e4dc3277
ead02a15
d2ba1973
bcb91973
b9b81973
b8b81172
b8b81172
b8b81172
b8b81172
b8b81172
b8b81172
b8b81172
b8b81172
b8b81172
b8b81172
b8b81172
b8b81172
b8b91172
b9b91972
baba1972
c7c321b3
e0db3255
ecd73235
dabc1972
c1ba1951
bab91951
b9b81151
b8b81151
b8b81151
b8b81151
b8b81151
b8b81151
b9b91151
bab91971
bbb91971
bcba1972
bfbc1972
c0bc1992
c3c221b4
c9cf3257
d3df4b1b
e1ed5bff
dbb04b38
67000000
00000000
00000000
00000000
00000000
00000000
00000000
00000000
00000000
00000000
00000000
00000000
00000000
00000000
00000000
00000000
00000000
00000000
11455202
5ae5f6a7
b4f2ff8a
e3f2fff4
f0f2fff3
f0f2fee9
e4f2e5c6
b7e8bca5
615b3981
17010000
00000000
00000000
00000000
00000000
00000000
00000000
00000000
00000000
00000000
00000000
00000000
00000000
00000000
00000000
00010000
01010000
01010000
00000000
00000000
00000000
00000000
00000000
00000000
00000000
00000000
00000000
00000000
00000000
00000000
00000000
00000000
00000000
00000000
00000000
00000000
00000000
00000000
00000000
00000000
00000000
3490522b
9ee57b71
d0e57b71
84623167
1d000000
00000000
00000000
00000000
00000000
00000000
00000000
00000000
00000000
00000000
00000000
00000000
00000000
00000000
00000000
00000000
00000000
00000000
00000000
00000000
00000000
00000000
00000000
00000000
00000000
00000000
00000000
00000000
00000000
00000000
00000000
00000000
00000000
00010000
0e342104
439b5aec
8d9252cb
a3502986
811a1082
4f030000
22000000
08000000
00000000
00000000
00000000
00000000
00000000
00000000
00000000
00000000
00000000
00000000
00000000
00000000
00000000
00000000
00000000
00000000
00000000
00000000
00000000
00000000
00000000
00000000
00000000
00000000
00000000
00000000
00000000
00000000
00000000
00000000
00000000
00000000
00000000
00000000
00000000
00000000
00000000
00000000
00000000
00000000
00000000
00000000
00000000
00000000
00000000
00000000
00000000
00000000
00000000
00000000
00000000
00020000
01030000
02040000
02050000
03060000
050d0841
05080000
03060000
03040000
02030000
01020000
01010000
00000000
00000000
00000000
00000000
00000000
00000000
00000000
01010000
04050000
0a0a0020
14111082
3a1d18c3
571b18a3
37111062
130a0020
0a050000
04010000
01000000
00000000
00000000
00000000
00000000
00000000
00000000
00000000
00000000
02000000
3b48216b
ade6643f
e4e2537e
d4cf3279
c3be21d5
bab81993
b8b91993
b9b91993
bcb91993
c5ba1993
c8b91993
bfb91993
b9b91973
b9b81973
b8b81973
b8b81973
b8b81972
b8b81172
b8b81172
b8b81172
b8b81172
b8b81172
b8b81172
b8b81172
b8b81172
b8b81172
b8b81172
b9b91972
b9b91972
bcba1972
c5bc1972
cabb1972
c2ba1972
bab91971
b9b91151
b9b81151
b8b81151
b8b81151
b8b81151
b8b81151
b8b81151
b9b91971
b9b91971
babb1972
bbbc1972
bdbf1992
bec221b3
c3cc2a36
cedb42fa
ddea5bbe
e2d25bbc
aa381908
3a000000
00000000
00000000
00000000
00000000
00000000
00000000
00000000
00000000
00000000
00000000
00000000
00000000
00000000
00000000
00000000
00000000
030e1060
48cedde6
bbf2ff07
eff2ff07
f2f2ff8a
f2f2fff3
f2f2fff4
f2f2ff0a
eff2e5c6
c8ebbcc5
6b6741a2
1a020000
00000000
00000000
00000000
00000000
00000000
00000000
00000000
00000000
00000000
00000000
00000000
00000000
00010000
103d2104
26593186
29482945
13010000
00000000
00000000
00000000
00000000
00000000
00000000
00000000
00000000
00000000
00000000
00000000
00000000
00000000
00000000
00000000
00000000
00000000
00000000
00000000
00000000
00000000
00000000
38512926
aae17b51
e1d97330
922718a3
22000000
00000000
00000000
00000000
00000000
00000000
00000000
00000000
00000000
00000000
00000000
00000000
00000000
00000000
00000000
00000000
00000000
00000000
00000000
00000000
00000000
00000000
00000000
00000000
00000000
00000000
00000000
00000000
00000000
00000000
00000000
00000000
01030000
0a2210a2
253c2104
4a1f10a2
55080020
3b000000
1b000000
07000000
01000000
00000000
00000000
00000000
00000000
00000000
00000000
00000000
00000000
00000000
00000000
00000000
00000000
00000000
00000000
00000000
00000000
00000000
00000000
00000000
00000000
00000000
00000000
00000000
00000000
00000000
00000000
00000000
00000000
00000000
00000000
00000000
00000000
00000000
00000000
00000000
00000000
00000000
00000000
00000000
00000000
00000000
00000000
00000000
00000000
00000000
00000000
00000000
00000000
00000000
00000000
00000000
00000000
01030000
03040000
04060000
06090000
080c0841
0d1610a2
0e0e0861
0a0b0821
07080000
05050000
03030000
02010000
00000000
00000000
00000000
00000000
00000000
00000000
00000000
01010000
03030000
06050000
0a080000
110d0841
140c0841
10080000
0a050000
06030000
02010000
01000000
00000000
00000000
00000000
00000000
00000000
00000000
00000000
00000000
00000000
16120863
7eba537a
dbea5bff
dcd73afb
cac42216
bdb91994
b8b81993
b9b81993
b9b91993
b9b91993
b9b91993
b9b91973
b9b81973
b8b81973
b8b81973
b8b81973
b8b81973
b8b81973
b8b81973
b8b81972
b8b81172
b8b81172
b8b81172
b8b81172
b8b81172
b8b81172
b8b81172
b8b81172
b9b91972
b9b91972
baba1972
bab91972
bab91972
b9b91152
b9b81151
b8b81151
b8b81151
b8b81151
b8b81151
b8b81151
b8b81151
b9b91972
b9ba1972
bbbc1972
c2d53255
d2f6537a
dbf6537b
d8dd42fa
dbe8539d
e5e663fe
c16429ce
5c030000
0f000000
00000000
00000000
00000000
00000000
00000000
00000000
00000000
00000000
00000000
00000000
00000000
00000000
00000000
00000000
00000000
00000000
154749e2
85f1fea6
e9f2fee7
f2f2ff07
f2f2ff07
f2f2ff89
f2f2fff2
f2f2fff4
f2f2ff0a
f0f2e5e6
ccedc4e5
727349e2
1e030000
01000000
00000000
00000000
00000000
00000000
00000000
00000000
00000000
00000000
00000000
00010000
0a2410a2
51e27bcf
98e97bf0
9be073cf
573318e3
0d010000
00000000
00000000
00000000
00000000
00000000
00000000
00000000
00000000
00000000
00000000
00000000
00000000
00000000
00000000
00000000
00000000
00000000
00000000
00000000
00000000
00000000
14000000
55201082
78040000
41000000
0a000000
00000000
00000000
00000000
00000000
00000000
00000000
00000000
00000000
00000000
00000000
00000000
00000000
00000000
00000000
00000000
00000000
00000000
00000000
00000000
00000000
00000000
00000000
00000000
00000000
00000000
00000000
00000000
00000000
00000000
00000000
00000000
02030000
0a010000
18000000
17000000
0a000000
02000000
00000000
00000000
00000000
00000000
00000000
00000000
00000000
00000000
00000000
00000000
00000000
00000000
00000000
00000000
00000000
00000000
00000000
00000000
00000000
00000000
00000000
00000000
00000000
00000000
00000000
00000000
00000000
00000000
00000000
00000000
00000000
00000000
00000000
00000000
00000000
00000000
00000000
00000000
00000000
00000000
00000000
00000000
00000000
00000000
00000000
00000000
00000000
00000000
00000000
00000000
00000000
00000000
00000000
00000000
00000000
02040000
04070000
070b0020
0b111082
0f1710a2
18272104
191b18a3
12141082
0d0e0861
09080000
05050000
03020000
01000000
00000000
00000000
00000000
00000000
00000000
00000000
00000000
01010000
02010000
04020000
07040000
08030000
06020000
04010000
02010000
01000000
00000000
00000000
00000000
00000000
00000000
00000000
00000000
00000000
00000000
00000000
05010000
4e6a3210
bfec643f
e3df4b5e
d1cb3258
c1bc19b5
b9b81994
b8b81994
b8b81993
b9b91993
b9b81993
b8b81993
b8b81993
b8b81973
b8b81973
b8b81973
b8b81973
b8b81973
b8b81973
b8b81973
b8b81973
b8b81973
b8b81972
b8b81172
b8b81172
b8b81172
b8b81172
b8b81172
b8b81172
b9b81172
b9b91172
b9b81172
b9b81172
b9b81172
b8b81172
b8b81172
b8b81152
b8b81151
b8b81151
b8b81152
b8b91172
b9ba1972
babc1992
bdc321b3
d3f9537a
f1ff5bbc
fbff63fd
f2f763fe
eaee641f
d49642d4
7c120862
1e010000
01000000
00000000
00000000
00000000
00000000
00000000
00000000
00000000
00000000
00000000
00000000
00000000
00000000
00000000
00000000
00000000
00000000
2c6b6ac3
a5f2fe66
f2f2fea7
f2f2fee7
f2f2ff07
f2f2ff07
f2f2ff69
f2f2fff2
f2f2fff5
f2f2ff2a
f1f2ede6
d0efc505
797f5222
22050000
01000000
00000000
00000000
00000000
00000000
00000000
00000000
00000000
00000000
01010000
2b844229
9de97bf0
e8eb7c10
e7e97bf0
a69e52ab
35010000
01000000
00000000
00000000
00000000
00000000
00000000
00000000
00000000
00000000
00000000
00000000
00000000
00000000
00000000
00000000
00000000
00000000
00000000
00000000
00000000
00000000
00000000
08000000
09000000
01000000
00000000
00000000
00000000
00000000
00000000
00000000
00000000
00000000
00000000
00000000
00000000
00000000
00000000
00000000
00000000
00000000
00000000
00000000
00000000
00000000
00000000
00000000
00000000
00000000
00000000
00000000
00000000
00000000
00000000
00000000
00000000
00000000
01000000
01000000
00000000
00000000
00000000
00000000
00000000
00000000
00000000
00000000
00000000
00000000
00000000
00000000
00000000
00000000
00000000
00000000
00000000
00000000
00000000
00000000
00000000
00000000
00000000
00000000
00000000
00000000
00000000
00000000
00000000
00000000
00000000
00000000
00000000
00000000
00000000
00000000
00000000
00000000
00000000
00000000
00000000
00000000
00000000
00000000
00000000
00000000
00000000
00000000
00000000
00000000
00000000
00000000
00000000
00000000
00000000
00000000
00010000
01010000
01020000
03080000
080e0861
0c131082
131d18c3
1c2d2945
3b808c51
403f4208
242218e3
16151082
0e0d0841
08070000
04020000
01000000
00000000
00000000
00000000
00000000
00000000
00000000
00000000
00000000
01000000
01000000
01000000
02000000
01000000
01000000
01000000
00000000
00000000
00000000
00000000
00000000
00000000
00000000
00000000
00000000
00000000
00000000
00000000
242410a5
93d25bfd
e1e75bdf
d9d33adb
c7c121f6
bbb81994
b8b81994
b8b81994
b8b81994
b8b81994
b8b81993
b8b81993
b8b81993
b8b81993
b8b81993
b8b81973
b8b81973
b8b81973
b8b81973
b8b81973
b8b81973
b8b81973
b8b81973
b8b81973
b8b81972
b8b81172
b8b81172
b8b81172
b8b81172
b8b81172
b8b81172
b8b81172
b8b81172
b8b81172
b8b81172
b8b81172
b8b81172
b8b81172
b8b81172
b8b81172
b9ba1972
bbbb1972
bebf1993
dcf5535a
fbff63dd
ffff6c1f
fbf96c5f
e7be537a
9a2710c5
35050000
06010000
00000000
00000000
00000000
00000000
00000000
00000000
00000000
00000000
00000000
00000000
00000000
00000000
00000000
00000000
00000000
00000000
00000000
325e5a22
abf2ee06
f2f2fe66
f2f2fea6
f2f2fee7
f2f2ff07
f2f2ff07
f2f2ff69
f2f2fff1
f2f2fff6
f2f2ff4b
f1f2ede6
d4f0cd05
808b6262
26070800
02000000
00000000
00000000
00000000
00000000
00000000
00000000
00000000
01010000
313e2104
a3e37bd0
e8e97bf0
e9e87bf0
ad472925
3a010000
01000000
00000000
00000000
00000000
00000000
00000000
00000000
00000000
00000000
00000000
00000000
00000000
00000000
00000000
00000000
00000000
00000000
00000000
00000000
00000000
00000000
00000000
00000000
00000000
00000000
00000000
00000000
00000000
00000000
00000000
00000000
00000000
00000000
00000000
00000000
00000000
00000000
00000000
00000000
00000000
00000000
00000000
00000000
00000000
00000000
00000000
00000000
00000000
00000000
00000000
00000000
00000000
00000000
00000000
00000000
00000000
00000000
00000000
00000000
00000000
00000000
00000000
00000000
00000000
00000000
00000000
00000000
00000000
00000000
00000000
00000000
00000000
00000000
00000000
00000000
00000000
00000000
00000000
00000000
00000000
00000000
00000000
00000000
00000000
00000000
00000000
00000000
00000000
00000000
00000000
00000000
00000000
00000000
00000000
00000000
00000000
00000000
00000000
00000000
00000000
00000000
00000000
00000000
00000000
00000000
00000000
00000000
00000000
00000000
00000000
00000000
00000000
00000000
00000000
00000000
01010000
01020000
02040000
060c0841
0e151082
141b18c3
213a39c7
53c8d69a
9dffffff
adf8ffff
77858c71
371f18c3
14111082
0b090000
05030000
01000000
00000000
00000000
00000000
00000000
00000000
00000000
00000000
00000000
00000000
00000000
00000000
00000000
00000000
00000000
00000000
00000000
00000000
00000000
00000000
00000000
00000000
00000000
00000000
00000000
00000000
00000000
00000000
0a040001
638f42b5
cded643f
e1db433d
cec82a38
bfba19b5
b9b81994
b8b81994
b8b81994
b8b81994
b8b81994
b8b81994
b8b81994
b8b81993
b8b81993
b8b81993
b8b81993
b8b81993
b8b81973
b8b81973
b8b81973
b8b81973
b8b81973
b8b81973
b8b81973
b8b81973
b8b81973
b8b81972
b8b81172
b8b81172
b8b81172
b8b81172
b8b81172
b8b81172
b8b81172
b8b81172
b8b81172
b8b81172
b8b81172
b8b81172
b9b91972
baba1972
bdc019b3
d3d93a98
f0f55bde
fbfa6c3f
f3db63fd
b74a216a
4e070000
0d030000
02000000
00000000
00000000
00000000
00000000
00000000
00000000
00000000
00000000
00000000
00000000
00000000
00000000
00000000
00000000
00000000
00000000
00000000
222820c1
98e9cd25
f0f2ee06
f2f2fe66
f2f2fea6
f2f2fee7
f2f2ff07
f2f2ff07
f2f2ff69
f2f2fff0
f2f2fff6
f2f2ff4c
f2f2ee06
d7f1cd25
86966aa3
2a0a0820
02000000
00000000
00000000
00000000
00000000
00000000
00000000
00000000
10010000
626631a7
af8a4a49
b26d39e7
68050000
13000000
00000000
00000000
00000000
00000000
00000000
00000000
00000000
00000000
00000000
00000000
00000000
00000000
00000000
00000000
00000000
00000000
00000000
00000000
00000000
00000000
00000000
00000000
00000000
00000000
00000000
00000000
00000000
00000000
00000000
00000000
00000000
00000000
00000000
00000000
00000000
00000000
00000000
00000000
00000000
00000000
00000000
00000000
00000000
00000000
00000000
00000000
00000000
00000000
00000000
00000000
00000000
00000000
00000000
00000000
00000000
00000000
00000000
00000000
00000000
00000000
00000000
00000000
00000000
00000000
00000000
00000000
00000000
00000000
00000000
00000000
00000000
00000000
00000000
00000000
00000000
00000000
00000000
00000000
00000000
00000000
00000000
00000000
00000000
00000000
00000000
00000000
00000000
00000000
00000000
00000000
00000000
00000000
00000000
00000000
00000000
00000000
00000000
00000000
00000000
00000000
00000000
00000000
00000000
00000000
00000000
00000000
00000000
00000000
00000000
00000000
00000000
00000000
00000000
00000000
00000000
01020000
03040000
05080000
0c1810a3
182720e4
22302925
407a7baf
9fffffff
f1ffffff
fdffffff
d1c7ce79
68342965
201d18c3
12100861
08050821
02000000
00000000
00000000
00000000
00000000
00000000
00000000
00000000
00000000
00000000
00000000
00000000
00000000
00000000
00000000
00000000
00000000
00000000
00000000
00000000
00000000
00000000
00000000
00000000
00000000
00000000
00000000
00000000
01000000
353f212a
a7e2643e
e4e353bf
d6d032ba
c4be21d6
bab81994
b8b81994
b8b81994
b8b81994
b8b81994
b8b81994
b8b81994
b8b81994
b8b81994
b8b81994
b8b81993
b8b81993
b8b81993
b8b81993
b8b81993
b8b81973
b8b81973
b8b81973
b8b81973
b8b81973
b8b81973
b8b81973
b8b81973
b8b81973
b8b81972
b8b81172
b8b81172
b8b81172
b8b81172
b8b81172
b8b81172
b8b81172
b8b81172
b8b81172
b9b91972
babb1993
bfc621f5
cdd63ab9
e3e8539e
f0ea641f
cd743a30
690b0021
18040000
04020000
02000000
00000000
00000000
00000000
00000000
00000000
00000000
00000000
00000000
00000000
00000000
00000000
00000000
00000000
00000000
00000000
00000000
00000000
0b040000
6a936ac3
d8f2d545
f2f2ede6
f2f2fe66
f2f3fea7
f2f2fee7
f2f2fee7
f2f2ff07
f2f2ff48
f2f2fff0
f2f2fff6
f2f2ff6c
f2f2ee26
dbf2cd45
8da172e3
2e0d0820
03000000
00000000
00000000
00000000
00000000
00000000
00000000
00000000
1a010000
3c010000
3e010000
1d000000
01000000
00000000
00000000
00000000
00000000
00000000
00000000
00000000
00000000
00000000
00000000
00000000
00000000
00000000
00000000
00000000
00000000
00000000
00000000
00000000
00000000
00000000
00000000
00000000
00000000
00000000
00000000
00000000
00000000
00000000
00000000
00000000
00000000
00000000
00000000
00000000
00000000
00000000
00000000
00000000
00000000
00000000
00000000
00000000
00000000
00000000
00000000
00000000
00000000
00000000
00000000
00000000
00000000
00000000
00000000
00000000
00000000
00000000
00000000
00000000
00000000
00000000
00000000
00000000
00000000
00000000
00000000
00000000
00000000
00000000
00000000
00000000
00000000
00000000
00000000
00000000
00000000
00000000
00000000
00000000
00000000
00000000
00000000
00000000
00000000
00000000
00000000
00000000
00000000
00000000
00000000
00000000
00000000
00000000
00000000
00000000
00000000
00000000
00000000
00000000
00000000
00000000
00000000
00000000
00000000
00000000
00000000
00000000
00000000
00000000
00000000
00000000
00000000
00000000
00000000
00000000
01030000
04070000
080e0842
339d9453
6acac5b8
646f62ed
5a4f52aa
b2ffffff
ffffffff
ffffffff
e2c4ce99
79252104
22141082
130a0020
09030000
02000000
00000000
00000000
00000000
00000000
00000000
00000000
00000000
00000000
00000000
00000000
00000000
00000000
00000000
00000000
00000000
00000000
00000000
00000000
00000000
00000000
00000000
00000000
00000000
00000000
00000000
00000000
00010000
01020000
14100842
79b25379
d9eb641f
ded9431d
cbc52a38
beba19b5
b9b91995
b8b81994
b8b81994
b8b81994
b8b81994
b8b81994
b8b81994
b8b81994
b8b81994
b8b81994
b8b81994
b8b81994
b8b81993
b8b81993
b8b81993
b8b81993
b8b81993
b8b81973
b8b81973
b8b81973
b8b81973
b8b81973
b8b81973
b8b81973
b8b81973
b8b81973
b8b81972
b8b81172
b8b81172
b8b81172
b8b81172
b8b81172
b8b81172
b9ba1973
bcc221d4
c5d13278
d4e24b5d
e3ee641f
d89f4af6
85160863
26040000
06030000
03010000
01000000
00000000
00000000
00000000
00000000
00000000
00000000
00000000
00000000
00000000
00000000
00000000
00000000
00000000
00000000
00000000
00000000
00010000
02030000
2b130840
90aa7b03
e0f3d545
f2f3ede6
f3f3fe66
f3f3fea7
f2f3fee7
f2f2fee7
f2f2ff07
f2f2ff48
f2f2ffef
f2f2fff7
f2f2ff8d
f2f2ee27
def2d545
93ac7b23
33120840
04000000
00000000
00000000
00000000
00000000
00000000
00000000
00000000
01010000
01000000
00000000
00000000
00000000
00000000
00000000
00000000
00000000
00000000
00000000
00000000
00000000
00000000
00000000
00000000
00000000
00000000
00000000
00000000
00000000
00000000
00000000
00000000
00000000
00000000
00000000
00000000
00000000
00000000
00000000
00000000
00000000
00000000
00000000
00000000
00000000
00000000
00000000
00000000
00000000
00000000
00000000
00000000
00000000
00000000
00000000
00000000
00000000
00000000
00000000
00000000
00000000
00000000
00000000
00000000
00000000
00000000
00000000
00000000
00000000
00000000
00000000
00000000
00000000
00000000
00000000
00000000
00000000
00000000
00000000
00000000
00000000
00000000
00000000
00000000
00000000
00000000
00000000
00000000
00000000
00000000
00000000
00000000
00000000
00000000
00000000
00000000
00000000
00000000
00000000
00000000
00000000
00000000
00000000
00000000
00000000
00000000
00000000
00000000
00000000
00000000
00000000
00000000
00000000
00000000
00000000
00000000
00000000
00000000
00000000
00000000
00000000
00000000
00000000
00000000
00000000
00000000
00010000
03060000
070c0821
1c4d4a0a
7effff7f
d9ffffdf
c9ebe6bd
78383166
82818431
d5d4defb
e3b8c618
ac3431a6
4e1a18a3
180f1062
0d080000
06020000
01000000
00000000
00000000
00000000
00000000
00000000
00000000
00000000
00000000
00000000
00000000
00000000
00000000
00000000
00000000
00000000
00000000
00000000
00000000
00000000
00000000
00000000
00000000
00000000
00000000
00000000
00000000
01020000
02030000
06050000
4b64320f
bbec6c7f
e4e153be
d3cd329a
c3bd21f6
bab919b5
b9b919b5
b8b81994
b8b81994
b8b81994
b8b81994
b8b81994
b8b81994
b8b81994
b8b81994
b8b81994
b8b81994
b8b81994
b8b81994
b8b81994
b8b81993
b8b81993
b8b81993
b8b81993
b8b81993
b8b81973
b8b81973
b8b81973
b8b81973
b8b81973
b8b81973
b8b81973
b8b81973
b8b81973
b8b81972
b8b81172
b8b81172
b8b81172
babe19b4
c1cc2a57
cfdc431b
dfec5bff
e0c55b9b
a02b10c6
39030000
08020000
03010000
02010000
01000000
00000000
00000000
00000000
00000000
00000000
00000000
00000000
00000000
00000000
00000000
00000000
00000000
00000000
00000000
00000000
00000000
00010000
02050000
09090000
38191082
97a57304
dff3d545
f3f5ede6
f4f4fe66
f3f3fea7
f3f3fee7
f2f2fee7
f2f2ff07
f2f2ff48
f2f2ffce
f2f2fff7
f2f2ff8d
f2f2f647
e1f2d565
9ab68343
38171040
06000000
00000000
00000000
00000000
00000000
00000000
00000000
00000000
00000000
00000000
00000000
00000000
00000000
00000000
00000000
00000000
00000000
00000000
00000000
00000000
00000000
00000000
00000000
00000000
00000000
00000000
00000000
00000000
00000000
00000000
00000000
00000000
00000000
00000000
00000000
00000000
00000000
00000000
00000000
00000000
00000000
00000000
00000000
00000000
00000000
00000000
00000000
00000000
00000000
00000000
00000000
00000000
00000000
00000000
00000000
00000000
00000000
00000000
00000000
00000000
00000000
00000000
00000000
00000000
00000000
00000000
00000000
00000000
00000000
00000000
00000000
00000000
00000000
00000000
00000000
00000000
00000000
00000000
00000000
00000000
00000000
00000000
00000000
00000000
00000000
00000000
00000000
00000000
00000000
00000000
00000000
00000000
00000000
00000000
00000000
00000000
00000000
00000000
00000000
00000000
00000000
00000000
00000000
00000000
00000000
00000000
00000000
00000000
00000000
00000000
00000000
00000000
00000000
00000000
00000000
00000000
00000000
00000000
00000000
00000000
00000000
00000000
00000000
00000000
00000000
00010000
03040000
08080000
22272105
99f2eede
fcffff9f
eabfb557
812318e4
40252104
6c372965
7a262104
4b1a18a3
1f111082
110a0020
0a060000
05020000
01000000
00000000
00000000
00000000
00000000
00000000
00000000
00000000
00000000
00000000
00000000
00000000
00000000
00000000
00000000
00000000
00000000
00000000
00000000
00000000
00000000
00000000
00000000
00000000
00000000
00000000
00000000
01020000
03040000
05080000
272918e6
92d06c1c
e2ea643f
dcd6431c
c9c42a37
bdba19b5
b9b919b5
b8b81995
b8b81995
b8b81994
b8b81994
b8b81994
b8b81994
b8b81994
b8b81994
b8b81994
b8b81994
b8b81994
b8b81994
b8b81994
b8b81994
b8b81994
b8b81994
b8b81993
b8b81993
b8b81993
b8b81993
b8b81993
b8b81973
b8b81973
b8b81973
b8b81973
b8b81973
b8b81973
b8b81973
b8b81973
b8b81973
b9bc1993
bec72a16
cad842da
dae85bbe
e3de63fe
b74e216b
50020000
0c000000
02000000
01000000
01000000
00000000
00000000
00000000
00000000
00000000
00000000
00000000
00000000
00000000
00000000
00000000
00000000
00000000
00000000
00000000
00000000
00000000
00010000
03060000
080c0841
11161082
41302944
ace7bd4e
f3fcd586
f7f9f627
f5f4fe66
f3f3fea7
f3f3fec7
f2f2fee7
f2f2ff07
f2f2ff48
f2f2ffcd
f2f2fff7
f2f2ffae
f2f2f647
e3f2d565
a0c08b83
3d1d1060
07000000
00000000
00000000
00000000
00000000
00000000
00000000
00000000
00000000
00000000
00000000
00000000
00000000
00000000
00000000
00000000
00000000
00000000
00000000
00000000
00000000
00000000
00000000
00000000
00000000
00000000
00000000
00000000
00000000
00000000
00000000
00000000
00000000
00000000
00000000
00000000
00000000
00000000
00000000
00000000
00000000
00000000
00000000
00000000
00000000
00000000
00000000
00000000
00000000
00000000
00000000
00000000
00000000
00000000
00000000
00000000
00000000
00000000
00000000
00000000
00000000
00000000
00000000
00000000
00000000
00000000
00000000
00000000
00000000
00000000
00000000
00000000
00000000
00000000
00000000
00000000
00000000
00000000
00000000
00000000
00000000
00000000
00000000
00000000
00000000
00000000
00000000
00000000
00000000
00000000
00000000
00000000
00000000
00000000
00000000
00000000
00000000
00000000
00000000
00000000
00000000
00000000
00000000
00000000
00000000
00000000
00000000
00000000
00000000
00000000
00000000
00020000
01030000
02040000
02050000
03070000
050c0841
04060000
03050000
02030000
01020000
01010000
00000000
00000000
00000000
02030000
05060000
100b0821
5a4641e9
a76662cc
952f2926
4a151082
1d151082
241f18c3
24141082
190f1062
110a0020
0b070000
07040000
03010000
01000000
00000000
00000000
00000000
00000000
00000000
00000000
00000000
00000000
00000000
00000000
00000000
00000000
00000000
00000000
00000000
00000000
00000000
00000000
00000000
00000000
00000000
00000000
00000000
00000000
00000000
00000000
02030000
04060000
080c0861
1e3a39c7
84ddce9c
e4fbdf3f
e7e26c5e
d2cc3a99
c1bc21f6
bab919b5
b9b819b5
b8b81995
b8b81995
b8b81995
b8b81995
b8b81994
b8b81994
b8b81994
b8b81994
b8b81994
b8b81994
b8b81994
b8b81994
b8b81994
b8b81994
b8b81994
b8b81994
b8b81994
b8b81994
b8b81993
b8b81993
b8b81993
b8b81993
b8b81993
b8b81973
b8b81973
b8b81973
b8b81973
b8b81973
b8ba1993
bcc321f6
c6d33ab9
d5e4537e
e4ea641f
cb7a3a51
6b060021
15000000
01000000
00000000
00000000
00000000
00000000
00000000
00000000
00000000
00000000
00000000
00000000
00000000
00000000
00000000
00000000
00000000
00000000
00000000
00000000
00000000
00000000
01010000
04090000
0b111082
152018e3
3c8c94b2
a8ffffde
f8ffd611
fdffd587
f8f6ede6
f4f3fe46
f3f3fea7
f2f2fec7
f2f2fee7
f2f2ff07
f2f2ff28
f2f2ffcd
f2f2fff6
f2f2ffaf
f2f2f667
e5f2dd65
a6c893c4
42231081
09000000
00000000
00000000
00000000
00000000
00000000
00000000
00000000
00000000
00000000
00000000
00000000
00000000
00000000
00000000
00000000
00000000
00000000
00000000
00000000
00000000
00000000
00000000
00000000
00000000
00000000
00000000
00000000
00000000
00000000
00000000
00000000
00000000
00000000
00000000
00000000
00000000
00000000
00000000
00000000
00000000
00000000
00000000
00000000
00000000
00000000
00000000
00000000
00000000
00000000
00000000
00000000
00000000
00000000
00000000
00000000
00000000
00000000
00000000
00000000
00000000
00000000
00000000
00000000
00000000
00000000
00000000
00000000
00000000
00000000
00000000
00000000
00000000
00000000
00000000
00000000
00000000
00000000
00000000
00000000
00000000
00000000
00000000
00000000
00000000
00000000
00000000
00000000
00000000
00000000
00000000
00000000
00000000
00000000
00000000
00000000
00000000
00000000
00000000
00000000
00000000
00000000
00000000
00000000
00000000
00000000
00000000
00000000
00000000
00000000
01030000
03040000
04070000
070a0821
090e0862
0e1610a2
0d0c0861
08090000
06060000
04030000
02020000
01000000
00000000
00000000
01020000
03030000
07060000
180b0821
32121062
2d0d0841
170c0841
110c0841
15121062
140a0020
0d080000
0a060000
07040000
04030000
02010000
01000000
00000000
00000000
00000000
00000000
00000000
00000000
00000000
00000000
00000000
00000000
00000000
00000000
00000000
00000000
00000000
00000000
00000000
00000000
00000000
00000000
00000000
00000000
00000000
00000000
00000000
00010000
02050000
060a0821
0c1410a2
3fa2a534
aeffffff
f5ffffff
f5f9df3f
dfd4431c
c8c22a37
bcba19d5
b9b819b5
b8b819b5
b8b819b5
b8b81995
b8b81995
b8b81995
b8b81995
b8b81995
b8b81994
b8b81994
b8b81994
b8b81994
b8b81994
b8b81994
b8b81994
b8b81994
b8b81994
b8b81994
b8b81994
b8b81994
b8b81994
b8b81994
b8b81993
b8b81993
b8b81993
b8b81993
b8b81993
b8b81973
b8b91993
bbc021d5
c3cf3278
d1df4b5d
e1ed641f
d9a84b18
88150863
25000000
02000000
00000000
00000000
00000000
00000000
00000000
00000000
00000000
00000000
00000000
00000000
00000000
00000000
00000000
00000000
00000000
00000000
00000000
00000000
00000000
00000000
00000000
01020000
060d0841
101810a2
1d2b2124
61aeb5b6
ceffffff
ffffffdf
ffffd632
fbf7cd46
f5f4e5c6
f3f3fe46
f3f3fea6
f2f2fec7
f2f2fee7
f2f2ff07
f2f2ff27
f2f2ffcc
f2f2fff6
f2f2ffd0
f2f2f688
e8f2dd85
abd09be4
482b18a1
0b000000
00000000
00000000
00000000
00000000
00000000
00000000
00000000
00000000
00000000
00000000
00000000
00000000
00000000
00000000
00000000
00000000
00000000
00000000
00000000
00000000
00000000
00000000
00000000
00000000
00000000
00000000
00000000
00000000
00000000
00000000
00000000
00000000
00000000
00000000
00000000
00000000
00000000
00000000
00000000
00000000
00000000
00000000
00000000
00000000
00000000
00000000
00000000
00000000
00000000
00000000
00000000
00000000
00000000
00000000
00000000
00000000
00000000
00000000
00000000
00000000
00000000
00000000
00000000
00000000
00000000
00000000
00000000
00000000
00000000
00000000
00000000
00000000
00000000
00000000
00000000
00000000
00000000
00000000
00000000
00000000
00000000
00000000
00000000
00000000
00000000
00000000
00000000
00000000
00000000
00000000
00000000
00000000
00000000
00000000
00000000
00000000
00000000
00000000
00000000
00000000
00000000
00000000
00000000
00000000
00000000
00000000
00000000
00000000
02040000
04070000
080c0861
0c131082
121b18c3
1a282124
181810a3
0f101082
0a0a0020
06060000
03020000
01000000
00000000
00000000
01010000
02020000
04030000
06050000
0a080020
0b050000
09050000
08040000
0a070020
0a030000
06020000
05020000
03010000
02010000
01000000
00000000
00000000
00000000
00000000
00000000
00000000
00000000
00000000
00000000
00000000
00000000
00000000
00000000
00000000
00000000
00000000
00000000
00000000
00000000
00000000
00000000
00000000
00000000
00000000
00000000
00000000
00010000
03050000
080a0821
0f1410a2
60b3bdd7
d5ffffff
ffffffff
fcf8d6ff
e8dc537e
cec83279
bfbb21d6
b9b819b5
b8b819b5
b8b819b5
b8b819b5
b8b819b5
b8b819b5
b8b81995
b8b81995
b8b81995
b8b81995
b8b81995
b8b81994
b8b81994
b8b81994
b8b81994
b8b81994
b8b81994
b8b81994
b8b81994
b8b81994
b8b81994
b8b81994
b8b81994
b8b81994
b8b81994
b8b81993
b8b81993
b8b81993
b9bd19b5
c0ca2a58
cddb431c
ddeb5bff
e1cc5bbc
a43018e7
3b000000
05000000
00000000
00000000
00000000
00000000
00000000
00000000
00000000
00000000
00000000
00000000
00000000
00000000
00000000
00000000
00000000
00000000
00000000
00000000
00000000
00000000
00000000
00000000
01010000
06070000
0e0d0841
1a1910a3
4d434228
baf8ffff
fdffffff
f1c6ce79
d0845a64
d7eec4e5
f2f3e5c6
f3f2f646
f2f2fe86
f2f2fec7
f2f2fee7
f2f2ff07
f2f2ff27
f2f2ffcc
f2f2fff6
f2f2ffd0
f2f2f688
eaf2dd85
b1d6a424
4d3420c1
0d000000
00000000
00000000
00000000
00000000
00000000
00000000
00000000
00000000
00000000
00000000
00000000
00000000
00000000
00000000
00000000
00000000
00000000
00000000
00000000
00000000
00000000
00000000
00000000
00000000
00000000
00000000
00000000
00000000
00000000
00000000
00000000
00000000
00000000
00000000
00000000
00000000
00000000
00000000
00000000
00000000
00000000
00000000
00000000
00000000
00000000
00000000
00000000
00000000
00000000
00000000
00000000
00000000
00000000
00000000
00000000
00000000
00000000
00000000
00000000
00000000
00000000
00000000
00000000
00000000
00000000
00000000
00000000
00000000
00000000
00000000
00000000
00000000
00000000
00000000
00000000
00000000
00000000
00000000
00000000
00000000
00000000
00000000
00000000
00000000
00000000
00000000
00000000
00000000
00000000
00000000
00000000
00000000
00000000
00000000
00000000
00000000
00000000
00000000
00000000
00000000
00000000
00000000
00000000
00000000
00000000
00000000
00000000
02050000
070b0821
0c141082
16222104
2f6a6b6d
57adb5b6
4a3c39e7
201b18c3
110f1082
0a080000
05030000
01000000
00000000
00000000
00000000
01000000
01010000
02010000
04020000
04010000
03010000
03000000
03000000
03000000
01000000
01000000
01000000
01000000
00000000
00000000
00000000
00000000
00000000
00000000
00000000
00000000
00000000
00000000
00000000
00000000
00000000
00000000
00000000
00000000
00000000
00000000
00000000
00000000
00010000
00010000
01020000
01010000
00010000
00000000
00000000
00000000
02030000
06060000
0c0c0861
3e242124
a5bebdf7
e2cac63a
ecef955f
e9e35bdf
d5ce3abb
c4be21f7
bab819b6
b8b819b5
b8b819b5
b8b819b5
b8b819b5
b8b819b5
b8b819b5
b8b819b5
b8b819b5
b8b81995
b8b81995
b8b81995
b8b81995
b8b81995
b8b81994
b8b81994
b8b81994
b8b81994
b8b81994
b8b81994
b8b81994
b8b81994
b8b81994
b8b81994
b8b81994
b8b81994
b8b81994
b9bb19b4
bec62a17
c9d73adb
d9e753bf
e4e3641e
bc5829ad
55020000
0d000000
00000000
00000000
00000000
00000000
00000000
00000000
00000000
00000000
00000000
00000000
00000000
00000000
00000000
00000000
00000000
00000000
00000000
00000000
00000000
00000000
00000000
00000000
00000000
00010000
03050000
090a0020
10111082
221c18c3
612c2945
9c4c4a69
8f2d3166
641a18a3
7d6a49e3
cdeabcc5
f0f2e5a6
f2f2f626
f2f2fe86
f2f2fec7
f2f2fee7
f2f2ff07
f2f2ff27
f2f2ffab
f2f2fff5
f2f2ffd1
f2f2f6a8
ebf2dda6
b6dcac44
533d2901
0f000000
00000000
00000000
00000000
00000000
00000000
00000000
00000000
00000000
00000000
00000000
00000000
00000000
00000000
00000000
00000000
00000000
00000000
00000000
00000000
00000000
00000000
00000000
00000000
00000000
00000000
00000000
00000000
00000000
00000000
00000000
00000000
00000000
00000000
00000000
00000000
00000000
00000000
00000000
00000000
00000000
00000000
00000000
00000000
00000000
00000000
00000000
00000000
00000000
00000000
00000000
00000000
00000000
00000000
00000000
00000000
00000000
00000000
00000000
00000000
00000000
00000000
00000000
00000000
00000000
00000000
00000000
00000000
00000000
00000000
00000000
00000000
00000000
00000000
00000000
00000000
00000000
00000000
00000000
00000000
00000000
00000000
00000000
00000000
00000000
00000000
00000000
00000000
00000000
00000000
00000000
00000000
00000000
00000000
00000000
00000000
00000000
00000000
00000000
00000000
00000000
00000000
00000000
00000000
00000000
00000000
00000000
03070000
090e1062
121c18c3
378b8c71
86ffffff
c5ffffff
b6efef9d
5f3439e7
1d1510a2
0d0a0841
06040000
02000000
00000000
00000000
00000000
00000000
00000000
00000000
01000000
01000000
00000000
00000000
00000000
00000000
00000000
00000000
00000000
00000000
00000000
00000000
00000000
00000000
00000000
00000000
00000000
00000000
00000000
00000000
00000000
00000000
00000000
00000000
00000000
00000000
00000000
00000000
00000000
00010000
01020000
01020000
02040000
02020000
01020000
01010000
00000000
00000000
02020000
04040000
08080000
110d0841
411410a2
722d2126
acc863fc
e1ea643f
dcd6431d
c9c32a38
bdb919b6
b8b819b6
b8b819b6
b8b819b5
b8b819b5
b8b819b5
b8b819b5
b8b819b5
b8b819b5
b8b819b5
b8b819b5
b8b819b5
b8b81995
b8b81995
b8b81995
b8b81995
b8b81995
b8b81994
b8b81994
b8b81994
b8b81994
b8b81994
b8b81994
b8b81994
b8b81994
b8b81994
b8b91994
bcc321f6
c5d23aba
d4e3539e
e3ec643f
cf874294
73090021
19000000
00000000
00000000
00000000
00000000
00000000
00000000
00000000
00000000
00000000
00000000
00000000
00000000
00000000
00000000
00000000
00000000
00000000
00000000
00000000
00000000
00000000
00000000
00000000
00000000
00010000
03040000
06060000
0b0b0020
12101082
1b151082
2c2320e4
2c131082
1a0e1062
270a0000
6e593962
c7e7bca4
eff2e5a5
f2f2f626
f2f2fe86
f2f2fec7
f2f2fee7
f2f2ff07
f2f2ff07
f2f2ffab
f2f2fff5
f2f2ffd2
f2f2fec8
edf2e5a6
bbe1b464
5a482921
12000000
00000000
00000000
00000000
00000000
00000000
00000000
00000000
00000000
00000000
00000000
00000000
00000000
00000000
00000000
00000000
00000000
00000000
00000000
00000000
00000000
00000000
00000000
00000000
00000000
00000000
00000000
00000000
00000000
00000000
00000000
00000000
00000000
00000000
00000000
00000000
00000000
00000000
00000000
00000000
00000000
00000000
00000000
00000000
00000000
00000000
00000000
00000000
00000000
00000000
00000000
00000000
00000000
00000000
00000000
00000000
00000000
00000000
00000000
00000000
00000000
00000000
00000000
00000000
00000000
00000000
00000000
00000000
00000000
00000000
00000000
00000000
00000000
00000000
00000000
00000000
00000000
00000000
00000000
00000000
00000000
00000000
00000000
00000000
00000000
00000000
00000000
00000000
00000000
00000000
00000000
00000000
00000000
00000000
00000000
00000000
00000000
00000000
00000000
00000000
00000000
00000000
00000000
00000000
00000000
00000000
050d0841
0e1710a3
1b2b2945
5da29cf3
cbffffff
ffffffff
fbffffff
99424208
2b2118e3
14121082
0a080821
03000000
00000000
00000000
00000000
00000000
00000000
00000000
00000000
00000000
00000000
00000000
00000000
00000000
00010000
00010000
01010000
01010000
00000000
00000000
00000000
00000000
00000000
00000000
00000000
00000000
00000000
00000000
00000000
00000000
00000000
00000000
00000000
00000000
00000000
00000000
00010000
01020000
02030000
03050000
05080000
05050000
03030000
02020000
01010000
01000000
01020000
03030000
05040000
08060000
0c0a0821
160d0841
607d4293
c7ed6c7f
e3de4b9f
d0ca327a
c0bb21d7
b9b819b6
b8b819b6
b8b819b6
b8b819b6
b8b819b6
b8b819b5
b8b819b5
b8b819b5
b8b819b5
b8b819b5
b8b819b5
b8b819b5
b8b819b5
b8b819b5
b8b81995
b8b81995
b8b81995
b8b81995
b8b81995
b8b81994
b8b81994
b8b81994
b8b81994
b8b81994
b8b81994
babf21d6
c2ce3279
d0de4b5e
e0ed641f
dbb25359
901b0884
2b000000
02000000
00000000
00000000
00000000
00000000
00000000
00000000
00000000
00000000
00000000
00000000
00000000
00000000
00000000
00000000
00000000
00000000
00000000
00000000
00000000
00000000
00000000
00000000
00000000
00000000
00000000
02020000
04040000
07060000
0a080000
0e0b0821
16141082
150a0020
18361883
264820c5
2c040000
644c3121
c2e2b484
eef2dda5
f2f2f626
f2f2fe86
f2f2fec7
f2f2fee7
f2f2ff07
f2f2ff07
f2f2ffaa
f2f2fff4
f2f2fff3
f2f2fec9
eef2e5a6
c0e5b484
60523141
15010000
00000000
00000000
00000000
00000000
00000000
00000000
00000000
00000000
00000000
00000000
00000000
00000000
00000000
00000000
00000000
00000000
00000000
00000000
00000000
00000000
00000000
00000000
00000000
00000000
00000000
00000000
00000000
00000000
00000000
00000000
00000000
00000000
00000000
00000000
00000000
00000000
00000000
00000000
00000000
00000000
00000000
00000000
00000000
00000000
00000000
00000000
00000000
00000000
00000000
00000000
00000000
00000000
00000000
00000000
00000000
00000000
00000000
00000000
00000000
00000000
00000000
00000000
00000000
00000000
00000000
00000000
00000000
00000000
00000000
00000000
00000000
00000000
00000000
00000000
00000000
00000000
00000000
00000000
00000000
00000000
00000000
00000000
00000000
00000000
00000000
00000000
00000000
00000000
00000000
00000000
00000000
00000000
00000000
00000000
00000000
00000000
00000000
00000000
00000000
00000000
00000000
00000000
00000000
00000000
05060000
0e0c0861
1a1918a3
50595aeb
b9e9ef7d
faffffff
f0c2ce59
8a242104
26121082
14090020
0a040000
03000000
00000000
00000000
00000000
00000000
00000000
00000000
00000000
00000000
00000000
00000000
00000000
00010000
092418c3
2c8b630c
4ca16b6d
36342124
0e010000
00000000
00000000
00000000
00000000
00000000
00000000
00000000
00000000
00000000
00000000
00000000
00000000
00000000
00000000
00000000
00000000
00000000
01010000
02030000
03060000
185241e8
45b49453
41453987
14050000
03030000
02010000
01000000
01010000
02020000
03020000
04030000
06050000
09060000
30311908
9dda643e
e3e55bff
d8d23afd
c5c02218
bbb819b6
b8b819b6
b8b819b6
b8b819b6
b8b819b6
b8b819b6
b8b819b6
b8b819b6
b8b819b5
b8b819b5
b8b819b5
b8b819b5
b8b819b5
b8b819b5
b8b819b5
b8b819b5
b8b819b5
b8b81995
b8b81995
b8b81995
b8b81995
b8b81995
b8b81994
b8b81994
b9bc19d5
bfc92a59
ccda431d
dcea5bff
e2d35bfd
ab3a1929
42000000
07000000
00000000
00000000
00000000
00000000
00000000
00000000
00000000
00000000
00000000
00000000
00000000
00000000
00000000
00000000
00000000
00000000
00000000
00000000
00000000
00000000
00000000
00000000
00000000
00000000
00000000
00000000
01010000
02020000
04030000
05040000
07050000
0b090021
0c090000
48d7624f
8fe56270
5e4520c5
25010000
5c402901
bcdeac44
edf2dd85
f2f2f626
f2f2fe86
f2f2fec7
f2f2fee7
f2f2ff07
f2f2ff07
f2f2ff8a
f2f2fff4
f2f2fff3
f2f2fee9
eff2e5c6
c5e9bca5
665e3981
18010000
00000000
00000000
00000000
00000000
00000000
00000000
00000000
00000000
00000000
00000000
00000000
00000000
00000000
00000000
00000000
00000000
0e382104
30884a8a
44864a6a
27150861
05000000
00000000
00000000
00000000
00000000
00000000
00000000
00000000
00000000
00000000
00000000
00000000
00000000
00000000
00000000
00000000
00000000
00000000
00000000
00000000
00000000
00000000
00000000
00000000
00000000
00000000
00000000
00000000
00000000
00000000
00000000
00000000
00000000
00000000
00000000
00000000
00000000
00000000
00000000
00000000
00000000
00000000
00000000
00000000
00000000
00000000
00000000
00000000
00000000
00000000
00000000
00000000
00000000
00000000
00000000
00000000
00000000
00000000
00000000
00000000
00000000
00000000
00000000
00000000
00000000
00000000
00000000
00000000
00000000
00000000
00000000
00000000
00000000
00000000
00000000
00000000
00000000
00000000
00000000
00000000
00000000
00000000
00000000
03050000
08090020
10111082
281d18c3
653631a6
9f5e632c
91242104
481710a2
170d0861
0c070000
06030000
02000000
00000000
00000000
00000000
00000000
00000000
00000000
00000000
00000000
00000000
00000000
00000000
00010000
2d8f630c
8ae99cf3
c0eaa514
a2c88c51
430e0841
04000000
00000000
00000000
00000000
00000000
00000000
00000000
00000000
00000000
00000000
00000000
00000000
00000000
00000000
00000000
00000000
00010000
01020000
03040000
0c2218a3
5cf8cdfa
bffede5c
bbf6cdda
571c1082
0a050000
03040000
02030000
02040000
02020000
02020000
02020000
03010000
03010000
10080021
6c9e4b38
d2ec645f
dfda4b5e
ccc62a5a
beba19d7
b8b819b6
b8b819b6
b8b819b6
b8b819b6
b8b819b6
b8b819b6
b8b819b6
b8b819b6
b8b819b6
b8b819b5
b8b819b5
b8b819b5
b8b819b5
b8b819b5
b8b819b5
b8b819b5
b8b819b5
b8b819b5
b8b819b5
b8b81995
b8b81995
b8b81995
b9bb19b5
bdc52a38
c8d53afc
d8e653bf
e4e6643f
c26431ef
5d030001
0f000000
00000000
00000000
00000000
00000000
00000000
00000000
00000000
00000000
00000000
00000000
00000000
00000000
00000000
00000000
00000000
00000000
00000000
00000000
00000000
00010000
00010000
00010000
00000000
00000000
00000000
00000000
00000000
00000000
01000000
01000000
02000000
02000000
03000000
05000000
609f49ab
ccd6624f
88211062
1a000000
10000000
553620e1
b7d8a424
ebf2dd85
f2f2f626
f2f2fe66
f2f2fec7
f2f2fee7
f2f2ff07
f2f2ff07
f2f2ff8a
f2f2fff3
f2f2fff4
f2f2ff0a
f0f2e5c6
c9ebc4c5
6d6a41c2
1b020000
01000000
00000000
00000000
00000000
00000000
00000000
00000000
00000000
00000000
00000000
00000000
00000000
00000000
00000000
01060020
40c4738e
9ae58431
b6e58431
838c528a
28000000
00000000
00000000
00000000
00000000
00000000
00000000
00000000
00000000
00000000
00000000
00000000
00000000
00000000
00000000
00000000
00000000
00000000
00000000
00000000
00000000
00000000
00000000
00000000
00000000
00000000
00000000
00000000
00000000
00000000
00000000
00000000
00000000
00000000
00000000
00000000
00000000
00000000
00000000
00000000
00000000
00000000
00000000
00000000
00000000
00000000
00000000
00000000
00000000
00000000
00000000
00000000
00000000
00000000
00000000
00000000
00000000
00000000
00000000
00000000
00000000
00000000
00000000
00000000
00000000
00000000
00000000
00000000
00000000
00000000
00000000
00000000
00000000
00000000
00000000
00000000
00000000
00000000
00000000
00000000
00000000
00000000
00000000
02030000
06060000
0b0a0021
12101082
1e1610a2
322018e4
2d1310a2
170d0862
0e080000
08050000
04020000
01000000
00000000
00000000
00000000
00000000
00000000
00000000
00000000
00000000
00000000
00000000
00010000
01040000
58cd8c71
cceaa514
eaeba514
e0e29cd3
751b1082
0b010000
00000000
00000000
00000000
00000000
00000000
00000000
00000000
00000000
00000000
00000000
00000000
00000000
00000000
00000000
00000000
00010000
01020000
03040000
142720e4
8ef6cdda
fafede3c
faf6cdda
87130862
0f060000
05050000
04050000
04060000
04030000
02020000
02010000
01010000
01000000
02000000
3c4c218d
afe76c7f
e4e253bf
d4ce32bc
c3bd21f8
bab819b6
b8b819b6
b8b819b6
b8b819b6
b8b819b6
b8b819b6
b8b819b6
b8b819b6
b8b819b6
b8b819b6
b8b819b6
b8b819b6
b8b819b5
b8b819b5
b8b819b5
b8b819b5
b8b819b5
b8b819b5
b8b819b5
b8b819b5
b8b819b5
b8b919b5
bbc22217
c4d13abb
d3e2539f
e2ed645f
d39342d6
7a0d0842
1d000000
01000000
00000000
00000000
00000000
00000000
00000000
00000000
00000000
00000000
00000000
00000000
00000000
00000000
00000000
00000000
00000000
00000000
00000000
00000000
00010000
01020000
01030000
01020000
01010000
00000000
00000000
00000000
00000000
00000000
00000000
00000000
00000000
00000000
00000000
00000000
28000000
5d000000
3e000000
08000000
00000000
0e000000
4f2d18a1
b2d2a404
eaf2dd85
f2f2f606
f2f2fe66
f2f2fec7
f2f2fee7
f2f2ff07
f2f2ff07
f2f2ff89
f2f2fff2
f2f2fff5
f2f2ff2a
f0f2e5e6
cdeec4e5
747549e2
1f030000
01000000
00000000
00000000
00000000
00000000
00000000
00000000
00000000
00000000
00000000
00000000
00000000
00000000
0c2c18c3
77e58431
dde58431
e5e58431
cad27bcf
58040020
01000000
00000000
00000000
00000000
00000000
00000000
00000000
00000000
00000000
00000000
00000000
00000000
00000000
00000000
00000000
00000000
00000000
00000000
00000000
00000000
00000000
00000000
00000000
00000000
00000000
00000000
00000000
00000000
00000000
00000000
00000000
00000000
00000000
00000000
00000000
00000000
00000000
00000000
00000000
00000000
00000000
00000000
00000000
00000000
00000000
00000000
00000000
00000000
00000000
00000000
00000000
00000000
00000000
00000000
00000000
00000000
00000000
00000000
00000000
00000000
00000000
00000000
00000000
00000000
00000000
00000000
00000000
00000000
00000000
00000000
00000000
00000000
00000000
00000000
00000000
00000000
00000000
00000000
00000000
00000000
00000000
00000000
01020000
04040000
07060000
0a080000
0e0b0821
15121082
14090020
0c070000
08050000
05030000
03010000
01000000
00000000
00000000
00000000
00000000
00000000
00000000
00000000
00000000
00000000
00000000
00000000
01010000
47483186
b9e69cf3
e9e89cf3
d293632c
64010000
07000000
00000000
00000000
00000000
00000000
00000000
00000000
00000000
00000000
00000000
00000000
00000000
00000000
00000000
00000000
00000000
00000000
01010000
03030000
0d050000
59433187
b8aa8c12
b73f3166
54070000
0a060000
06070000
06090000
080b0021
07060000
04040000
03030000
02010000
01000000
00000000
18130863
81bd5bdb
dcea643f
dcd6433e
c9c32a3a
bcb919d7
b8b819b6
b8b819b6
b8b819b6
b8b819b6
b8b819b6
b8b819b6
b8b819b6
b8b819b6
b8b819b6
b8b819b6
b8b819b6
b8b819b6
b8b819b6
b8b819b6
b8b819b5
b8b819b5
b8b819b5
b8b819b5
b8b819b5
b8b819b5
babf21f7
c1cc329a
cfdd4b5e
dfec643f
debc5b9b
972210a5
30000000
03000000
00000000
00000000
00000000
00000000
00000000
00000000
00000000
00000000
00000000
00000000
00000000
00000000
00000000
00000000
00000000
00000000
00000000
00000000
00010000
01020000
06120841
216d398a
25221083
0a020000
01010000
00000000
00000000
00000000
00000000
00000000
00000000
00000000
00000000
00000000
00000000
00000000
00000000
00000000
00000000
00000000
00000000
0b000000
49251881
adca9bc4
e8f2dd65
f2f2ee06
f2f2fe66
f2f2fea7
f2f2fee7
f2f2ff07
f2f2ff07
f2f2ff69
f2f2fff2
f2f2fff5
f2f2ff2b
f1f2ede6
d1efcd05
7a815a22
22050000
01000000
00000000
00000000
00000000
00000000
00000000
00000000
00000000
00000000
00000000
00000000
00000000
0b000000
6b9b5acb
d3e58431
e5e58431
be5d31a7
4d000000
01000000
00000000
00000000
00000000
00000000
00000000
00000000
00000000
00000000
00000000
00000000
00000000
00000000
00000000
00000000
00000000
00000000
00000000
00000000
00000000
00000000
00000000
00000000
00000000
00000000
00000000
00000000
00000000
00000000
00000000
00000000
00000000
00000000
00000000
00000000
00000000
00000000
00000000
00000000
00000000
00000000
00000000
00000000
00000000
00000000
00000000
00000000
00000000
00000000
00000000
00000000
00000000
00000000
00000000
00000000
00000000
00000000
00000000
00000000
00000000
00000000
00000000
00000000
00000000
00000000
00000000
00000000
00000000
00000000
00000000
00000000
00000000
00000000
00000000
00000000
00000000
00000000
00000000
00000000
00000000
00000000
00000000
01010000
02020000
03020000
05030000
07040000
0a080821
0a040000
06030000
04020000
03010000
02010000
00000000
00000000
00000000
00000000
00000000
00000000
00000000
00000000
00000000
00000000
00000000
00000000
00000000
13010000
562918e3
851b1082
67060821
27010000
00000000
00000000
00000000
00000000
00000000
00000000
00000000
00000000
00000000
00000000
00000000
00000000
00000000
00000000
00000000
00000000
00000000
01010000
02020000
03030000
14050000
3e070000
3e060000
15060000
07080000
080c0021
153b2927
274e39a9
1b0c0001
07070000
04040000
03020000
01000000
00000000
05010000
506f3232
c0ed6c7f
e3df4b9f
d1cb329c
c1bb21f8
b9b819d7
b8b819d7
b8b819d7
b8b819b6
b8b819b6
b8b819b6
b8b819b6
b8b819b6
b8b819b6
b8b819b6
b8b819b6
b8b819b6
b8b819b6
b8b819b6
b8b819b6
b8b819b6
b8b819b6
b8b819b5
b8b819b5
b9bc21d6
bfc82a59
cbd9433e
dbe95bff
e3d9641e
b244214b
49010000
09000000
00000000
00000000
00000000
00000000
00000000
00000000
00000000
00000000
00000000
00000000
00000000
00000000
00000000
00000000
00000000
00000000
00000000
00000000
00000000
01020000
02040000
31ac6290
89f78bd8
90b96ad1
38040000
02020000
01000000
00000000
00000000
00000000
00000000
00000000
00000000
00000000
00000000
00000000
00000000
00000000
00000000
00000000
00000000
00000000
00000000
09000000
431e1060
a7c293a3
e6f2d565
f2f2ee06
f2f2fe66
f2f2fea6
f2f2fee7
f2f2ff07
f2f2ff07
f2f2ff69
f2f2fff1
f2f2fff6
f2f2ff4b
f1f2ee06
d5f0cd25
818d6262
27080820
02000000
00000000
00000000
00000000
00000000
00000000
00000000
00000000
00000000
00000000
00000000
00000000
2b120861
73392104
92462945
6e2f18c3
23000000
00000000
00000000
00000000
00000000
00000000
00000000
00000000
00000000
00000000
00000000
00000000
00000000
00000000
00000000
00000000
00000000
00000000
00000000
00000000
00000000
00000000
00000000
00000000
00000000
00000000
00000000
00000000
00000000
00000000
00000000
00000000
00000000
00000000
00000000
00000000
00000000
00000000
00000000
00000000
00000000
00000000
00000000
00000000
00000000
00000000
00000000
00000000
00000000
00000000
00000000
00000000
00000000
00000000
00000000
00000000
00000000
00000000
00000000
00000000
00000000
00000000
00000000
00000000
00000000
00000000
00000000
00000000
00000000
00000000
00000000
00000000
00000000
00000000
00000000
00000000
00000000
00000000
00000000
00000000
00000000
00000000
00000000
00000000
01000000
01000000
01000000
02000000
03000000
0e2b1880
2d8149c2
4ba66282
529f6aa3
426849e2
1e110840
04000000
00000000
00000000
00000000
00000000
00000000
00000000
00000000
00000000
00000000
00000000
00000000
00000000
0b010000
11010000
09000000
02000000
00000000
00000000
00000000
00000000
00000000
00000000
00000000
00000000
00000000
00000000
00000000
00000000
00000000
00000000
00000000
00000000
00000000
00000000
01010000
02020000
03020000
04040000
0f2a1063
204918a5
180a0000
267a5a8e
6efabd7d
a0fec5be
7fa77b93
310b0001
07050000
04030000
02010000
00000000
00000000
262710c7
96d5643e
e2e65c1f
d8d33afe
c6c12239
bbb819d7
b8b819d7
b8b819d7
b8b819d7
b8b819d7
b8b819d7
b8b819b6
b8b819b6
b8b819b6
b8b819b6
b8b819b6
b8b819b6
b8b819b6
b8b819b6
b8b819b6
b8b819b6
b8b819b6
b8b819b6
b8ba19d6
bcc42a39
c7d43afd
d6e553df
e4e96c5f
c7713231
65050021
12000000
00000000
00000000
00000000
00000000
00000000
00000000
00000000
00000000
00000000
00000000
00000000
00000000
00000000
00000000
00000000
00000000
00000000
00000000
00000000
00000000
01010000
02030000
508f522d
c9f38bb7
d1a25a6f
59030000
03010000
01000000
00000000
00000000
00000000
00000000
00000000
00000000
00000000
00000000
00000000
00000000
00000000
00000000
00000000
00000000
00000000
00000000
00000000
08000000
3e181060
a1b98363
e4f2d565
f2f2ee06
f2f2fe66
f2f2fea6
f2f2fee7
f2f2fee7
f2f2ff07
f2f2ff68
f2f2fff0
f2f2fff6
f2f2ff6c
f2f2ee06
d8f1cd25
88996aa3
2b0a0820
03000000
00000000
00000000
00000000
00000000
00000000
00000000
00000000
00000000
00000000
00000000
05000000
1a1d1082
5fe073af
8ee473af
5c5b3186
17000000
00000000
00000000
00000000
00000000
00000000
00000000
00000000
00000000
00000000
00000000
00000000
00000000
00000000
00000000
00000000
00000000
00000000
00000000
00000000
00000000
00000000
00000000
00000000
00000000
00000000
00000000
00000000
00000000
00000000
00000000
00000000
00000000
00000000
00000000
00000000
00000000
00000000
00000000
00000000
00000000
00000000
00000000
00000000
00000000
00000000
00000000
00000000
00000000
00000000
00000000
00000000
00000000
00000000
00000000
00000000
00000000
00000000
00000000
00000000
00000000
00000000
00000000
00000000
00000000
00000000
00000000
00000000
00000000
00000000
00000000
00000000
00000000
00000000
00000000
00000000
00000000
00000000
00000000
00000000
00000000
00000000
00000000
00000000
00000000
00000000
01050000
258e3961
6dfb72e3
a9ff8363
c9ff93a4
d1ff9be4
c1ffac44
98e9a424
524d3961
13000000
00000000
00000000
00000000
00000000
00000000
00000000
00000000
00000000
00000000
00000000
00000000
00000000
01000000
00000000
00000000
00000000
00000000
00000000
00000000
00000000
00000000
00000000
00000000
00000000
00000000
00000000
00000000
00000000
00000000
00000000
00000000
00000000
00000000
00000000
01010000
01010000
02020000
45e45a31
8fe65a51
5e3e18c5
5eb48bf4
caffd61f
fdffde5f
e1e2acfa
69110842
0b090000
06050000
03020000
01000000
00000000
0b050021
65944af7
cfed647f
e0db4b7f
cdc72a7b
bfba19f8
b9b819d7
b8b819d7
b8b819d7
b8b819d7
b8b819d7
b8b819d7
b8b819d7
b8b819d7
b8b819b6
b8b819b6
b8b819b6
b8b819b6
b8b819b6
b8b819b6
b8b819b6
b8b819b6
b8b919b6
bbc12218
c4d03abc
d2e0539f
e2ed645f
d69e4b18
82110843
21000000
01000000
00000000
00000000
00000000
00000000
00000000
00000000
00000000
00000000
00000000
00000000
00000000
00000000
00000000
00000000
00000000
00000000
00000000
00000000
00000000
00000000
00010000
01020000
26030000
6c2d18a4
730b0821
2c020000
02010000
01000000
00000000
00000000
00000000
00000000
00000000
00000000
00000000
00000000
00000000
00000000
00000000
00000000
00000000
00000000
00000000
00000000
00000000
00000000
06000000
39130840
9baf7b23
e1f2d545
f2f2ede6
f2f2fe66
f2f2fea6
f2f2fee7
f2f2fee7
f2f2ff07
f2f2ff48
f2f2ffef
f2f2fff6
f2f2ff6c
f2f2ee27
dbf2d545
8ea472e3
2f0e0820
04000000
00000000
00000000
00000000
00000000
00000000
00000000
00000000
00000000
00000000
00000000
1c522945
8de573af
e3e573af
ab8a4a49
39000000
00000000
00000000
00000000
00000000
00000000
00000000
00000000
00000000
00000000
00000000
00000000
00000000
00000000
00000000
00000000
00000000
00000000
00000000
00000000
00000000
00000000
00010000
00010000
01020000
01020000
01010000
00010000
00000000
00000000
00000000
00000000
00000000
00000000
00000000
00000000
00000000
00000000
00000000
00000000
00000000
00000000
00000000
00000000
00000000
00000000
00000000
00000000
00000000
00000000
00000000
00000000
00000000
00000000
00000000
00000000
00000000
00000000
00000000
00000000
00000000
00000000
00000000
00000000
00000000
00000000
00000000
00000000
00000000
00000000
00000000
00000000
00000000
00000000
00000000
00000000
00000000
00000000
00000000
00000000
00000000
00000000
00000000
00000000
00000000
00000000
26923961
89ff72e3
e2ff8343
feff8b83
ffff93c4
ffff9be4
ffff9c04
faffa424
cbf9ac64
62423121
10000000
00000000
00000000
00000000
00000000
00000000
00000000
00000000
00000000
00000000
00000000
00000000
00000000
00000000
00000000
00000000
00000000
00000000
00000000
00000000
00000000
00000000
00000000
00000000
00000000
00000000
00000000
00000000
00000000
00000000
00000000
00000000
00000000
00000000
00000000
00000000
01000000
5f96398b
c5b349cd
7e1f0842
678c6af0
cffec59d
ffffcdbe
e6b88bf5
6e0b0001
0b060000
06030000
03010000
01000000
00000000
01000000
3742216b
aae46c7f
e4e353ff
d5cf3add
c4be2219
bab819d7
b8b819d7
b8b819d7
b8b819d7
b8b819d7
b8b819d7
b8b819d7
b8b819d7
b8b819d7
b8b819d7
b8b819d7
b8b819b6
b8b819b6
b8b819b6
b8b819b6
b8b819b6
babe21f8
c1cb329b
cedc4b5f
deec643f
e0c55bdc
9e2910c7
36000000
04000000
00000000
00000000
00000000
00000000
00000000
00000000
00000000
00000000
00000000
00000000
00000000
00000000
00000000
00000000
00000000
00000000
00000000
00000000
00000000
00000000
00000000
00000000
01010000
02010000
0d020000
0f010000
04010000
01000000
00000000
00000000
00000000
00000000
00000000
00000000
00000000
00000000
00000000
00000000
00000000
00000000
00000000
00000000
00000000
00000000
00000000
00000000
00000000
00000000
05000000
340e0820
95a472e3
def2d545
f2f2ede6
f2f2fe66
f2f2fea6
f2f2fee7
f2f2fee7
f2f2ff07
f2f2ff48
f2f2ffcf
f2f2fff7
f2f2ff8d
f2f2f627
def2d545
95af7b23
34130840
05000000
00000000
00000000
00000000
00000000
00000000
00000000
00000000
00000000
00000000
16040020
74954a6a
c0a1528a
903018c3
2e000000
00000000
00000000
00000000
00000000
00000000
00000000
00000000
00000000
00000000
00000000
00000000
00000000
00000000
00000000
00000000
00000000
00000000
00000000
00000000
00000000
00000000
01020000
02050000
04090020
060a0821
05050000
02030000
01010000
00000000
00000000
00000000
00000000
00000000
00000000
00000000
00000000
00000000
00000000
00000000
00000000
00000000
00000000
00000000
00000000
00000000
00000000
00000000
00000000
00000000
00000000
00000000
00000000
00000000
00000000
00000000
00000000
00000000
00000000
00000000
00000000
00000000
00000000
00000000
00000000
00000000
00000000
00000000
00000000
00000000
00000000
00000000
00000000
00000000
00000000
00000000
00000000
00000000
00000000
00000000
00000000
00000000
00000000
00000000
00000000
0d341080
71fc6ac3
e3ff7b23
ffff8b63
ffff93a3
ffff93c4
ffff9be4
ffff9c04
ffff9c04
fdffa424
c4d593a4
47040000
01000000
00000000
00000000
00000000
00000000
00000000
00000000
00000000
00000000
00000000
00000000
00000000
00000000
00000000
00000000
00000000
00000000
00000000
00000000
00000000
00000000
00000000
00000000
00000000
00000000
00000000
00000000
00000000
00000000
00000000
00000000
00000000
00000000
00000000
00000000
00000000
26020000
54040000
37070000
2f0b0001
784b3988
ad6c524c
8c0e0821
36080000
07040000
04020000
02010000
00000000
00000000
00000000
140f0843
7bb553bb
daeb645f
ddd7435f
cac42a5b
bdb919d8
b8b819d7
b8b819d7
b8b819d7
b8b819d7
b8b819d7
b8b819d7
b8b819d7
b8b819d7
b8b819d7
b8b819d7
b8b819d7
b8b819d7
b8b819d7
b8b819b6
b9bb21f7
bec72a7a
cad7433e
dae85c1f
e4df645e
b84f298d
50010000
0b000000
00000000
00000000
00000000
00000000
00000000
00000000
00000000
00000000
00000000
00000000
00000000
00000000
00000000
00000000
00000000
00000000
00000000
00000000
00000000
00000000
00000000
00000000
00000000
00000000
01000000
01010000
01000000
01000000
00000000
00000000
00000000
00000000
00000000
00000000
00000000
00000000
00000000
00000000
00000000
00000000
00000000
00000000
00000000
00000000
00000000
00000000
00000000
00000000
00000000
00000000
04000000
2f0b0820
8e996aa3
dbf1cd25
f2f2ede6
f2f2fe46
f2f2fea6
f2f2fec7
f2f2fee7
f2f2ff07
f2f2ff48
f2f2ffce
f2f2fff7
f2f2ff8e
f2f2f647
e1f2d565
9bb88363
39181060
06000000
00000000
00000000
00000000
00000000
00000000
00000000
00000000
00000000
01000000
26000000
4e000000
34000000
0c000000
00000000
00000000
00000000
00000000
00000000
00000000
00000000
00000000
00000000
00000000
00000000
00000000
00000000
00000000
00000000
00000000
00000000
00000000
00000000
00000000
00010000
02050000
060d0841
10262945
1b3431a6
140e0841
07050000
02010000
00000000
00000000
00000000
00000000
00000000
00000000
00000000
00000000
00000000
00000000
00000000
00000000
00000000
00000000
00000000
00000000
00000000
00000000
00000000
00000000
00000000
00000000
00000000
00000000
00000000
00000000
00000000
00000000
00000000
00000000
00000000
00000000
00000000
00000000
00000000
00000000
00000000
00000000
00000000
00000000
00000000
00000000
00000000
00000000
00000000
00000000
00000000
00000000
00000000
00000000
00000000
00000000
00000000
00000000
00000000
00000000
31904182
b0ff8323
feff8b63
ffff8b83
ffff93a4
ffff93c4
ffff9be4
ffff9be4
ffff9be4
ffff9be4
f5ffa404
843928e1
0f000000
00000000
00000000
00000000
00000000
00000000
00000000
00000000
00000000
00000000
00000000
00000000
00000000
00000000
00000000
00000000
00000000
00000000
00000000
00000000
00000000
00000000
00000000
00000000
00000000
00000000
00000000
00000000
00000000
00000000
00000000
00000000
00000000
00000000
00000000
00000000
01010000
02020000
04040000
07060000
19090000
330c0021
23070000
08040000
05030000
03020000
01000000
00000000
00000000
00000000
04010000
4a643211
bcec6c9f
e3e053bf
d2cc32bd
c1bc2219
b9b819d8
b8b819d8
b8b819d8
b8b819d7
b8b819d7
b8b819d7
b8b819d7
b8b819d7
b8b819d7
b8b819d7
b8b819d7
b8b819d7
b8b819d7
b8ba19d7
bcc32a3a
c6d33afd
d5e453df
e3eb6c7f
cc7d3a74
6c070021
16000000
00000000
00000000
00000000
00000000
00000000
00000000
00000000
00000000
00000000
00000000
00000000
00000000
00000000
00000000
00000000
00000000
00000000
00000000
00000000
00000000
00000000
00000000
00000000
00000000
00000000
00000000
00000000
00000000
00000000
00000000
00000000
00000000
00000000
00000000
00000000
00000000
00000000
00000000
00000000
00000000
00000000
00000000
00000000
00000000
00000000
00000000
00000000
00000000
00000000
00000000
00000000
00000000
03000000
2b080820
888e6262
d8f0cd25
f2f2edc6
f2f2fe46
f2f2fea6
f2f2fec7
f2f2fee7
f2f2ff07
f2f2ff28
f2f2ffcd
f2f2fff7
f2f2ffae
f2f2f647
e4f2d565
a1c293a3
3f241081
0a040000
02030000
01020000
01020000
01010000
00010000
00000000
00000000
00000000
00000000
00000000
00000000
00000000
00000000
00000000
00000000
00000000
00000000
00000000
00000000
00000000
00000000
00000000
00000000
00000000
00000000
00000000
00000000
00000000
00000000
00000000
00000000
00000000
00010000
04090821
0f1f2104
52f7f7de
91f2f79e
5b3939c7
150a0821
05020000
01000000
00000000
00000000
00000000
00000000
00000000
00000000
00000000
00000000
00000000
00000000
00000000
00000000
00000000
00000000
00000000
00000000
00000000
00000000
00000000
00000000
00000000
00000000
00000000
00000000
00000000
00000000
00000000
00000000
00000000
00000000
00000000
00000000
00000000
00000000
00000000
00000000
00000000
00000000
00000000
00000000
00000000
00000000
00000000
00000000
00000000
00000000
00000000
00000000
00000000
00000000
00000000
00000000
00000000
00000000
00000000
52ba5a42
d2ff8b83
ffff93a4
ffff93a4
ffff93c4
ffff93c4
ffff93c4
ffff9bc4
ffff9bc4
ffff93c4
ffff93a4
a6623981
27000000
00000000
00000000
00000000
00000000
00000000
00000000
00000000
00000000
00000000
00000000
00000000
00000000
00000000
00000000
00000000
00000000
00000000
00000000
00000000
00000000
00000000
00000000
00000000
00000000
00000000
00000000
00000000
00000000
00000000
00000000
00000000
00000000
00000000
00000000
00000000
01010000
01010000
03020000
04030000
06050000
08060000
07030000
04020000
03020000
02010000
01000000
02050020
2ba5632d
59c073af
444e3186
352010a6
90cf643d
e0e75c3f
d9d4431e
c7c12a3a
bbb819d8
b8b819d8
b8b819d8
b8b819d8
b8b819d8
b8b819d8
b8b819d7
b8b819d7
b8b819d7
b8b819d7
b8b819d7
b8b819d7
b8b919d7
bbc02219
c3cf3add
d1df539f
e1ed647f
d9aa5359
8a160883
26000000
02000000
00000000
00000000
00000000
00000000
00000000
00000000
00000000
00000000
00000000
00000000
00000000
00000000
00000000
00000000
00000000
00000000
00000000
00000000
00000000
00000000
00000000
00000000
00000000
00000000
00000000
00000000
00000000
00000000
00000000
00000000
00000000
00000000
00000000
00000000
00000000
00000000
00000000
00000000
00000000
00000000
00000000
00000000
00000000
00000000
00000000
00000000
00000000
00000000
00000000
00000000
00000000
00000000
00000000
02000000
27050000
81825a22
d5efcd05
f1f2e5c6
f2f2f646
f2f2fea6
f2f2fec7
f2f2fee7
f2f2ff07
f2f2ff28
f2f2ffcd
f2f2fff6
f2f2ffaf
f2f2f667
e6f2dd65
a9cd9be4
482c18a1
0e070000
04050000
03040000
02020000
01010000
01000000
00000000
00000000
00000000
00000000
00000000
00000000
00000000
00000000
00000000
00000000
00000000
00000000
00000000
00000000
00000000
00000000
00000000
00000000
00000000
00000000
00000000
00000000
00000000
00000000
00000000
00000000
01010000
05090000
172a3166
8ae8ef7d
f2f5f7be
922a2965
1e0a0020
06020000
01000000
00000000
00000000
00000000
00000000
00000000
00000000
00000000
00000000
00000000
00000000
00000000
00000000
00000000
00000000
00000000
00000000
00000000
00000000
00000000
00000000
00000000
00000000
00000000
00000000
00000000
00000000
00000000
00000000
00000000
00000000
00000000
00000000
00000000
00000000
00000000
00000000
00000000
00000000
00000000
00000000
00000000
00000000
00000000
00000000
00000000
00000000
00000000
00000000
00000000
00000000
00000000
00000000
00000000
00000000
00000000
5cb56262
dbff9bc4
ffff9be4
ffffa425
ffffb4a7
ffff9be4
ffff93c4
ffff93a4
ffff93a4
ffff8b83
ffff8343
b05f3141
30000000
00000000
00000000
00000000
00000000
00000000
00000000
00000000
00000000
00000000
00000000
00000000
00000000
00000000
00000000
00000000
00000000
00000000
00000000
00000000
00000000
00000000
00000000
00000000
00000000
00000000
00000000
00000000
00000000
00000000
00000000
00000000
00000000
00000000
00000000
00000000
00000000
01010000
01010000
02020000
03020000
04030000
04020000
02010000
02010000
01010000
01000000
16523186
79e58c52
cce58c52
b3db8431
57140862
638942d6
cbed6c7f
e1dc4b9f
cec8329c
bfba21f8
b9b819d8
b8b819d8
b8b819d8
b8b819d8
b8b819d8
b8b819d8
b8b819d8
b8b819d8
b8b819d7
b8b819d7
b8b819d7
b9bd2219
c0ca329c
cddb4b7f
ddeb643f
e1cd641d
a6321908
3d000000
06000000
00000000
00000000
00000000
00000000
00000000
00000000
00000000
00000000
00000000
00000000
00000000
00000000
00000000
00000000
00000000
00000000
00000000
00000000
00000000
00000000
00000000
00000000
00000000
00000000
00000000
00000000
00000000
00000000
00000000
00000000
00000000
00000000
00000000
00000000
00000000
00000000
00000000
00000000
00000000
00000000
00000000
00000000
00000000
00000000
00000000
00000000
00000000
00000000
00000000
00010000
00010000
00000000
00000000
00000000
00000000
01000000
23030000
7b7649e2
d1eec4e5
f1f2e5c6
f2f2f646
f2f2fe86
f2f2fec7
f2f2fee7
f2f2ff07
f2f2ff27
f2f2ffcc
f2f2fff6
f2f3ffd0
f2f3f688
e9f3dd86
b0d4a404
4f3620e1
13090000
06060000
04040000
02020000
01000000
00000000
00000000
00000000
00000000
00000000
00000000
00000000
00000000
00000000
00000000
00000000
00000000
00000000
00000000
00000000
00000000
00000000
00000000
00000000
00000000
00000000
00000000
00000000
00000000
00000000
00000000
00010000
04050000
110c0841
522b2945
8b252925
540d0841
11050000
05010000
01000000
00000000
00000000
00000000
00000000
00000000
00000000
00000000
00000000
00000000
00000000
00000000
00000000
00000000
00000000
00000000
00000000
00000000
00000000
00000000
00000000
00000000
00000000
00000000
00000000
00000000
00000000
00000000
00000000
00000000
00000000
00000000
00000000
00000000
00000000
00000000
00000000
00000000
00000000
00000000
00000000
00000000
00000000
00000000
00000000
00000000
00000000
00000000
00000000
00000000
00000000
00000000
00000000
00000000
00000000
00000000
4e8349e2
cdff9c04
ffffa424
ffffc549
fffffffb
ffffbce8
ffff93c4
ffff8b83
ffff8b63
ffff8343
fffe72e3
a22c1880
23000000
00000000
00000000
00000000
00000000
00000000
00000000
00000000
00000000
00000000
00000000
00000000
00000000
00000000
00000000
00000000
00000000
00000000
00000000
00000000
00000000
00000000
00000000
00000000
00000000
00000000
00000000
00000000
00000000
00000000
00000000
00000000
00000000
00000000
00000000
00000000
00000000
00000000
01000000
01000000
01000000
01000000
01000000
01000000
01000000
00000000
00000000
274a2966
9ae58c52
e5e58c52
d9c073af
6c000000
3639192a
a4e06c7f
e3e45bff
d6d03afe
c4bf223a
bab819d8
b8b819d8
b8b819d8
b8b819d8
b8b819d8
b8b819d8
b8b819d8
b8b819d8
b8b819d8
b8b819d7
b9bb21f8
bdc62a7b
c9d6433e
d8e75c1f
e4e36c7f
bd5a29cf
57020000
0d000000
00000000
00010000
05120842
080c0842
03000000
00000000
00000000
00000000
00000000
00000000
00000000
00000000
00000000
00000000
00000000
00000000
00000000
00000000
00000000
00000000
00000000
00000000
00000000
00000000
00000000
00000000
00000000
00000000
00000000
00000000
00000000
00000000
00000000
00000000
00000000
00000000
00000000
00000000
00000000
00000000
00000000
00000000
00000000
00000000
00000000
00000000
00000000
00000000
00010000
01010000
01020000
01010000
01010000
00010000
00000000
00000000
00000000
01000000
1f020000
746a41c2
cdebc4c5
f0f2e5c6
f2f2f646
f2f2fe86
f2f2fec7
f2f2fee7
f2f2ff07
f2f2ff27
f2f3ffcc
f3f3fff6
f3f3ffd1
f3f4f6a8
ecf3dda6
b6daac44
56402902
16090000
06050000
04030000
01000000
00000000
00000000
00000000
00000000
00000000
00000000
00000000
00000000
00000000
00000000
00000000
00000000
00000000
00000000
00000000
00000000
00000000
00000000
00000000
00000000
00000000
00000000
00000000
00000000
00000000
00000000
00000000
02020000
06050000
11090020
190a0821
120d0020
0f1d0860
101f0861
0b0e0040
04010000
00000000
00000000
00000000
00000000
00000000
00000000
00000000
00000000
00000000
00000000
00000000
00000000
00000000
00000000
00000000
00000000
00000000
00000000
00000000
00000000
00000000
00000000
00000000
00000000
00000000
00000000
00000000
00000000
00000000
00000000
00000000
00000000
00000000
00000000
00000000
00000000
00000000
00000000
00000000
00000000
00000000
00000000
00000000
00000000
00000000
00000000
00000000
00000000
00000000
00000000
00000000
00000000
00000000
00000000
29231080
a7f79be4
fdffac44
ffffac65
ffffcd69
ffffac45
ffff93c4
ffff8b83
ffff8343
ffff7303
efc149e2
7b010000
0b000000
00000000
00000000
00000000
00000000
00000000
00000000
00000000
00000000
00000000
00000000
00000000
00000000
00000000
00000000
00000000
00000000
00000000
00000000
00000000
00000000
00000000
00000000
00000000
00000000
00000000
00000000
00000000
00000000
00000000
00000000
00000000
00000000
00000000
00000000
00000000
00000000
00000000
00000000
00000000
00000000
00000000
00000000
00000000
00000000
00000000
00000000
13000000
646239e8
a8754229
94352104
3d000000
110c0842
74ac537a
d7eb645f
ded8435f
cbc52a7b
bdb919f8
b8b819d8
b8b819d8
b8b819d8
b8b819d8
b8b819d8
b8b819d8
b8b819d8
b8b819d8
b8b919f8
bcc22a5a
c5d23afe
d4e353df
e3ec6c9f
d08942d6
740a0022
1a020000
081a0883
1b54216b
3c9c42b4
5fcf537b
4b401928
13000000
00000000
00000000
00000000
00000000
00000000
00000000
00000000
00000000
00000000
00000000
00000000
00000000
00000000
00000000
00000000
00000000
00000000
00000000
00000000
00000000
00000000
00000000
00000000
00000000
00000000
00000000
00000000
00000000
00000000
00000000
00000000
00000000
00000000
00000000
00000000
00000000
00000000
00000000
00000000
00000000
00000000
00000000
00010000
01010000
01020000
050e0821
05030000
02020000
01010000
00000000
00000000
00000000
00000000
01000000
1b010000
6d5e3981
c9e9bcc5
f0f2e5a6
f2f2f626
f2f2fe86
f2f2fec7
f2f2fee7
f2f2ff07
f3f3ff27
f3f3ffab
f4f9fff6
f7fcffd3
f8fcfee9
f0f4e5a6
bce0ac64
5c482921
17070000
05040000
02000000
00000000
00000000
00000000
00000000
00000000
00000000
00000000
00000000
00000000
00000000
00000000
00000000
00000000
00000000
00000000
00000000
00000000
00000000
00000000
00000000
00000000
00000000
00000000
00000000
00000000
00000000
00000000
01010000
02010000
04030000
102908a1
2b6d19c2
488a2243
558e2243
4e7c19e2
323f10e1
11050020
01000000
00000000
00000000
00000000
00000000
00000000
00000000
00000000
00000000
00010000
00010000
01010000
00000000
00000000
00000000
00000000
00000000
00000000
00000000
00000000
00000000
00000000
00000000
00000000
00000000
00000000
00000000
00000000
00000000
00000000
00000000
00000000
00000000
00000000
00000000
00000000
00000000
00000000
00000000
00000000
00000000
00000000
00000000
00000000
00000000
00000000
00000000
00000000
00000000
00000000
00000000
00000000
00000000
09000000
626e41a2
d8fea424
ffffac44
ffffa424
ffffa404
ffff9bc4
ffff8b83
ffff7b03
faec6262
b5291060
3b000000
00000000
00000000
00000000
00000000
00000000
00000000
00000000
00000000
00000000
00000000
00000000
00000000
00000000
00000000
00000000
00000000
00000000
00000000
00000000
00000000
00000000
00000000
00000000
00000000
00000000
00000000
00000000
00000000
00000000
00000000
00000000
00000000
00000000
00000000
00000000
00000000
00000000
00000000
00000000
00000000
00000000
00000000
00000000
00000000
00000000
00000000
00000000
00000000
19000000
36000000
2a000000
0d000000
03000000
445a29cf
b7ea6c9f
e4e153df
d3cd32dd
c2bd2219
b9b819d8
b8b819d8
b8b819d8
b8b819d8
b8b819d8
b8b819d8
b8b819d8
b8b819d8
babf2239
c2cd32dd
d0de4b9f
e0ed647f
ddb75bbb
9b40212a
4e6429ce
47ab4af7
68da537c
8be34b5c
abda42d9
cbe8537c
9d7f3231
30010000
00000000
00000000
00000000
00000000
00000000
00000000
00000000
00000000
00000000
00000000
00000000
00000000
00000000
00000000
00000000
00000000
00000000
00000000
00000000
00000000
00000000
00000000
00000000
00000000
00000000
00000000
00000000
00000000
00000000
00000000
00000000
00000000
00000000
00000000
00000000
00000000
00000000
00000000
00000000
00000000
00000000
00000000
00010000
01020000
144b2907
4fe27b34
6cbd62b1
381e1062
09020000
01010000
00000000
00000000
00000000
00000000
00000000
18010000
67533141
c5e6b484
eff2e5a5
f2f2f626
f2f2fe86
f2f2fec7
f2f3fee7
f3f3ff07
f4f5ff28
f8ffffcc
fdfffff6
fdfffff4
fbfcff0a
f1f4e5a6
c0e4b485
61503141
18050000
02000000
00000000
00000000
00000000
00000000
00000000
00000000
00000000
00000000
00000000
00000000
00000000
00000000
00000000
00000000
00000000
00000000
00000000
00000000
00000000
00000000
00000000
00000000
00000000
00000000
00000000
00000000
00000000
00000000
01000000
0d3008a1
3a8a2243
709f2ac3
8ea32b04
98a52b04
94a12ae3
7d972283
4b511141
16030000
01000000
00000000
00000000
00000000
00000000
00000000
00010000
01010000
01010000
01020000
01010000
01010000
01010000
00000000
00000000
00000000
00000000
00000000
00000000
00000000
00000000
00000000
00000000
00000000
00000000
00000000
00000000
00000000
00000000
00000000
00000000
00000000
00000000
00000000
00000000
00000000
00000000
00000000
00000000
00000000
00000000
00000000
00000000
00000000
00000000
00000000
00000000
00000000
00000000
00000000
00000000
00000000
00000000
1c000000
73603981
d2ea93a4
faffa404
ffff9be4
ffff93a4
ffff8343
f1c95a22
b82c1060
50000000
0a000000
00000000
00000000
00000000
00000000
00000000
00000000
00000000
00000000
00000000
00000000
00000000
00000000
00000000
00000000
00000000
00000000
00000000
00000000
00000000
00000000
00000000
00000000
00000000
00000000
00000000
00000000
00000000
00000000
00000000
00000000
00000000
00000000
00000000
00000000
00000000
00000000
00000000
00000000
00000000
00000000
00000000
00000000
00000000
00000000
00000000
00000000
00000000
00000000
00000000
00000000
00000000
00000000
00000000
1d1b1085
8ac85c1d
dfe8643f
dad5433f
c8c22a5b
bcb919f8
b8b819d8
b8b819d8
b8b819d8
b8b819d8
b8b819d8
b8b819d8
b9bc2219
bfc9329c
ccdb4b7f
dded645f
eaf174bf
dad35bdd
aadf539d
99e24b3c
b2d63ab9
c9cb2a16
d2c121b3
d1c721f4
dbe14b1a
c1bb4b18
520f0842
04000000
00000000
00000000
00000000
00000000
00000000
00000000
00000000
00000000
00000000
00000000
00000000
00000000
00000000
00000000
00000000
00000000
00000000
00000000
00000000
00000000
00000000
00000000
00000000
00000000
00000000
00000000
00000000
00000000
00000000
00000000
00000000
00000000
00000000
00000000
00000000
00000000
00000000
00000000
00000000
00000000
00010000
01020000
02040000
3da25a4e
b2f78396
e2f28376
85472106
1a030000
02010000
01000000
00000000
00000000
00000000
00000000
00000000
15000000
60482921
c0e1b464
eef2dda5
f2f2f626
f2f3fe86
f3f3fec7
f3f4fee7
f5f9ff48
fbffff89
ffffffcc
fffffff6
fefefff4
f8f4fee9
f0f3e5c6
c4e8bca5
665c3982
18010000
00000000
00000000
00000000
00000000
00000000
00000000
00000000
00000000
00000000
00000000
00000000
00000000
00000000
00000000
00000000
00000000
00000000
00000000
00000000
00000000
00000000
00000000
00000000
00000000
00000000
00000000
00000000
00000000
071d0860
35882223
79a32ae4
9eab3364
a8b133a4
abb233a4
aaaf3384
a4a73324
8a982283
493608c1
0e000000
00000000
00000000
00000000
00000000
00010000
01010000
01020000
01020000
02040000
02020000
01020000
01010000
01010000
00000000
00000000
00000000
00000000
00000000
00000000
00000000
00000000
00000000
00000000
00000000
00000000
00000000
00000000
00000000
00000000
00000000
00000000
00000000
00000000
00000000
00000000
00000000
00000000
00000000
00000000
00000000
00000000
00000000
00000000
00000000
00000000
00000000
00000000
00000000
00000000
00000000
00000000
00000000
00000000
18000000
560d0820
92523121
b27841a2
b96f3961
aa3a18a1
81030000
3e000000
0b000000
00000000
00000000
00000000
00000000
00000000
00000000
00000000
00000000
00000000
00000000
00000000
00000000
00000000
00000000
00000000
00000000
00000000
00000000
00000000
00000000
00000000
00000000
00000000
00000000
00000000
00000000
00000000
00000000
00000000
00000000
00000000
00000000
00000000
00000000
00000000
00000000
00000000
00000000
00000000
00000000
00000000
00000000
00000000
00000000
00000000
00000000
00000000
00000000
00000000
00000000
00000000
00000000
00000000
00000000
07020000
597e3a94
c7ed6c9f
e2dd4b9f
cfc9329c
c0bb21f9
b9b819d8
b8b819d8
b8b819d8
b8b819d8
b8b819d8
babe2219
c1d232bc
d0e94b9f
e1f8645f
effc74df
f1ea5bde
e0d43a99
d3c82a16
d2bf19b3
ccba1972
c5b81151
bfb81151
c0c01992
d0d93ab8
d5df5b9c
773418e7
11000000
00000000
00000000
00000000
00000000
00000000
00000000
00000000
00000000
00000000
00000000
00000000
00000000
00000000
00000000
00000000
00000000
00000000
00000000
00000000
00000000
00000000
00000000
00000000
00000000
00000000
00000000
00000000
00000000
00000000
00000000
00000000
00000000
00000000
00000000
00000000
00000000
00000000
00000000
00000000
00000000
00000000
01010000
02020000
3f552928
b4e07b34
e3c26ab1
87211063
1b020000
02010000
01000000
00000000
00000000
00000000
00000000
00000000
00000000
12000000
5a3e2901
bbdcac44
edf2dd85
f2f2f626
f3f3fe86
f3f3fec7
f6f6ff07
fbfeff68
ffffff69
ffffffcb
fefafff5
f8f3fff4
f4f3fee9
f0f2e5c6
c8eabcc5
6a604181
19010000
00000000
00000000
00000000
00000000
00000000
00000000
00000000
00000000
00000000
00000000
00000000
00000000
00000000
00000000
00000000
00000000
00000000
00000000
00000000
00000000
00000000
00000000
00000000
00000000
00000000
00000000
02070020
256e19c2
6da12ae3
9fae3384
adb73be5
b4bd3c25
b7be3c45
b6bb3c25
b1b33bc4
a6a73324
7f852223
320e0020
03000000
00000000
00000000
00010000
01010000
01020000
02030000
03040000
060e0841
07080020
04030000
02020000
01010000
01010000
00000000
00000000
00000000
00000000
00000000
00000000
00000000
00000000
00000000
00000000
00000000
00000000
00000000
00000000
00000000
00000000
00000000
00000000
00000000
00000000
00000000
00000000
00000000
00000000
00000000
00000000
00000000
00000000
00000000
00000000
00000000
00000000
00000000
00000000
00000000
00000000
00000000
00000000
00000000
00000000
03000000
18000000
32000000
3a000000
2a000000
0f000000
01000000
00000000
00000000
00000000
00000000
00000000
00000000
00000000
00000000
00000000
00000000
00000000
00000000
00000000
00000000
00000000
00000000
00000000
00000000
00000000
00000000
00000000
00000000
00000000
00000000
00000000
00000000
00000000
00000000
00000000
00000000
00000000
00000000
00000000
00000000
00000000
00000000
00000000
00000000
00000000
00000000
00000000
00000000
00000000
00000000
00000000
00000000
00000000
00000000
00000000
00000000
00000000
00000000
00000000
00000000
00000000
01000000
2c311908
9edc647e
e3e55c1f
d7d13afe
c5c0223a
bbb819d8
b8b819d8
babe21f9
bfcd223b
c8e2329d
d3f33b1f
dffa4b9f
ecfb5c3f
f6fc6cbf
f5e653de
e3c121d5
ceba1972
c3b81172
beb81152
bab81151
b9b81151
b8b81151
bbbb1971
c9d03256
dce8537c
9b7031ee
29000000
00000000
00000000
00000000
00000000
00000000
00000000
00000000
00000000
00000000
00000000
00000000
00000000
00000000
00000000
00000000
00000000
00000000
00000000
00000000
00000000
00000000
00000000
00000000
00000000
00000000
00000000
00000000
00000000
00000000
00000000
00000000
00000000
00000000
00000000
00000000
00000000
00000000
00000000
00000000
00000000
00000000
00010000
01010000
17020000
510c0821
6e0c0821
3c020000
09010000
01000000
00000000
00000000
00000000
00000000
00000000
00000000
00000000
00000000
0f000000
543420c1
b6d7a424
ecf4dd85
f4f9f626
f7fefea6
fafffee7
fdffff27
ffffff48
ffffff68
fdfeffaa
f9fafff3
f5f4fff4
f3f2ff0a
f0f2e5c6
caecc4e5
6e6c49c2
1c020000
01000000
00000000
00000000
00000000
00000000
00000000
00000000
00000000
00000000
00000000
00000000
00000000
00000000
00000000
00000000
00000000
00000000
00000000
00000000
00000000
00000000
00000000
00000000
00000000
00010000
13431101
559b2aa3
96ac3364
adb83c05
b8c24485
bfc744c6
c2c844c6
c2c644a6
bcbe3c45
b3b233a4
a0a12ae3
614f1141
17010000
00000000
00000000
00010000
01010000
02030000
091b1082
2d926b6d
60dba534
639a73ae
2c0d0841
05030000
02020000
01010000
00000000
00000000
00000000
00000000
00000000
00000000
00000000
00000000
00000000
00000000
00000000
00000000
00000000
00000000
00000000
00000000
00000000
00000000
00000000
00000000
00000000
00000000
00000000
00000000
00000000
00000000
00000000
00000000
00000000
00000000
00000000
00000000
00000000
00000000
00000000
00000000
00000000
00000000
00000000
00000000
00000000
00000000
00000000
00000000
00000000
00000000
00000000
00000000
00000000
00000000
00000000
00000000
00000000
00000000
00000000
00000000
00000000
00000000
00000000
00000000
00000000
00000000
00000000
00000000
00000000
00000000
00000000
00000000
00000000
00000000
00000000
00000000
00000000
00000000
00000000
00000000
00000000
00000000
00000000
00000000
00000000
00000000
00000000
00000000
00000000
00000000
00000000
00000000
00000000
00000000
00000000
00000000
00000000
00000000
00000000
00000000
00000000
00000000
00000000
00000000
00000000
00000000
00000000
0f090021
6ea24b59
d4ec647f
dfda4b7f
cecd329c
c6d32a7c
cae632bd
d4f432df
def732df
e7f632df
f0f5433f
f6f753df
fafa6c9f
f7ed643f
e4c221f6
c8b81172
bbb81172
b8b81172
b8b81151
b8b81151
b8b81151
b8b81151
b9b91150
c3c821f4
d9e34b1a
baaf4af6
4a0a0021
03000000
00000000
00000000
00000000
00000000
00000000
00000000
00000000
00000000
00000000
00000000
00000000
00010000
01020000
01020000
01010000
00000000
00000000
00000000
00000000
00000000
00000000
00000000
00000000
00000000
00000000
00000000
00000000
00000000
00000000
00000000
00000000
00000000
06180841
090d0821
03000000
00000000
00000000
00000000
00000000
00000000
00000000
01010000
01010000
04020000
07010000
04010000
01010000
00000000
00000000
00000000
00000000
00000000
00000000
00000000
00000000
00000000
00000000
0d020000
637f3961
d2feb464
faffe5a5
fdfff646
fffffea6
fffffee7
ffffff27
ffffff27
ffffff47
fdffffa9
fbfefff2
f7f7fff5
f3f2ff2a
f0f2ede6
ceeec4e5
737049e2
1d010000
00000000
00000000
00000000
00000000
00000000
00000000
00000000
00000000
00000000
00000000
00000000
00000000
00000000
00000000
00000000
00000000
00000000
00000000
00000000
00000000
00000000
00000000
00000000
09250881
3d8d2243
84a72b24
a9b53bc5
b7c14485
c2cb4d06
c9d04d46
ccd24d66
cccf4d46
c7c844c6
bdbc3c25
afac3364
8c922263
422708a1
0a000000
00000000
01010000
01020000
02040000
1e594208
7ef2b5b6
d6fabdf7
d8f2b5b6
898c6b4d
28040000
03020000
01010000
01000000
00000000
00000000
00000000
00000000
00000000
00000000
00000000
00000000
00000000
00000000
00000000
00000000
00000000
00000000
00000000
00000000
00000000
00000000
00000000
00000000
00000000
00000000
00000000
00000000
00000000
00000000
00000000
00000000
00000000
00000000
00000000
00000000
00000000
00000000
00000000
00000000
00000000
00000000
00000000
00000000
00000000
00000000
00000000
00000000
00000000
00000000
00000000
00000000
00000000
00000000
00000000
00000000
00000000
00000000
00000000
00000000
00000000
00000000
00000000
00000000
00000000
00000000
00000000
00000000
00000000
00000000
00000000
00000000
00000000
00000000
00000000
071c0842
2882112a
52c521f1
69df2a75
6dd42a75
5da121f1
394310c7
11000000
00000000
00000000
00000000
00000000
00000000
00000000
00000000
00000000
00000000
00000000
00000000
00000000
00000000
00000000
00000000
00000000
00000000
00000000
00000000
00000000
00000000
00000000
00000000
04070021
486e3252
bcf36cdf
ecf65c3f
e5f84b9f
e4f83aff
e9f42abf
f0f12a9f
f3ef2a9f
f3f032ff
f4f44b9f
f6f9645f
f8f56c9f
eacc3279
cdb81172
bbb81172
b8b81172
b8b81151
b8b81151
b8b81151
b8b81151
b8b81150
b8b81150
bfc11992
d2db3ab7
d1d9537a
6f2910a5
0d000000
00000000
00000000
00000000
00000000
00000000
00000000
00000000
00000000
00000000
00000000
01020000
02040000
03070000
05080020
04040000
02020000
01000000
00000000
00000000
00000000
00000000
00000000
00000000
00000000
00000000
00000000
00000000
00000000
00000000
00000000
030a0021
2dab418a
69e0520d
6fb541ab
36160841
05000000
00000000
00000000
00000000
00000000
00000000
00000000
01000000
01010000
01010000
01000000
00000000
00000000
00000000
00000000
00000000
00000000
01030000
0f3820e4
255c3167
18020000
01010000
1d702901
7bfa6aa3
ddff7b23
ffffb464
ffffdda6
fffff626
fffffea6
fffffee7
ffffff27
ffffff27
ffffff47
ffffffa9
fdfffff2
f8f8fff5
f4f2ff4b
f1f2ede6
cee9c4e5
633120e1
0c000000
00000000
00000000
00000000
00000000
00000000
00000000
00000000
00000000
00000000
00000000
00000000
00000000
00000000
00000000
00000000
00000000
00000000
00000000
00000000
00000000
00000000
071b0860
31822203
76a32b04
a2b133a4
b2be4445
bfc94ce6
cad35567
d2d855c7
d5da55e7
d5d855c7
d0d14d46
c6c544a6
b8b53bc5
a6a62b04
7a8b2243
3b3a10e1
10060020
02020000
02030000
04050000
3b89632c
b2f5bdd7
f7fdc618
f8f6bdd7
bb795acb
44050000
04030000
02020000
01010000
00000000
00000000
00000000
00000000
00000000
00000000
00000000
00000000
00000000
00000000
00000000
00000000
00000000
00000000
00000000
00000000
00000000
00000000
00000000
00000000
00000000
00000000
00000000
00000000
00000000
00000000
00000000
00000000
00000000
00000000
00000000
00000000
00000000
00000000
00000000
00000000
00000000
00000000
00000000
00000000
00000000
00000000
00000000
00000000
00000000
00000000
00000000
00000000
00000000
00000000
00000000
00000000
00000000
00000000
00000000
00000000
00000000
00000000
00000000
00000000
00000000
00000000
00000000
00000000
00000000
00000000
00000000
00000000
00000000
00000000
1a6808a6
5ef521f0
a5ff2a33
d1ff2a75
e8ff2a96
ecff32b8
ddff32fa
b8ff331b
7db02a33
30100042
04000000
00000000
00000000
00000000
00000000
00000000
00000000
00000000
00000000
00000000
00000000
00000000
00000000
00000000
00000000
00000000
00000000
00000000
00000000
00000000
00000000
1145214a
43bf537b
86e35bff
cff76cbf
f7fb647f
f8f64b9f
f6f032df
f2ec225e
efec225e
efef32bf
f0f3435f
f4f85c1f
f7f96cbf
f0d8433c
d4b91993
bdb81172
b8b81172
b8b81152
b8b81151
b8b81151
b8b81151
b8b81150
b8b81150
b8b81130
bbbc1971
cad23255
dbe8537b
9360298c
22000000
00000000
00000000
00000000
00000000
00000000
00000000
00000000
00000000
00000000
00000000
02040000
05090020
143d39c7
254a4a29
180a0020
05040000
02000000
00000000
00000000
00000000
00000000
00000000
00000000
00000000
00000000
00000000
00000000
00000000
00000000
00000000
0e2f1063
72e55a2e
d5e55a2e
d8e55a2e
8a793127
24000000
00000000
00000000
00000000
00000000
00000000
00000000
00000000
00000000
00000000
00000000
00000000
00000000
00000000
00000000
00000000
00000000
2aa55a8c
71e58391
98e58391
7693524b
394c18a1
6df76282
d8ff72e3
feff7b23
ffff8b63
ffffb464
ffffdd85
fffff626
fffffea6
fffffee7
ffffff27
ffffff27
ffffff47
ffffff89
fdfffff1
f8f6fff6
f3f2ff4b
f0f2ee06
a58a7b03
2f000000
00000000
00000000
00000000
00000000
00000000
00000000
00000000
00000000
00000000
00000000
00000000
00000000
00000000
00000000
00000000
00000000
00000000
00000000
00000000
00000000
05130040
2a7a19e2
6ea12ae3
9dae3384
afba3c25
bcc644c6
c7d14d46
d2da55e7
d9df5e48
dde15e48
dcdf5e27
d8d855c7
cecc4d06
c1bf4445
b3b233a4
a3a83324
829c2aa3
547419e2
292808a1
0c030000
03030000
2c1f18a3
98c29492
eaf3b5b6
efd5a514
a03b2945
2f030000
03020000
02010000
01000000
00000000
00000000
00000000
00000000
00000000
00000000
00000000
00000000
00000000
00000000
00000000
00000000
00000000
00000000
00000000
00000000
00000000
00000000
00000000
00000000
00000000
00000000
00000000
00000000
00000000
00000000
00000000
00000000
00000000
00000000
00000000
00000000
00000000
00000000
00000000
00000000
00000000
00000000
00000000
00000000
00000000
00000000
00000000
00000000
00000000
00000000
00000000
00000000
00000000
00000000
00000000
00000000
00000000
00000000
00000000
00000000
00000000
00000000
00000000
00000000
00000000
00000000
00000000
00000000
00000000
00000000
00000000
00000000
00000000
1c7008a6
76ff21d0
d7ff2233
fcff2a54
ffff2a76
ffff2a97
ffff32b7
ffff32b8
ffff32d9
ebff331b
a2c82a76
38090021
02000000
00000000
00000000
00000000
00000000
00000000
00000000
00000000
00000000
00000000
00000000
00000000
00000000
00000000
00000000
00000000
00000000
00000000
01020000
01030000
1e3118e7
85dd5bfe
d6da431d
e5df4b9e
f3fa6cbf
f8f653df
f3f03aff
eeec227e
edee2a9f
eef23b3f
f2f653ff
f7fa6cbf
f4e553de
ddbd19b4
c2b81172
b8b81172
b8b81172
b8b81151
b8b81151
b8b81151
b8b81151
b8b81150
b8b81150
b8b81130
b9b91150
c4ca29f3
dae54b19
b4a242b3
42060021
02000000
00000000
00000000
00000000
00000000
00000000
00000000
00000000
00000000
00010000
03070000
0c1b18a3
58feffdf
a0fdffdf
602f2946
11070000
03010000
00000000
00000000
00000000
00000000
00000000
00000000
00000000
00000000
00000000
00000000
00000000
00000000
00000000
1a3a1883
8ce0520d
e4e55a2e
e5e55a2e
a44c20a4
31000000
00000000
00000000
00000000
00000000
00000000
00000000
00000000
00000000
00000000
00000000
00000000
00000000
00000000
00000000
00000000
01040020
60d67b50
d1e58391
e5e58391
d0e27b71
a6d85223
c7ff72e3
fdff7b23
ffff8343
ffff8b63
ffff93a4
ffffac64
ffffdd85
fffff626
fffffea6
fffffee7
ffffff07
ffffff27
ffffff47
ffffff89
fcfdfff0
f6f2fff6
f2f2ff6c
c9b4b4a5
50000000
00000000
00000000
00000000
00000000
00000000
00000000
00000000
00000000
00000000
00000000
00000000
00000000
00000000
00000000
00000000
00000000
00000000
00000000
00000000
01040000
1e611982
639f2ac3
9aad3364
adb93c05
b9c444a6
c4ce4d26
cfd755c7
d8df5e48
dfe566a8
e3e766c8
e3e56688
dede5e27
d5d45587
cac94ce6
bfc04465
b5b83be5
abaf3384
99a52b04
75932263
41461101
14050000
0b030000
3e151062
82402965
850b0821
47030000
11020000
02010000
01010000
01000000
00000000
00000000
00000000
00000000
00000000
00000000
00000000
00000000
00000000
00000000
00000000
00000000
00000000
00000000
00000000
00000000
00000000
00000000
00000000
00000000
00000000
00000000
00000000
00000000
00000000
00000000
00000000
00000000
00000000
00000000
00000000
00000000
00000000
00000000
00000000
00000000
00000000
00000000
00000000
00000000
00000000
00000000
00000000
00000000
00000000
00000000
00000000
00000000
00000000
00000000
00000000
00000000
00000000
00000000
00000000
00000000
00000000
00000000
00000000
00000000
00000000
00000000
00000000
00000000
00000000
00000000
00000000
00000000
0b2a0842
65f921cf
daff2212
ffff2a34
ffff2a75
ffff2a96
ffff2a97
ffff32b8
ffff32b8
ffff32b8
ffff32d9
f1ff32fa
968719af
24000000
00000000
00000000
00000000
00000000
00000000
00000000
00000000
00000000
00000000
00000000
00000000
00000000
00000000
00000000
00000000
00000000
02080821
34c8732f
6ce58392
606939a9
8cb8537a
d4e14b7e
dbd13adb
e8f46c9f
f7f85c3f
f4f3435f
efee2a9f
eef13aff
f1f54bbf
f6fa647f
f6ef645f
e5c42a17
c7b81172
b9b81172
b8b81172
b8b81151
b8b81151
b8b81151
b8b81151
b8b81150
b8b81150
b8b81130
b8b81130
b8b8112f
bfc32191
d3dd42b7
cdd25358
66201084
09000000
00000000
00000000
00000000
00000000
00000000
00000000
00000000
00000000
00000000
03050000
0f151082
7bbebdd7
e0c7c618
83191883
15050000
03010000
00000000
00000000
00000000
00000000
00000000
00000000
00000000
00000000
00000000
00000000
00000000
00000000
00000000
0f000000
584718a4
aeae418a
b76628e6
690e0821
16000000
00000000
00000000
00000000
00000000
00000000
00000000
00000000
00000000
00000000
00000000
00000000
00000000
00000000
00000000
00000000
040c0821
6ac26aef
d8e58391
e5e58391
e4e6730c
e7fe72c3
f5ff7b23
ffff8343
ffff8b63
ffff8b83
ffff93a4
ffff93a4
ffffac44
ffffdd85
fffff626
fffffe86
fffffee7
ffffff07
ffffff27
ffffff47
feffff88
f9f6ffef
f3f2fff6
d1adbd8a
58000000
00000000
00000000
00000000
00000000
00000000
00000000
00000000
00000000
00000000
00000000
00000000
00000000
00000000
00000000
00000000
00000000
00000000
00000000
00000000
09210881
46932263
8fa83344
abb63be5
b8c24486
c3cd4d26
cdd555a7
d6dd5e28
dee46688
e4e966e8
e8ec6f09
e8ea66e8
e4e35e88
dcdb5de7
d3d45587
cbce4d26
c3c644c6
bbbd3c45
b1b333a4
a4a72b24
85942283
453608c1
10020000
07030000
17040000
14030000
05020000
02010000
01010000
01000000
00000000
00000000
00000000
00000000
00000000
00000000
00000000
00000000
00000000
00000000
00000000
00000000
00000000
00000000
00000000
00000000
00000000
00000000
00000000
00000000
00000000
00000000
00000000
00000000
00000000
00000000
00000000
00000000
00000000
00000000
00000000
00000000
00000000
00000000
00000000
00000000
00000000
00000000
00000000
00000000
00000000
00000000
00000000
00000000
00000000
00000000
00000000
00000000
00000000
00000000
00010000
01020000
01010000
00010000
00000000
00000000
00000000
00000000
00000000
00000000
00000000
00000000
00000000
00000000
00000000
00000000
00000000
00000000
00000000
329c112a
b0ff2212
feff2a33
ffff2a54
ffff2a75
ffff2a96
ffff2a97
ffff32b8
ffff32b8
ffff32b8
ffff32b8
ffff32d8
def232d9
620d0021
03000000
00000000
00000000
00000000
00000000
00000000
00000000
00000000
02060021
02040000
01000000
00000000
00000000
00000000
00000000
00000000
154b2926
80e58392
dee58392
bcbd6aef
967b3a52
bfe85bdf
dbd032bb
dcdc4b7c
ece953dc
eee53b1c
eae2329c
e9e53afc
ede84b9c
f0e85bfc
e7cc3279
ceb81172
bbb81172
b8b81172
b8b81152
b8b81151
b8b81151
b8b81151
b8b81150
b8b81150
b8b81150
b8b81130
b8b81130
b8b8112f
bcbf1970
ccd43255
dae7537a
8b522149
1c000000
00000000
00000000
00000000
00000000
00000000
00000000
00000000
00000000
00000000
02030000
09060000
3a0d0841
680e0841
3d070000
0a030000
02000000
00000000
00000000
00000000
00000000
00000000
00000000
00000000
00000000
00000000
00000000
00000000
00000000
00000000
00000000
12000000
3d000000
45000000
1d000000
03000000
00000000
00000000
00000000
00000000
00000000
00000000
00000000
00000000
00000000
00000000
00000000
00000000
00000000
00000000
00000000
03000000
38120841
969f5a6c
b97d49e9
c0b85224
e7ff7b23
ffff8363
ffff8b63
ffff8b83
ffff93a3
ffff93a4
ffff93c4
ffff93c4
ffffac44
ffffdd65
fffff626
fffffe86
fffffee7
ffffff07
ffffff27
ffffff47
fbfaff68
f5f2ffce
c172946b
48000000
00000000
00000000
00000000
00000000
00000000
00000000
00000000
00000000
00000000
00000000
00000000
00000000
00000000
00000000
00000000
00000000
00000000
00000000
00000000
1a471121
669e2ac3
a2ae3384
b2bd4445
c0c94d06
cbd45587
d4dc5e28
dce36688
e3e866e9
e9ed6f29
ecef6f49
eced6f29
e8e866c8
e2e35e68
dcde5e27
d6d855c7
cfd04d46
c7c744c6
bdbc3c25
b1b03384
a3a22ae3
797619e2
2e0a0020
04010000
03020000
03010000
02010000
01010000
01000000
00000000
00000000
00000000
00000000
00000000
00000000
00000000
00000000
00000000
00000000
00000000
00000000
00000000
00000000
00000000
00000000
00000000
00000000
00000000
00000000
00000000
00000000
00000000
00000000
00000000
00000000
00000000
00000000
00000000
00000000
00000000
00000000
00000000
00000000
00000000
00000000
00000000
00000000
00000000
00000000
00000000
00000000
00000000
00000000
00000000
00000000
00000000
00000000
00010000
01010000
01020000
01030000
03050000
03030000
02020000
01020000
01010000
00000000
00000000
00000000
00000000
00000000
00000000
00000000
00000000
00000000
00000000
00000000
00000000
00010000
61e621d0
e0ff2a54
ffff2a75
ffff2a75
ffff2a76
ffff2a96
ffff2a97
ffff2ab7
ffff32b8
ffff32b8
ffff32b7
ffff2a97
fcff32b8
924a10c7
16000000
00000000
00000000
00000000
00000000
00000000
01020000
0e3410a5
38a73a2f
57aa3a2f
44632969
22241083
0a050000
01000000
00000000
00000000
14060020
7ec16b0f
dade7b71
b5563167
723c1929
a0e25bff
dcd742fc
d1bf21f6
cfb81994
d0b81994
ceb81993
ceb81993
cfb81973
d0b81973
c9b81172
bdb81172
b8b81172
b8b81172
b8b81151
b8b81151
b8b81151
b8b81151
b8b81150
b8b81150
b8b81130
b8b81130
b8b8112f
b8ba194f
c7eb7b74
def99415
e9ef6398
af943a71
3a030020
01000000
00000000
00000000
00000000
00000000
00000000
00000000
00000000
00000000
01010000
03020000
07050000
21633987
4393524b
426b39a8
1c000000
00000000
00000000
00000000
00000000
00000000
00000000
00000000
00000000
00000000
00000000
00000000
00000000
00000000
00000000
00000000
00000000
00000000
00000000
00000000
00000000
00000000
00000000
00000000
00000000
00000000
00000000
00000000
00000000
00000000
00000000
00000000
00000000
00000000
00000000
00000000
05000000
2c000000
47010000
7fc76262
dfff8b63
ffff8b83
ffff93a4
ffff93a4
ffff93a4
ffff93c4
ffff93c4
ffff9bc4
ffff9bc4
ffffac24
ffffd565
fffff606
fffffe86
fffffec7
ffffff07
ffffff27
fdfcff27
efd6e667
951820e1
23000000
00000000
00000000
00000000
00000000
00000000
00000000
00000000
00000000
00000000
00000000
00000000
00000000
00000000
00000000
00000000
00000000
00000000
00000000
00000000
295b1962
78a12ae4
a8b23ba5
b7c04486
c5cd4d27
d0d85de7
dae06668
e1e766e9
e7ec6f29
ecef6f69
eff16f89
eff06f69
eced6f29
e8e966e8
e4e46688
dede5e27
d7d655a7
cecd4d06
c4c14465
b9b53bc5
aba72b24
938f2243
4a1b0860
0a010000
02010000
02010000
01010000
01000000
00000000
00000000
00010000
00010000
01020000
01010000
00010000
00000000
00000000
00000000
00000000
00000000
00000000
00000000
00000000
00000000
00000000
00000000
00000000
00000000
00000000
00000000
00000000
00000000
00000000
00000000
00000000
00000000
00000000
00000000
00000000
00000000
00000000
00000000
00000000
00000000
00000000
00000000
00000000
00000000
00000000
00000000
00000000
00000000
00000000
00000000
00000000
00000000
00000000
00010000
01020000
02040000
04060000
060b0821
07070000
05050000
03030000
02020000
01000000
00000000
00000000
00000000
00000000
00000000
00000000
00000000
00000000
00000000
00000000
00000000
030b0021
7cfd2a54
f8ff2a76
ffff2a96
ffff2a97
ffff2a97
ffff2a97
ffff2a97
ffff2a97
ffff2a97
ffff2a97
ffff2a97
ffff2a96
ffff2a76
ad6a112a
2d000000
00000000
00000000
00000000
00000000
081e0863
2a8a31cc
66d94292
a2d229cf
bccd29ae
addb3a31
8ed84292
6cb14250
486b298a
252910a4
0c070021
03000000
32000000
68000000
4d000000
29130863
7dc3539b
d7e04b5e
cfc52a17
bdb81994
b8b81994
b8b81993
b8b81973
b8b81973
b8b81973
b8b81172
b8b81172
b8b81172
b8b81152
b8b81151
b8b81151
b8b81151
b8b81150
b8b81150
b8b81130
b8b81130
b8b8112f
b8b8112f
bbc02190
d7f89415
f5f99415
f5f173b7
d0ca5317
5e180863
07000000
00000000
00000000
00000000
00000000
00000000
00000000
00000000
00000000
00000000
01000000
081a1062
58de8391
afe883b2
b2e38391
623820e4
0e000000
00000000
00000000
00000000
00000000
00000000
00000000
00000000
00000000
00000000
00000000
00000000
00000000
00000000
00000000
00000000
00000000
00000000
00000000
00000000
00000000
00000000
00000000
00000000
00000000
00000000
00000000
00000000
00000000
00000000
00000000
00000000
00000000
00000000
00000000
00000000
00000000
01030000
68d56ac3
e6ff93a4
ffff93c4
ffff9bc4
ffff9be4
ffff9bc4
ffff9bc4
ffff9bc4
ffff9bc4
ffff9bc4
ffff9bc4
ffffa424
ffffd545
ffffee06
fffffe86
fffffec7
ffffff07
fbf4f6a6
c13d41c2
4b000000
06000000
00000000
00000000
00000000
00000000
00000000
00000000
00000000
00000000
00000000
00000000
00000000
00000000
00000000
00000000
00000000
00000000
00000000
00000000
00000000
2e5d1962
7ea12ae4
a9b23bc5
b9c14486
c7ce5547
d3d95e08
dce166a9
e4e96f09
eaee776a
eef1778a
f1f277aa
f1f16f89
efef6f69
ecec6f09
e8e766c8
e2e05e48
dbd855c7
d2ce4d26
c8c34485
bcb63be5
aea83324
9c942263
58220881
10000000
01000000
01000000
00000000
00000000
00000000
01020000
02050000
040a0020
07100841
07090000
04050000
02020000
01000000
00000000
00000000
00000000
00000000
00000000
00000000
00000000
00000000
00000000
00000000
00000000
00000000
00000000
00000000
00000000
00000000
00000000
00000000
00000000
00000000
00000000
00000000
00000000
00000000
00000000
00000000
00000000
00000000
00000000
00000000
00000000
00000000
00000000
00000000
00000000
00000000
00000000
00000000
00000000
00000000
01020000
02040000
04070000
080e0861
18424208
21323186
120a0020
06050000
03030000
01010000
00000000
00000000
00000000
00000000
00000000
00000000
00000000
00000000
00000000
00000000
00000000
05080020
83fa2a55
fdff2ab7
ffff32b8
ffff32b8
ffff3b39
ffff3af9
ffff2a97
ffff2a97
ffff2a96
ffff2a96
ffff2a76
ffff2a75
ffff2a54
b36510e8
34000000
00000000
00000000
040f0821
1e6a2969
56ce4291
93d8320f
bfc3192c
cab910ea
c4b810ca
c7ba10eb
cbc1192c
c5cc29ae
b0da3a31
92da4ab3
70b64271
4c7229ab
282f10c5
0e090021
02000000
05020000
588a3a94
c5e753bf
d6cd3279
c1ba19b4
b9b81993
b8b81973
b8b81973
b8b81973
b8b81172
b8b81172
b8b81172
b8b81172
b8b81151
b8b81151
b8b81151
b8b81151
b8b81150
b8b81150
b8b81130
b8b81130
b8b8112f
b8b8112f
bab8112f
d1d34a51
eae46313
ead83a74
dee45359
83451928
17000000
00000000
00000000
00000000
00000000
00000000
00000000
00000000
00000000
00000000
00000000
143420c4
84e48391
e5e883b2
e7e783b1
8f3b20e4
1d000000
00000000
00000000
00000000
00000000
00000000
00000000
00000000
00000000
00000000
00000000
00000000
00000000
00000000
00000000
00000000
00000000
00000000
00000000
00000000
00000000
00000000
00000000
00000000
00000000
00000000
00000000
00000000
00000000
00000000
00000000
00000000
00000000
00000000
00000000
00000000
00000000
01010000
69cb6ac3
e7ff93c4
ffff9be4
ffffa404
ffffa404
ffffa425
ffffac86
ffffa425
ffff9be4
ffff9bc4
ffff93c4
ffff93c4
ffff9be4
ffffbcc5
ffffdd85
ffffe5c6
ffffc505
f0cd7b23
80010000
10000000
00000000
00000000
00000000
00000000
00000000
00000000
00000000
00000000
00000000
00000000
00000000
00000000
00000000
00000000
00000000
00000000
00000000
00000000
00000000
00000000
2d561162
7da12ae4
a9b13bc5
b9c04ca6
c7cd5567
d3d86628
dde16ec9
e5e9772a
ebee778a
eff177aa
f1f277aa
f2f17789
f0ef6f69
edeb6f09
e9e666a8
e3e05e48
dcd755c7
d3ce4d26
c8c24485
bcb53bc5
afa73324
9d902263
581c0860
0f000000
00000000
00000000
00000000
00000000
00000000
01040000
060c0821
0e1c1083
1e4339c8
1e1b1082
0d0c0021
06040000
01000000
00000000
00000000
00000000
00000000
00000000
00000000
00000000
00000000
00000000
00000000
00000000
00000000
00000000
00000000
00000000
00000000
00000000
00000000
00000000
00000000
00000000
00000000
00000000
00000000
00000000
00000000
00000000
00000000
00000000
00000000
00000000
00000000
00000000
00000000
00000000
00000000
00000000
00000000
00000000
00000000
01020000
03050000
070b0821
31a3a514
7dffffff
97ebef5d
583b39c7
14080000
05030000
02010000
00000000
00000000
00000000
00000000
00000000
00000000
00000000
00000000
00000000
00000000
00000000
02000000
76d62212
f4ff32b8
ffff32d9
ffff3b1a
ffffb69f
ffffb67f
ffff3af8
ffff2a97
ffff2a76
ffff2a75
ffff2a55
ffff2a34
ffff2212
a7390884
28000000
02060020
144a1906
45bc4250
84dc3a30
b7c8216c
cabb10ea
c3b810ca
bbb810ca
b8b810ca
b9b810ca
bbb810cb
bfb810eb
c6ba110b
cbc0192d
c7cb29af
b3d83a32
95db4ab4
73bc4292
4f7a31cc
2c3418c5
4552218c
aae55bff
dcd53adb
c7be21d5
bab81993
b8b81973
b8b81973
b8b81172
b8b81172
b8b81172
b8b81172
b8b81151
b8b81151
b8b81151
b8b81151
b8b81150
b8b81150
b8b81130
b8b81130
b8b8112f
b8b8112f
b8b8112f
b8b8112f
bfb8112e
caba112e
d1cd29f2
dce74b39
a5853a2f
33020000
00000000
00000000
00000000
00000000
00000000
00000000
00000000
00000000
00000000
00000000
0d000000
647a49e9
c0bb6aee
c68f524b
6d010000
0f000000
00000000
00000000
00000000
00000000
00000000
00000000
00000000
00000000
00000000
00000000
00000000
00000000
00000000
00000000
00000000
00000000
00000000
00000000
00000000
00000000
00000000
00000000
00000000
00000000
00000000
00000000
00000000
00000000
00000000
00000000
00000000
00000000
00000000
00000000
00000000
00000000
00000000
5ca35a42
dbff9be4
ffffa404
ffffa424
ffffa424
ffffcd69
ffffff96
ffffe6b0
ffffa445
ffff9bc4
ffff93c4
ffff93a4
ffff93a4
ffff8b83
ffff8b83
ffff8343
ffff7b23
dca55202
5d000000
00000000
00000000
00000000
00000000
00000000
00000000
00000000
00000000
00000000
00000000
00000000
00000000
00000000
00000000
00000000
00000000
00000000
00000000
00000000
00000000
00000000
29501142
7aa02ae4
a9b13bc5
b9c04ca6
c6cd5d88
d2d86649
dde1770a
e5e8776b
ebed7fab
efef77aa
f0ef778a
f0ef7769
efee6f49
ecea6f09
e8e566a8
e2de5e27
dad555a7
d1cb4d06
c7c04465
bbb33ba4
ada42b04
98832222
4f0e0020
0a000000
00000000
00000000
00000000
00000000
00000000
03070000
0c171062
36989cd4
7dffffff
7a898411
32161062
0b060000
02000000
00000000
00000000
00000000
00000000
00000000
00000000
00000000
00000000
00000000
00000000
00000000
00000000
00000000
00000000
00000000
00000000
00000000
00000000
00000000
00000000
00000000
00000000
00000000
00000000
00000000
00000000
00000000
00000000
00000000
00000000
00000000
00000000
00000000
00000000
00000000
00000000
00000000
00000000
00000000
00000000
02040000
05090020
0b121062
69e2df1c
e1ffffff
faffffff
a161630c
2c0c0841
07060000
03020000
01000000
00000000
00000000
00000000
00000000
00000000
00000000
00000000
00000000
00000000
00000000
00000000
5580194b
d5ff32d8
ffff32d9
ffff32fa
ffff7d1e
ffff9dff
ffff3b19
ffff2a97
ffff2a76
ffff2a55
ffff2a34
ffff2212
f7de198e
87050000
1c3010a4
36a23a0e
74dc4271
accd298d
c8bd10ea
c6b810ca
bdb810ca
b9b810ca
b8b810ca
b8b810ca
b8b810cb
b8b810eb
b8b810eb
b9b810eb
bab810eb
bfb810ec
c5ba110c
cbbf192d
c8c929af
b5d73a32
98dd4ab5
8ac54af5
b6db5bde
ddde4b3d
cdc421f6
bcb81993
b8b81973
b8b81973
b8b81172
b8b81172
b8b81172
b8b81152
b8b81151
b8b81151
b8b81151
b8b81150
b8b81150
b8b81130
b8b81130
b8b8112f
b8b8112f
b8b8112f
b8b8112f
b8b8112e
b8b8112e
b9b8112e
c1c621b1
d7e042d7
c3c04af6
56110842
05000000
00000000
00000000
00000000
00000000
00000000
00000000
00000000
00000000
00000000
00000000
1f000000
4d010000
53000000
24000000
00000000
00000000
00000000
00000000
00000000
00000000
00000000
00000000
00000000
00000000
00000000
00000000
00000000
00000000
00000000
00000000
00000000
00000000
00000000
00000000
00000000
00000000
00000000
00000000
00000000
00000000
00000000
00000000
00000000
00000000
00000000
00000000
00000000
00000000
00000000
00000000
00000000
00000000
3f5a3141
bfff9be4
ffffa424
ffffac44
ffffac44
ffffcd89
fffffffb
ffffffb8
ffffb4c7
ffff9be4
ffff93c4
ffff93a4
ffff8b83
ffff8b63
ffff8343
ffff7b23
ffff72e3
c05c2901
40000000
00000000
00000000
00000000
00000000
00000000
00000000
00000000
00000000
00000000
00000000
00000000
00000000
00000000
00000000
00000000
00000000
00000000
00000000
00000000
00000000
00000000
274e1122
77a032e4
a8b13be5
b8c04cc7
c6cd5da8
d2d86e8a
dce17f4c
e4e787ac
eaea7fab
eceb778b
ece96f2a
ece96f29
ece96f09
eae766c8
e6e25e68
e0db5e07
d8d25567
cfc84ce6
c4bd3c25
b8af3384
aaa02ae3
8d6a19a2
40040000
05000000
00000000
00000000
00000000
00000000
00000000
03070000
0f191082
599c9cd4
ccffffff
c6929472
52171062
0f070000
03000000
00000000
00000000
00000000
00000000
00000000
00000000
00000000
00000000
00000000
00000000
00000000
00000000
00000000
00000000
00000000
00000000
00000000
00000000
00000000
00000000
00000000
00000000
00000000
00000000
00000000
00000000
00000000
00000000
00000000
00000000
00000000
00000000
00000000
00000000
00000000
00000000
00000000
00000000
00000000
00000000
02020000
05050000
0a0a0020
575d5aec
cdf5f7be
eec5c638
922120e4
25070000
07030000
03010000
01000000
00000000
00000000
00000000
00000000
00000000
00000000
00000000
00000000
00000000
00000000
00000000
24110021
9de52a75
f9ff32d9
ffff32fa
ffff32fa
ffff32fa
ffff32b8
ffff2a97
ffff2a75
ffff2a54
ffff2212
ffff21d0
d47510e7
778431cb
64d84271
9fd329ce
c4c0190b
c8b910ca
bfb810ca
b9b810ca
b8b810ca
b8b810ca
b8b810ca
b8b810cb
b8b810eb
b8b810eb
b8b810eb
b8b810eb
b8b810ec
b8b810ec
b8b810ec
bab810ec
beb810ec
c6be194e
d3da3a73
ccb342b3
bda24af7
d0e6539e
d4cb2a58
c0ba1993
b8b81973
b8b81172
b8b81172
b8b81172
b8b81172
b8b81151
b8b81151
b8b81151
b8b81151
b8b81150
b8b81150
b8b81130
b8b81130
b8b8112f
b8b8112f
b8b8112f
b8b8112e
b8b9112e
b9bc194f
bcc32190
c4ce29f3
d5de42b6
d8e15379
7b3818e6
12000000
00000000
00000000
00000000
00000000
00000000
00000000
00000000
00000000
00000000
00000000
00000000
00000000
00000000
00000000
00000000
00000000
00000000
00000000
00000000
00000000
00000000
00000000
00000000
00000000
00000000
00000000
00000000
00000000
00000000
00000000
00000000
00000000
00000000
00000000
00000000
00000000
00000000
00000000
00000000
00000000
00000000
00000000
00000000
00000000
00000000
00000000
00000000
00000000
00000000
00000000
00000000
00000000
1a0f0840
92de8363
f7ffa424
ffffac44
ffffac44
ffffb465
ffffcd89
ffffcd8a
ffffac45
ffff9be4
ffff93c4
ffff9383
ffff8b63
ffff8343
ffff7b23
ffff72e3
f7df5a42
93100820
1b000000
00000000
00000000
00000000
00000000
00000000
00000000
00000000
00000000
00000000
00000000
00000000
00000000
00000000
00000000
00000000
00000000
00000000
00000000
00000000
00000000
00000000
274f1142
77a03304
a8b13be5
b8c054c7
c6cc65c9
d2d67ecb
dbde8fad
e2e38fcd
e6e57f8c
e8e4772a
e6e26ea9
eaf4642f
eff5640f
ebe56609
e3dd5e28
dcd755c7
d5cf4d46
ccc544a6
c1b93c05
b4ab3364
a69c2aa3
7b461101
2d000000
01000000
00000000
00000000
00000000
00000000
00000000
03040000
0c0d0821
371d1083
814c4209
7e1c1082
340c0021
0b040000
03000000
00000000
00000000
00000000
00000000
00000000
00000000
00000000
00000000
00000000
00000000
00000000
00000000
00000000
00000000
00000000
00000000
00000000
00000000
00000000
00000000
00000000
00000000
00000000
00000000
00000000
00000000
00000000
00000000
00000000
00000000
00000000
00000000
00000000
00000000
00000000
00000000
00000000
00000000
00000000
00000000
01020000
03030000
06060000
1e0a0020
5d1918a3
780d0841
3f080000
0d040000
04020000
02010000
00000000
00000000
00000000
00000000
00000000
00000000
00000000
00000000
00000000
00000000
00000000
00000000
04000000
4c3b08a5
c4f22a97
fcff32f9
ffff32f9
ffff32d9
ffff32b8
ffff2a97
ffff2a75
ffff2a33
ffff21f1
f5d829ee
c6cc4270
a7d9320f
bec4192b
cab910ca
c1b810ca
bab810ca
b8b810ca
b8b810ca
b8b810ca
b8b810ca
b8b810cb
b8b810eb
b8b810eb
b8b810eb
b8b810eb
b8b810ec
b8b810ec
b8b810ec
b8b810ec
b8b810ec
b8b8110d
bdc72190
d0e24af6
b462298a
835729ad
b1e75bdf
dbd33aba
c5bd19b4
bab81972
b8b81172
b8b81172
b8b81172
b8b81151
b8b81151
b8b81151
b8b81151
b8b81150
b8b81150
b8b81130
b8b81130
b8b8112f
b8b8112f
b8ba112f
babe1950
bdc521b1
c2d02a13
c8db3a96
d0e44b18
d2d24b17
c69a3a72
ab522149
60160862
14000000
00000000
00000000
00000000
00000000
00000000
00000000
00000000
00000000
00000000
00000000
00000000
00000000
00000000
00000000
00000000
00000000
00000000
00000000
00000000
00000000
00000000
00000000
00000000
00000000
00000000
00000000
00000000
00000000
00000000
00000000
00000000
00000000
00000000
00000000
00000000
00000000
00000000
00000000
00000000
00000000
00000000
00000000
00000000
00000000
00000000
00000000
00000000
00000000
00000000
00000000
00000000
00000000
04000000
535d3961
cefca404
feffac44
ffffac44
ffffac44
ffffac44
ffffac44
ffffa424
ffff9be4
ffff93c4
ffff8b83
ffff8363
ffff7b23
ffff72e3
fefc6a82
ce5e20e1
53000000
04000000
00000000
00000000
00000000
00000000
00000000
00000000
00000000
00000000
00000000
00000000
00000000
00000000
00000000
00000000
00000000
00000000
00000000
00000000
00000000
00000000
00000000
28501142
78a03304
a8b03be5
b8be4cc7
c5ca65c9
d0d37ecc
d8d997cf
dedd8fae
e1dd7f2b
e0da6e8a
e2e764ad
eefb62d2
f8fb62d2
f0ec5c2d
e1d655c7
d7d15567
d0c94ce6
c7c04465
bcb43bc5
b0a62b24
a0912263
65210881
1a000000
00000000
00000000
00000000
00000000
00000000
00000000
01020000
06060000
0e0a0001
21110842
210a0001
0e050000
06020000
01000000
00000000
00000000
00000000
00000000
00000000
00000000
00000000
00000000
00000000
00000000
00000000
00000000
00000000
00000000
00000000
00000000
00000000
00000000
00000000
00000000
00000000
00000000
00000000
00000000
00000000
00000000
00000000
00000000
00000000
00000000
00000000
00000000
00000000
00000000
00000000
00000000
00000000
00000000
00000000
00000000
01010000
02020000
04030000
06050000
0c090020
0d060000
08040000
05020000
03010000
01000000
00000000
00000000
00000000
00000000
00000000
00000000
00000000
00000000
00000000
00000000
00000000
00000000
00000000
0f000000
562c0864
b9c72213
f1ff32d8
ffff32b8
ffff32b7
ffff2a96
ffff2a54
faed21f1
dc841909
cacc4a91
d2d9320f
cfc0190b
c5b810ca
bbb810ca
b8b810ca
b8b810ca
b8b810ca
b8b810ca
b8b810ca
b8b810cb
b8b810eb
b8b810eb
b8b810eb
b8b810eb
b8b810ec
b8b810ec
bac2212d
bec7296d
bcb810ec
b8b8110c
b9bb192d
c4d43232
d2cb4af5
8c201083
3f2210a5
8dd45bbd
dbdc431c
ccc221d5
bcb81172
b8b81172
b8b81172
b8b81152
b8b81151
b8b81151
b8b81151
b8b81150
b8b81150
b8b81150
b8b81130
b9ba1150
babf1971
bec721d2
c3d33234
cade42d7
d1e34b39
d0c84b17
bf8a3a30
a3431928
82110842
5f010000
3b000000
1a000000
06000000
00000000
00000000
00000000
00000000
00000000
00000000
00000000
00000000
00000000
00000000
00000000
00000000
00000000
00000000
00000000
00000000
00000000
00000000
00000000
00000000
00000000
00000000
00000000
00000000
00000000
00000000
00000000
00000000
00000000
00000000
00000000
00000000
00000000
00000000
00000000
00000000
00000000
00000000
00000000
00000000
00000000
00000000
00000000
00000000
00000000
00000000
00000000
00000000
00000000
00000000
00000000
00000000
00000000
18030000
7b905a22
e2fea424
ffffac44
ffffac44
ffffac44
ffffa424
ffffa404
ffff9be4
ffff93c4
ffff8b83
ffff8343
ffff7b03
fffe6aa3
e3913141
7c030000
18000000
00000000
00000000
00000000
00000000
00000000
00000000
00000000
00000000
00000000
00000000
00000000
00000000
00000000
00000000
00000000
00000000
00000000
00000000
00000000
00000000
00000000
00000000
26481121
759e2ae4
a7ae3bc5
b6bb4c87
c2c55d68
cccd6e2a
d3d27ecc
d7d47ecb
d8d36e4a
d6ce5dc8
d8d154c9
ebf962d1
fafa62d1
efdb546a
dacc4d26
cfc84ce6
c9c24485
c1b93c05
b6ad3364
aaa02ae3
937219c2
4b080020
0a000000
00000000
00000000
00000000
00000000
00000000
00000000
01000000
02010000
04010000
08020000
08010000
04010000
02000000
01000000
00000000
00000000
00000000
00000000
00000000
00000000
00000000
00000000
00000000
00000000
00000000
00000000
00000000
00000000
00000000
00000000
00000000
00000000
00000000
00000000
00000000
00000000
00000000
00000000
00000000
00000000
00000000
00000000
00000000
00000000
00000000
00000000
00000000
00000000
00000000
00000000
00000000
00000000
00000000
00000000
00010000
01010000
02020000
03020000
05040000
05030000
04020000
02010000
01010000
01000000
00000000
00000000
00000000
00000000
00000000
00000000
00000000
00000000
00000000
00000000
00000000
00000000
00000000
00000000
0b000000
3d010000
80390885
ad7c112b
c497196d
c88b194b
b85808a6
940c0021
60020000
6d622949
bae04ab2
d2ce298d
c0ba10ea
b9b810ca
b8b810ca
b8b810ca
b8b810ca
b8b810cb
b8b810cb
b8b810eb
b8b810eb
b8b810eb
b8b810eb
b8b810ec
b8b810ec
b9bb190c
c9f26291
dcf86ab2
d0c8296e
bcb8110d
bbc2216f
cce042b5
c2893a0f
5e040000
13070021
69a64af7
cee4537d
d3c92a36
bfb91973
b8b81172
b8b81172
b8b81151
b8b81151
b8b81151
b8b81151
b8b81150
b9bb1971
bbc11992
bfca29f3
c4d53276
cce142f8
d2e05339
cebd4af6
ba7a31ee
9c3418e6
7b0b0021
57000000
33000000
15000000
04000000
00000000
00000000
00000000
00000000
00000000
00000000
00000000
00000000
00000000
00000000
00000000
00000000
00000000
00000000
00000000
00000000
00000000
00000000
00000000
00000000
00000000
00000000
00000000
00000000
00000000
00000000
00000000
00000000
00000000
00000000
00000000
00000000
00000000
00000000
00000000
00000000
00000000
00000000
00000000
00000000
00000000
00000000
00000000
00000000
00000000
00000000
00000000
00000000
00000000
00000000
00000000
00000000
00000000
00000000
00000000
00000000
01000000
26060000
858251e2
def79be4
fdffa424
ffffa424
ffffa424
ffffa404
ffff9be4
ffff93a4
ffff8b83
ffff8323
fdf76ac3
de833141
86060000
27000000
01000000
00000000
00000000
00000000
00000000
00000000
00000000
00000000
00000000
00000000
00000000
00000000
00000000
00000000
00000000
00000000
00000000
00000000
00000000
00000000
00000000
00000000
00000000
1f3408c1
6d992ac4
a3a93b65
b2b54426
bdbe54c7
c5c55d68
cbc865a9
cec865a9
cdc55d48
c9bf4cc7
c6b94446
d1c043e7
dec643e8
d6be4465
c9bf4465
c4bd4445
c0b83c05
b9b03384
afa52b04
a2952283
783808c1
2d000000
02000000
00000000
00000000
00000000
00000000
00000000
00000000
00000000
00000000
00000000
01000000
01000000
00000000
00000000
00000000
00000000
00000000
00000000
00000000
00000000
00000000
00000000
00000000
00000000
00000000
00000000
00000000
00000000
00000000
00000000
00000000
00000000
00000000
00000000
00000000
00000000
00000000
00000000
00000000
00000000
00000000
00000000
00000000
00000000
00000000
00000000
00000000
00000000
00000000
00000000
00000000
00000000
00000000
00000000
00000000
00000000
00000000
01000000
01000000
02000000
02000000
01000000
01000000
01000000
00000000
00000000
00000000
00000000
00000000
00000000
00000000
00000000
00000000
00000000
00000000
00000000
00000000
00000000
00000000
00000000
00000000
0f000000
2d000000
45000000
48000000
39000000
19000000
04000000
1c0d0821
7b9c3a0e
cae04271
cbc5214c
bcb810ca
b8b810ca
b8b810ca
b8b810cb
b8b810cb
b8b810eb
b8b810eb
b8b810eb
b8b810eb
b8b810ec
b8b810ec
b8b810ec
b9b810ec
d4ea5a51
f3f66ab2
dec0214d
beb9190d
c0ce29f1
d3db5317
a03b18e6
32000000
03000000
446529ce
b6e85bbe
dad13278
c4bc1993
b9b81172
b8b81152
b8b81151
b8b91171
b9bc1972
bcc321b3
c0cc2a15
c6d83a97
cee34b1a
d2dc535a
caaf42d5
b46929ad
942810a5
73060021
4f000000
2c000000
10000000
03000000
00000000
00000000
00000000
00000000
00000000
00000000
00000000
00000000
00000000
00000000
00000000
00000000
00000000
00000000
00000000
00000000
00000000
00000000
00000000
00000000
00000000
00000000
00000000
00000000
00000000
00000000
00000000
00000000
00000000
00000000
00000000
00000000
00000000
00000000
00000000
00000000
00000000
00000000
00000000
00000000
00000000
00000000
00000000
00000000
00000000
00000000
00000000
00000000
00000000
00000000
00000000
00000000
00000000
00000000
00000000
00000000
00000000
00000000
00000000
00000000
01000000
22010000
6d3b20e1
b9b36aa3
e9f493c4
fcff9be4
ffff9bc4
ffff93a4
ffff8b83
fcf47b03
e9b45202
b93b18a1
6e010000
23000000
01000000
00000000
00000000
00000000
00000000
00000000
00010000
01010000
00000000
00000000
00000000
00000000
00000000
00000000
00000000
00000000
00000000
00000000
00000000
00000000
00000000
00000000
00000000
00000000
13170860
5b872243
9ba23324
abad3ba5
b5b54426
bcba4c87
c0bb4ca7
c1ba4c87
bfb54426
b9ad3ba5
b3a63344
b1a53324
b5a83344
b6ad3384
b6af3384
b6ae3384
b3ab3344
ada42b04
a5992aa3
8d5f1162
4d080020
10000000
00000000
00000000
00000000
00000000
00000000
00000000
00000000
00000000
00000000
00000000
00000000
00000000
00000000
00000000
00000000
00000000
00000000
00000000
00000000
00000000
00000000
00000000
00000000
00000000
00000000
00000000
00000000
00000000
00000000
00000000
00000000
00000000
00000000
00000000
00000000
00000000
00000000
00000000
00000000
00000000
00000000
00000000
00000000
00000000
00000000
00000000
00000000
00000000
00000000
00000000
00000000
00000000
00000000
00000000
00000000
00000000
00000000
00000000
00000000
00000000
00000000
00000000
00000000
00000000
00000000
00000000
00000000
00000000
00000000
00000000
00000000
00000000
00000000
00000000
00000000
00000000
00000000
00000000
00000000
00000000
00000000
00000000
00000000
00000000
00000000
00000000
00000000
00000000
03000000
352b10a4
9cc94ab2
d2d83210
c5bf190b
bab810ca
b8b810cb
b8b810cb
b8b810eb
b8b810eb
b8b810eb
b8b810eb
b8b810ec
b8b810ec
b8b810ec
b8b810ec
b8b810ec
c5b8110d
d4b8110d
cab8110d
bcbe194e
c8db4274
ccad4293
740d0821
12000000
00000000
242c10c6
95db5bbd
dcda42da
cac121b4
bbb91972
babd1992
bcc421d4
c1cf3256
c8da42d9
cfe34b5b
d2d5535a
c7a142b4
ad59216b
8d1d0883
6b030000
47000000
24000000
0b000000
01000000
00000000
00000000
00000000
00000000
00000000
00000000
00000000
00000000
00000000
00000000
00000000
00000000
00000000
00000000
00000000
00000000
00000000
00000000
00000000
00000000
00000000
00000000
00000000
00000000
00000000
00000000
00000000
00000000
00000000
00000000
00000000
00000000
00000000
00000000
00000000
00000000
00000000
00000000
00000000
00000000
00000000
00000000
00000000
00000000
00000000
00000000
00000000
00000000
00000000
00000000
00000000
00000000
00000000
00000000
00000000
00000000
00000000
00000000
00000000
00000000
00000000
00000000
00000000
00000000
00000000
0f000000
3c010000
711d1060
974d2901
ae6b3961
b56b3961
ae4e28e1
971e1040
72020000
3c000000
0f000000
00000000
00000000
00000000
00000000
00000000
00010000
01010000
01020000
01010000
01010000
00010000
00000000
00000000
00000000
00000000
00000000
00000000
00000000
00000000
00000000
00000000
00000000
00000000
00000000
00000000
06030000
3c4e1142
83962aa3
a2a23324
aba93b65
b1ac3ba5
b3ac3ba5
b2a83b85
aea13324
a5902a83
946c19c2
855e1982
877219e2
958c2263
a09a2aa3
a59c2aa3
a4992aa3
9c882223
86521141
560d0040
1d000000
02000000
00000000
00000000
00000000
00000000
00000000
00000000
00000000
00000000
00000000
00000000
00000000
00000000
00000000
00000000
00000000
00000000
00000000
00000000
00000000
00000000
00000000
00000000
00000000
00000000
00000000
00000000
00000000
00000000
00000000
00000000
00000000
00000000
00000000
00000000
00000000
00000000
00000000
00000000
00000000
00000000
00000000
00000000
00000000
00000000
00000000
00000000
00000000
00000000
00000000
00000000
00000000
00000000
00000000
00000000
00000000
00000000
00000000
00000000
00000000
00000000
00000000
00000000
00000000
00000000
00000000
00000000
00000000
00000000
00000000
00000000
00000000
00000000
00000000
00000000
00000000
00000000
00000000
00000000
00000000
00000000
00000000
00000000
00000000
00000000
00000000
00000000
00000000
00000000
00000000
0b020000
555d2148
b7df4ab3
d1ce29af
c0ba10eb
b9b810cb
b8b810eb
b8b810eb
b8b810eb
b8b810eb
b8b810ec
b8b810ec
b8b810ec
b8b810ec
b8b810ec
b8b8110d
b8b8110d
b8b8110d
b8b8110d
bec829b0
d1e14af7
b25e296a
46000000
03000000
00000000
0e0b0841
71b34b18
d2e24b5c
d2cc2a36
c6d23277
c9dd42fa
d0e3537c
d1cc535a
c2913a72
a6492149
85140863
63010000
3f000000
1d000000
08000000
01000000
00000000
00000000
00000000
00000000
00000000
00000000
00000000
00000000
00000000
00000000
00000000
00000000
00000000
00000000
00000000
00000000
00000000
00000000
00000000
00000000
00000000
00000000
00000000
00000000
00000000
00000000
00000000
00000000
00000000
00000000
00000000
00000000
00000000
00000000
00000000
00000000
00000000
00000000
00000000
00000000
00000000
00000000
00000000
00000000
00000000
00000000
00000000
00000000
00000000
00000000
00000000
00000000
00000000
00000000
00000000
00000000
00000000
00000000
00000000
00000000
00000000
00000000
00000000
00000000
00000000
00000000
00000000
00000000
00000000
00000000
08000000
1b000000
2e000000
36000000
2e000000
1b000000
08000000
00000000
00000000
00000000
00000000
00000000
00000000
00010000
01010000
01020000
040c0821
070c0821
04010000
01010000
01000000
00000000
00000000
00000000
00000000
00000000
00000000
00000000
00000000
00000000
00000000
00000000
00000000
00000000
01000000
170b0020
50511142
85882243
9b982aa4
a29b2ac4
a2952aa4
9a7d2223
83461122
62120840
44010000
33000000
34010000
430c0020
541f0880
612d08a1
63290881
58140040
3c020000
18000000
03000000
00000000
00000000
00000000
00000000
00000000
00000000
00000000
00000000
00000000
00000000
00000000
00000000
00000000
00000000
00000000
00000000
00000000
00000000
00000000
00000000
00000000
00000000
00000000
00000000
00000000
00000000
00000000
00000000
00000000
00000000
00000000
00000000
00000000
00000000
00000000
00000000
00000000
00000000
00000000
00000000
00000000
00000000
00000000
00000000
00000000
00000000
00000000
00000000
00000000
00000000
00000000
00000000
00000000
00000000
00000000
00000000
00000000
00000000
00000000
00000000
00000000
00000000
00000000
00000000
00000000
00000000
00000000
00000000
00000000
00000000
00000000
00000000
00000000
00000000
00000000
00000000
00000000
00000000
00000000
00000000
00000000
00000000
00000000
00000000
00000000
00000000
00000000
00000000
00000000
00000000
00000000
1b0c0021
78973a0e
c9e14293
ccc6216d
bcb810eb
b8b810eb
b8b810eb
b8b810eb
b8b810ec
b8b810ec
b8b810ec
b8b810ec
b8b810ec
b8b8110d
b8b8110d
b8b8110d
b8b8110d
b9bc192e
c4d53a33
d1c84af5
891d0863
1f000000
00000000
00000000
03010000
4d743210
bdea5bbe
dee2537d
d0c24b39
bc813a31
9f3a1908
7e0d0842
5b000000
37000000
17000000
05000000
00000000
00000000
00000000
00000000
00000000
00000000
00000000
00000000
00000000
00000000
00000000
00000000
00000000
00000000
00000000
00000000
00000000
00000000
00000000
00000000
00000000
00000000
00000000
00000000
00000000
00000000
00000000
00000000
00000000
00000000
00000000
00000000
00000000
00000000
00000000
00000000
00000000
00000000
00000000
00000000
00000000
00000000
00000000
00000000
00000000
00000000
00000000
00000000
00000000
00000000
00000000
00000000
00000000
00000000
00000000
00000000
00000000
00000000
00000000
00000000
00000000
00000000
00000000
00000000
00000000
00000000
00000000
00000000
00000000
00000000
00000000
00000000
00000000
00000000
00000000
00000000
00000000
00000000
00000000
00000000
00000000
00000000
00000000
00000000
00000000
00000000
00010000
01010000
040f0821
288e49ec
5edc72f2
6cbc628f
391d1062
08010000
01010000
00000000
00000000
00000000
00000000
00000000
00000000
00000000
00000000
00000000
00000000
00000000
00000000
00000000
00000000
03000000
18040000
3d190860
5a2d08c1
642e08c1
5e1b0860
4d050000
32000000
16000000
05000000
00000000
00000000
03000000
0b000000
13000000
15000000
0f000000
06000000
01000000
00000000
00000000
00000000
00000000
00000000
00000000
00000000
00000000
00000000
00000000
00000000
00000000
00000000
00000000
00000000
00000000
00000000
00000000
00000000
00000000
00000000
00000000
00000000
00000000
00000000
00000000
00000000
00000000
00000000
00000000
00000000
00000000
00000000
00000000
00000000
00000000
00000000
00000000
00000000
00000000
00000000
00000000
00000000
00000000
00000000
00000000
00000000
00000000
00000000
00000000
00000000
00000000
00000000
00000000
00000000
00000000
00000000
00000000
00000000
00000000
00000000
00000000
00000000
00000000
00000000
00000000
00000000
00000000
00000000
00000000
00000000
00000000
00000000
00000000
00000000
00000000
00000000
00000000
00000000
00000000
00000000
04100861
21734a69
37684228
1a010000
00000000
00000000
00000000
00000000
00000000
00000000
00000000
03000000
33281084
99c64ab2
d1d93a31
c6bf192c
bab810eb
b8b810ec
b8b910ec
b9ba110c
b9bb190d
babd192d
bbc0194e
bdc4216f
bfc721b0
c1cc29d1
c3d13212
c6d63a53
c9da4295
d3e04af7
c0843a0e
5b030000
08000000
00000000
00000000
00000000
2a3318e7
806f31ef
9a2d10c6
76080021
53000000
2f000000
12000000
03000000
00000000
00000000
00000000
00000000
00000000
00000000
00000000
00000000
00000000
00000000
00000000
00000000
00000000
00000000
00000000
00000000
00000000
00000000
00000000
00000000
00000000
00000000
00000000
00000000
00000000
00000000
00000000
00000000
00000000
00000000
00000000
00000000
00000000
00000000
00000000
00000000
00000000
00000000
00000000
00000000
00000000
00000000
00000000
00000000
00000000
00000000
00000000
00000000
00000000
00000000
00000000
00000000
00000000
00000000
00000000
00000000
00000000
00000000
00000000
00000000
00000000
00000000
00000000
00000000
00000000
00000000
00000000
00000000
00000000
00000000
00000000
00000000
00000000
00000000
00000000
00000000
00000000
00000000
00000000
00000000
00000000
00000000
00000000
00000000
00000000
00000000
00000000
00000000
00000000
00010000
01020000
133a20c5
70eb7b33
d1ef8354
ddec7b33
9fb6626f
35020000
01010000
01000000
00000000
00000000
00000000
00000000
00000000
00000000
00000000
00000000
00000000
00000000
00000000
00000000
00000000
00000000
01000000
07000000
12000000
17000000
12000000
08000000
01000000
00000000
00000000
00000000
00000000
00000000
00000000
00000000
00000000
00000000
00000000
00000000
00000000
00000000
00000000
00000000
00000000
00000000
00000000
00000000
00000000
00000000
00000000
00000000
00000000
00000000
00000000
00000000
00000000
00000000
00000000
00000000
00000000
00000000
00000000
00000000
00000000
00000000
00000000
00000000
00000000
00000000
00000000
00000000
00000000
00000000
00000000
00000000
00000000
00000000
00000000
00000000
00000000
00000000
00000000
00000000
00000000
00000000
00000000
00000000
00000000
00000000
00000000
00000000
00000000
00000000
00000000
00000000
00000000
00000000
00000000
00000000
00000000
00000000
00000000
00000000
00000000
00000000
00000000
00000000
00000000
00000000
00000000
00000000
00000000
00000000
00000000
00000000
00000000
00000000
00000000
00000000
00000000
2faa738e
85e59cd3
a9e59cd3
737f52aa
20000000
00000000
00000000
00000000
00000000
00000000
00000000
00000000
0a010000
52582149
b5de4ad4
d2d231f0
c6cf29d0
c5d43211
c7d93a52
cadb4273
cad942b4
c9d34ab4
c6c742b4
c0b64292
b8a13a51
af89320e
a67029ac
9c58216a
923f18e7
892b10a5
68130842
26000000
01000000
00000000
00000000
00000000
0d000000
29000000
27000000
0d000000
02000000
00000000
00000000
00000000
00000000
00000000
00000000
00000000
00000000
00000000
00000000
00000000
00000000
00000000
00000000
00000000
00000000
00000000
00000000
00000000
00000000
00000000
00000000
00000000
00000000
00000000
00000000
00000000
00000000
00000000
00000000
00000000
00000000
00000000
00000000
00000000
00000000
00000000
00000000
00000000
00000000
00000000
00000000
00000000
00000000
00000000
00000000
00000000
00000000
00000000
00000000
00000000
00000000
00000000
00000000
00000000
00000000
00000000
00000000
00000000
00000000
00000000
00000000
00000000
00000000
00000000
00000000
00000000
00000000
00000000
00000000
00000000
00000000
00000000
00000000
00000000
00000000
00000000
00000000
00000000
00000000
00000000
00000000
00000000
00000000
00000000
00000000
00000000
00000000
00000000
00000000
00000000
00000000
01010000
01020000
27613148
9cec7b33
edf18354
eeed8333
ca9b520d
55020000
02010000
01010000
00000000
00000000
00000000
00000000
00000000
00000000
00000000
00000000
00000000
00000000
00000000
00000000
00000000
00000000
00000000
00000000
00000000
00000000
00000000
00000000
00000000
00000000
00000000
00000000
00000000
00000000
00000000
00000000
00000000
00000000
00000000
00000000
00000000
00000000
00000000
00000000
00000000
00000000
00000000
00000000
00000000
00000000
00000000
00000000
00000000
00000000
00000000
00000000
00000000
00000000
00000000
00000000
00000000
00000000
00000000
00000000
00000000
00000000
00000000
00000000
00000000
00000000
00000000
00000000
00000000
00000000
00000000
00000000
00000000
00000000
00000000
00000000
00000000
00000000
00000000
00000000
00000000
00000000
00000000
00000000
00000000
00000000
00000000
00000000
00000000
00000000
00000000
00000000
00000000
00000000
00000000
00000000
00000000
00000000
00000000
00000000
00000000
00000000
00000000
00000000
00000000
00000000
00000000
00000000
00000000
00000000
00000000
00000000
00000000
00000000
00000000
00000000
00000000
58b67bcf
cbe59cd3
e5e59cd3
b17b528a
3f000000
00000000
00000000
00000000
00000000
00000000
00000000
00000000
00000000
190a0021
718231ed
b2953a0e
ad7d31cc
a164296a
974b2128
8d3518c5
83221084
78130842
6d090021
62020000
56000000
4b000000
3e000000
32000000
26000000
1a000000
0f000000
05000000
00000000
00000000
00000000
00000000
00000000
00000000
00000000
00000000
00000000
00000000
00000000
00000000
00000000
00000000
00000000
00000000
00000000
00000000
00000000
00000000
00000000
00000000
00000000
00000000
00000000
00000000
00000000
00000000
00000000
00000000
00000000
00000000
00000000
00000000
00000000
00000000
00000000
00000000
00000000
00000000
00000000
00000000
00000000
00000000
00000000
00000000
00000000
00000000
00000000
00000000
00000000
00000000
00000000
00000000
00000000
00000000
00000000
00000000
00000000
00000000
00000000
00000000
00000000
00000000
00000000
00000000
00000000
00000000
00000000
00000000
00000000
00000000
00000000
00000000
00000000
00000000
00000000
00000000
00000000
00000000
00000000
00000000
00000000
00000000
00000000
00000000
00000000
00000000
00000000
00000000
00000000
00000000
00000000
00000000
00000000
00000000
00000000
00000000
00000000
00000000
00000000
01010000
01010000
1c0e0821
7fa35a2d
dbeb7b33
e7d572d1
ab522906
3c010000
02010000
01000000
00000000
00000000
00000000
00000000
00000000
00000000
00000000
00000000
00000000
00000000
00000000
00000000
00000000
00000000
00000000
00000000
00000000
00000000
00000000
00000000
00000000
00000000
00000000
00000000
00000000
00000000
00000000
00000000
00000000
00000000
00000000
00000000
00000000
00000000
00000000
00000000
00000000
00000000
00000000
00000000
00000000
00000000
00000000
00000000
00000000
00000000
00000000
00000000
00000000
00000000
00000000
00000000
00000000
00000000
00000000
00000000
00000000
00000000
00000000
00000000
00000000
00000000
00000000
00000000
00000000
00000000
00000000
00000000
00000000
00000000
00000000
00000000
00000000
00000000
00000000
00000000
00000000
00000000
00000000
00000000
00000000
00000000
00000000
00000000
00000000
00000000
0b2b1063
1a3f1884
1e3b1884
0f000000
00000000
00000000
00000000
00000000
00000000
00000000
00000000
00000000
00000000
00000000
00000000
00000000
00000000
00000000
00000000
00000000
00000000
00000000
00000000
00000000
00000000
00000000
00000000
3c3a2925
a8cb8430
d0ab738e
8e2d20e4
2a000000
00000000
00000000
00000000
00000000
00000000
00000000
00000000
00000000
03000000
23010000
46000000
45000000
38000000
2c000000
20000000
16000000
0d000000
07000000
03000000
01000000
00000000
00000000
00000000
00000000
00000000
00000000
00000000
00000000
00000000
00000000
00000000
00000000
00000000
00000000
00000000
00000000
00000000
00000000
00000000
00000000
00000000
00000000
00000000
00000000
00000000
00000000
00000000
00000000
00000000
00000000
00000000
00000000
00000000
00000000
00000000
00000000
00000000
00000000
00000000
00000000
00000000
00000000
00000000
00000000
00000000
00000000
00000000
00000000
00000000
00000000
00000000
00000000
00000000
00000000
00000000
00000000
00000000
00000000
00000000
00000000
00000000
00000000
00000000
00000000
00000000
00000000
00000000
00000000
00000000
00000000
00000000
00000000
00000000
00000000
00000000
00000000
00000000
00000000
00000000
00000000
00000000
00000000
00000000
00000000
00000000
00000000
00000000
00000000
00000000
00000000
00000000
00000000
00000000
00000000
00000000
00000000
00000000
00000000
00000000
00000000
00000000
00000000
00000000
00000000
00000000
00000000
00000000
00000000
00000000
01010000
15442945
576841e8
8e4320e5
83070021
4c020000
15010000
01010000
00000000
00000000
00000000
00000000
00000000
00000000
00000000
00000000
00000000
00000000
00000000
00000000
00000000
00000000
00000000
00000000
00000000
00000000
00000000
00000000
00000000
00000000
00000000
00000000
00000000
00000000
00000000
00000000
00000000
00000000
00000000
00000000
00000000
00000000
00000000
00000000
00000000
00000000
00000000
00000000
00000000
00000000
00000000
00000000
00000000
00000000
00000000
00000000
00000000
00000000
00000000
00000000
00000000
00000000
00000000
00000000
00000000
00000000
00000000
00000000
00000000
00000000
00000000
00000000
00000000
00000000
00000000
00000000
00000000
00000000
00000000
00000000
00000000
00000000
00000000
00000000
00000000
00000000
00000000
00000000
00000000
00000000
00000000
00000000
00000000
00000000
05150821
46d851ef
89e5520f
91e5520f
594318a5
11000000
00000000
00000000
00000000
00000000
00000000
00000000
00000000
00000000
00000000
00000000
00000000
00000000
00000000
00000000
00000000
00000000
00000000
00000000
00000000
00000000
00000000
00000000
0f000000
42030020
5e000000
36000000
0b000000
00000000
00000000
00000000
00000000
00000000
00000000
00000000
00000000
00000000
00000000
00000000
00000000
00000000
00000000
00000000
00000000
00000000
00000000
00000000
00000000
00000000
00000000
00000000
00000000
00000000
00000000
00000000
00000000
00000000
00000000
00000000
00000000
00000000
00000000
00000000
00000000
00000000
00000000
00000000
00000000
00000000
00000000
00000000
00000000
00000000
00000000
00000000
00000000
00000000
00000000
00000000
00000000
00000000
00000000
00000000
00000000
00000000
00000000
00000000
00000000
00000000
00000000
00000000
00000000
00000000
00000000
00000000
00000000
00000000
00000000
00000000
00000000
00000000
00000000
00000000
00000000
00000000
00000000
00000000
00000000
00000000
00000000
00000000
00000000
00000000
00000000
00000000
00000000
00000000
00000000
00000000
00000000
00000000
00000000
00000000
00000000
00000000
00000000
00000000
00000000
00000000
00000000
00000000
00000000
00000000
00000000
00000000
00000000
00000000
00000000
00000000
00000000
00000000
00000000
00000000
00000000
00000000
00000000
00000000
00000000
00000000
00000000
00000000
00000000
00000000
00000000
00000000
00000000
00000000
030b0821
4bdd8430
9ce58c71
78503186
27010000
03010000
01010000
01000000
00000000
00000000
00000000
00000000
00000000
00000000
00000000
00000000
00000000
00000000
00000000
00000000
00000000
00000000
00000000
00000000
00000000
00000000
00000000
00000000
00000000
00000000
00000000
00000000
00010000
00010000
01020000
01010000
00010000
00000000
00000000
00000000
00000000
00000000
00000000
00000000
00000000
00000000
00000000
00000000
00000000
00000000
00000000
00000000
00000000
00000000
00000000
00000000
00000000
00000000
00000000
00000000
00000000
00000000
00000000
00000000
00000000
00000000
00000000
00000000
00000000
00000000
00000000
00000000
00000000
00000000
00000000
00000000
00000000
00000000
00000000
00000000
00000000
00000000
00000000
00000000
00000000
00000000
00000000
00000000
00000000
00000000
00000000
00000000
00000000
00000000
28893149
97e5520f
e2e5520f
e5e5520f
b3c049ad
42040000
01000000
00000000
00000000
00000000
00000000
00000000
00000000
00000000
00000000
00000000
00000000
00000000
00000000
00000000
00000000
00000000
00000000
00000000
00000000
00000000
00000000
00000000
00000000
01000000
01000000
00000000
00000000
00000000
00000000
00000000
00000000
00000000
00000000
00000000
00000000
00000000
00000000
00000000
00000000
00000000
00000000
00000000
00000000
00000000
00000000
00000000
00000000
00000000
00000000
00000000
00000000
00000000
00000000
00000000
00000000
00000000
00000000
00000000
00000000
00000000
00000000
00000000
00000000
00000000
00000000
00000000
00000000
00000000
00000000
00000000
00000000
00000000
00000000
00000000
00000000
00000000
00000000
00000000
00000000
00000000
00000000
00000000
00000000
00000000
00000000
00000000
00000000
00000000
00000000
00000000
00000000
00000000
00000000
00000000
00000000
00000000
00000000
00000000
00000000
00000000
00000000
00000000
00000000
00000000
00000000
00000000
00000000
00000000
00000000
00000000
00000000
00000000
00000000
00000000
00000000
00000000
00000000
00000000
00000000
00000000
00000000
00000000
00000000
00000000
00000000
00000000
00000000
00000000
00000000
00000000
00000000
00000000
00000000
00000000
00000000
00000000
00000000
00000000
00000000
00000000
00000000
00000000
00000000
00000000
00000000
00000000
00000000
00000000
00000000
00000000
00000000
00000000
00000000
00000000
00000000
00000000
03000000
5e915acb
c5c173ae
841b1082
1b010000
01000000
01000000
00000000
00000000
00000000
00000000
00000000
00000000
00000000
00000000
00000000
00000000
00000000
00000000
00000000
00000000
00000000
00000000
00000000
00000000
00000000
00000000
00000000
00000000
00000000
00010000
01010000
01020000
01020000
02040000
02020000
01010000
01010000
00000000
00000000
00000000
00000000
00000000
00000000
00000000
00000000
00000000
00000000
00000000
00000000
00000000
00000000
00000000
00000000
00000000
00000000
00000000
00000000
00000000
00000000
00000000
00000000
00000000
00000000
00000000
00000000
00000000
00000000
00000000
00000000
00000000
00000000
00000000
00000000
00000000
00000000
00000000
00000000
00000000
00000000
00000000
00000000
00000000
00000000
00000000
00000000
00000000
00000000
00000000
00000000
00000000
00000000
00000000
00000000
3a6020e6
ade5520f
e5e5520f
e5e5520f
c99b396a
58000000
01000000
00000000
00000000
00000000
00000000
00000000
00000000
00000000
00000000
00000000
00000000
00000000
00000000
00000000
00000000
00000000
00000000
00000000
00000000
00000000
00000000
00000000
00000000
00000000
00000000
00000000
00000000
00000000
00000000
00000000
00000000
00000000
00000000
00000000
00000000
00000000
00000000
00000000
00000000
00000000
00000000
00000000
00000000
00000000
00000000
00000000
00000000
00000000
00000000
00000000
00000000
00000000
00000000
00000000
00000000
00000000
00000000
00000000
00000000
00000000
00000000
00000000
00000000
00000000
00000000
00000000
00000000
00000000
00000000
00000000
00000000
00000000
00000000
00000000
00000000
00000000
00000000
00000000
00000000
00000000
00000000
00000000
00000000
00000000
00000000
00000000
00000000
00000000
00000000
00000000
00000000
00000000
00000000
00000000
00000000
00000000
00000000
00000000
00000000
00000000
00000000
00000000
00000000
00000000
00000000
00000000
00000000
00000000
00000000
00000000
00000000
00000000
00000000
00000000
00000000
00000000
00000000
00000000
00000000
00000000
00000000
00000000
00000000
00000000
00000000
00000000
00000000
00000000
00000000
00000000
00000000
00000000
00000000
00000000
00000000
00000000
00000000
00000000
00000000
00000000
00000000
00000000
00000000
00000000
00000000
00000000
00000000
00000000
00000000
00000000
00000000
00000000
00000000
00000000
00000000
00000000
00000000
24000000
55000000
37010000
07000000
00000000
00000000
00000000
00000000
00000000
00000000
00000000
00000000
00000000
00000000
00000000
00000000
00000000
00000000
00000000
00000000
00000000
00000000
00000000
00000000
00000000
00000000
00000000
00000000
00000000
00010000
01020000
02040000
03060000
05090000
05050000
03030000
02020000
01010000
00000000
00000000
00000000
00000000
00000000
00000000
00000000
00000000
00000000
00000000
00000000
00000000
00000000
00000000
00000000
00000000
00000000
00000000
00000000
00000000
00000000
00000000
00000000
00000000
00000000
00000000
00000000
00000000
00000000
00000000
00000000
00000000
00000000
00000000
00000000
00000000
00000000
00000000
00000000
00000000
00000000
00000000
00000000
00000000
00000000
00000000
00000000
00000000
00000000
00000000
00000000
00000000
00000000
00000000
00000000
19040000
80b641ac
d6d651ee
ddd249ee
9c1f0842
2f000000
00000000
00000000
00000000
00000000
00000000
00000000
00000000
00000000
00000000
00000000
00000000
00000000
00000000
00000000
00000000
00000000
00000000
00000000
00000000
00000000
00000000
00000000
00000000
00000000
00000000
00000000
00000000
00000000
00000000
00000000
00000000
00000000
00000000
00000000
00000000
00000000
00000000
00000000
00000000
00000000
00000000
00000000
00000000
00000000
00000000
00000000
00000000
00000000
00000000
00000000
00000000
00000000
00000000
00000000
00000000
00000000
00000000
00000000
00000000
00000000
00000000
00000000
00000000
00000000
00000000
00000000
00000000
00000000
00000000
00000000
00000000
00000000
00000000
00000000
00000000
00000000
00000000
00000000
00000000
00000000
00000000
00000000
00000000
00000000
00000000
00000000
00000000
00000000
00000000
00000000
00000000
00000000
00000000
00000000
00000000
00000000
00000000
00000000
00000000
00000000
00000000
00000000
00000000
00000000
00000000
00000000
00000000
00000000
00000000
00000000
00000000
00000000
00000000
00000000
00000000
00000000
00000000
00000000
00000000
00000000
00000000
00000000
00000000
00000000
00000000
00000000
00000000
00000000
00000000
00000000
00000000
00000000
00000000
00000000
00000000
00000000
00000000
00000000
00000000
00000000
00000000
00000000
00000000
00000000
00000000
00000000
00000000
00000000
00000000
00000000
00000000
00000000
00000000
00000000
00000000
00000000
00000000
00000000
00000000
00000000
00000000
00000000
00000000
00000000
00000000
00000000
00000000
00000000
00000000
00000000
00000000
00000000
00000000
00000000
00000000
00000000
00000000
00000000
00000000
00000000
00000000
00000000
00000000
00000000
00000000
00000000
01010000
02030000
04080000
1e6839a9
4bb86af1
42432106
14050000
03020000
01010000
00000000
00000000
00000000
00000000
00000000
00000000
00000000
00000000
00000000
00000000
00000000
00000000
00000000
00000000
00000000
00000000
00000000
00000000
00000000
00000000
00000000
00000000
00000000
00000000
00000000
00000000
00000000
00000000
00000000
00000000
00000000
00000000
00000000
00000000
00000000
00000000
00000000
00000000
00000000
00000000
00000000
00000000
00000000
00000000
00000000
00000000
00000000
00000000
00000000
00000000
00000000
00000000
00000000
00000000
00000000
01000000
2f000000
63000000
6a000000
3c000000
08000000
00000000
00000000
00000000
00000000
00000000
00000000
00000000
00000000
00000000
00000000
00000000
00000000
00000000
00000000
00000000
00000000
00000000
00000000
00000000
00000000
00000000
00000000
00000000
00000000
00000000
00000000
00000000
00000000
00000000
00000000
00000000
00000000
00000000
00000000
00000000
00000000
00000000
00000000
00000000
00000000
00000000
00000000
00000000
00000000
00000000
00000000
00000000
00000000
00000000
00000000
00000000
00000000
00000000
00000000
00000000
00000000
00000000
00000000
00000000
00000000
00000000
00000000
00000000
00000000
00000000
00000000
00000000
00000000
00000000
00000000
00000000
00000000
00000000
00000000
00000000
00000000
00000000
00000000
00000000
00000000
00000000
00000000
00000000
00000000
00000000
00000000
00000000
00000000
00000000
00000000
00000000
00000000
00000000
00000000
00000000
00000000
00000000
00000000
00000000
00000000
00000000
00000000
00000000
00000000
00000000
00000000
00000000
00000000
00000000
00000000
00000000
00000000
00000000
00000000
00000000
00000000
00000000
00000000
00000000
00000000
00000000
00000000
00000000
00000000
00000000
00000000
00000000
00000000
00000000
00000000
00000000
00000000
00000000
00000000
00000000
00000000
00000000
00000000
00000000
00000000
00000000
00000000
00000000
00000000
00000000
00000000
00000000
00000000
00000000
00000000
00000000
00000000
00000000
00000000
00000000
00000000
00000000
00000000
00000000
00000000
00000000
00000000
00000000
00000000
00000000
00000000
00000000
00000000
00000000
00000000
00000000
00000000
00000000
00000000
00000000
00000000
00000000
00000000
00000000
00000000
00000000
00000000
00000000
00000000
00000000
00000000
01030000
03060000
113418c5
68fb9417
c6ffa479
b1cc7b53
47090000
05040000
03020000
01000000
00000000
00000000
00000000
00000000
00000000
00000000
00000000
00000000
00000000
00000000
00000000
00000000
00000000
00000000
00000000
00000000
00000000
00000000
00000000
00000000
00000000
00000000
00000000
00000000
00000000
00000000
00000000
00000000
00000000
00000000
00000000
00000000
00000000
00000000
00000000
00000000
00000000
00000000
00000000
00000000
00000000
00000000
00000000
00000000
00000000
00000000
00000000
00000000
00000000
00000000
00000000
00000000
00000000
00000000
00000000
00000000
00000000
00000000
00000000
00000000
00000000
00000000
00000000
00000000
00000000
00000000
00000000
00000000
00000000
00000000
00000000
00000000
01060821
0a212125
16383a08
1e3f4249
1d3539c7
141a18e4
07030020
01000000
00000000
00000000
00000000
00000000
00000000
00000000
00000000
00000000
00000000
00000000
00000000
00000000
00000000
00000000
00000000
00000000
00000000
00000000
00000000
00000000
00000000
00000000
00000000
00000000
00000000
00000000
00000000
00000000
00000000
00000000
00000000
00000000
00000000
00000000
00000000
00000000
00000000
00000000
00000000
00000000
00000000
00000000
00000000
00000000
00000000
00000000
00000000
00000000
00000000
00000000
00000000
00000000
00000000
00000000
00000000
00000000
00000000
00000000
00000000
00000000
00000000
00000000
00000000
00000000
00000000
00000000
00000000
00000000
00000000
00000000
00000000
00000000
00000000
00000000
00000000
00000000
00000000
00000000
00000000
00000000
00000000
00000000
00000000
00000000
00000000
00000000
00000000
00000000
00000000
00000000
00000000
00000000
00000000
00000000
00000000
00000000
00000000
00000000
00000000
00000000
00000000
00000000
00000000
00000000
00000000
00000000
00000000
00000000
00000000
00000000
00000000
00000000
00000000
00000000
00000000
00000000
00000000
00000000
00000000
00000000
00000000
00000000
00000000
00000000
00000000
00000000
00000000
00000000
00000000
00000000
00000000
00000000
00000000
00000000
00000000
00000000
00000000
00000000
00000000
00000000
00000000
00000000
00000000
00000000
00000000
00000000
00000000
00000000
00000000
00000000
00000000
00000000
00000000
00000000
00000000
00000000
00000000
00000000
00000000
00000000
00000000
00000000
00000000
00000000
00000000
00000000
01020000
03040000
17201062
90f08bd6
fafd9c38
e0b86af1
65070000
06030000
03010000
01000000
00000000
00000000
00000000
00000000
00000000
00000000
00000000
00000000
00000000
00000000
00000000
00000000
00000000
00000000
00000000
00000000
00000000
00000000
00000000
00000000
00000000
00000000
00000000
00000000
00000000
00000000
00000000
00000000
00000000
00000000
00000000
00000000
00000000
00000000
00000000
00000000
00000000
00000000
00000000
00000000
00000000
00000000
00000000
00000000
00000000
00000000
00000000
00000000
00000000
00000000
00000000
00000000
00000000
00000000
00000000
00000000
00000000
00000000
00000000
00000000
00000000
00000000
00000000
00000000
00000000
00000000
00000000
00000000
00000000
00000000
01040821
0f383a08
2b6c73d0
406f73f0
4b636b6e
4e5e634e
4e656b8e
49717bf0
3d656b8f
24282966
0a010000
00000000
00000000
00000000
00000000
00000000
00000000
00000000
00000000
00000000
00000000
00000000
00000000
00000000
00000000
00000000
00000000
00000000
00000000
00000000
00000000
00000000
00000000
00000000
00000000
00000000
00000000
00000000
00000000
00000000
00000000
00000000
00000000
00000000
00000000
00000000
00000000
00000000
00000000
00000000
00000000
00000000
00000000
00000000
00000000
00000000
00000000
00000000
00000000
00000000
00000000
00000000
00000000
00000000
00000000
00000000
00000000
00000000
00000000
00000000
00000000
00000000
00000000
00000000
00000000
00000000
00000000
00000000
00000000
00000000
00000000
00000000
00000000
00000000
00000000
00000000
00000000
00000000
00000000
00000000
00000000
00000000
00000000
00000000
00000000
00000000
00000000
00000000
00000000
00000000
00000000
00000000
00000000
00000000
00000000
00000000
00000000
00000000
00000000
00000000
00000000
00000000
00000000
00000000
00000000
00000000
00000000
00000000
00000000
00000000
00000000
00000000
00000000
00000000
00000000
00000000
00000000
00000000
00000000
00000000
00000000
00000000
00000000
00000000
00000000
00000000
00000000
00000000
00000000
00000000
00000000
00000000
00000000
00000000
00000000
00000000
00000000
00000000
00000000
00000000
00000000
00000000
00000000
00000000
00000000
00000000
00000000
00000000
00000000
00000000
00000000
00000000
00000000
00000000
00000000
00000000
00000000
00000000
00000000
00000000
00000000
00000000
00000000
00000000
00000000
00000000
01010000
02030000
0b050000
4e221083
9e6739a9
8b0e0821
34040000
04020000
02010000
01000000
00000000
00000000
00000000
00000000
00000000
00000000
00000000
00000000
00000000
00000000
00000000
00000000
00000000
00000000
00000000
00000000
00000000
00000000
00000000
00000000
00000000
00000000
00000000
00000000
00000000
00000000
00000000
00000000
00000000
00000000
00000000
00000000
00000000
00000000
00000000
00000000
00000000
00000000
00000000
00000000
00000000
00000000
00000000
00000000
00000000
00000000
00000000
00000000
00000000
00000000
00000000
00000000
00000000
00000000
00000000
00000000
00000000
00000000
00000000
00000000
00000000
00000000
00000000
00000000
00000000
00000000
00000000
00000000
00000000
02080841
195a632d
406b73cf
55454a6a
51252945
431510a3
3a111082
3b1718c3
462b3186
544e52ab
537073f0
38454a6a
12020020
01000000
00000000
00000000
00000000
00000000
00000000
00000000
00000000
00000000
00000000
00000000
00000000
00000000
00000000
00000000
00000000
00000000
00000000
00000000
00000000
00000000
00000000
00000000
00000000
00000000
00000000
00000000
00000000
00000000
00000000
00000000
00000000
00000000
00000000
00000000
00000000
00000000
00000000
00000000
00000000
00000000
00000000
00000000
00000000
00000000
00000000
00000000
00000000
00000000
00000000
00000000
00000000
00000000
00000000
00000000
00000000
00000000
00000000
00000000
00000000
00000000
00000000
00000000
00000000
00000000
00000000
00000000
00000000
00000000
00000000
00000000
00000000
00000000
00000000
00000000
00000000
00000000
00000000
00000000
00000000
00000000
00000000
00000000
00000000
00000000
00000000
00000000
00000000
00000000
00000000
00000000
00000000
00000000
00000000
00000000
00000000
00000000
00000000
00000000
00000000
00000000
00000000
00000000
00000000
00000000
00000000
00000000
00000000
00000000
00000000
00000000
00000000
00000000
00000000
00000000
00000000
00000000
00000000
00000000
00000000
00000000
00000000
00000000
00000000
00000000
00000000
00000000
00000000
00000000
00000000
00000000
00000000
00000000
00000000
00000000
00000000
00000000
00000000
00000000
00000000
00000000
00000000
00000000
00000000
00000000
00000000
00000000
00000000
00000000
00000000
00000000
00000000
00000000
00000000
00000000
00000000
00000000
00000000
00000000
00000000
00000000
00000000
00000000
00000000
01010000
02020000
03030000
0c040000
25070000
20040000
06020000
03010000
01010000
00000000
00000000
00000000
00000000
00000000
00000000
00000000
00000000
00000000
00000000
00000000
00000000
00000000
00000000
00000000
00000000
00000000
00000000
00000000
00000000
00000000
00000000
00000000
00000000
00000000
00000000
00000000
00000000
00000000
00000000
00000000
00000000
00000000
00000000
00000000
00000000
00000000
00000000
00000000
00000000
00000000
00000000
00000000
00000000
00000000
00000000
00000000
00000000
00000000
00000000
00000000
00000000
00000000
00000000
00000000
00000000
00000000
00000000
00000000
00000000
01050020
01000000
00000000
00000000
00000000
00000000
00000000
00000000
00000000
01020020
18575b0c
47646b8e
552c3186
39090841
1d000000
0f000000
09000000
0a000000
11010000
220e0882
41383a08
576d73d0
3d3e4229
10000000
00000000
00000000
00000000
00000000
00000000
00000000
00000000
00000000
00000000
00000000
00000000
00000000
00000000
00000000
00000000
00000000
00000000
00000000
00000000
00000000
00000000
00000000
00000000
00000000
00000000
00000000
00000000
00000000
00000000
00000000
00000000
00000000
00000000
00000000
00000000
00000000
00000000
00000000
00000000
00000000
00000000
00000000
00000000
00000000
00000000
00000000
00000000
00000000
00000000
00000000
00000000
00000000
00000000
00000000
00000000
00000000
00000000
00000000
00000000
00000000
00000000
00000000
00000000
00000000
00000000
00000000
00000000
00000000
00000000
00000000
00000000
00000000
00000000
00000000
00000000
00000000
00000000
00000000
00000000
00000000
00000000
00000000
00000000
00000000
00000000
00000000
00000000
00000000
00000000
00000000
00000000
00000000
00000000
00000000
00000000
00000000
00000000
00000000
00000000
00000000
00000000
00000000
00000000
00000000
00000000
00000000
00000000
00000000
00000000
00000000
00000000
00000000
00000000
00000000
00000000
00000000
00000000
00000000
00000000
00000000
00000000
00000000
00000000
00000000
00000000
00000000
00000000
00000000
00000000
00000000
00000000
00000000
00000000
00000000
00000000
00000000
00000000
00000000
00000000
00000000
00000000
00000000
00000000
00000000
00000000
00000000
00000000
00000000
00000000
00000000
00000000
00000000
00000000
00000000
00000000
00000000
00000000
00000000
00000000
00000000
00000000
00000000
00000000
00000000
01010000
02010000
02020000
04030000
04020000
02010000
01010000
01000000
00000000
00000000
00000000
00000000
00000000
00000000
00000000
00000000
00000000
00000000
00000000
00000000
00000000
00000000
00000000
00000000
00000000
00000000
00000000
00000000
00000000
00000000
00000000
00000000
00000000
00000000
00000000
00000000
00000000
00000000
00000000
00000000
00000000
00000000
00000000
00000000
00000000
00000000
00000000
00000000
00000000
00000000
00000000
00000000
00000000
00000000
00000000
00000000
00000000
00000000
00000000
00000000
00000000
00000000
00000000
00000000
00000000
00000000
00000000
0d3518e4
47e27bd0
6bc56b4e
31010000
00000000
00000000
00000000
00000000
00000000
00000000
0c2f31a7
3e6e73d0
562e31a7
31040821
0e000000
02000000
00000000
00000000
00000000
00000000
04000000
14090861
3b3e4229
57727c10
321718c3
06000000
00000000
00000000
00000000
00000000
00000000
00000000
00000000
00000000
00000000
00000000
00000000
00000000
00000000
00000000
00000000
00000000
00000000
00000000
00000000
00000000
00000000
00000000
00000000
00000000
00000000
00000000
00000000
00000000
00000000
00000000
00000000
00000000
00000000
00000000
00000000
00000000
00000000
00000000
00000000
00000000
00000000
00000000
00000000
00000000
00000000
00000000
00000000
00000000
00000000
00000000
00000000
00000000
00000000
00000000
00000000
00000000
00000000
00000000
00000000
00000000
00000000
00000000
00000000
00000000
00000000
00000000
00000000
00000000
00000000
00000000
00000000
00000000
00000000
00000000
00000000
00000000
00000000
00000000
00000000
00000000
00000000
00000000
00000000
00000000
00000000
00000000
00000000
00000000
00000000
00000000
00000000
00000000
00000000
00000000
00000000
00000000
00000000
00000000
00000000
00000000
00000000
00000000
00000000
00000000
00000000
00000000
00000000
00000000
00000000
00000000
00000000
00000000
00000000
00000000
00000000
00000000
00000000
00000000
00000000
00000000
00000000
00000000
00000000
00000000
00000000
00000000
00000000
00000000
00000000
00000000
00000000
00000000
00000000
00000000
00000000
00000000
00000000
00000000
00000000
00000000
081f1082
0a090821
02000000
00000000
00000000
00000000
00000000
00000000
00000000
00000000
00000000
00000000
00000000
00000000
00000000
00000000
00000000
00000000
00000000
00000000
00000000
00000000
00000000
00000000
01000000
01000000
01000000
01000000
01000000
01000000
00000000
00000000
00000000
00000000
00000000
00000000
00000000
00000000
00000000
00000000
00000000
00000000
00000000
00000000
00000000
00000000
00000000
00000000
00000000
00000000
00000000
00000000
00000000
00000000
00000000
00000000
00000000
00000000
00000000
00000000
00000000
00000000
00000000
00000000
00000000
00000000
00000000
00000000
00000000
00000000
00000000
00000000
00000000
00000000
00000000
00000000
00000000
00000000
00000000
00000000
00000000
00000000
00000000
00000000
00000000
00000000
00000000
00000000
00000000
00000000
286c39c7
9ae57bf0
dbe27bd0
711e1082
08000000
00000000
00000000
00000000
00000000
01020000
26656b8f
544c52ab
3d0b0861
0f000000
01000000
00000000
00000000
00000000
00000000
00000000
00000000
02000000
171518c3
485c632d
4d4d52ab
19000000
00000000
00000000
00000000
00000000
00000000
00000000
00000000
00000000
00000000
00000000
00000000
00000000
00000000
00000000
00000000
00000000
00000000
00000000
00000000
00000000
00000000
00000000
00000000
00000000
00000000
00000000
00000000
00000000
00000000
00000000
00000000
00000000
00000000
00000000
00000000
00000000
00000000
00000000
00000000
00000000
00000000
00000000
00000000
00000000
00000000
00000000
00000000
00000000
00000000
00000000
00000000
00000000
00000000
00000000
00000000
00000000
00000000
00000000
00000000
00000000
00000000
00000000
00000000
00000000
00000000
00000000
00000000
00000000
00000000
00000000
00000000
00000000
00000000
00000000
00000000
00000000
00000000
00000000
00000000
00000000
00000000
00000000
00000000
00000000
00000000
00000000
00000000
00000000
00000000
00000000
00000000
00000000
00000000
00000000
00000000
00000000
00000000
00000000
00000000
00000000
00000000
00000000
00000000
00000000
00000000
00000000
00000000
00000000
00000000
00000000
00000000
00000000
00000000
00000000
00000000
00000000
00000000
00000000
00000000
00000000
00000000
00000000
00000000
00000000
00000000
00000000
00000000
00000000
00000000
00000000
00000000
00000000
00000000
00000000
00000000
00000000
00000000
00000000
00000000
11452105
52e37b51
7be37b50
4d482905
12000000
00000000
00000000
00000000
00000000
00000000
00000000
00000000
00000000
00000000
00000000
00000000
00000000
00000000
00000000
00000000
00000000
00000000
00000000
00000000
00000000
00000000
00000000
00000000
00000000
00000000
00000000
00000000
00000000
00000000
00000000
00000000
00000000
00000000
00000000
00000000
00000000
00000000
00000000
00000000
00000000
00000000
00000000
00000000
00000000
00000000
00000000
00000000
00000000
00000000
00000000
00000000
00000000
00000000
00000000
00000000
00000000
00000000
00000000
00000000
00000000
00000000
00000000
00000000
00000000
00000000
00000000
00000000
00000000
00000000
00000000
00000000
00000000
00000000
00000000
00000000
00000000
00000000
00000000
00000000
00000000
00000000
00000000
00000000
00000000
00000000
00000000
1f110841
75733a08
a3532966
55000000
07000000
00000000
00000000
00000000
00000000
051310a3
3b727c10
542e31a6
22020000
03010000
00010000
00010000
00000000
00000000
00000000
00000000
00000000
00000000
06050020
2d404229
556c73d0
2f040020
01000000
00000000
00000000
00000000
00000000
00000000
00000000
00000000
00000000
00000000
00000000
00000000
00000000
00000000
00000000
06181082
298c5acb
3f724a49
1c000000
00000000
00000000
00000000
00000000
00000000
00000000
00000000
00000000
00000000
00000000
00000000
00000000
00000000
00000000
00000000
00000000
00000000
00000000
00000000
00000000
00000000
00000000
00000000
00000000
00000000
00000000
00000000
00000000
00000000
00000000
00000000
00000000
00000000
00000000
00000000
00000000
00000000
00000000
00000000
00000000
00000000
00000000
00000000
00000000
00000000
00000000
00000000
00000000
00000000
00000000
00000000
00000000
00000000
00000000
00000000
00000000
00000000
00000000
00000000
00000000
00000000
00000000
00000000
00000000
00000000
00000000
00000000
00000000
00000000
00000000
00000000
00000000
00000000
00000000
00000000
00000000
00000000
00000000
00000000
00000000
00000000
00000000
00000000
00000000
00000000
00000000
00000000
00000000
00000000
00000000
00000000
00000000
00000000
00000000
00000000
00000000
00000000
00000000
00000000
00000000
00000000
00000000
00000000
00000000
00000000
00000000
00000000
00000000
00000000
00000000
00000000
00000000
00000000
00000000
00000000
00000000
00000000
00000000
00000000
00000000
3eb25aad
b0e57b51
e4e57b51
aca0524c
3a000000
00000000
00000000
00000000
00000000
00000000
00000000
00000000
00000000
00000000
00000000
00000000
00000000
00000000
00000000
00000000
00000000
00000000
00000000
00000000
00000000
00000000
00000000
00000000
00000000
00000000
00000000
00000000
00000000
00000000
00000000
00000000
00000000
00000000
00000000
00000000
00000000
00000000
00000000
00000000
00000000
00000000
00000000
00000000
00000000
00000000
00000000
00000000
00000000
00000000
00000000
00000000
00000000
00000000
00000000
00000000
00000000
00000000
00000000
00000000
00000000
00000000
00000000
00000000
00000000
00000000
00000000
00000000
00000000
00000000
00000000
00000000
00000000
00000000
00000000
00000000
00000000
00000000
00000000
00000000
00000000
00000000
00000000
00000000
00000000
00000000
00000000
04000000
21000000
33040001
1d1e1084
08000000
00000000
00000000
00000000
00000000
0e262945
466c73cf
4b1f2104
14020000
02020000
02030000
02020000
01020000
01010000
00000000
00000000
00000000
00000000
01010000
1d2f31a7
53727c10
3c0d1062
04000000
00000000
00000000
00000000
00000000
00000000
00000000
00000000
00000000
00000000
00000000
00000000
00000000
00000000
00000000
2b9462ec
87e59492
b2e59492
66402945
10000000
00000000
00000000
00000000
00000000
00000000
00000000
00000000
00000000
00000000
00000000
00000000
00000000
00000000
00000000
00000000
00000000
00000000
00000000
00000000
00000000
00000000
00000000
00000000
00000000
00000000
00000000
00000000
00000000
00000000
00000000
00000000
00000000
00000000
00000000
00000000
00000000
00000000
00000000
00000000
00000000
00000000
00000000
00000000
00000000
00000000
00000000
00000000
00000000
00000000
00000000
00000000
00000000
00000000
00000000
00000000
00000000
00000000
00000000
00000000
00000000
00000000
00000000
00000000
00000000
00000000
00000000
00000000
00000000
00000000
00000000
00000000
00000000
00000000
00000000
00000000
00000000
00000000
00000000
00000000
00000000
00000000
00000000
00000000
00000000
00000000
00000000
00000000
00000000
00000000
00000000
00000000
00000000
00000000
00000000
00000000
00000000
00000000
00000000
00000000
00000000
00000000
00000000
00000000
00000000
00000000
00000000
00000000
00000000
00000000
00000000
00000000
00000000
00000000
00000000
00000000
00000000
00000000
00000000
00000000
44603167
b7e57b51
e5e47b51
ac472905
3a000000
00000000
00000000
00000000
00000000
00000000
00000000
00000000
00000000
00000000
00000000
00000000
00000000
00000000
00000000
00000000
00000000
00000000
00000000
00000000
00000000
00000000
00000000
00000000
00000000
00000000
00000000
00000000
00000000
00000000
00000000
00000000
00000000
00000000
00000000
00000000
00000000
00000000
00000000
00000000
00000000
00000000
00000000
00000000
00000000
00000000
00000000
00000000
00000000
00000000
00000000
00000000
00000000
00000000
00000000
00000000
00000000
00000000
00000000
00000000
00000000
00000000
00000000
00000000
00000000
00000000
00000000
00000000
00000000
00000000
00000000
00000000
00000000
00000000
00000000
00000000
00000000
00000000
00000000
00000000
00000000
00000000
00000000
00000000
00000000
00000000
00000000
00000000
01060021
175321aa
4ab24b56
402e10e6
0b000000
00000000
00000000
00000000
14292966
496a73cf
451d2104
10040000
04070021
05090821
05070021
04040000
02020000
01010000
00000000
00000000
00000000
00010000
172c3186
50737c10
400f1082
07000000
00000000
00000000
00000000
00000000
00000000
00000000
00000000
00000000
00000000
00000000
00000000
00000000
00000000
00000000
406b4228
b2e59492
e3de8c71
881e10a2
18000000
00000000
00000000
00000000
00000000
00000000
00000000
00000000
00000000
00000000
00000000
00000000
00000000
00000000
00000000
00000000
00000000
00000000
00000000
00000000
00000000
00000000
00000000
00000000
00000000
00000000
00000000
00000000
00000000
00000000
00000000
00000000
00000000
00000000
00000000
00000000
00000000
00000000
00000000
00000000
00000000
00000000
00000000
00000000
00000000
00000000
00000000
00000000
00000000
00000000
00000000
00000000
00000000
00000000
00000000
00000000
00000000
00000000
00000000
00000000
00000000
00000000
00000000
00000000
00000000
00000000
00000000
00000000
00000000
00000000
00000000
00000000
00000000
00000000
00000000
00000000
00000000
00000000
00000000
00000000
00000000
00000000
00000000
00000000
00000000
00000000
00000000
00000000
00000000
00000000
00000000
00000000
00000000
00000000
00000000
00000000
00000000
00000000
00000000
00000000
00000000
00000000
00000000
00000000
00000000
00000000
00000000
00000000
00000000
00000000
00000000
00000000
00000000
00000000
00000000
00000000
00000000
00000000
00000000
00000000
19030000
5a201082
873218c4
57000000
12000000
00000000
00000000
00000000
00000000
00000000
00000000
00000000
00000000
00000000
00000000
00000000
00000000
00000000
00000000
00000000
00000000
00000000
00000000
00000000
00000000
00000000
00000000
00000000
00000000
00000000
00000000
00000000
00000000
00000000
00000000
00000000
00000000
00000000
00000000
00000000
00000000
00000000
00000000
00000000
00000000
00000000
00000000
00000000
00000000
00000000
00000000
00000000
00000000
00000000
00000000
00000000
00000000
00000000
00000000
00000000
00000000
00000000
00000000
00000000
00000000
00000000
00000000
00000000
00000000
00000000
00000000
00000000
00000000
00000000
00000000
00000000
00000000
00000000
00000000
00000000
00000000
00000000
00000000
00000000
00000000
00000000
00000000
00000000
00000000
00000000
00000000
02080021
1b5d29cc
61d053b9
addf4b99
a0bf4b77
442510a5
09000000
00000000
00000000
121d2104
48717bf0
48282966
150a0842
0b1518e3
111d2125
111518e3
0b0a0841
05040000
02010000
01000000
00000000
00000000
01020000
193639e8
51717bf0
3f080841
06000000
00000000
00000000
00000000
00000000
00000000
00000000
00000000
00000000
00000000
00000000
00000000
00000000
00000000
00000000
1c070821
643a2124
934f3186
789662cd
539862cd
290c0841
03000000
00000000
00000000
00000000
00000000
00000000
00000000
00000000
00000000
00000000
00000000
00000000
00000000
00000000
00000000
00000000
00000000
00000000
00000000
00000000
00000000
00000000
00000000
00000000
00000000
00000000
00000000
00000000
00000000
00000000
00000000
00000000
00000000
00000000
00000000
00000000
00000000
00000000
00000000
00000000
00000000
00000000
00000000
00000000
00000000
00000000
00000000
00000000
00000000
00000000
00000000
00000000
00000000
00000000
00000000
00000000
00000000
00000000
00000000
00000000
00000000
00000000
01020000
25923969
4fab41ab
31180841
06000000
00000000
00000000
00000000
00000000
00000000
00000000
00000000
00000000
00000000
00000000
00000000
00000000
00000000
00000000
00000000
00000000
00000000
00000000
00000000
00000000
00000000
00000000
00000000
00000000
00000000
00000000
00000000
00000000
00000000
00000000
00000000
00000000
00000000
00000000
00000000
00000000
00000000
00000000
00000000
00000000
00000000
00000000
00000000
00000000
00000000
00000000
00000000
00000000
00000000
00000000
00000000
01000000
09000000
15000000
0d000000
00000000
00000000
00000000
00000000
00000000
00000000
00000000
00000000
00000000
00000000
00000000
00000000
00000000
00000000
00000000
00000000
00000000
00000000
00000000
00000000
00000000
00000000
00000000
00000000
00000000
00000000
00000000
00000000
00000000
00000000
00000000
00000000
00000000
00000000
00000000
00000000
00000000
00000000
00000000
00000000
00000000
00000000
00000000
00000000
00000000
00000000
00000000
00000000
00000000
00000000
00000000
00000000
00000000
00000000
00000000
00000000
00000000
00000000
00000000
00000000
00000000
00000000
00000000
00000000
00000000
00000000
00000000
00000000
00000000
00000000
00000000
00000000
00000000
00000000
00000000
00000000
00000000
00000000
00000000
00000000
00000000
00000000
00000000
00000000
00000000
00000000
030b0021
1f68320d
69d55bda
b7db4358
d4c62a54
ced54317
9bb64b56
3e1d1084
07000000
00000000
09080841
42727c10
53434a4a
231718e4
1b354208
315b6b8e
30343a08
1a1318c3
0a060000
03020000
01000000
00000000
00000000
030b0841
244e52cb
555f634e
36000000
02000000
00000000
00000000
00000000
00000000
00000000
00000000
00000000
00000000
00000000
00000000
00000000
00000000
00000000
00000000
02000000
10000000
3e6f4a09
8ee59c34
bee59c34
7b6241c8
1c000000
00000000
00000000
00000000
00000000
00000000
00000000
00000000
00000000
00000000
00000000
00000000
00000000
00000000
00000000
00000000
00000000
00000000
00000000
00000000
00000000
00000000
00000000
00000000
00000000
00000000
00000000
00000000
00000000
01030000
02060000
01000000
00000000
00000000
00000000
00000000
00000000
00000000
00000000
00000000
00000000
00000000
00000000
00000000
00000000
00000000
00000000
00000000
00000000
00000000
00000000
00000000
00000000
00000000
00000000
00000000
00000000
00000000
00000000
00000000
00000000
00000000
124618a4
70e55a4e
c2e55a4e
8b863948
27000000
00000000
00000000
00000000
00000000
00000000
00000000
00000000
00000000
00000000
00000000
00000000
00000000
00000000
00010000
01010000
01010000
01010000
00000000
00000000
00000000
00000000
00000000
00000000
00000000
00000000
00000000
00000000
00000000
00000000
00000000
00000000
00000000
00000000
00000000
00000000
00000000
00000000
00000000
00000000
00000000
00000000
00000000
00000000
00000000
00000000
00000000
00000000
00000000
00000000
00000000
00000000
00000000
00000000
00000000
00000000
00000000
00000000
00000000
00000000
00000000
00000000
00000000
00000000
00000000
00000000
00000000
00000000
00000000
00000000
00000000
00000000
00000000
00000000
00000000
00000000
00000000
00000000
00000000
00000000
00000000
00000000
00000000
00000000
00000000
00000000
00000000
00000000
00000000
00000000
00000000
00000000
00000000
00000000
00000000
00000000
00000000
00000000
00000000
00000000
00000000
00000000
00000000
00000000
00000000
00000000
00000000
00000000
00000000
00000000
00000000
00000000
00000000
00000000
00000000
00000000
00000000
00000000
00000000
00000000
00000000
00000000
00000000
00000000
00000000
00000000
00000000
00000000
00000000
00000000
00000000
00000000
00000000
00000000
00000000
00000000
00000000
00000000
00000000
00000000
00000000
040f0842
2373322f
70d95bda
bcd94338
d3c42a53
c8b919d1
c4bd21f2
c8d74338
95ab4b35
37160863
05000000
02000000
324e52cb
5a666baf
3c3139c7
314652ab
598fa597
594452ab
281618e4
0d070021
04020000
01000000
00000000
01020000
0d282966
3b6c73cf
523031a7
24000000
00000000
00000000
00000000
00000000
00000000
00000000
00000000
00000000
00000000
00000000
00000000
00000000
00000000
00010000
071d0881
1a4c1162
2b5e19a2
58923aa7
b3e88430
e5e08c12
962f20e4
24000000
00000000
00000000
00000000
00000000
00000000
00000000
00000000
00000000
00000000
00000000
00000000
00000000
00000000
00000000
00000000
00000000
00000000
00000000
00000000
00000000
00000000
00000000
00000000
00000000
00000000
00000000
00000000
22893149
5ce3520f
71d749ee
3d160821
06000000
00000000
00000000
00000000
00000000
00000000
00000000
00000000
00000000
00000000
00000000
00000000
00000000
00000000
00000000
00000000
00000000
00000000
00000000
00000000
00000000
00000000
00000000
00000000
00000000
00000000
00000000
00000000
00000000
00000000
16110821
82ce520d
dfe45a2e
a33e18a4
31000000
00000000
00000000
00000000
00000000
00000000
00000000
00000000
00000000
00000000
00000000
00000000
00000000
00010000
01020000
02030000
02030000
02020000
01010000
00000000
00000000
00000000
00000000
00000000
00000000
00000000
00000000
00000000
04110821
0d220842
09000000
00000000
00000000
00000000
00000000
00000000
00000000
00000000
00000000
00000000
00000000
00000000
00000000
00000000
00000000
00000000
00000000
00000000
00000000
00000000
00000000
00000000
00000000
00000000
00000000
00000000
00000000
00000000
00000000
00000000
00000000
00000000
00000000
00000000
00000000
00000000
00000000
00000000
00000000
00000000
00000000
00000000
00000000
00000000
00000000
00000000
00000000
00000000
030c0862
05070821
02000000
00000000
00000000
00000000
00000000
00000000
00000000
00000000
00000000
00000000
00000000
00000000
00000000
00000000
00000000
00000000
00000000
00000000
00000000
00000000
00000000
00000000
00000000
00000000
00000000
00000000
00000000
00000000
00000000
00000000
00000000
00000000
00000000
00000000
00000000
00000000
00000000
00000000
00000000
00000000
00000000
00000000
00000000
00000000
00000000
00000000
00000000
00000000
00000000
00000000
00000000
00000000
00000000
00000000
00000000
00000000
00000000
00000000
00000000
00000000
05130862
287e3a70
77dc5bfb
c0d74338
d3c22a53
c6b919d1
bbb819d1
b9b819d1
c2be2212
c6d94358
8e9f42f4
31100842
04000000
18111082
4e747c11
595b634d
42384229
51374229
4c242966
230f1083
0c050000
04020000
01000000
01030000
091e2104
285a632d
5461636e
40040021
0d000000
00000000
00000000
00000000
00000000
00000000
00000000
00000000
00000000
00000000
00000000
01040000
02040020
01010000
12461141
3e922ac3
669c2b24
799f3344
8b9f3344
b1aa3b65
c49c3304
8a7c2243
3e4e1162
1d2508a1
0b070020
02000000
00000000
00000000
00000000
00000000
00000000
00000000
00000000
00000000
00000000
00000000
00000000
00000000
00000000
00000000
00000000
00000000
00000000
00000000
00000000
00000000
00000000
00000000
00000000
08200842
63e2520f
cde8520f
e2e7520f
988b3149
28000000
00000000
00000000
00000000
00000000
00000000
00000000
00000000
00000000
00000000
00000000
00000000
00000000
00000000
00000000
00000000
00000000
00000000
00000000
00000000
00000000
00000000
00000000
00000000
00000000
00000000
00000000
00000000
00000000
00000000
04000000
3b0d0821
72070020
4b000000
10000000
00000000
00000000
00000000
00000000
00000000
00000000
00000000
00000000
00000000
00000000
00000000
00000000
01010000
05120841
298d626e
4c9f6ad0
2e161062
06010000
01010000
00000000
00000000
00000000
00000000
00000000
00000000
00000000
02080020
3ee049cd
7bdb49cd
48240842
09000000
00000000
00000000
00000000
00000000
00000000
00000000
00000000
00000000
00000000
00000000
00000000
00000000
00000000
00000000
00000000
00000000
00000000
00000000
00000000
00000000
00000000
00000000
00000000
00000000
00000000
00000000
00000000
00000000
00000000
00000000
00000000
00000000
00000000
00000000
00000000
00000000
00000000
00000000
00000000
00000000
00000000
00000000
00000000
01030020
092018e5
226542b0
46a66c59
3a2c1927
0d000000
00000000
00000000
00000000
00000000
00000000
00000000
00000000
00000000
00000000
00000000
00000000
00000000
00000000
00000000
00000000
00000000
00000000
00000000
00000000
00000000
00000000
00000000
00000000
00000000
00000000
00000000
00000000
00000000
00000000
00000000
00000000
00000000
00000000
00000000
00000000
00000000
00000000
00000000
00000000
00000000
00000000
00000000
00000000
00000000
00000000
00000000
00000000
00000000
00000000
00000000
00000000
00000000
00000000
00000000
00000000
00000000
00000000
00000000
06180863
2d8942b2
7edf5bfc
c4d64338
d3c12a54
c5b919f2
bbb819f1
b8b819f1
b8b819f1
bab819f1
c4bf2233
c5da4b79
879342d3
2c0c0841
08010000
2b272966
5c798451
5a5e636e
413539e8
2a1818e4
150a0841
09050821
04060821
060f1082
102d31a6
2a5c632d
506b73cf
4e1210a3
1e000000
01000000
00000000
00000000
00000000
00000000
00000000
00000000
00000000
00000000
00000000
1e7839e8
52cd634d
5d9d528a
353210e2
44952ac3
84a13364
9ea93bc4
a4ad3c05
a6ae3c05
a9ad3c05
a7a93bc5
99a43384
839f3344
6b9a2b04
548c2aa3
3d6219c2
222508a1
09010000
00000000
00000000
00000000
00000000
00000000
00000000
00000000
00000000
00000000
00000000
00000000
00000000
00000000
00000000
00000000
00000000
00000000
00000000
00000000
00000000
00000000
0a090021
74c649cd
dee7520f
e7e6520f
aa5120c5
37000000
00000000
00000000
00000000
00000000
00000000
00000000
00000000
00000000
00000000
00000000
00010000
00010000
01010000
01020000
01010000
01010000
00000000
00000000
00000000
00000000
00000000
00000000
00000000
00000000
00000000
00000000
00000000
00000000
00000000
00000000
03000000
05000000
02000000
00000000
00000000
00000000
00000000
00000000
00000000
00000000
00000000
00000000
00000000
00000000
00000000
00010000
01020000
15402906
75f4a459
c5f6ac59
7e4f3168
1a030000
01010000
00000000
00000000
00000000
00000000
00000000
00000000
00000000
07140821
72cc41ac
d9de49cd
7d190841
0f000000
00000000
00000000
00000000
00000000
00000000
00000000
00000000
00000000
00000000
00000000
00000000
00000000
00000000
00000000
00000000
00000000
00000000
00000000
00000000
00000000
00000000
00000000
00000000
00000000
00000000
00000000
00000000
00000000
00000000
00000000
00000000
00000000
00000000
00000000
00000000
00000000
00000000
00000000
00000000
00000000
00000000
040e0862
144129ca
369363d6
62d3855d
90e78d9f
b7e795bf
8a6c4ad1
27020000
01000000
00000000
00000000
00000000
00000000
00000000
00000000
00000000
00000000
00000000
00000000
00000000
00000000
00000000
00000000
00000000
00000000
00000000
00000000
00000000
00000000
00000000
00000000
00000000
00000000
00000000
00000000
00000000
00000000
00000000
00000000
00000000
00000000
00000000
00000000
00000000
00000000
00000000
00000000
00000000
00000000
00000000
00000000
00000000
00000000
00000000
00000000
00000000
00000000
00000000
00000000
00000000
00000000
00000000
00000000
00000000
00000000
081e10a4
339442f4
86e05c1d
c7d44338
d2c02a54
c4b821f2
bbb821f2
b8b819f2
b8b819f2
b8b819f2
b8b819f2
bab819f2
c5c12a54
c2db4b9a
80863a91
27090021
0d010000
31212125
596c73d0
5c7073f0
45555b0c
2e414249
233b4208
22424a49
2b575b0c
406f73f0
555c634d
4d101082
24000000
05000000
00000000
00000000
00000000
00000000
00000000
00000000
00000000
00000000
00000000
030b0821
58dc6b8e
c1e573af
cde573af
9ab54327
87a03344
a0ac3be5
abb44465
b1ba44c6
b4bc4ce6
b4bb44c6
b2b844a6
aeb34465
a9af3c25
a5aa3be5
9ea633a4
8da03344
70972ae3
45581982
17040000
01000000
00000000
00000000
00000000
00000000
00000000
00000000
00000000
00000000
00000000
00000000
00000000
00010000
01010000
01010000
00000000
00000000
00000000
00000000
00000000
02000000
41351083
987f3128
af702907
6a020000
15000000
00000000
00000000
00000000
00000000
00000000
00000000
00000000
00000000
00000000
00010000
01010000
01020000
02030000
03040000
03030000
02020000
01010000
00000000
00000000
00000000
00000000
00000000
00000000
00000000
00000000
00000000
00000000
00000000
00010000
01010000
01020000
01030000
02030000
02050000
03070020
03040000
02030000
01020000
01020000
01010000
00000000
00000000
00000000
00000000
00000000
00010000
01010000
181b1062
82bb8353
dbc58374
8b221883
1d020000
02010000
00000000
00000000
00000000
00000000
00000000
00000000
00000000
05000000
3d140821
720c0021
41000000
06000000
00000000
00000000
00000000
00000000
00000000
00000000
00000000
00000000
00000000
00000000
00000000
00000000
00000000
00000000
00000000
00000000
00000000
00000000
00000000
00000000
00000000
00000000
00000000
00000000
00000000
00000000
00000000
00000000
00000000
00000000
00000000
00000000
00000000
00000000
00000000
00000000
00000000
00000000
01040021
0a2418e6
246b4af1
4dba7cfb
7be38dbf
a7e4855f
c9d874bd
dad46c5d
e2e7857f
bbb1749a
4d161083
06000000
00000000
00000000
00000000
00000000
00000000
00000000
00000000
00000000
00000000
00000000
00000000
00000000
00000000
00000000
00000000
00000000
00000000
00000000
00000000
00000000
00000000
00000000
00000000
00000000
00000000
00000000
00000000
00000000
00000000
00000000
00000000
00000000
00000000
00000000
00000000
00000000
00000000
00000000
00000000
00000000
00000000
00000000
00000000
00000000
00000000
00000000
00000000
00000000
00000000
00000000
00000000
00000000
00000000
00000000
00000000
092510c5
399f4b36
8de15c1d
cad23b18
d1bf2a54
c3b821f2
bab821f2
b8b821f2
b8b821f2
b8b821f2
b8b821f2
b8b821f2
b8b821f2
bab821f2
c6c32a74
c0dc53bb
79783a50
22060021
0a010000
26070841
453231c7
545a632d
576c73d0
566f73f0
556973af
55525aec
4f252945
3d020020
1c000000
04000000
00000000
00000000
00000000
00000000
00000000
00000000
00000000
00000000
00000000
00000000
08160861
74d26b4e
dee573af
e5e573af
cbad3b25
aaa633a4
a9b44465
b4be4d06
bcc44d67
c0c75587
c1c755a7
c0c55567
bdc24d26
b8be4ce6
b4ba44c6
b0b54485
abaf3c25
a4a733a4
8d9c2b24
54561982
17000000
00000000
00000000
00000000
00000000
00000000
00000000
00000000
00000000
00000000
00000000
00010000
09231062
297d3148
2f3b1884
0f010000
00000000
00000000
00000000
00000000
00000000
0d000000
2d000000
3c000000
1c000000
01000000
00000000
00000000
00000000
00000000
00000000
00000000
00000000
00000000
00000000
01010000
01020000
03040000
0b2318c3
142420e4
0c060000
03030000
02020000
01010000
00000000
00000000
00000000
00000000
00000000
00000000
00000000
00000000
00000000
00000000
01020000
02030000
03040000
04060000
05080000
070b0841
0a100862
09080000
05070000
04050000
03030000
02020000
01000000
00000000
00000000
00000000
00000000
00000000
01010000
08020000
37030000
62040000
3b020000
0a010000
01000000
00000000
00000000
00000000
00000000
00000000
00000000
00000000
00000000
05000000
08000000
03000000
00000000
00000000
00000000
00000000
00000000
00000000
00000000
00000000
00000000
00000000
00000000
00000000
00000000
00000000
00000000
00000000
00000000
00000000
00000000
00000000
00000000
00000000
00000000
00000000
00000000
00000000
00000000
00000000
00000000
00000000
00000000
00000000
00000000
00000000
00000000
00000000
00000000
04100863
154531ec
38986c37
65d68d9e
93e78dbf
bbde7d1e
d3d2645d
d8c753ba
d1bf4b57
cdc95bda
d9df7cfe
d5de8d7e
7b4731cb
17000000
00000000
00000000
00000000
00000000
00000000
00000000
00000000
00000000
00000000
00000000
00000000
00000000
00000000
00000000
00000000
00000000
00000000
00000000
00000000
00000000
00000000
00000000
00000000
00000000
00000000
00000000
00000000
00000000
00000000
00000000
00000000
00000000
00000000
00000000
00000000
00000000
00000000
00000000
00000000
00000000
00000000
00000000
00000000
00000000
00000000
00000000
00000000
00000000
00000000
00000000
00000000
00000000
00000000
00010000
0b2d10e6
3fa94b77
93e25c1d
ccd03b18
d0be2a54
c2b82213
bab82213
b8b82213
b8b82213
b8b82213
b8b821f3
b8b821f3
b8b821f3
b8b821f2
b8b821f2
bbb821f2
c7c52a95
bddb53db
716b320e
1d040000
03000000
0f000000
23000000
32020020
38040021
38010000
2f000000
1e000000
0a000000
01000000
00000000
00000000
00000000
00000000
00000000
00000000
00000000
00000000
00000000
00000000
00000000
05000000
43241082
9b914a49
ab532945
9e952ae4
a5aa3be5
b0ba44c6
bcc55567
c5cd55e7
cad15e48
ccd25e48
ccd15e47
c9ce5e07
c6ca55c7
c2c75587
bec34d46
b9bc4ce6
b2b44465
a8a83ba4
8c972ae4
452608a1
0a000000
00000000
00000000
00000000
00000000
00000000
00000000
00000000
00000000
00010000
01020000
37b549cc
91ee5a70
9cc9520e
42030000
01010000
00000000
00000000
00000000
00000000
00000000
00000000
00000000
00000000
00000000
00000000
00000000
00000000
00000000
00000000
00000000
00000000
00000000
00000000
01010000
02030000
09181082
47dbc618
87fadf1b
6981738e
24050000
03020000
01010000
00000000
00000000
00000000
00000000
00000000
00000000
00000000
00000000
00000000
00000000
01030000
03040000
05070000
070b0821
0a0e1062
0d1410a2
131b18c3
110f1082
0a0b0841
08080000
05050000
03030000
01000000
00000000
00000000
00000000
00000000
00000000
00000000
01010000
02010000
02020000
02010000
01000000
00000000
00000000
00000000
00000000
00000000
00000000
00000000
00000000
00000000
00000000
00000000
00000000
00000000
00000000
00000000
00000000
00000000
00000000
00000000
00000000
00000000
00000000
00000000
00000000
00000000
00000000
00000000
00000000
00000000
00000000
00000000
00000000
00000000
00000000
00000000
00000000
00000000
00000000
00000000
00000000
00000000
00000000
00000000
00000000
00000000
00000000
01050021
0b271927
26715332
50be853c
7ee495df
a9e3857f
cad874de
d8cc641c
d5c25399
cbbb4337
c3b84316
beb842f6
c1c24b58
d0d76c7d
dfea8d9f
a78e5b95
37080821
02000000
00000000
00000000
00000000
00000000
00000000
00000000
00000000
00000000
00000000
00000000
00000000
00000000
00000000
00000000
00000000
00000000
00000000
00000000
00000000
00000000
00000000
00000000
00000000
00000000
00000000
00000000
00000000
00000000
00000000
00000000
00000000
00000000
00000000
00000000
00000000
00000000
00000000
00000000
00000000
00000000
00000000
00000000
00000000
00000000
00000000
00000000
00000000
00000000
00000000
00000000
00000000
00020000
0e351928
45b253b9
9ae15c1e
cece3b19
cfbd2255
c1b82213
b9b82213
b8b82213
b8b82213
b8b82213
b8b82213
b8b82213
b8b82213
b8b82213
b8b82213
b8b82213
b8b82213
bbb82213
c8c732b6
bada53dc
695e29ed
19020000
01000000
00000000
01000000
02000000
01000000
00000000
00000000
00000000
00000000
00000000
00000000
00000000
00000000
00000000
00000000
00000000
00000000
00000000
00000000
00000000
00000000
09000000
2d000000
3a030000
5f902ac3
9fac3c05
b3bd4d06
c2cb55c7
ccd35e68
d3d966c8
d6db6708
d6da66e8
d4d866c8
d1d56688
ced25e48
cace5e07
c5c75587
bdbe4d06
b3b13c45
a5a33364
75742223
27020000
01000000
00000000
00000000
00000000
00000000
00000000
00000000
00000000
00000000
01010000
4f853149
c5eb5a50
d09e398b
5b010000
01000000
00000000
00000000
00000000
00000000
00000000
00000000
00000000
00000000
00000000
00000000
00000000
00000000
00000000
00000000
00000000
00000000
00000000
00000000
01030000
03050000
1c4e4228
8ffbe73c
f4feef7d
d2cdb5d6
57080020
05040000
02010000
01000000
00000000
00000000
00000000
00000000
00000000
00000000
00000000
00000000
00000000
02040000
04060000
070b0841
0b111082
111918c3
18242104
212f2965
1d1b18c3
12131082
0d0c0861
08070000
05040000
02010000
00000000
00000000
00000000
00000000
00000000
00000000
00000000
01000000
01000000
01000000
00000000
00000000
00000000
00000000
00000000
00000000
00000000
00000000
00000000
00000000
00000000
00000000
00000000
00000000
00000000
00000000
00000000
00000000
00000000
00000000
00000000
00000000
00000000
00000000
00000000
00000000
00000000
00000000
00000000
00000000
00000000
00000000
00000000
00000000
00000000
00000000
00000000
00000000
00000000
00000000
00000000
00000000
00000000
00000000
00010000
05121083
174a322d
3b9d6c78
68d895de
96e695df
bddd7d3f
d4d16c7d
d8c65bdb
d0be4b78
c7b94337
c0b84316
bbb84316
b9b842f6
b8b842f5
bcbc4316
c9ce5bfa
dde47d1f
c9ca84fc
62291906
0c000000
00000000
00000000
00000000
00000000
00000000
00000000
00000000
00000000
00000000
00000000
00000000
00000000
00000000
00000000
00000000
00000000
00000000
00000000
00000000
00000000
00000000
00000000
00000000
00000000
00000000
00000000
00000000
00000000
00000000
00000000
00000000
00000000
00000000
00000000
00000000
00000000
00000000
00000000
00000000
00000000
00000000
00000000
00000000
00000000
00000000
00000000
00000000
00000000
00000000
00000000
00000000
02070021
2e7a3a92
91e25c5e
d1ce3b19
cebc2255
c0b82234
b9b82234
b8b82234
b8b82234
b8b82234
b8b82234
b8b82233
b8b82213
b8b82213
b8b82213
b8b82213
b8b82213
b8b82213
b8b82213
bcb92213
c8c932d7
b6d753fc
625129ab
15010000
00000000
00000000
00000000
00000000
00000000
00000000
00000000
00000000
00000000
00000000
00000000
00000000
00000000
00000000
00000000
00000000
00000000
00000000
00000000
00000000
00000000
00000000
01000000
46862a83
9cac3c05
b5bf4d06
c5cd5e07
d1d866c8
d9df6f49
dde26f89
dfe36f89
dde16f69
dbde6f29
d8db6708
d5d766a8
cfd05e27
c7c65587
bcb944a6
aeab3be5
979b2b04
523510e1
0e000000
00000000
00000000
00000000
00000000
00000000
00000000
00000000
00000000
01010000
22020000
631a0842
6c0c0821
2b010000
01000000
00000000
00000000
00000000
00000000
00000000
00000000
00000000
00000000
00000000
00000000
00000000
00000000
00000000
00000000
00000000
00000000
00000000
00000000
01010000
03030000
17060000
7fab9cd3
e0dbc638
ba4031a6
46040000
05020000
02010000
01000000
00000000
00000000
00000000
00000000
00000000
00000000
00000000
00000000
00000000
02040000
06080000
0a0f1082
111a18c3
203d41e8
53d3df1c
7bc4c659
61777bcf
311e18e3
13111082
0b0a0020
07050000
03010000
00000000
00000000
00000000
00000000
00000000
00000000
00000000
00000000
00000000
00000000
00000000
00000000
00000000
00000000
00000000
00000000
00000000
00000000
00000000
00000000
00000000
00000000
00000000
00000000
00000000
00000000
00000000
00000000
00000000
00000000
00000000
00000000
00000000
00000000
00000000
00000000
00000000
00000000
00000000
00000000
00000000
00000000
00000000
00000000
00000000
00000000
00000000
00000000
00000000
00000000
00000000
00000000
01060021
0c2b2148
28765373
53c2857c
81e5961f
ace38dbf
ccd774fe
d8cb643d
d4c153ba
cbbb4b58
c3b84337
bdb84317
bab84316
b8b84316
b8b842f6
b8b842f5
b8b83ad5
b9b942f5
c2c65378
d5db6c9d
dce78d7f
906742af
25020000
00000000
00000000
00000000
00000000
00000000
00000000
00000000
00000000
00000000
00000000
00000000
00000000
00000000
00000000
00000000
00000000
00000000
00000000
00000000
00000000
00000000
00000000
00000000
00000000
00000000
00000000
00000000
00000000
00000000
00000000
00000000
00000000
00000000
00000000
00000000
00000000
00000000
00000000
00000000
00000000
00000000
00000000
00000000
00000000
00000000
00000000
00000000
00000000
00000000
00000000
00000000
02000000
230d0842
80964315
c8da4bdd
c9bf2a76
bbb82234
b8b82234
b8b82234
b8b82234
b8b82234
b8b82234
b8b82234
b8b82234
b8b82234
b8b82234
b8b82234
b8b82234
b8b82234
b8b82234
b8b82233
bdb92234
c9cb3af8
b1d35bfc
5a44216a
12000000
00000000
00000000
00000000
00000000
00000000
00000000
00000000
00000000
00000000
00000000
00000000
00000000
00000000
00000000
00000000
00000000
00000000
00000000
00000000
00000000
00000000
00000000
417f2263
97aa3be5
b5be4d06
c6ce5e27
d4db6709
dde37789
e3e877ea
e5e977ea
e5e877ea
e3e677c9
e1e36f89
ddde6f29
d7d766a8
cecc55e7
c3c14d26
b6b34465
a7a53384
808a2aa3
35140840
05000000
00000000
00000000
00000000
00000000
00000000
00000000
00000000
00000000
01000000
08010000
0a010000
03000000
00000000
00000000
00000000
00000000
00000000
00000000
00000000
00000000
00000000
00000000
00000000
00000000
00000000
00000000
00000000
00000000
00000000
00000000
00000000
01010000
02020000
04030000
2f060000
65080020
4a050000
13030000
03010000
01010000
00000000
00000000
00000000
00000000
00000000
00000000
00000000
00000000
00000000
00000000
03060000
070b0841
0e1410a2
1a2a2965
57dcdefb
bbffffff
e5ffffff
ccf6ffdf
6e2d2965
1d1718a3
100d0861
09070000
04010000
01000000
00000000
00000000
00000000
00000000
00000000
00000000
00000000
00000000
00000000
00000000
00000000
00000000
00000000
00000000
00000000
00000000
00000000
00000000
00000000
00000000
00000000
00000000
00000000
00000000
00000000
00000000
00000000
00000000
00000000
00000000
00000000
00000000
00000000
00000000
00000000
00000000
00000000
00000000
00000000
00000000
00000000
00000000
00000000
00000000
00000000
00000000
00000000
00000000
00010000
05141084
194f3a4e
3ea374b9
6bda961f
98e6961f
bfdc855f
d5d16c9e
d7c65c1c
cfbe4b99
c6b94b58
c0b84337
bbb84337
b9b84317
b8b84316
b8b84316
b8b84316
b8b842f6
b8b842f5
b8b83ad5
b8b83ad5
bdbf4336
cdd2641b
dfe8853f
b9ad6c39
4b140883
05000000
00000000
00000000
00000000
00000000
00000000
00000000
00000000
00000000
00000000
00000000
00000000
00000000
00000000
00000000
00000000
00000000
00000000
00000000
00000000
00000000
00000000
00000000
00000000
00000000
00000000
00000000
00000000
00000000
00000000
00000000
00000000
00000000
00000000
00000000
00000000
00000000
00000000
00000000
00000000
00000000
00000000
00000000
00000000
00000000
00000000
00000000
00000000
00000000
00000000
00000000
00000000
03000000
2d110863
89a24b57
c5d94bbc
c3be2a76
b9b82235
b8b82235
b8b82235
b8b82235
b8b82234
b8b82234
b8b82234
b8b82234
b8b82234
b8b82234
b8b82234
b8b82234
b8b82234
b8b82234
b8b82234
bdb92234
c9cd3b19
adce5bfc
53391928
0e000000
00000000
00000000
00000000
00000000
00000000
00000000
00000000
00000000
00000000
00000000
00000000
00000000
00000000
00000000
00000000
00000000
00000000
00000000
00000000
00000000
01030000
43892aa3
97aa3be5
b4bd4d06
c5cd5e08
d4db6f09
dfe577ca
e6eb7fea
eaed7fea
ebed7fea
e9eb7fea
e7e977ea
e3e36f89
dddb6708
d4d25e48
cac855a7
bebc4ce6
b1af3c25
a0a13364
6e782223
25080020
02000000
00000000
00000000
00000000
00000000
00000000
00000000
00000000
00000000
00000000
00000000
00000000
00000000
00000000
00000000
00000000
00000000
00000000
00000000
00000000
00000000
00000000
00000000
00000000
00000000
00000000
00000000
00000000
00000000
00000000
00000000
00000000
01010000
02020000
03020000
05040000
05020000
03010000
02010000
01000000
00000000
00000000
00000000
00000000
00000000
00000000
00000000
00000000
00000000
00000000
040b0841
0b121082
141e18e3
24353186
8aeff7be
f2ffffff
ffffffff
fdffffff
a46c6b6e
35222104
161410a2
0d0c0841
05020000
01000000
00000000
00000000
00000000
00000000
00000000
00000000
00000000
00000000
00000000
00000000
00000000
00000000
00000000
00000000
00000000
00000000
00000000
00000000
00000000
00000000
00000000
00000000
00000000
00000000
00000000
00000000
00000000
00000000
00000000
00000000
00000000
00000000
00000000
00000000
00000000
00000000
00000000
00000000
00000000
00000000
00000000
00000000
00000000
00000000
00000000
00000000
02070841
0d2f2168
2b7c5b94
56c68dbd
84e59e5f
aee28ddf
cdd67d1f
d8cb645d
d4c153db
cabb4b79
c2b84b58
bdb84338
bab84338
b8b84337
b8b84317
b8b84317
b8b84316
b8b84316
b8b842f6
b8b842f5
b8b83ad5
b8b83ad5
b8b83ad5
baba42f5
c5ca5398
d9e074be
d4dc853e
784329aa
16000000
00000000
00000000
00000000
00000000
00000000
00000000
00000000
00000000
00000000
00000000
00000000
00000000
00000000
00000000
00000000
00000000
00000000
00000000
00000000
00000000
00000000
00000000
00000000
00000000
00000000
00000000
00000000
00000000
00000000
00000000
00000000
00000000
00000000
00000000
00000000
00000000
00000000
00000000
00000000
00000000
00000000
00000000
00000000
00000000
00000000
00000000
00000000
00000000
00000000
00000000
00000000
00000000
04000000
33170884
90ad5399
c7d74bbc
c2bd2a76
b9b82255
b8b82255
b8b82255
b8b82255
b8b82255
b8b82255
b8b82255
b8b82255
b8b82235
b8b82235
b8b82235
b8b82235
b8b82234
b8b82234
b8b82234
beba2255
c9d0433a
a8c75bfc
4c2f1907
0c000000
00000000
00000000
00000000
00000000
00000000
00000000
00000000
00000000
00000000
00000000
00000000
00000000
00000000
00000000
00000000
00000000
00000000
00000000
00000000
0b2b08c1
559c3324
a0af4425
b5bf4d27
c6ce5e28
d4da6f09
e0e577ca
e8ec7fea
edf087eb
eef07feb
eeef7feb
ecec7fea
e8e777ca
e1e06f69
dad966c8
d1d05e27
c6c65587
bbba44c6
aead3c05
999f3344
606219c2
1b020000
00000000
00000000
00000000
00000000
00000000
00000000
00000000
00000000
00000000
00000000
00000000
00000000
00000000
00000000
00000000
00000000
00000000
00000000
00000000
00000000
00000000
00000000
00000000
00000000
00000000
00000000
00000000
00000000
00000000
00000000
00000000
00000000
01010000
02010000
02020000
02010000
01010000
01000000
00000000
00000000
00000000
00000000
00000000
00000000
00000000
00000000
00000000
00000000
00000000
04050000
0b090020
13121082
212018e3
7db0b5b6
e7ffffff
ffffffff
f0c3ce79
96282945
331410a2
150b0841
0c060000
05010000
01000000
00000000
00000000
00000000
00000000
00000000
00000000
00000000
00000000
00000000
00000000
00000000
00000000
00000000
00000000
00000000
00000000
00000000
00000000
00000000
00000000
00000000
00000000
00000000
00000000
00000000
00000000
00000000
00000000
00000000
00000000
00000000
00000000
00000000
00000000
00000000
00000000
00000000
00000000
00000000
00000000
00000000
00000000
00000000
00010000
061710a4
1b54426f
41a87cda
6edc9e3f
9be6963f
c1dc857f
d6d06cde
d7c55c3d
cebd53bb
c6b94b79
bfb84b59
bbb84b58
b9b84b58
b8b84338
b8b84337
b8b84337
b8b84317
b8b84316
b8b84316
b8b84316
b8b842f6
b8b842f5
b8b83ad5
b8b83ad5
b8b83ad4
b9b83ad4
c0c24b36
d1d7643b
dfea855f
a4895354
35070021
02000000
00000000
00000000
00000000
00000000
00000000
00000000
00000000
00000000
00000000
00000000
00000000
00000000
00000000
00000000
00000000
00000000
00000000
00000000
00000000
00000000
00000000
00000000
00000000
00000000
00000000
00000000
00000000
00000000
00000000
00000000
00000000
00000000
00000000
00000000
00000000
00000000
00000000
00000000
00000000
00000000
00000000
00000000
00000000
00000000
00000000
00000000
00000000
00000000
00000000
00000000
00000000
00000000
06000000
391e10a4
96b853da
c8d44b9c
c1bc2a76
b9b82255
b8b82255
b8b82255
b8b82255
b8b82255
b8b82255
b8b82255
b8b82255
b8b82255
b8b82255
b8b82255
b8b82255
b8b82255
b8b82255
b9b82255
bfbb2255
c9d2437b
a2c053db
452610c6
09000000
00000000
00000000
00000000
00000000
00000000
00000000
00000000
00000000
00000000
00000000
00000000
00000000
00000000
00000000
00000000
00000000
00000000
01060020
2c7f2263
7ba73bc5
aab84cc6
bbc655a7
cad366a9
d6dd776a
e1e67fea
e9ec7feb
eef087eb
f0f287eb
f1f187eb
efef7fea
ebeb7fea
e6e577c9
dfdf6f49
d8d766a8
cfce5e07
c4c34d46
b8b74485
aba93bc5
919a2b04
4d3610e1
0e000000
00000000
00000000
00000000
00010000
05141060
13363141
1c3a3961
151c20e2
07020000
01000000
00000000
00000000
00000000
00000000
00000000
00000000
00000000
00000000
00000000
00000000
00000000
00000000
00000000
00000000
00000000
00000000
00000000
00000000
00000000
00000000
00000000
00000000
01000000
01000000
01000000
00000000
00000000
00000000
00000000
00000000
00000000
00000000
00000000
00000000
00000000
00000000
00000000
00000000
02040000
07080000
0c0d0862
151610a2
42242104
8b5b5aec
ba9094d3
9f2c3186
4c1918c3
190f1082
0e090000
08050000
03010000
00000000
00000000
00000000
00000000
00000000
00000000
00000000
00000000
00000000
00000000
00000000
00000000
00000000
00000000
00000000
00000000
00000000
00000000
00000000
00000000
00000000
00000000
00000000
00000000
00000000
00000000
00000000
00000000
00000000
00000000
00000000
00000000
00000000
00000000
00000000
00000000
00000000
00000000
00000000
00000000
00000000
00000000
02080841
0f332989
2d825bd5
59c995dd
87e69e5f
b1e18ddf
cfd57d3f
d8ca647e
d3c05bfc
caba4b9a
c2b84b79
bdb84b79
bab84b59
b8b84b58
b8b84b58
b8b84338
b8b84338
b8b84337
b8b84317
b8b84317
b8b84316
b8b84316
b8b842f6
b8b842f5
b8b83ad5
b8b83ad5
b8b83ad5
b8b83ad4
b8b83ab4
bcbd42f5
c9ce5bb9
dde47cfe
c8c77cbb
5f2618e5
0b000000
00000000
00000000
00000000
00000000
00000000
00000000
00000000
00000000
00000000
00000000
00000000
00000000
00000000
00000000
00000000
00000000
00000000
00000000
00000000
00000000
00000000
00000000
00000000
00000000
00000000
00000000
00000000
00000000
00000000
00000000
00000000
00000000
00000000
00000000
00000000
00000000
00000000
00000000
00000000
00000000
00000000
00000000
00000000
00000000
00000000
00000000
00000000
00000000
00000000
00000000
00000000
00000000
00000000
08000000
3f2710e6
9dc15c1b
c9d2439c
c0bb2a77
b9b82256
b8b82256
b8b82256
b8b82256
b8b82256
b8b82256
b8b82255
b8b82255
b8b82255
b8b82255
b8b82255
b8b82255
b8b82255
b8b82255
b9b82255
c1c02a97
cbd94bbd
9db753da
3e1d10a4
07000000
00000000
00000000
00000000
00000000
00000000
00000000
00000000
00000000
00000000
00000000
00000000
00000000
00000000
00000000
00000000
00000000
14491162
5ba03364
9eb14466
b4c15567
c3ce6648
d0d96f2a
dbe27fcb
e4ea87eb
eaee87ec
eff187ec
f1f287eb
f2f187eb
f0f07feb
eded7fea
e9e877ea
e4e36f89
dddb6708
d5d35e68
cbc955a7
c0bd4ce6
b3b03c25
a5a23364
7c7e2243
2e040020
01000000
00000000
01040000
175649c2
4cc5ac44
7ee7d545
90e9dd86
84d1eece
58717305
200b0820
03000000
00000000
00000000
00000000
00000000
00000000
00000000
00000000
00000000
00000000
00000000
00000000
00000000
00000000
00000000
00000000
00000000
00000000
00000000
00000000
00000000
00000000
00000000
00000000
00000000
00000000
00000000
00000000
00000000
00000000
00000000
00000000
00000000
00000000
00000000
00000000
00000000
00000000
02030000
05050000
09090000
0f0e1082
17141082
2c1c18c3
4b262104
3e1510a2
1a0f1082
100a0020
0a060000
06040000
02010000
00000000
00000000
00000000
00000000
00000000
00000000
00000000
00000000
00000000
00000000
00000000
00000000
00000000
00000000
00000000
00000000
00000000
00000000
00000000
00000000
00000000
00000000
00000000
00000000
00000000
00000000
00000000
00000000
00000000
00000000
00000000
00000000
00000000
00000000
00000000
00000000
00000000
00000000
00000000
00000000
00000000
02060021
21745374
63de9e5f
9ee6963f
c3db857f
d6cf74df
d7c5643d
cebd53dc
c5b94b9a
bfb84b7a
bbb84b79
b9b84b79
b8b84b79
b8b84b59
b8b84b58
b8b84b58
b8b84338
b8b84337
b8b84337
b8b84317
b8b84316
b8b84316
b8b84316
b8b842f6
b8b842f5
b8b83ad5
b8b83ad5
b8b83ad4
b8b83ab4
b8b83ab4
b9b93ab4
c2c64b57
d5dc6c7c
dbe6853f
8d633a4e
22010000
00000000
00000000
00000000
00000000
00000000
00000000
00000000
00000000
00000000
00000000
00000000
00000000
00000000
00000000
00000000
00000000
00000000
00000000
00000000
00000000
00000000
00000000
00000000
00000000
00000000
00000000
00000000
00000000
00000000
00000000
00000000
00000000
00000000
00000000
00000000
00000000
00000000
00000000
00000000
00000000
00000000
00000000
00000000
00000000
00000000
00000000
00000000
00000000
00000000
00000000
00000000
00000000
00000000
00000000
0a000000
46301928
a3c85c3d
c9d0437c
bfba2a77
b9b82276
b8b82276
b8b82256
b8b82256
b8b82256
b8b82256
b8b82256
b8b82256
b8b82256
b8b82256
b8b82256
b8b82256
b8b82256
babe2a97
c2d1437b
d3e15c7f
c5a24b78
682810e6
11000000
00000000
00000000
00000000
00000000
00000000
00000000
00000000
00000000
00000000
00000000
00000000
00000000
00000000
00000000
00000000
02090020
388d2ac4
88a83be5
adb94ce6
bcc75de8
cad36ec9
d6dc7fab
dfe487ec
e6ea8fec
eced8fec
eff08fec
f1f087eb
f1ef87eb
efed7feb
edeb7fea
eae777ea
e5e26f89
dfdc6709
d7d45e68
cecb55c7
c4c04d26
b8b44465
aba633a4
97972ae3
4e1d0881
08000000
00000000
144e3961
62e2b484
bcf2d545
e4f2dd85
edf2e5c6
e8f2ff90
c8ecde09
77745222
20020000
01000000
00000000
00000000
00000000
00000000
00000000
00000000
00000000
00000000
00000000
00000000
00000000
00000000
00000000
00000000
00000000
00000000
00000000
00000000
00000000
00000000
00000000
00000000
00000000
00000000
00000000
00000000
00000000
00000000
00000000
00000000
00000000
00000000
00000000
00000000
00000000
00000000
01020000
04040000
06060000
09080000
0d0b0841
13101082
1a1618a3
170c0841
0e090000
0a060000
07040000
04020000
02000000
00000000
00000000
00000000
00000000
00000000
00000000
00000000
00000000
00000000
00000000
00000000
00000000
00000000
00000000
00000000
00000000
00000000
00000000
00000000
00000000
00000000
00000000
00000000
00000000
00000000
00000000
00000000
00000000
00000000
00000000
00000000
00010000
01010000
01010000
00000000
00000000
00000000
00000000
00000000
00000000
00000000
02000000
2f43320c
9cdc9e5f
e0e08ddf
dbca6c9e
ccbc53db
c2b84b9a
bcb84b9a
b9b84b9a
b8b84b7a
b8b84b79
b8b84b79
b8b84b59
b8b84b58
b8b84b58
b8b84338
b8b84338
b8b84337
b8b84317
b8b84317
b8b84316
b8b84316
b8b842f6
b8b842f5
b8b83ad5
b8b83ad5
b8b83ad5
b8b83ad4
b8b83ab4
b8b83ab4
b8b83ab3
bebf42f5
cdd35bf9
dfe87d1e
b6a96bf7
48120862
05000000
00000000
00000000
00000000
00000000
00000000
00000000
00000000
00000000
00000000
00000000
00000000
00000000
00000000
00000000
00000000
00000000
00000000
00000000
00000000
00000000
00000000
00000000
00000000
00000000
00000000
00000000
00000000
00000000
00000000
00000000
00000000
00000000
00000000
00000000
00000000
00000000
00000000
00000000
00000000
00000000
00000000
00000000
00000000
00000000
00000000
00000000
00000000
00000000
00000000
00000000
00000000
00000000
00000000
00000000
0c000000
4d3a1949
a8cf5c5d
c9cd437c
beb92a97
b8b82277
b8b82276
b8b82276
b8b82276
b8b82276
b8b82276
b8b82276
b8b82276
b8b82276
b8b82256
b8b82276
bac02ab8
c2d3439c
d1e1647f
cb984b57
8f2010c5
3b000000
0a000000
00000000
00000000
00000000
00000000
00000000
00000000
00000000
00000000
00000000
00000000
00000000
00000000
00000000
00000000
00000000
0e3010e1
599c3324
a0ad4425
b2bc5527
c1c86609
cdd3770a
d7db87cc
dfe28fed
e6e797ed
eaea8fed
edec8fec
eeed87eb
eeea7feb
ebe777ea
e9e577ca
e6e26f89
e2de6f29
ddd966c8
d6d15e48
cec955a7
c5bf4d06
b9b34465
ada733a4
9f982ae4
5d2908c1
12000000
030b0020
44b67b03
b6f2c4e5
eef2d545
f2f2dd85
f2f2e5c6
f2f2ff90
f0f2e629
c9d493c4
5a1f1060
08000000
00000000
00000000
00000000
00000000
00000000
00000000
00000000
00000000
00000000
00000000
00000000
00000000
00000000
00000000
00000000
00000000
00000000
00000000
00000000
00000000
00000000
00000000
00000000
00000000
00000000
00000000
00000000
00000000
00000000
00000000
00000000
00000000
00000000
00000000
00000000
00000000
01010000
02020000
04030000
06050000
08060000
0a090020
0f0d0841
0d060000
08050000
06040000
04020000
03020000
01000000
00000000
00000000
00000000
00000000
00000000
00000000
00000000
00000000
00000000
00000000
00000000
00000000
00000000
00000000
00000000
00000000
00000000
00000000
00000000
00000000
00000000
00000000
00000000
00000000
00000000
00000000
00000000
00000000
00000000
00000000
00010000
01020000
02030000
01010000
01010000
00000000
00000000
00000000
00000000
00000000
00000000
00000000
161410a3
78ad7d1b
d4e89e5f
d9d274ff
c6bf5bfc
bbb84b9a
b8b84b9a
b8b84b7a
bdcc53bb
caec63fd
d1e85bdc
c4ba4b59
b8b84b58
b8b84b58
b8b84338
b8b84337
b8b84337
b8b84317
b8b84316
b8b84316
b8b84316
b8b842f6
b8b842f5
b8b83ad5
b8b83ad5
b8b83ad4
b8b83ab4
b8b83ab4
b8b83ab4
b8b83ab3
babb3ab4
c6ca5377
dae1749c
d3da84fd
753f2989
14000000
00000000
00000000
00000000
00000000
00000000
00000000
00000000
00000000
00000000
00000000
00000000
00000000
00000000
00000000
00000000
00000000
00000000
00000000
00000000
00000000
00000000
00000000
00000000
00000000
00000000
00000000
00000000
00000000
00000000
00000000
00000000
00000000
00000000
00000000
00000000
00000000
00000000
00000000
00000000
00000000
00000000
00000000
00000000
00000000
00000000
00000000
00000000
00000000
00000000
00000000
00000000
00000000
00000000
00000000
00000000
0f010000
544621ab
add45c7e
c9cb3b5b
bdb92a97
b8b82277
b8b82277
b8b82277
b8b82277
b8b82277
b8b82277
b8b82277
b8b82277
b8b82277
bac132d9
c3d54bbd
d2df649f
c88e4336
881a0884
35000000
08000000
00000000
00000000
00000000
00000000
00000000
00000000
00000000
00000000
00000000
00000000
00000000
00000000
00000000
00000000
00000000
00000000
1d451142
6c9d3344
a5ad4426
b4bb5527
c1c66609
ccd0770b
d5d78fcd
dcdd9fef
e2e29fee
e6e597ed
e9e88fec
eae887eb
e9e57fea
e5df6f69
e2dc6f29
dfd966e8
dcd666a8
d7d15e48
d1cb55c7
cac34d46
c1ba44c6
b7af3c25
aba33384
9d932ac3
5b180860
10000000
0b1f1060
6fdb93a3
ddf2c4e5
f2f2d545
f2f2dd85
f2f2e5c6
f2f2ff90
f2f2e629
e9eba424
874020c1
18000000
00000000
00000000
00000000
00000000
00000000
00000000
00000000
00000000
00000000
00000000
00000000
00000000
00000000
00000000
00000000
00000000
00000000
00000000
00000000
00000000
00000000
00000000
00000000
00000000
00000000
00000000
00000000
00000000
00000000
00000000
00000000
00000000
00000000
00000000
00000000
00000000
00000000
01010000
02010000
03020000
04020000
05030000
07040000
06020000
04020000
03010000
02010000
01000000
01000000
00000000
00000000
00000000
00000000
00000000
00000000
00000000
00000000
00000000
00000000
00000000
00000000
00000000
00000000
00000000
00000000
00000000
00000000
00000000
00000000
00000000
00000000
00000000
00000000
00000000
00000000
00000000
00000000
00000000
00010000
01020000
13462925
3792526b
2f2618a3
0b020000
01010000
00000000
00000000
00000000
00000000
00000000
00000000
05020000
4b674b12
b9e7a67f
dfdb859f
cdc6645e
bdb94b9a
b8b84b9a
b8b84b7a
cbef63fd
e8f8641d
f1f8641d
dbd3539a
bfb84b58
b8b84338
b8b84338
b8b84337
b8b84317
b8b84317
b8b84316
b8b84316
b8b842f6
b8b842f5
b8b83ad5
b8b83ad5
b8b83ad5
b8b83ad4
b8b83ab4
b8b83ab4
b8b83ab3
b8b83ab3
b9b83a93
c0c34315
d1d8641a
dfea851e
a2845312
32060021
02000000
00000000
00000000
00000000
00000000
00000000
00000000
00000000
00000000
00000000
00000000
00000000
00000000
00000000
00000000
00000000
00000000
00000000
00000000
00000000
00000000
00000000
00000000
00000000
00000000
00000000
00000000
00000000
00000000
00000000
00000000
00000000
00000000
00000000
00000000
00000000
00000000
00000000
00000000
00000000
00000000
00000000
00000000
00000000
00000000
00000000
00000000
00000000
00000000
00000000
00000000
00000000
00000000
00000000
00000000
00000000
12010000
5b5229ed
b2d75c7e
c9c93b5b
bdb92a98
b8b82297
b8b82277
b8b82277
b8b82277
b8b82277
b8b82277
b8b92a97
bbc232f9
c4d74bde
d2dd64bf
c58242f4
81150863
2f000000
07000000
00000000
00000000
00000000
00000000
00000000
00000000
00000000
00000000
00000000
00000000
00000000
00000000
00000000
00000000
00000000
00000000
00000000
203c1101
6e9b3324
a4aa4405
b2b64ce7
bec05dc8
c8c976ab
d0d18fad
d7d6a7f0
dcdb9fef
e0df8fed
e3e287ec
e5e27fcb
e3de776a
ded666c9
d8d05e48
d4cc5de7
d1c955c7
cdc55567
c8c04d26
c2b944a6
bab13c25
b0a733a4
a59c2b24
8d6419c2
44020000
06000000
11231060
7fde93a4
e7f2c4e5
f2f2d545
f2f2dd85
f2f2e5c6
f2f2ff90
f2f2e629
efeda424
984620e1
22000000
00000000
00000000
00000000
00000000
00000000
00000000
00000000
00000000
00000000
00000000
00000000
00000000
00000000
00000000
00000000
00000000
00000000
00000000
00000000
00000000
00000000
00000000
00000000
00000000
00000000
00000000
00000000
00000000
00000000
00000000
00000000
00000000
00000000
00000000
00000000
00000000
00000000
00000000
00000000
01000000
01000000
01000000
02000000
02000000
01000000
01000000
01000000
00000000
00000000
00000000
00000000
00000000
00000000
00000000
00000000
00000000
00000000
00000000
00000000
00000000
00000000
00000000
00000000
00000000
00000000
00000000
00000000
00000000
00000000
00000000
00000000
00000000
00000000
00000000
00000000
00000000
00000000
00010000
01020000
081b1062
54ee8bf3
aef49413
98b26aee
37030000
02040000
0d2f1883
0f0c0821
03000000
00000000
00000000
00000000
00000000
25292127
90ca95de
dce4961f
d5ce6cbf
c2bc53db
b9b84b7a
b8b84b79
d0e05bdc
f0f8641d
f8f7641d
e2c44b79
c2b84b58
b8b84338
b8b84337
b8b84337
b8b84317
b8b84316
b8b84316
b8b84316
b8b842f6
b8b842f5
b8b83ad5
b8b83ad5
b8b83ad5
b8b83ab4
b8b83ab4
b8b83ab4
b8b83ab3
b8b83a93
b8b83a93
bcbd3ab4
cacf5398
dde574bd
c6c4747a
5c2310e5
0a000000
00000000
00000000
00000000
00000000
00000000
00000000
00000000
00000000
00000000
00000000
00000000
00000000
00000000
00000000
00000000
00000000
00000000
00000000
00000000
00000000
00000000
00000000
00000000
00000000
00000000
00000000
00000000
00000000
00000000
00000000
00000000
00000000
00000000
00000000
00000000
00000000
00000000
00000000
00000000
00000000
00000000
00000000
00000000
00000000
00000000
00000000
00000000
00000000
00000000
00000000
00000000
00000000
00000000
00000000
00000000
00000000
15020000
635f322f
b6da5c9f
c8c63b3b
bcb82a98
b8b82298
b8b82298
b8b82298
b8b82298
b8b92a98
bbc4331a
c6d9541e
d3da64bf
c1773ab3
7a100863
2a000000
05000000
00000000
00000000
00000000
00000000
00000000
00000000
00000000
00000000
00000000
00000000
00000000
00000000
00000000
00000000
00000000
00000000
00000000
00000000
14150860
5f912ac4
9ea33ba5
acaf4466
b7b85528
c1c1660a
c9c87eec
cfce8fae
d5d38fce
d9d887ac
ddda7f8b
ded9774a
dbd56ec9
d5cd5e28
cec45567
c7bd4d06
c3b844a6
bfb54465
bab03c25
b5aa3be5
aea33384
a59a2b04
926c19e2
5e0c0040
1c000000
00000000
12241060
81df93a4
e8f2c4e5
f2f2d545
f2f2dd85
f2f2e5c6
f2f2ff90
f2f2e629
efeda424
994620e1
23000000
00000000
00000000
00000000
00000000
00000000
00000000
00000000
00000000
00000000
00000000
00000000
00000000
00000000
00000000
00000000
00000000
00000000
00000000
00000000
00000000
00000000
00000000
00000000
00000000
00000000
00000000
00000000
00000000
00000000
00000000
00000000
00000000
00000000
00000000
00000000
00000000
00000000
00000000
00000000
00000000
00000000
00000000
00000000
00000000
00000000
00000000
00000000
00000000
00000000
00000000
00000000
00000000
00000000
00000000
00000000
00000000
00000000
00000000
00000000
00000000
00000000
00000000
00000000
00000000
00000000
00000000
00000000
00000000
00000000
00000000
00000000
00000000
00000000
00000000
00000000
00000000
00000000
00000000
01010000
0b0d0821
7ee083b2
ecf08c13
cea262ad
56020000
1c673127
60e56a91
6b8d418a
26000000
00000000
00000000
00000000
00000000
0c080841
628e6c38
c9ea9e7f
ddd77d3f
c9c25c1d
bcb84b7a
b8b84b79
c3be4b79
d9ce539a
e2ca539a
cfb84b58
bbb84338
b8b84338
b8b84337
b8b84317
b8b84317
b8b84316
b8b84316
b8b842f6
b8b842f5
b8b83ad5
b8b83ad5
b8b83ad5
b8b83ad4
b8b83ab4
b8b83ab4
b8b83ab3
b8b83ab3
b8b83a93
b8b83a93
bab93a93
c3c74b35
d6dc6c3b
dae5851e
8a5e3a2d
21010000
00000000
00000000
00000000
00000000
00000000
00000000
00000000
00000000
00000000
00000000
00000000
00000000
00000000
00000000
00000000
00000000
00000000
00000000
00000000
00000000
00000000
00000000
00000000
00000000
00000000
00000000
00000000
00000000
00000000
00000000
00000000
00000000
00000000
00000000
00000000
00000000
00000000
00000000
00000000
00000000
00000000
00000000
00000000
00000000
00000000
00000000
00000000
00000000
00000000
00000000
00000000
00000000
00000000
00000000
00000000
00000000
01000000
19040020
6a6d3a91
badb5c9f
c8c43b3b
bbb82a98
b8b82a98
b8b82a98
b8b92ab8
bcc53b3b
c7da543f
d3d664be
bd6c3a72
720c0842
25000000
04000000
00000000
00000000
00000000
00000000
00000000
00000000
00000000
00000000
00000000
00000000
00000000
00000000
00000000
00000000
00000000
00000000
00000000
00000000
00000000
05000000
3d4e1962
87993324
a4a53bc5
afae4c87
b8b65d28
bfbe65ea
c6c4766b
ccca76cb
d1ce76ca
d4d06eca
d5cf6689
d2ca5e08
cbc15567
c2b644a6
b9ad3c05
b2a633a4
ada13364
a99d3324
a2922ac3
936e2202
783310e1
4f030000
1f000000
03000000
00000000
12241060
81df93a4
e8f2c4e5
f2f2d545
f2f2dd85
f2f2e5c6
f2f2ff90
f2f2e629
efeda424
994620e1
23000000
00000000
00000000
00000000
00000000
00000000
00000000
00000000
00000000
00000000
00000000
00000000
00000000
00000000
00000000
00000000
00000000
00000000
00000000
00000000
00000000
00000000
00000000
00000000
00000000
00000000
00000000
00000000
00000000
00000000
00000000
00000000
00000000
00000000
00000000
00000000
00000000
00000000
00000000
00000000
00000000
00000000
00000000
00000000
00000000
00000000
00000000
00000000
00000000
00000000
00000000
00000000
00000000
00000000
00000000
00000000
00000000
00000000
00000000
00000000
00000000
00000000
00000000
00000000
00000000
00000000
00000000
00000000
00000000
00000000
00000000
00000000
00000000
00000000
00000000
00000000
00000000
00000000
00000000
01010000
04020000
41160841
8f563167
7c060000
2b010000
2f5128e6
a0e46a90
b4783949
41000000
00000000
00000000
00000000
00000000
02000000
3747322d
a7de9e5f
dfdf8dbf
d0c9647e
bfba4b9a
b9b84b79
b9b84b79
bfb84b59
c2b84b58
bcb84b58
b8b84338
b8b84337
b8b84337
b8b84317
b8b84316
b8b84316
b8b84316
b8b842f6
b8b842f5
b8b83ad5
b8b83ad5
b8b83ad5
b8b83ab4
b8b83ab4
b8b83ab4
b8b83ab3
b8b83a93
b8b83a93
b8b83a92
b8b83292
bec042d4
ced35bb8
dfe97cfe
b4a563d6
45100862
04000000
00000000
00000000
00000000
00000000
00000000
00000000
00000000
00000000
00000000
00000000
00000000
00000000
00000000
00000000
00000000
00000000
00000000
00000000
00000000
00000000
00000000
00000000
00000000
00000000
00000000
00000000
00000000
00000000
00000000
00000000
00000000
00000000
00000000
00000000
00000000
00000000
00000000
00000000
00000000
00000000
00000000
00000000
00000000
00000000
00000000
00000000
00000000
00000000
00000000
00000000
00000000
00000000
00000000
00000000
00000000
00000000
01000000
1e060021
727a3ad3
bddc5c7f
c7c2331b
bbb82ab8
b8ba2ab9
bcc73b5c
c8dc545f
d3d264be
b9613250
6b090821
20000000
03000000
00000000
00000000
00000000
00000000
00000000
00000000
00000000
00000000
00000000
00000000
00000000
00000000
00000000
00000000
00000000
00000000
00000000
00000000
00000000
00000000
00000000
15040000
515919a2
8c983324
a3a23bc5
acaa4c46
b4b254e7
bbb95d68
c2bf5da8
c7c45de8
cac65de8
cac455a8
c7be5527
c0b44486
b5a83bc5
aa9b3324
98732223
7e401121
671f0881
55070020
42000000
28000000
0e000000
01000000
00000000
00000000
12241060
81df93a4
e8f2c4e5
f2f2d545
f2f2dd85
f2f2e5c6
f2f2ff90
f2f2e629
efeda424
994520e1
23000000
00000000
00000000
00000000
00000000
00000000
00000000
00000000
00000000
00000000
00000000
00000000
00000000
00000000
00000000
00000000
00000000
00000000
00000000
00000000
00000000
00000000
00000000
00000000
00000000
00000000
00000000
00000000
00000000
00000000
00000000
00000000
00000000
00000000
00000000
00000000
00000000
00000000
00000000
00000000
00000000
00000000
00000000
00000000
00000000
00000000
00000000
00000000
00000000
00000000
00000000
00000000
00000000
00000000
00000000
00000000
00000000
00000000
00000000
00000000
00000000
00000000
00000000
00000000
00000000
00000000
00000000
00000000
00000000
00000000
00000000
00000000
00000000
00000000
00000000
00000000
00000000
00000000
00000000
00000000
01010000
06010000
1c020000
18010000
02010000
15000000
4e030000
59030000
1f000000
00000000
00000000
00000000
00000000
00000000
171610a4
7bb1853c
d5e79e3f
d8d274df
c5bf53db
bab84b79
b8b84b59
b8b84b58
b8b84b58
b8b84338
b8b84338
b8b84337
b8b84317
b8b84317
b8b84316
b8b84316
b8b842f6
b8b842f5
b8b83ad5
b8b83ad5
b8b83ad5
b8b83ad4
b8b83ab4
b8b83ab4
b8b83ab3
b8b83ab3
b8b83a93
b8b83a93
b8b83292
b8b83272
bbbb3a93
c6cb4b56
dae1747c
d2d87cdd
723b2168
13000000
00000000
00000000
00000000
00000000
00000000
00000000
00000000
00000000
00000000
00000000
00000000
00000000
00000000
00000000
00000000
00000000
00000000
00000000
00000000
00000000
00000000
00000000
00000000
00000000
00000000
00000000
00000000
00000000
00000000
00000000
00000000
00000000
00000000
00000000
00000000
00000000
00000000
00000000
00000000
00000000
00000000
00000000
00000000
00000000
00000000
00000000
00000000
00000000
00000000
00000000
00000000
00000000
00000000
00000000
00000000
00000000
00000000
01000000
22090841
79874335
c0db5c7f
c6c2331b
bfc83b5c
cade5c7f
d3cc649e
b4562a0f
64070021
1c000000
02000000
00000000
00000000
00000000
00000000
00000000
00000000
00000000
00000000
00000000
00000000
00000000
00000000
00000000
00000000
00000000
00000000
00000000
00000000
00000000
00000000
00000000
00000000
01000000
18020000
4c3c1121
818c2ac4
9e9d3b65
a8a643e6
b0ad4c66
b6b34ca7
bbb74ce7
beb94ce7
beb74cc6
bab04446
b2a63bc5
a6942ae4
84391101
52010000
2d000000
18000000
0a000000
02000000
00000000
00000000
00000000
00000000
00000000
12251060
82df93a4
e8f2c4e5
f2f2d545
f2f2dd85
f2f2e5c6
f2f2ff90
f2f2e629
efeda424
994520e1
22000000
00000000
00000000
00000000
00000000
00000000
00000000
00000000
00000000
00000000
00000000
00000000
00000000
00000000
00000000
00000000
00000000
00000000
00000000
00000000
00000000
00000000
00000000
00000000
00000000
00000000
00000000
00000000
00000000
00000000
00000000
00000000
00000000
00000000
00000000
00000000
00000000
00000000
00000000
00000000
00000000
00000000
00000000
00000000
00000000
00000000
00000000
00000000
00000000
00000000
00000000
00000000
00000000
00000000
00000000
00000000
00000000
00000000
00000000
00000000
00000000
00000000
00000000
00000000
00000000
00000000
00000000
00000000
00000000
00000000
00000000
00000000
00000000
00000000
00000000
00000000
00000000
00000000
00000000
00000000
00000000
01000000
01010000
01000000
01000000
00000000
01000000
01000000
01000000
00000000
00000000
00000000
00000000
00000000
06020000
4d6c5333
bbe79e7f
dfdb855f
ccc55c1d
bdb94b79
b8b84b59
b8b84b58
b8b84b58
b8b84338
b8b84337
b8b84337
b8b84317
b8b84316
b8b84316
b8b84316
b8b842f6
b8b842f5
b8b83ad5
b8b83ad5
b8b83ad5
b8b83ab4
b8b83ab4
b8b83ab4
b8b83ab3
b8b83a93
b8b83a93
b8b83a92
b8b83272
b8b83272
b9b83272
c0c342f4
d2d863f9
dfe9851e
9f804af1
30050021
01000000
00000000
00000000
00000000
00000000
00000000
00000000
00000000
00000000
00000000
00000000
00000000
00000000
00000000
00000000
00000000
00000000
00000000
00000000
00000000
00000000
00000000
00000000
00000000
00000000
00000000
00000000
00000000
00000000
00000000
00000000
00000000
00000000
00000000
00000000
00000000
00000000
00000000
00000000
00000000
00000000
00000000
00000000
00000000
00000000
00000000
00000000
00000000
00000000
00000000
00000000
00000000
00000000
00000000
00000000
00000000
00000000
00000000
02000000
270c0842
81944b77
c3db5c5f
d1df5c9f
d3c5647d
af4c29cd
5d040021
18000000
02000000
00000000
00000000
00000000
00000000
00000000
00000000
00000000
00000000
00000000
00000000
00000000
00000000
00000000
00000000
00000000
00000000
00000000
00000000
00000000
00000000
00000000
00000000
00000000
00000000
00000000
10000000
37140860
686221e3
8f963304
a29f3b85
a9a53bc5
aea93c05
b1aa3c05
b0a83bc5
aca13364
a18d2ac3
7c2808a1
3d000000
0f000000
00000000
00000000
00000000
00000000
00000000
00000000
00000000
00000000
00000000
12251060
82df93a4
e9f2c4e5
f2f2d545
f2f2dd85
f2f2e5c6
f2f2ff90
f2f2e629
efeda424
994520e1
22000000
00000000
00000000
00000000
00000000
00000000
00000000
00000000
00000000
00000000
00000000
00000000
00000000
00000000
00000000
00000000
00000000
00000000
00000000
00000000
00000000
00000000
00000000
00000000
00000000
00000000
00000000
00000000
00000000
00000000
00000000
00000000
00000000
00000000
00000000
00000000
00000000
00000000
00000000
00000000
00000000
00000000
00000000
00000000
00000000
00000000
00000000
00000000
00000000
00000000
00000000
00000000
00000000
00000000
00000000
00000000
00000000
00000000
00000000
00000000
00000000
00000000
00000000
00000000
00000000
00000000
00000000
00000000
00000000
00000000
00000000
00000000
00000000
00000000
00000000
00000000
00000000
00000000
00000000
00000000
00000000
00000000
00000000
00000000
00000000
00000000
00000000
00000000
00000000
00000000
00000000
00000000
00000000
00000000
01000000
272c2148
93cd95de
dde38ddf
d4cd6c7e
c2bc4b9a
b9b84b58
b8b84b58
b8b84338
b8b84338
b8b84337
b8b84317
b8b84317
b8b84316
b8b84316
b8b842f6
b8b842f5
b8b842f5
b8b83ad5
b8b83ad5
b8b83ad4
b8b83ab4
b8b83ab4
b8b83ab3
b8b83ab3
b8b83a93
b8b83a93
b8b83292
b8b83272
b8b83272
b9bb3a93
bec342f4
ccd25bb8
dee67cbd
c4c0747a
592010c4
09000000
00000000
00000000
00000000
00000000
00000000
00000000
00000000
00000000
00000000
00000000
00000000
00000000
00000000
00000000
00000000
00000000
00000000
00000000
00000000
00000000
00000000
00000000
00000000
00000000
00000000
00000000
00000000
00000000
00000000
00000000
00000000
00000000
00000000
00000000
00000000
00000000
00000000
00000000
00000000
00000000
00000000
00000000
00000000
00000000
00000000
00000000
00000000
00000000
00000000
00000000
00000000
00000000
00000000
00000000
00000000
00000000
00000000
00000000
03000000
2c110863
88a153b9
c6be5c5c
a942218b
56030000
15000000
01000000
00000000
00000000
00000000
00000000
00000000
00000000
00000000
00000000
00000000
00000000
00000000
00000000
00000000
00000000
00000000
00000000
00000000
00000000
00000000
00000000
00000000
00000000
00000000
00000000
00000000
00000000
00000000
05000000
1e010000
472408a1
71692203
90912ae4
9e993324
a29a3324
a0942ae4
916819e2
6b150860
32000000
0a000000
00000000
00000000
00000000
00000000
00000000
00000000
00000000
00000000
00000000
00000000
12251060
82df93c4
e9f2c4e5
f2f2d545
f2f2dd85
f2f2e5c6
f2f2ff91
f2f2e609
efeda424
984420e1
22000000
00000000
00000000
00000000
00000000
00000000
00000000
00000000
00000000
00000000
00000000
00000000
00000000
00000000
00000000
00000000
00000000
00000000
00000000
00000000
00000000
00000000
00000000
00000000
00000000
00000000
00000000
00000000
00000000
00000000
00000000
00000000
0a2618a3
2f9652ab
47874a6a
22030000
01000000
00000000
00000000
00000000
00000000
00000000
00000000
00000000
00000000
00000000
00000000
00000000
00000000
00000000
00000000
00000000
00000000
00000000
00000000
00000000
00000000
00000000
00000000
00000000
00000000
00000000
00000000
00000000
00000000
00000000
00000000
00000000
00000000
00000000
00000000
00000000
00000000
00000000
00000000
00000000
00000000
00000000
00000000
00000000
00000000
00000000
00000000
00000000
00000000
00000000
00000000
00000000
00000000
00000000
00000000
00000000
00000000
00000000
00000000
0d0a0842
65926c38
cbea9e3f
dcd674ff
c8c153db
bbb84b58
b8b84b58
b8b84338
b8b84337
b8b84337
b8b84317
b8b84316
b8b84316
b8b84316
b8b842f6
b8b842f5
b8b83ad5
b8b83ad5
b8b83ad5
b8b83ab4
b8b83ab4
b8b83ab4
b8b83ab3
b8b83a93
b8b83a93
b8b83a92
b8ba3a93
babe3ab3
bdc74b35
c3d25bb8
cbdd6c5b
d6e77cdd
ddd77cdc
c5995b95
692c1906
13000000
00000000
00000000
00000000
00000000
00000000
00000000
00000000
00000000
00000000
00000000
00000000
00000000
00000000
00000000
00000000
00000000
00000000
00000000
00000000
00000000
00000000
00000000
00000000
00000000
00000000
00000000
00000000
00000000
00000000
00000000
00000000
00000000
00000000
00000000
00000000
00000000
00000000
00000000
00000000
00000000
00000000
00000000
00000000
00000000
00000000
00000000
00000000
00000000
00000000
00000000
00000000
00000000
00000000
00000000
00000000
00000000
00000000
00000000
00000000
04000000
32160884
6b38214a
4f020000
12000000
01000000
00000000
00000000
00000000
00000000
00000000
00000000
00000000
00000000
00000000
00000000
00000000
00000000
00000000
00000000
00000000
00000000
00000000
00000000
00000000
00000000
00000000
00000000
00000000
00000000
00000000
00000000
00000000
00000000
00000000
00000000
09000000
23010000
43100040
592808c1
612a08c1
5b130860
44000000
1f000000
05000000
00000000
00000000
00000000
00000000
00000000
00000000
00000000
00000000
00000000
00000000
00000000
13251060
82e093c4
e9f2c4e5
f2f2d545
f2f2dd85
f2f2e5c6
f2f2ff91
f2f2e609
efeda424
984420e1
22000000
00000000
00000000
00000000
00000000
00000000
00000000
00000000
00000000
00000000
00000000
00000000
00000000
00000000
00000000
00000000
00000000
00000000
00000000
00000000
00000000
00000000
00000000
00000000
00000000
00000000
00000000
00000000
00000000
00000000
00000000
00000000
287c4229
87e57c10
bae57c10
6e482945
13000000
00000000
00000000
00000000
00000000
00000000
00000000
00000000
00000000
00000000
00000000
00000000
00000000
00000000
00000000
00000000
00000000
00000000
00000000
00000000
00000000
00000000
00000000
00000000
00000000
00000000
00000000
00000000
00000000
00000000
00000000
00000000
00000000
00000000
00000000
00000000
00000000
00000000
00000000
00000000
00000000
00000000
00000000
00000000
00000000
00000000
00000000
00000000
00000000
00000000
00000000
00000000
00000000
00000000
00000000
00000000
00000000
00000000
00000000
02000000
3a4c3a2d
aadf9e3f
dfdf857f
d0c9643d
bfba4b79
b9b84338
b8b84338
b8b84337
b8b84317
b8b84317
b8b84316
b8b84316
b8b842f6
b8b842f5
b8b842f5
b8b83ad5
b8b83ad5
b8b83ad4
b8b83ab4
b8b83ab4
b8b83ab3
b8b83ab3
b8b93a93
b9bc3ab4
bcc242f5
c0cc5377
c7d8641a
d0e3749c
d8e37cfe
d4bd6c59
bc6e428f
942618e5
66040021
32000000
0b000000
00000000
00000000
00000000
00000000
00000000
00000000
00000000
00000000
00000000
00000000
00000000
00000000
00000000
00000000
00000000
00000000
00000000
00000000
00000000
00000000
00000000
00000000
00000000
00000000
00000000
00000000
00000000
00000000
00000000
00000000
00000000
00000000
00000000
00000000
00000000
00000000
00000000
00000000
00000000
00000000
00000000
00000000
00000000
00000000
00000000
00000000
00000000
00000000
00000000
00000000
00000000
00000000
00000000
00000000
00000000
00000000
00000000
00000000
00000000
00000000
06000000
14000000
0f000000
01000000
00000000
00000000
00000000
00000000
00000000
00000000
00000000
00000000
00000000
00000000
00000000
00000000
00000000
00000000
00000000
00000000
00000000
00000000
00000000
00000000
00000000
00000000
00000000
00000000
00000000
00000000
00000000
00000000
00000000
00000000
00000000
00000000
00000000
04000000
0e000000
15000000
0f000000
05000000
00000000
00000000
00000000
00000000
00000000
00000000
00000000
00000000
00000000
00000000
00000000
00000000
00000000
13251060
82e093c4
e9f2c4e5
f2f2d545
f2f2dd85
f2f2e5c6
f2f2ff91
f2f2e609
efeda424
984420c1
22000000
00000000
00000000
00000000
00000000
00000000
00000000
00000000
00000000
00000000
00000000
00000000
00000000
00000000
00000000
00000000
00000000
00000000
00000000
00000000
00000000
00000000
00000000
00000000
00000000
00000000
00000000
00000000
00000000
00000000
00000000
00000000
334f2966
a4e17bf0
e2db7bf0
88191082
18000000
00000000
00000000
00000000
00000000
00000000
00000000
00000000
00000000
00000000
00000000
00000000
00000000
00000000
00000000
00000000
00000000
00000000
00000000
00000000
00000000
00000000
00000000
00000000
00000000
00000000
00000000
00000000
00000000
00000000
00000000
00000000
00000000
00000000
00000000
00000000
00000000
00000000
00000000
00000000
00000000
00000000
00000000
00000000
00000000
00000000
00000000
00000000
00000000
00000000
00000000
00000000
00000000
00000000
00000000
00000000
00000000
00000000
00000000
00000000
191810a4
7eb5851c
d7e795ff
d8d16c9e
c5be539a
bab84338
b8b84337
b8b84337
b8b84317
b8b84317
b8b84316
b8b84316
b8b842f6
b8b842f5
b8b83ad5
b8b83ad5
b8b83ad5
b8b83ab4
b8b83ab4
b8b83ab4
b8ba3ab4
babf42f5
bec74b56
c3d25bd9
ccde6c7b
d5e77cfe
d8d57cdc
c9965b74
a8432989
7d0f0862
4f000000
25000000
0b000000
01000000
00000000
00000000
00000000
00000000
00000000
00000000
00000000
00000000
00000000
00000000
00000000
00000000
00000000
00000000
00000000
00000000
00000000
00000000
00000000
00000000
00000000
00000000
00000000
00000000
00000000
00000000
00000000
00000000
00000000
00000000
00000000
00000000
00000000
00000000
00000000
00000000
00000000
00000000
00000000
00000000
00000000
00000000
00000000
00000000
00000000
00000000
00000000
00000000
00000000
00000000
00000000
00000000
00000000
00000000
00000000
00000000
00000000
00000000
00000000
00000000
00000000
00000000
00000000
00000000
00000000
00000000
00000000
00000000
00000000
00000000
00000000
00000000
00000000
00000000
00000000
00000000
00000000
00000000
00000000
00000000
00000000
00000000
00000000
00000000
00000000
00000000
00000000
00000000
00000000
00000000
00000000
00000000
00000000
00000000
00000000
00000000
00000000
00000000
00000000
00000000
00000000
00000000
00000000
00000000
00000000
00000000
00000000
00000000
00000000
00000000
00000000
00000000
00000000
00000000
00000000
00000000
13261060
83e093c4
e9f2c4e5
f2f2d545
f2f2dd85
f2f2e5c6
f2f2ff91
f2f2e609
efeca424
984320c1
22000000
00000000
00000000
00000000
00000000
00000000
00000000
00000000
00000000
00000000
00000000
00000000
00000000
00000000
00000000
00000000
00000000
00000000
00000000
00000000
00000000
00000000
00000000
00000000
00000000
00000000
00000000
00000000
00000000
00000000
00000000
00000000
14000000
552210a2
79060020
3f000000
06000000
00000000
00000000
00000000
00000000
00000000
00000000
00000000
00000000
00000000
00000000
00000000
00000000
00000000
00000000
00000000
00000000
00000000
00000000
00000000
00000000
00000000
00000000
00000000
00000000
00000000
00000000
00000000
00000000
00000000
00000000
00000000
00000000
00000000
00000000
00000000
00000000
00000000
00000000
00000000
00000000
00000000
00000000
00000000
00000000
00000000
00000000
00000000
00000000
00000000
00000000
00000000
00000000
00000000
00000000
00000000
00000000
00000000
00000000
00000000
07030020
50715333
bde89e3f
dfda7d1f
ccc55bfb
bdb94358
b8b84337
b8b84317
b8b84317
b8b84316
b8b84316
b8b842f6
b8b842f6
b8b842f5
b8b83ad5
b8b83ad5
b8b83ad4
b8b93ad4
b9bc42f5
bcc34b36
c0cd53b8
c8d9643b
d1e47cdd
d8e2851e
d3b96c59
ba69426e
922218c5
64040020
37000000
15000000
04000000
00000000
00000000
00000000
00000000
00000000
00000000
00000000
00000000
00000000
00000000
00000000
00000000
00000000
00000000
00000000
00000000
00000000
00000000
00000000
00000000
00000000
00000000
00000000
00000000
00000000
00000000
00000000
00000000
00000000
00000000
00000000
00000000
00000000
00000000
00000000
00000000
00000000
00000000
00000000
00000000
00000000
00000000
00000000
00000000
00000000
00000000
00000000
00000000
00000000
00000000
00000000
00000000
00000000
00000000
00000000
00000000
00000000
00000000
00000000
00000000
00000000
00000000
00000000
00000000
00000000
00000000
00000000
00000000
00000000
00000000
00000000
00000000
00000000
00000000
00000000
00000000
00000000
00000000
00000000
00000000
00000000
00000000
00000000
00000000
00000000
00000000
00000000
00000000
00000000
00000000
00000000
00000000
00000000
00000000
00000000
00000000
00000000
00000000
00000000
00000000
00000000
00000000
00000000
00000000
00000000
00000000
00000000
00000000
00000000
00000000
00000000
00000000
00000000
00000000
00000000
00000000
00000000
00000000
00000000
13261060
83e093c4
e9f2c4e5
f2f2d545
f2f2dd85
f2f2e5c6
f2f2ff91
f2f2e609
efeca424
984320e1
22000000
00000000
00000000
00000000
00000000
00000000
00000000
00000000
00000000
00000000
00000000
00000000
00000000
00000000
00000000
00000000
00000000
00000000
00000000
00000000
00000000
00000000
00000000
00000000
00000000
00000000
00000000
00000000
00000000
00000000
00000000
00000000
00000000
09000000
0a000000
02000000
00000000
00000000
00000000
00000000
00000000
00000000
00000000
00000000
00000000
00000000
00000000
00000000
00000000
00000000
00000000
00000000
00000000
00000000
00000000
00000000
00000000
00000000
00000000
00000000
00000000
00000000
00000000
00000000
00000000
00000000
00000000
00000000
00000000
00000000
00000000
00000000
00000000
00000000
00000000
00000000
00000000
00000000
00000000
00000000
00000000
00000000
00000000
00000000
00000000
00000000
00000000
00000000
00000000
00000000
00000000
00000000
00000000
00000000
00000000
00000000
01000000
29302148
96d08dbe
dde38d9f
d4cd645d
c1bc4b78
b9b84337
b8b84317
b8b84317
b8b84316
b8b84316
b8b842f6
b8b842f5
b8b83ad5
b8b83ad5
b9ba42f5
babf4316
bec85378
c4d3641a
ccdf749d
d5e7851e
d8d27cdc
c8915b74
a53f2989
7a0d0842
4c000000
23000000
09000000
01000000
00000000
00000000
00000000
00000000
00000000
00000000
00000000
00000000
00000000
00000000
00000000
00000000
00000000
00000000
00000000
00000000
00000000
00000000
00000000
00000000
00000000
00000000
00000000
00000000
00000000
00000000
00000000
00000000
00000000
00000000
00000000
00000000
00000000
00000000
00000000
00000000
00000000
00000000
00000000
00000000
00000000
00000000
00000000
00000000
00000000
00000000
00000000
00000000
00000000
00000000
00000000
00000000
00000000
00000000
00000000
00000000
00000000
00000000
00000000
00000000
00000000
00000000
00000000
00000000
00000000
00000000
00000000
00000000
00000000
00000000
00000000
00000000
00000000
00000000
00000000
00000000
00000000
00000000
00000000
00000000
00000000
00000000
00000000
00000000
00000000
00000000
00000000
00000000
00000000
00000000
00000000
00000000
00000000
00000000
00000000
00000000
00000000
00000000
00000000
00000000
00000000
00000000
00000000
00000000
00000000
00000000
00000000
00000000
00000000
00000000
00000000
00000000
00000000
00000000
00000000
00000000
00000000
00000000
00000000
00000000
00000000
13261060
83e093c4
e9f2c4e5
f2f2d545
f2f2dd85
f2f2e5c6
f2f2ff91
f2f2e609
efeca424
984320e1
21000000
00000000
00000000
00000000
00000000
00000000
00000000
00000000
00000000
00000000
00000000
00000000
00000000
00000000
00000000
00000000
00000000
00000000
00000000
00000000
00000000
00000000
00000000
00000000
00000000
00000000
00000000
00000000
00000000
00000000
00000000
00000000
00000000
00000000
00000000
00000000
00000000
00000000
00000000
00000000
00000000
00000000
00000000
00000000
00000000
00000000
00000000
00000000
00000000
00000000
00000000
00000000
00000000
00000000
00000000
00000000
00000000
00000000
00000000
00000000
00000000
00000000
00000000
00000000
00000000
00000000
00000000
00000000
00000000
00000000
00000000
00000000
00000000
00000000
00000000
00000000
00000000
00000000
00000000
00000000
00000000
00000000
00000000
00000000
00000000
00000000
00000000
00000000
00000000
00000000
00000000
00000000
00000000
00000000
00000000
00000000
00000000
0f0b0842
68976c38
cdea95ff
dcd574be
c8c1539a
bbb84337
b8b84317
b8b84316
b8b84316
b8b842f6
b8b842f6
b8b942f5
b9bc4316
bcc44b78
c1ce5bda
c8d96c7c
d1e57d1e
d8e1853e
d2b46c59
b763426e
8f1f10c4
61030020
35000000
13000000
03000000
00000000
00000000
00000000
00000000
00000000
00000000
00000000
00000000
00000000
00000000
00000000
00000000
00000000
00000000
00000000
00000000
00000000
00000000
00000000
00000000
00000000
00000000
00000000
00000000
00000000
00000000
00000000
00000000
00000000
00000000
00000000
00000000
00000000
00000000
00000000
00000000
00000000
00000000
00000000
00000000
00000000
00000000
00000000
00000000
00000000
00000000
00000000
00000000
00000000
00000000
00000000
00000000
00000000
00000000
00000000
00000000
00000000
00000000
00000000
00000000
00000000
00000000
00000000
00000000
00000000
00000000
00000000
00000000
00000000
00000000
00000000
00000000
00000000
00000000
00000000
00000000
00000000
00000000
00000000
00000000
00000000
00000000
00000000
00000000
00000000
00000000
00000000
00000000
00000000
00000000
00000000
00000000
00000000
00000000
00000000
00000000
00000000
00000000
00000000
00000000
00000000
00000000
00000000
00000000
00000000
00000000
00000000
00000000
00000000
00000000
00000000
00000000
00000000
00000000
00000000
00000000
00000000
00000000
00000000
00000000
00000000
00000000
00000000
00000000
13261060
83e093c4
e9f2c4e5
f2f2d545
f2f2dd85
f2f2e5c6
f2f2ff91
f2f2e609
efeca424
974320e1
21000000
00000000
00000000
00000000
00000000
00000000
00000000
00000000
00000000
00000000
00000000
00000000
00000000
00000000
00000000
00000000
00000000
00000000
00000000
00000000
00000000
00000000
00000000
00000000
00000000
00000000
00000000
00000000
00000000
00000000
00000000
00000000
00000000
00000000
00000000
00000000
00000000
00000000
00000000
00000000
00000000
00000000
00000000
00000000
00000000
00000000
00000000
00000000
00000000
00000000
00000000
00000000
00000000
00000000
00000000
00000000
00000000
00000000
00000000
00000000
00000000
00000000
00000000
00000000
00000000
00000000
00000000
00000000
00000000
00000000
00000000
00000000
00000000
00000000
00000000
00000000
00000000
00000000
00000000
00000000
00000000
00000000
00000000
00000000
00000000
00000000
00000000
00000000
00000000
00000000
00000000
00000000
00000000
00000000
00000000
00000000
00000000
03000000
3d503a2d
ace195ff
dfde7d3f
cfc85bfb
bfba4337
b9b84317
b8b84316
b8b84316
b9ba4316
bac04b57
bec953b9
c4d4643c
cde074de
d6e6855f
d7cf7cfc
c68b5b74
a33a2169
770b0842
49000000
21000000
08000000
01000000
00000000
00000000
00000000
00000000
00000000
00000000
00000000
00000000
00000000
00000000
00000000
00000000
00000000
00000000
00000000
00000000
00000000
00000000
00000000
00000000
00000000
00000000
00000000
00000000
00000000
00000000
00000000
00000000
00000000
00000000
00000000
00000000
00000000
00000000
00000000
00000000
00000000
00000000
00000000
00000000
00000000
00000000
00000000
00000000
00000000
00000000
00000000
00000000
00000000
00000000
00000000
00000000
00000000
00000000
00000000
00000000
00000000
00000000
00000000
00000000
00000000
00000000
00000000
00000000
00000000
00000000
00000000
00000000
00000000
00000000
00000000
00000000
00000000
00000000
00000000
00000000
00000000
00000000
00000000
00000000
00000000
00000000
00000000
00000000
00000000
00000000
00000000
00000000
00000000
00000000
00000000
00000000
00000000
00000000
00000000
00000000
00000000
00000000
00000000
00000000
00000000
00000000
00000000
00000000
00000000
00000000
00000000
00000000
00000000
00000000
00000000
00000000
00000000
00000000
00000000
00000000
00000000
00000000
00000000
00000000
00000000
00000000
00000000
00000000
00000000
00000000
13261060
83e093c4
e9f2c4e5
f2f2d545
f2f2dd85
f2f2e5c6
f2f2ff91
f2f2e609
efeca424
974220c1
21000000
00000000
00000000
00000000
00000000
00000000
00000000
00000000
00000000
00000000
00000000
00000000
00000000
00000000
00000000
00000000
00000000
00000000
00000000
00000000
00000000
00000000
00000000
00000000
00000000
00000000
00000000
00000000
00000000
00000000
00000000
00000000
00000000
00000000
00000000
00000000
00000000
00000000
00000000
00000000
00000000
00000000
00000000
00000000
00000000
00000000
00000000
00000000
00000000
00000000
00000000
00000000
00000000
00000000
00000000
00000000
00000000
00000000
00000000
00000000
00000000
00000000
00000000
00000000
00000000
00000000
00000000
00000000
00000000
00000000
00000000
00000000
00000000
00000000
00000000
00000000
00000000
00000000
00000000
00000000
00000000
00000000
00000000
00000000
00000000
00000000
00000000
00000000
00000000
00000000
00000000
00000000
00000000
00000000
00000000
00000000
00000000
00000000
1b1b10c4
81b97cfc
d8e68dbf
d7d1645d
c4be4b78
bab94317
b9bd4b37
bcc45399
c1cf641b
c9da74bd
d2e5853f
d8df8d7e
d1b07459
b55e3a6e
8c1c10a4
5e020000
32000000
11000000
03000000
00000000
00000000
00000000
00000000
00000000
00000000
00000000
00000000
00000000
00000000
00000000
00000000
00000000
00000000
00000000
00000000
00000000
00000000
00000000
00000000
00000000
00000000
00000000
00000000
00000000
00000000
00000000
00000000
00000000
00000000
00000000
00000000
00000000
00000000
00000000
00000000
00000000
00000000
00000000
00000000
00000000
00000000
00000000
00000000
00000000
00000000
00000000
00000000
00000000
00000000
00000000
00000000
00000000
00000000
00000000
00000000
00000000
00000000
00000000
00000000
00000000
00000000
00000000
00000000
00000000
00000000
00000000
00000000
00000000
00000000
00000000
00000000
00000000
00000000
00000000
00000000
00000000
00000000
00000000
00000000
00000000
00000000
00000000
00000000
00000000
00000000
00000000
00000000
00000000
00000000
00000000
00000000
00000000
00000000
00000000
00000000
00000000
00000000
00000000
00000000
00000000
00000000
00000000
00000000
00000000
00000000
00000000
00000000
00000000
00000000
00000000
00000000
00000000
00000000
00000000
00000000
00000000
00000000
00000000
00000000
00000000
00000000
00000000
00000000
00000000
00000000
00000000
00000000
00000000
13271060
83e193c4
e9f2c4e5
f2f2d545
f2f2dd85
f2f2e5c6
f2f2ff91
f2f2e609
efeca424
974220e1
21000000
00000000
00000000
00000000
00000000
00000000
00000000
00000000
00000000
00000000
196231a7
43a95acb
342818a3
0a000000
00000000
00000000
00000000
00000000
00000000
00000000
00000000
00000000
00000000
00000000
00000000
00000000
00000000
00000000
00000000
00000000
00000000
00000000
00000000
00000000
00000000
00000000
00000000
00000000
00000000
00000000
00000000
00000000
00000000
00000000
00000000
00000000
00000000
00000000
00000000
00000000
00000000
00000000
00000000
00000000
00000000
00000000
00000000
00000000
00000000
00000000
00000000
00000000
00000000
00000000
00000000
00000000
00000000
00000000
00000000
00000000
00000000
00000000
00000000
00000000
00000000
00000000
00000000
00000000
00000000
00000000
00000000
00000000
00000000
00000000
00000000
00000000
00000000
00000000
00000000
00000000
00000000
00000000
00000000
00000000
00000000
00000000
00000000
00000000
07030020
53765333
bfe895ff
deda74de
cbc653da
c2c95bfb
c5d56c7d
cde07d1f
d6e68d9f
d7cc851c
c4865374
a0362168
740a0841
46000000
1e000000
08000000
01000000
00000000
00000000
00000000
00000000
00000000
00000000
00000000
00000000
00000000
00000000
00000000
00000000
00000000
00000000
00000000
00000000
00000000
00000000
00000000
00000000
00000000
00000000
00000000
00000000
00000000
00000000
00000000
00000000
00000000
00000000
00000000
00000000
00000000
00000000
00000000
00000000
00000000
00000000
00000000
00000000
00000000
00000000
00000000
00000000
00000000
00000000
00000000
00000000
00000000
00000000
00000000
00000000
00000000
00000000
00000000
00000000
00000000
00000000
00000000
00000000
00000000
00000000
00000000
00000000
00000000
00000000
00000000
00000000
00000000
00000000
00000000
00000000
00000000
00000000
00000000
00000000
00000000
00000000
00000000
00000000
00000000
00000000
00000000
00000000
00000000
00000000
00000000
00000000
00000000
00000000
00000000
00000000
00000000
00000000
00000000
00000000
00000000
00000000
00000000
00000000
00000000
00000000
00000000
00000000
00000000
00000000
00000000
00000000
00000000
00000000
00000000
00000000
00000000
00000000
00000000
00000000
00000000
00000000
00000000
00000000
00000000
00000000
00000000
00000000
00000000
00000000
00000000
00000000
00000000
00000000
00000000
13271060
84e193c4
e9f2c4e5
f2f2d545
f2f2dd85
f2f2e5c6
f2f2ff91
f2f2e609
efeca424
974220c1
21000000
00000000
00000000
00000000
00000000
00000000
00000000
00000000
00000000
00000000
4ac4634d
ade573cf
886939c7
24000000
00000000
00000000
00000000
00000000
00000000
00000000
00000000
00000000
00000000
00000000
00000000
00000000
00000000
00000000
00000000
00000000
00000000
00010000
00010000
01010000
01020000
01030000
01020000
01010000
01010000
00010000
00000000
00000000
00000000
00000000
00000000
00000000
00000000
00000000
00000000
00000000
00000000
00000000
00000000
00000000
00000000
00000000
00000000
00000000
00000000
00000000
00000000
00000000
00000000
00000000
00000000
00000000
00000000
00000000
00000000
00000000
00000000
00000000
00000000
00000000
00000000
00000000
00000000
00000000
00000000
00000000
00000000
00000000
00000000
00000000
00000000
00000000
00000000
00000000
00000000
00000000
00000000
00000000
00000000
00000000
00000000
00000000
00000000
00000000
01000000
2b332168
99d28d9e
dee2855f
d7db74fe
d4e6857f
d8de8d9e
d0ab7479
b3583a4e
891910a4
5b020000
2f000000
10000000
02000000
00000000
00000000
00000000
00000000
00000000
00000000
00000000
00000000
00000000
00000000
00000000
00000000
00000000
00000000
00000000
00000000
00000000
00000000
00000000
00000000
00000000
00000000
00000000
00000000
00000000
00000000
00000000
00000000
00000000
00000000
00000000
00000000
00000000
00000000
00000000
00000000
00000000
00000000
00000000
00000000
00000000
00000000
00000000
00000000
00000000
00000000
00000000
00000000
00000000
00000000
00000000
00000000
00000000
00000000
00000000
00000000
00000000
00000000
00000000
00000000
00000000
00000000
00000000
00000000
00000000
00000000
00000000
00000000
00000000
00000000
00000000
00000000
00000000
00000000
00000000
00000000
00000000
00000000
00000000
00000000
00000000
00000000
00000000
00000000
00000000
00000000
00000000
00000000
00000000
00000000
00000000
00000000
00000000
00000000
00000000
00000000
00000000
00000000
00000000
00000000
00000000
00000000
00000000
00000000
00000000
00000000
00000000
00000000
00000000
00000000
00000000
00000000
00000000
00000000
00000000
00000000
00000000
00000000
00000000
00000000
00000000
00000000
00000000
00000000
00000000
00000000
00000000
00000000
00000000
00000000
00000000
00000000
00000000
00000000
14271060
84e193c4
e9f2c4e5
f2f2d545
f2f2dd85
f2f2e5c6
f2f2ff91
f2f2e609
efeca424
974120c1
21000000
00000000
00000000
00000000
00000000
00000000
00000000
00000000
00000000
00000000
42442124
9d874a49
7a130841
324a2966
3ba0630c
4d955aec
312f18e4
0c000000
00000000
00000000
00000000
00000000
00000000
00000000
00000000
00000000
00000000
00000000
00000000
00000000
01010000
01020000
02030000
02040000
03050000
050a0001
05050000
03040000
02030000
02020000
01010000
01010000
00000000
00000000
00000000
00000000
00000000
00000000
00000000
00000000
00000000
00000000
00000000
00000000
00000000
00000000
00000000
00000000
00000000
00000000
00000000
00000000
00000000
00000000
00000000
00000000
00000000
00000000
00000000
00000000
00000000
00000000
00000000
00000000
00000000
00000000
00000000
00000000
00000000
00000000
00000000
00000000
00000000
00000000
00000000
00000000
00010000
00010000
01020000
01040020
01020000
01020000
01010000
00010000
00000000
00000000
00000000
00000000
00000000
100c0842
6b9c6c38
cee895ff
dcc9853c
c2805354
9d322148
71080821
43000000
1c000000
07000000
00000000
00000000
00000000
00000000
00000000
00000000
00000000
00000000
00000000
00000000
00000000
00000000
00000000
00000000
00000000
00000000
00000000
00000000
00000000
00000000
00000000
00000000
00000000
00000000
00000000
00000000
00000000
00000000
00000000
00000000
00000000
00000000
00000000
00000000
00000000
00000000
00000000
00000000
00000000
00000000
00000000
00000000
00000000
00000000
00000000
00000000
00000000
00000000
00000000
00000000
00000000
00000000
00000000
00000000
00000000
00000000
00000000
00000000
00000000
00000000
00000000
00000000
00000000
00000000
00000000
00000000
00000000
00000000
00000000
00000000
00000000
00000000
00000000
00000000
00000000
00000000
00000000
00000000
00000000
00000000
00000000
00000000
00000000
00000000
00000000
00000000
00000000
00000000
00000000
00000000
00000000
00000000
00000000
00000000
00000000
00000000
00000000
00000000
00000000
00000000
00000000
00000000
00000000
00000000
00000000
00000000
00000000
00000000
00000000
00000000
00000000
00000000
00000000
00000000
00000000
00000000
00000000
00000000
00000000
00000000
00000000
00000000
00000000
00000000
00000000
00000000
00000000
00000000
00000000
00000000
00000000
00000000
00000000
00000000
00000000
00000000
00000000
14271060
84e193c4
e9f2c4e5
f2f2d545
f2f2dd85
f2f2e5c6
f2f2ff91
f2f2e609
efeca424
964120e1
21000000
00000000
00000000
00000000
00000000
00000000
00000000
00000000
00000000
00000000
11000000
33000000
2b120861
50d17c10
a8e58c72
c0e58c72
95a9632d
36000000
00000000
00000000
00000000
00000000
00000000
00000000
00000000
00000000
00000000
00000000
00000000
00010000
01020000
02030000
03050000
05070000
06090000
0a100841
0a0a0000
07080000
05060000
04040000
02020000
01010000
00000000
00000000
00000000
00000000
00000000
00000000
00000000
00000000
00000000
00000000
00000000
00000000
00000000
00000000
00000000
00000000
00000000
00000000
00000000
00000000
00000000
00000000
00000000
00000000
00000000
00000000
00000000
00000000
00000000
00000000
00000000
00000000
00000000
00000000
00000000
00000000
00000000
00000000
00000000
00000000
00000000
00000000
00000000
01020000
01030000
02040000
03060000
050b0821
06070000
04050000
03040000
02020000
01010000
00000000
00000000
00000000
00000000
03010000
3d4c320c
89533a4d
871610a3
58010000
2d000000
0e000000
02000000
00000000
00000000
00000000
00000000
00000000
00000000
00000000
00000000
00000000
00000000
00000000
00000000
00000000
00000000
00000000
00000000
00000000
00000000
00000000
00000000
00000000
00000000
00000000
00000000
00000000
00000000
00000000
00000000
00000000
00000000
00000000
00000000
00000000
00000000
00000000
00000000
00000000
00000000
00000000
00000000
00000000
00000000
00000000
00000000
00000000
00000000
00000000
00000000
00000000
00000000
00000000
00000000
00000000
00000000
00000000
00000000
00000000
00000000
00000000
00000000
00000000
00000000
00000000
00000000
00000000
00000000
00000000
00000000
00000000
00000000
00000000
00000000
00000000
00000000
00000000
00000000
00000000
00000000
00000000
00000000
00000000
00000000
00000000
00000000
00000000
00000000
00000000
00000000
00000000
00000000
00000000
00000000
00000000
00000000
00000000
00000000
00000000
00000000
00000000
00000000
00000000
00000000
00000000
00000000
00000000
00000000
00000000
00000000
00000000
00000000
00000000
00000000
00000000
00000000
00000000
00000000
00000000
00000000
00000000
00000000
00000000
00000000
00000000
00000000
00000000
00000000
00000000
00000000
00000000
00000000
00000000
00000000
00000000
00000000
00000000
00000000
00000000
00000000
00000000
14281060
84e193c4
eaf2c4e5
f2f2d545
f2f2dd85
f2f2e5c6
f2f2ff91
f2f2e609
efeca424
964120e1
20000000
00000000
00000000
00000000
00000000
00000000
00000000
00000000
00000000
00000000
00000000
00000000
16472965
84e58c72
e0e68c72
e5e68c72
d5e28c52
69181082
06000000
00000000
00000000
00000000
00000000
00000000
00000000
00000000
00000000
00000000
00000000
00010000
02030000
03050000
05080000
080c0821
0b110842
121c18a3
12131062
0d0e0821
09090000
06060000
04040000
02020000
01000000
00000000
00000000
00000000
00000000
00000000
00000000
00000000
00000000
00000000
00000000
00000000
00000000
00000000
00000000
00000000
00000000
00000000
00000000
00000000
00000000
00000000
00000000
00000000
00000000
00000000
00000000
00000000
00000000
00000000
00000000
00000000
00000000
00000000
00000000
00000000
00000000
00000000
00000000
00000000
00000000
00000000
00000000
01030000
03050000
05080000
070b0821
0c151082
0e0f0862
090a0821
07070000
04040000
02020000
01000000
00000000
0f3c2124
30854a6a
2d2f18e3
1f020000
28000000
1a000000
06000000
00000000
00000000
00000000
00000000
00000000
00000000
00000000
00000000
00000000
00000000
00000000
00000000
00000000
00000000
00000000
00000000
00000000
00000000
00000000
00000000
00000000
00000000
00000000
00000000
00000000
00000000
00000000
00000000
00000000
00000000
00000000
00000000
00000000
00000000
00000000
00000000
00000000
00000000
00000000
00000000
00000000
00000000
00000000
00000000
00000000
00000000
00000000
00000000
00000000
00000000
00000000
00000000
00000000
00000000
00000000
00000000
00000000
00000000
00000000
00000000
00000000
00000000
00000000
00000000
00000000
00000000
00000000
00000000
00000000
00000000
00000000
00000000
00000000
00000000
00000000
00000000
00000000
00000000
00000000
00000000
00000000
00000000
00000000
00000000
00000000
00000000
00000000
00000000
00000000
00000000
00000000
00000000
00000000
00000000
00000000
00000000
00000000
00000000
00000000
00000000
00000000
00000000
00000000
00000000
00000000
00000000
00000000
00000000
00000000
00000000
00000000
00000000
00000000
00000000
00000000
00000000
00000000
00000000
00000000
00000000
00000000
00000000
00000000
00000000
00000000
00000000
00000000
00000000
00000000
00000000
00000000
00000000
00000000
00000000
00000000
00000000
00000000
00000000
00000000
00000000
00000000
00000000
14281060
84e193c4
eaf2c4e5
f2f2d545
f2f2dd85
f2f2e5c6
f2f2ff91
f2f2e609
efeca404
964020c1
20000000
00000000
00000000
00000000
00000000
00000000
00000000
00000000
00000000
00000000
00000000
00000000
12030000
7bbc738f
dbe58c72
e5e58c72
cd86528a
60000000
06000000
00000000
00000000
00000000
00000000
00000000
00000000
00000000
00000000
00000000
00000000
01010000
02040000
05070000
080c0821
0d141062
1d454208
39726b4e
4265630d
27181082
100f0842
0a090000
06050000
03020000
01000000
00000000
00000000
00000000
00000000
00000000
00000000
00000000
00000000
00000000
00000000
00000000
00000000
00000000
00000000
00000000
00000000
00000000
00000000
00000000
00000000
00000000
00000000
00000000
00000000
00000000
00000000
00000000
00000000
00000000
00000000
00000000
00000000
00000000
00000000
00000000
00000000
00000000
00000000
00000000
00000000
00000000
00010000
02040000
05070000
080d0842
0e1818a3
1b343187
222e3186
17131082
0c0c0821
07060000
04030000
01000000
02080821
48db7c10
a0e68431
90a5630c
35000000
01000000
00000000
00000000
00000000
00000000
00000000
00000000
00000000
00000000
00000000
00000000
00000000
00000000
00000000
00000000
00000000
00000000
00000000
00000000
00000000
00000000
00000000
00000000
00000000
00000000
00000000
00000000
00000000
00000000
00000000
00000000
00000000
00000000
00000000
00000000
00000000
00000000
00000000
00000000
00000000
00000000
00000000
00000000
00000000
00000000
00000000
00000000
00000000
00000000
00000000
00000000
00000000
00000000
00000000
00000000
00000000
00000000
00000000
00000000
00000000
00000000
00000000
00000000
00000000
00000000
00000000
00000000
00000000
00000000
00000000
00000000
00000000
00000000
00000000
00000000
00000000
00000000
00000000
00000000
00000000
00000000
00000000
00000000
00000000
00000000
00000000
00000000
00000000
00000000
00000000
00000000
00000000
00000000
00000000
00000000
00000000
00000000
00000000
00000000
00000000
00000000
00000000
00000000
00000000
00000000
00000000
00000000
00000000
00000000
00000000
00000000
00000000
00000000
00000000
00000000
00000000
00000000
00000000
00000000
00000000
00000000
00000000
00000000
00000000
00000000
00000000
00000000
00000000
00000000
00000000
00000000
00000000
00000000
00000000
00000000
00000000
00000000
00000000
00000000
00000000
00000000
00000000
00000000
00000000
00000000
14281060
85e193c4
eaf2c4e5
f2f2d545
f2f2dd85
f2f2e5c6
f2f2ffb1
f2f2e609
efeca404
964020c1
20000000
00000000
00000000
00000000
00000000
00000000
00000000
00000000
00000000
00000000
00000000
00000000
01000000
3a2918c3
895939c7
a26439e8
770c0841
25000000
00000000
00000000
00000000
00000000
00000000
00000000
00000000
00000000
00000000
00000000
00000000
01020000
03050000
06090000
0b100842
162720e4
5ae7ef3d
a7ffffff
b5ffffff
79686b2d
29151082
0e0b0021
08060000
04030000
01000000
00000000
00000000
00000000
00000000
00000000
00000000
00000000
00000000
00000000
00000000
00000000
00000000
00000000
00000000
00000000
00000000
00000000
00000000
00000000
00000000
00000000
00000000
00000000
00000000
00000000
00000000
00000000
00000000
00000000
00000000
00000000
00000000
00000000
00000000
00000000
00000000
00000000
00000000
00000000
00000000
00000000
00010000
03050000
070a0821
0d141082
31898c72
75ffffff
98fdffff
624b526a
1f111082
0b080000
06040000
02000000
02000000
66b56b4d
d7e58431
bd844a6a
4a000000
00000000
00000000
00000000
00000000
00000000
00000000
00000000
00000000
00000000
00000000
00000000
00000000
00000000
00000000
00000000
00000000
00000000
00000000
00000000
00000000
00000000
00000000
00000000
00000000
00000000
00000000
00000000
00000000
00000000
00000000
00000000
00000000
00000000
00000000
00000000
00000000
00000000
00000000
00000000
00000000
00000000
00000000
00000000
00000000
00000000
00000000
00000000
00000000
00000000
00000000
00000000
00000000
00000000
00000000
00000000
00000000
00000000
00000000
00000000
00000000
00000000
00000000
00000000
00000000
00000000
00000000
00000000
00000000
00000000
00000000
00000000
00000000
00000000
00000000
00000000
00000000
00000000
00000000
00000000
00000000
00000000
00000000
00000000
00000000
00000000
00000000
00000000
00000000
00000000
00000000
00000000
00000000
00000000
00000000
00000000
00000000
00000000
00000000
00000000
00000000
00000000
00000000
00000000
00000000
00000000
00000000
00000000
00000000
00000000
00000000
00000000
00000000
00000000
00000000
00000000
00000000
00000000
00000000
00000000
00000000
00000000
00000000
00000000
00000000
00000000
00000000
00000000
00000000
00000000
00000000
00000000
00000000
00000000
00000000
00000000
00000000
00000000
00000000
00000000
00000000
00000000
00000000
00000000
00000000
00000000
14281060
85e293c4
eaf2c4e5
f2f2d545
f2f2dd85
f2f2e5c6
f2f2ffb1
f2f2e609
efeca404
964020c1
20000000
00000000
00000000
00000000
00000000
00000000
00000000
00000000
00000000
00000000
00000000
00000000
00000000
0a000000
21000000
2f000000
1c000000
03000000
00000000
00000000
00000000
00000000
00000000
00000000
00000000
00000000
00000000
00000000
00000000
01030000
050a0000
0a100842
121c1883
388b8c31
a6ffffff
f9ffffff
ffffffff
d2e0e6fc
612618c4
17141062
0c0c0821
07060000
02000000
00000000
00000000
00000000
00000000
00000000
00000000
00000000
00000000
00000000
00000000
00000000
00000000
00000000
00000000
00000000
00000000
00000000
00000000
00000000
00000000
00000000
00000000
00000000
00000000
00000000
00000000
00000000
00000000
00000000
00000000
00000000
00000000
00000000
00000000
00000000
00000000
00000000
00000000
00000000
00000000
00000000
01020000
040a0821
0b131082
16282925
6ef2f79e
deffffff
ffffffff
c2c2c638
4f1f18c3
12101062
09090020
03000000
00000000
2e030000
722c18c3
66010000
21000000
00000000
00000000
00000000
00000000
00000000
00000000
00000000
00000000
00000000
00000000
00000000
00000000
00000000
00000000
00000000
00000000
00000000
00000000
00000000
00000000
00000000
00000000
00000000
00000000
00000000
00000000
00000000
00000000
00000000
00000000
00000000
00000000
00000000
00000000
00000000
00000000
00000000
00000000
00000000
00000000
00000000
00000000
00000000
00000000
00000000
00000000
00000000
00000000
00000000
00000000
00000000
00000000
00000000
00000000
00000000
00000000
00000000
00000000
00000000
00000000
00000000
00000000
00000000
00000000
00000000
00000000
00000000
00000000
00000000
00000000
00000000
00000000
00000000
00000000
00000000
00000000
00000000
00000000
00000000
00000000
00000000
00000000
00000000
00000000
00000000
00000000
00000000
00000000
00000000
00000000
00000000
00000000
00000000
00000000
00000000
00000000
00000000
00000000
00000000
00000000
00000000
00000000
00000000
00000000
00000000
00000000
00000000
00000000
00000000
00000000
00000000
00000000
00000000
00000000
00000000
00000000
00000000
00000000
00000000
00000000
00000000
00000000
00000000
00000000
00000000
00000000
00000000
00000000
00000000
00000000
00000000
00000000
00000000
00000000
00000000
00000000
00000000
00000000
00000000
00000000
00000000
00000000
00000000
00000000
00000000
14291060
85e293c4
eaf2c4e5
f2f2d545
f2f2dd85
f2f2e5c6
f2f2ffb1
f2f2e609
efeba404
964020c1
20000000
00000000
00000000
00000000
00000000
00000000
00000000
00000000
00000000
00000000
00000000
00000000
00000000
00000000
00000000
00000000
00000000
00000000
00000000
00000000
00000000
00000000
00000000
00000000
00000000
00000000
00000000
00000000
00000000
01020000
05050000
0a0a0000
12121062
40464209
b2faffdf
feffffff
ffffffff
de999cb3
6e171082
180d0821
0d070000
07030000
02000000
00000000
00000000
00000000
00000000
00000000
00000000
00000000
00000000
00000000
00000000
00000000
00000000
00000000
00000000
00000000
00000000
00000000
00000000
00000000
00000000
00000000
00000000
00000000
00000000
00000000
00000000
00000000
00000000
00000000
00000000
00000000
00000000
00000000
00000000
00000000
00000000
00000000
00000000
00000000
00000000
00000000
01010000
05060000
0c0b0821
17161083
77aab576
e7ffffff
ffffffff
cc6f73af
59131082
13090000
0a040000
03000000
00000000
01000000
0c000000
0b000000
00000000
00000000
00000000
00000000
00000000
00000000
00000000
00000000
00000000
00000000
00000000
00000000
00000000
00000000
00000000
00000000
00000000
00000000
00000000
00000000
00000000
00000000
00000000
00000000
00000000
00000000
00000000
00000000
00000000
00000000
00000000
00000000
00000000
00000000
00000000
00000000
00000000
00000000
00000000
00000000
00000000
00000000
00000000
00000000
00000000
00000000
00000000
00000000
00000000
00000000
00000000
00000000
00000000
00000000
00000000
00000000
00000000
00000000
00000000
00000000
00000000
00000000
00000000
00000000
00000000
00000000
00000000
00000000
00000000
00000000
00000000
00000000
00000000
00000000
00000000
00000000
00000000
00000000
00000000
00000000
00000000
00000000
00000000
00000000
00000000
00000000
00000000
00000000
00000000
00000000
00000000
00000000
00000000
00000000
00000000
00000000
00000000
00000000
00000000
00000000
00000000
00000000
00000000
00000000
00000000
00000000
00000000
00000000
00000000
00000000
00000000
00000000
00000000
00000000
00000000
00000000
00000000
00000000
00000000
00000000
00000000
00000000
00000000
00000000
00000000
00000000
00000000
00000000
00000000
00000000
00000000
00000000
00000000
00000000
00000000
00000000
00000000
00000000
00000000
00000000
00000000
00000000
00000000
00000000
00000000
00000000
14291060
85e293c4
eaf2c4e5
f2f2d545
f2f2dd85
f2f2e5c6
f2f2ffb1
f2f2e609
efeba404
954020c1
20000000
00000000
00000000
00000000
00000000
00000000
00000000
00000000
00000000
00000000
00000000
081f0842
29843129
2d311063
0d010000
00000000
00000000
00000000
00000000
00000000
00000000
00000000
00000000
00000000
00000000
00000000
00000000
00000000
00000000
01010000
03040000
07080000
0c0e0821
1f171082
77838411
cfc1c5f8
dcb2b597
9d2b2925
3b111062
100a0000
09050000
04020000
01000000
00000000
00000000
00000000
00000000
00000000
00000000
00000000
00000000
00000000
00000000
00000000
00000000
00000000
00000000
00000000
00000000
00000000
00000000
00000000
00000000
00000000
00000000
00000000
00000000
00000000
00000000
00000000
00000000
00000000
00000000
00000000
00000000
00000000
00000000
00000000
00000000
00000000
00000000
00000000
11432905
2f7941c9
2e3f20e5
12040000
07080000
0e0f1062
3f2a2945
937883f0
b7686b4d
7b1710a3
2a0d0842
0c070000
06040000
02000000
00000000
00000000
00000000
00000000
00000000
00000000
00000000
00000000
00000000
00000000
00000000
00000000
00000000
00000000
00000000
00000000
00000000
00000000
00000000
00000000
00000000
00000000
00000000
00000000
00000000
00000000
00000000
00000000
00000000
00000000
00000000
00000000
00000000
00000000
00000000
00000000
00000000
00000000
00000000
00000000
00000000
00000000
00000000
00000000
00000000
00000000
00000000
00000000
00000000
00000000
00000000
00000000
00000000
00000000
00000000
00000000
00000000
00000000
00000000
00000000
00000000
00000000
00000000
00000000
00000000
00000000
00000000
00000000
00000000
00000000
00000000
00000000
00000000
00000000
00000000
00000000
00000000
00000000
00000000
00000000
00000000
00000000
00000000
00000000
00000000
00000000
00000000
00000000
00000000
00000000
00000000
00000000
00000000
00000000
00000000
00000000
00000000
00000000
00000000
00000000
00000000
00000000
00000000
00000000
00000000
00000000
00000000
00000000
00000000
00000000
00000000
00000000
00000000
00000000
00000000
00000000
00000000
00000000
00000000
00000000
00000000
00000000
00000000
00000000
00000000
00000000
00000000
00000000
00000000
00000000
00000000
00000000
00000000
00000000
00000000
00000000
00000000
00000000
00000000
00000000
00000000
00000000
00000000
00000000
00000000
00000000
00000000
00000000
00000000
00000000
15291060
85e293c4
eaf2c4e5
f2f2d545
f2f2dd85
f2f2e5c6
f2f2ffb1
f2f2e609
efeba404
953f20c1
20000000
00000000
00000000
00000000
00000000
00000000
00000000
00000000
00000000
00000000
071b0842
44d651ee
97e5520f
a0e4520f
52311063
0c000000
00000000
00000000
00000000
00000000
00000000
00000000
00000000
00000000
00000000
00000000
00000000
00000000
00000000
01010000
02030000
05060000
09090000
0f0f0842
2f141082
5f2318a3
6b171082
41111062
160b0001
0b070000
06040000
03020000
01000000
00000000
00000000
00000000
00000000
00000000
00000000
00000000
00000000
00000000
00000000
00000000
00000000
00000000
00000000
00000000
00000000
00000000
00000000
00000000
00000000
00000000
00000000
00000000
00000000
00000000
00000000
00000000
00000000
00000000
00000000
00000000
00000000
00000000
01030000
22874a0a
3d6b3988
1b000000
00000000
06160862
4cd87b50
9ee57b71
9ac9730f
44050000
06050000
09090000
140e0861
321918a3
43121082
270c0841
0e080000
08050000
04020000
01000000
00000000
00000000
00000000
00000000
00000000
00000000
00000000
00000000
00000000
00000000
00000000
00000000
00000000
00000000
00000000
00000000
00000000
00000000
00000000
00000000
00000000
00000000
00000000
00000000
00000000
00000000
00000000
00000000
00000000
00000000
00000000
00000000
00000000
00000000
00000000
00000000
00000000
00000000
00000000
00000000
00000000
00000000
00000000
00000000
00000000
00000000
00000000
00000000
00000000
00000000
00000000
00000000
00000000
00000000
00000000
00000000
00000000
00000000
00000000
00000000
00000000
00000000
00000000
00000000
00000000
00000000
00000000
00000000
00000000
00000000
00000000
00000000
00000000
00000000
00000000
00000000
00000000
00000000
00000000
00000000
00000000
00000000
00000000
00000000
00000000
00000000
00000000
00000000
00000000
00000000
00000000
00000000
00000000
00000000
00000000
00000000
00000000
00000000
00000000
00000000
00000000
00000000
00000000
00000000
00000000
00000000
00000000
00000000
00000000
00000000
00000000
00000000
00000000
00000000
00000000
00000000
00000000
00000000
00000000
00000000
00000000
00000000
00000000
00000000
00000000
00000000
00000000
00000000
00000000
00000000
00000000
00000000
00000000
00000000
00000000
00000000
00000000
00000000
00000000
00000000
00000000
00000000
00000000
00000000
00000000
00000000
00000000
00000000
00000000
00000000
15291060
86e293c4
eaf2c4e5
f2f2d545
f2f2dd85
f2f2e5c6
f2f2ffb1
f2f2de09
efeba404
953f20c1
1f000000
00000000
00000000
00000000
00000000
00000000
00000000
00000000
00000000
00000000
0c170842
7be4520f
e1e5520f
e5e5520f
914b18a5
1f000000
00000000
00000000
00000000
00000000
00000000
00000000
00000000
00000000
00000000
00000000
00000000
00000000
00000000
00010000
02020000
04040000
06060000
0a090000
0e0b0001
16141062
170d0821
100a0000
0b070000
07040000
05030000
03010000
01000000
00000000
00000000
00000000
00000000
00000000
00000000
00000000
00000000
00000000
00000000
00000000
00000000
00000000
00000000
00000000
00000000
00000000
00000000
00000000
00000000
00000000
00000000
00000000
00000000
00000000
00000000
00000000
00000000
00000000
00000000
00000000
00000000
00000000
13492905
6ee57b51
afe57b51
5b1e1062
07000000
07050020
70cf732f
dce57b71
d5c16aee
670b0821
06030000
06050000
09070000
0f0d0841
10090020
0b060000
08040000
05030000
03020000
01000000
00000000
00000000
00000000
00000000
00000000
00000000
00000000
00000000
00000000
00000000
00000000
00000000
00000000
00000000
00000000
00000000
00000000
00000000
00000000
00000000
00000000
00000000
00000000
00000000
00000000
00000000
00000000
00000000
00000000
00000000
00000000
00000000
00000000
00000000
00000000
00000000
00000000
00000000
00000000
00000000
00000000
00000000
00000000
00000000
00000000
00000000
00000000
00000000
00000000
00000000
00000000
00000000
00000000
00000000
00000000
00000000
00000000
00000000
00000000
00000000
00000000
00000000
00000000
00000000
00000000
00000000
00000000
00000000
00000000
00000000
00000000
00000000
00000000
00000000
00000000
00000000
00000000
00000000
00000000
00000000
00000000
00000000
00000000
00000000
00000000
00000000
00000000
00000000
00000000
00000000
00000000
00000000
00000000
00000000
00000000
00000000
00000000
00000000
00000000
00000000
00000000
00000000
00000000
00000000
00000000
00000000
00000000
00000000
00000000
00000000
00000000
00000000
00000000
00000000
00000000
00000000
00000000
00000000
00000000
00000000
00000000
00000000
00000000
00000000
00000000
00000000
00000000
00000000
00000000
00000000
00000000
00000000
00000000
00000000
00000000
00000000
00000000
00000000
00000000
00000000
00000000
00000000
00000000
00000000
00000000
00000000
00000000
00000000
00000000
00000000
152a1060
86e293c4
eaf2c4e5
f2f2d545
f2f2dd85
f2f2e5c6
f2f2ffb1
f2f2de09
efeba404
953e20a1
1f000000
00000000
00000000
00000000
00000000
00000000
00000000
00000000
00000000
00000000
07050000
638c3149
cddd520f
d09a396a
77110821
17000000
00000000
00000000
00000000
00000000
00000000
00000000
00000000
00000000
00000000
00000000
00000000
00000000
00000000
00000000
01010000
02020000
04040000
06050000
08060000
0c0c0821
0d070000
09050000
06040000
05030000
03020000
02010000
01000000
00000000
00000000
00000000
00000000
00000000
00000000
00000000
00000000
00000000
00000000
00000000
00000000
00000000
00000000
00000000
00000000
00000000
00000000
00000000
00000000
00000000
00000000
00000000
00000000
00000000
00000000
00000000
00000000
00000000
00000000
00000000
00000000
00000000
15090821
77a65a6c
be884a0a
63000000
07000000
01000000
423318c4
946a39a8
8e2818a3
3d010000
04010000
03020000
04030000
07060020
173f2945
24422945
15070020
04010000
02010000
01000000
00000000
00000000
00000000
00000000
00000000
00000000
00000000
00000000
00000000
00000000
00000000
00000000
00000000
00000000
00000000
00000000
00000000
00000000
00000000
00000000
00000000
00000000
00000000
00000000
00000000
00000000
00000000
00000000
00000000
00000000
00000000
00000000
00000000
00000000
00000000
00000000
00000000
00000000
00000000
00000000
00000000
00000000
00000000
00000000
00000000
00000000
00000000
00000000
00000000
00000000
00000000
00000000
00000000
00000000
00000000
00000000
00000000
00000000
00000000
00000000
00000000
00000000
00000000
00000000
00000000
00000000
00000000
00000000
00000000
00000000
00000000
00000000
00000000
00000000
00000000
00000000
00000000
00000000
00000000
00000000
00000000
00000000
00000000
00000000
00000000
00000000
00000000
00000000
00000000
00000000
00000000
00000000
00000000
00000000
00000000
00000000
00000000
00000000
00000000
00000000
00000000
00000000
00000000
00000000
00000000
00000000
00000000
00000000
00000000
00000000
00000000
00000000
00000000
00000000
00000000
00000000
00000000
00000000
00000000
00000000
00000000
00000000
00000000
00000000
00000000
00000000
00000000
00000000
00000000
00000000
00000000
00000000
00000000
00000000
00000000
00000000
00000000
00000000
00000000
00000000
00000000
00000000
00000000
00000000
00000000
00000000
00000000
00000000
00000000
00000000
152a1060
86e393c4
eaf2c4e5
f2f2d545
f2f2dd85
f2f2e5c6
f2f2ffb1
f2f2de09
efeba404
953e20a1
1f000000
00000000
00000000
00000000
00000000
00000000
00000000
00000000
00000000
00000000
01000000
24000000
5f110821
62020000
2b000000
04000000
00000000
00000000
00000000
00000000
00000000
00000000
00000000
00000000
00000000
00000000
00000000
00000000
00000000
00000000
01010000
01010000
02020000
03020000
04030000
06060000
07030000
04020000
03020000
02010000
02010000
01010000
00000000
00000000
00000000
00000000
00000000
00000000
00000000
00000000
00000000
00000000
00000000
00000000
00000000
00000000
00000000
00000000
00000000
00000000
00000000
00000000
00000000
00000000
00000000
00000000
00000000
00000000
00000000
00000000
00000000
00000000
00000000
00000000
00000000
00000000
02000000
2c000000
4c000000
22000000
00000000
00000000
0d000000
27000000
24000000
0a000000
01000000
01000000
01000000
0e312104
56e19492
92e594b2
605031a6
16000000
00000000
00000000
00000000
00000000
00000000
00000000
00000000
00000000
00000000
00000000
00000000
00000000
00000000
00000000
00000000
00000000
00000000
00000000
00000000
00000000
00000000
00000000
00000000
00000000
00000000
00000000
00000000
00000000
00000000
00000000
00000000
00000000
00000000
00000000
00000000
00000000
00000000
00000000
00000000
00000000
00000000
00000000
00000000
00000000
00000000
00000000
00000000
00000000
00000000
00000000
00000000
00000000
00000000
00000000
00000000
00000000
00000000
00000000
00000000
00000000
00000000
00000000
00000000
00000000
00000000
00000000
00000000
00000000
00000000
00000000
00000000
00000000
00000000
00000000
00000000
00000000
00000000
00000000
00000000
00000000
00000000
00000000
00000000
00000000
00000000
00000000
00000000
00000000
00000000
00000000
00000000
00000000
00000000
00000000
00000000
00000000
00000000
00000000
00000000
00000000
00000000
00000000
00000000
00000000
00000000
00000000
00000000
00000000
00000000
00000000
00000000
00000000
00000000
00000000
00000000
00000000
00000000
00000000
00000000
00000000
00000000
00000000
00000000
00000000
00000000
00000000
00000000
00000000
00000000
00000000
00000000
00000000
00000000
00000000
00000000
00000000
00000000
00000000
00000000
00000000
00000000
00000000
00000000
00000000
00000000
00000000
00000000
00000000
00000000
00000000
00000000
00000000
152a1060
86e393c4
eaf2c4e5
f2f2d545
f2f2dd85
f2f2e5c6
f2f2ffb1
f2f2de09
efeba404
943e20a1
1f000000
00000000
00000000
00000000
00000000
00000000
00000000
00000000
00000000
00000000
00000000
00000000
04000000
05000000
00000000
00000000
00000000
00000000
00000000
00000000
00000000
00000000
00000000
00000000
00000000
00000000
00000000
00000000
00000000
00000000
00000000
00000000
01000000
01000000
01000000
02000000
02000000
01000000
01000000
01000000
01000000
00000000
00000000
00000000
00000000
00000000
00000000
00000000
00000000
00000000
00000000
00000000
00000000
00000000
00000000
00000000
00000000
00000000
00000000
00000000
00000000
00000000
00000000
00000000
00000000
00000000
00000000
00000000
00000000
00000000
00000000
00000000
00000000
00000000
00000000
00000000
00000000
00000000
00000000
00000000
00000000
00000000
00000000
00000000
00000000
00000000
00000000
00000000
00000000
152418c3
87e594b2
e4e594b2
9d5839c7
2a000000
00000000
00000000
00000000
00000000
00000000
00000000
00000000
00000000
00000000
00000000
00000000
00000000
00000000
00000000
00000000
00000000
00000000
00000000
00000000
00000000
00000000
00000000
00000000
00000000
00000000
00000000
00000000
00000000
00000000
00000000
00000000
00000000
00000000
00000000
00000000
00000000
00000000
00000000
00000000
00000000
00000000
00000000
00000000
00000000
00000000
00000000
00000000
00000000
00000000
00000000
00000000
00000000
00000000
00000000
00000000
00000000
00000000
00000000
00000000
00000000
00000000
00000000
00000000
00000000
00000000
00000000
00000000
00000000
00000000
00000000
00000000
00000000
00000000
00000000
00000000
00000000
00000000
00000000
00000000
00000000
00000000
00000000
00000000
00000000
00000000
00000000
00000000
00000000
00000000
00000000
00000000
00000000
00000000
00000000
00000000
00000000
00000000
00000000
00000000
00000000
00000000
00000000
00000000
00000000
00000000
00000000
00000000
00000000
00000000
00000000
00000000
00000000
00000000
00000000
00000000
00000000
00000000
00000000
00000000
00000000
00000000
00000000
00000000
00000000
00000000
00000000
00000000
00000000
00000000
00000000
00000000
00000000
00000000
00000000
00000000
00000000
00000000
00000000
00000000
00000000
00000000
00000000
00000000
00000000
00000000
00000000
00000000
00000000
00000000
00000000
00000000
00000000
152a1060
86e39bc4
eaf2c4e5
f2f2d545
f2f2dd85
f2f2e5c6
f2f2ffb1
f2f2dde9
eeeba404
943e20a1
1f000000
00000000
00000000
00000000
00000000
00000000
00000000
00000000
00000000
00000000
00000000
00000000
00000000
00000000
00000000
00000000
00000000
00000000
00000000
00000000
00000000
00000000
00000000
00000000
00000000
00000000
00000000
00000000
00000000
00000000
00000000
00000000
00000000
00000000
00000000
00000000
00000000
00000000
00000000
00000000
00000000
00000000
00000000
00000000
00000000
00000000
00000000
00000000
00000000
00000000
00000000
00000000
00000000
00000000
00000000
00000000
00000000
00000000
00000000
00000000
00000000
00000000
00000000
00000000
00000000
00000000
00000000
00000000
00000000
00000000
00000000
00000000
00000000
00000000
00000000
00000000
00000000
00000000
00000000
00000000
00000000
00000000
00000000
00000000
00000000
00000000
00000000
00000000
00000000
09000000
4f322104
924d3186
63000000
16000000
00000000
00000000
00000000
00000000
00000000
00000000
00000000
00000000
00000000
00000000
00000000
00000000
00000000
00000000
00000000
00000000
00000000
00000000
00000000
00000000
00000000
00000000
00000000
00000000
00000000
00000000
00000000
00000000
00000000
00000000
00000000
00000000
00000000
00000000
00000000
00000000
00000000
00000000
00000000
00000000
00000000
00000000
00000000
00000000
00000000
00000000
00000000
00000000
00000000
00000000
00000000
00000000
00000000
00000000
00000000
00000000
00000000
00000000
00000000
00000000
00000000
00000000
00000000
00000000
00000000
00000000
00000000
00000000
00000000
00000000
00000000
00000000
00000000
00000000
00000000
00000000
00000000
00000000
00000000
00000000
00000000
00000000
00000000
00000000
00000000
00000000
00000000
00000000
00000000
00000000
00000000
00000000
00000000
00000000
00000000
00000000
00000000
00000000
00000000
00000000
00000000
00000000
00000000
00000000
00000000
00000000
00000000
00000000
00000000
00000000
00000000
00000000
00000000
00000000
00000000
00000000
00000000
00000000
00000000
00000000
00000000
00000000
00000000
00000000
00000000
00000000
00000000
00000000
00000000
00000000
00000000
00000000
00000000
00000000
00000000
00000000
00000000
00000000
00000000
00000000
00000000
00000000
00000000
00000000
00000000
00000000
00000000
00000000
00000000
00000000
00000000
00000000
152a1060
87e39bc4
eaf2c4e5
f2f2d545
f2f2dd85
f2f2e5c6
f2f2ffb1
f2f2dde9
eeeba404
943d20a1
1f000000
00000000
00000000
00000000
00000000
00000000
00000000
00000000
00000000
00000000
00000000
00000000
00000000
00000000
00000000
00000000
00000000
00000000
00000000
00000000
00000000
00000000
00000000
00000000
00000000
00000000
00000000
00000000
00000000
00000000
00000000
00000000
00000000
00000000
00000000
00000000
00000000
00000000
00000000
00000000
00000000
00000000
00000000
00000000
00000000
00000000
00000000
00000000
00000000
00000000
00000000
00000000
00000000
00000000
00000000
00000000
00000000
00000000
00000000
00000000
00000000
00000000
00000000
00000000
00000000
00000000
00000000
00000000
00000000
00000000
00000000
00000000
00000000
00000000
00000000
00000000
00000000
00000000
00000000
00000000
00000000
00000000
00000000
00000000
00000000
00000000
00000000
00000000
00000000
00000000
0d000000
20000000
13000000
00000000
00000000
00000000
00000000
00000000
00000000
00000000
00000000
00000000
00000000
00000000
00000000
00000000
00000000
00000000
00000000
00000000
00000000
00000000
00000000
00000000
00000000
00000000
00000000
00000000
00000000
00000000
00000000
00000000
00000000
00000000
00000000
00000000
00000000
00000000
00000000
00000000
00000000
00000000
00000000
00000000
00000000
00000000
00000000
00000000
00000000
00000000
00000000
00000000
00000000
00000000
00000000
00000000
00000000
00000000
00000000
00000000
00000000
00000000
00000000
00000000
00000000
00000000
00000000
00000000
00000000
00000000
00000000
00000000
00000000
00000000
00000000
00000000
00000000
00000000
00000000
00000000
00000000
00000000
00000000
00000000
00000000
00000000
00000000
00000000
00000000
00000000
00000000
00000000
00000000
00000000
00000000
00000000
00000000
00000000
00000000
00000000
00000000
00000000
00000000
00000000
00000000
00000000
00000000
00000000
00000000
00000000
00000000
00000000
00000000
00000000
00000000
00000000
00000000
00000000
00000000
00000000
00000000
00000000
00000000
00000000
00000000
00000000
00000000
00000000
00000000
00000000
00000000
00000000
00000000
00000000
00000000
00000000
00000000
00000000
00000000
00000000
00000000
00000000
00000000
00000000
00000000
00000000
00000000
00000000
00000000
00000000
00000000
00000000
00000000
00000000
00000000
00000000
152b1060
87e39bc4
eaf2c4e5
f2f2d545
f2f2dd85
f2f2e5c6
f2f2ffb1
f2f2dde9
eeeba404
943d18a1
1f000000
00000000
00000000
00000000
00000000
00000000
00000000
00000000
00000000
00000000
00000000
00000000
00000000
00000000
00000000
00000000
00000000
00000000
00000000
00000000
00000000
00000000
00000000
00000000
00000000
00000000
00000000
00000000
00000000
00000000
00000000
00000000
00000000
00000000
00000000
00000000
00000000
00000000
00000000
00000000
00000000
00000000
00000000
00000000
00000000
00000000
00000000
00000000
00000000
00000000
00000000
00000000
00000000
00000000
00000000
00000000
00000000
00000000
00000000
00000000
00000000
00000000
00000000
00000000
00000000
00000000
00000000
00000000
00000000
00000000
00000000
00000000
00000000
00000000
00000000
00000000
00000000
00000000
00000000
00000000
00000000
00000000
00000000
00000000
00000000
00000000
00000000
00000000
00000000
00000000
00000000
00000000
00000000
00000000
00000000
00000000
00000000
00000000
00000000
00000000
00000000
00000000
00000000
00000000
00000000
00000000
00000000
00000000
00000000
00000000
00000000
00000000
00000000
00000000
00000000
00000000
00000000
00000000
00000000
00000000
00000000
00000000
00000000
00000000
00000000
00000000
00000000
00000000
00000000
00000000
00000000
00000000
00000000
00000000
00000000
00000000
00000000
00000000
00000000
00000000
00000000
00000000
00000000
00000000
00000000
00000000
00000000
00000000
00000000
00000000
00000000
00000000
00000000
00000000
00000000
00000000
00000000
00000000
00000000
00000000
00000000
00000000
00000000
00000000
00000000
00000000
00000000
00000000
00000000
00000000
00000000
00000000
00000000
00000000
00000000
00000000
00000000
00000000
00000000
00000000
00000000
00000000
00000000
00000000
00000000
00000000
00000000
00000000
00000000
00000000
00000000
00000000
00000000
00000000
00000000
00000000
00000000
00000000
00000000
00000000
00000000
00000000
00000000
00000000
00000000
00000000
00000000
00000000
00000000
00000000
00000000
00000000
00000000
00000000
00000000
00000000
00000000
00000000
00000000
00000000
00000000
00000000
00000000
00000000
00000000
00000000
00000000
00000000
00000000
00000000
00000000
00000000
00000000
00000000
00000000
00000000
00000000
00000000
00000000
00000000
00000000
00000000
00000000
00000000
00000000
00000000
152b1060
87e39bc4
ebf2c4e5
f2f2d545
f2f2dd85
f2f2e5c6
f2f2ffb1
f2f2dde9
eeeba404
943d18a1
1e000000
00000000
00000000
00000000
00000000
00000000
00000000
00000000
00000000
00000000
00000000
00000000
00000000
00000000
00000000
00000000
00000000
00000000
00000000
00000000
00000000
00000000
00000000
00000000
00000000
00000000
00000000
00000000
00000000
00000000
00000000
00000000
00000000
00000000
00000000
00000000
00000000
00000000
00000000
00000000
00000000
00000000
00000000
00000000
00000000
00000000
00000000
00000000
00000000
00000000
00000000
00000000
00000000
00000000
00000000
00000000
00000000
00000000
00000000
00000000
00000000
00000000
00000000
00000000
00000000
00000000
00000000
00000000
00000000
00000000
00000000
00000000
00000000
00000000
00000000
00000000
00000000
00000000
00000000
00000000
00000000
00000000
00000000
00000000
00000000
00000000
00000000
00000000
00000000
00000000
00000000
00000000
00000000
00000000
00000000
00000000
00000000
00000000
00000000
00000000
00000000
00000000
00000000
00000000
00000000
00000000
00000000
00000000
00000000
00000000
00000000
00000000
00000000
00000000
00000000
00000000
00000000
00000000
00000000
00000000
00000000
00000000
00000000
00000000
00000000
00000000
00000000
00000000
00000000
00000000
00000000
00000000
00000000
00000000
00000000
00000000
00000000
00000000
00000000
00000000
00000000
00000000
00000000
00000000
00000000
00000000
00000000
00000000
00000000
00000000
00000000
00000000
00000000
00000000
00000000
00000000
00000000
00000000
00000000
00000000
00000000
00000000
00000000
00000000
00000000
00000000
00000000
00000000
00000000
00000000
00000000
00000000
00000000
00000000
00000000
00000000
00000000
00000000
00000000
00000000
00000000
00000000
00000000
00000000
00000000
00000000
00000000
00000000
00000000
00000000
00000000
00000000
00000000
00000000
00000000
00000000
00000000
00000000
00000000
00000000
00000000
00000000
00000000
00000000
00000000
00000000
00000000
00000000
00000000
00000000
00000000
00000000
00000000
00000000
00000000
00000000
00000000
00000000
00000000
00000000
00000000
00000000
00000000
00000000
00000000
00000000
00000000
00000000
00000000
00000000
00000000
00000000
00000000
00000000
00000000
00000000
00000000
00000000
00000000
00000000
00000000
00000000
00000000
00000000
00000000
00000000
162b1060
87e39bc4
ebf2c4e5
f2f2d545
f2f2dd85
f2f2e5c6
f2f2ffb1
f2f2dde9
eeeba404
943c18a1
1e000000
00000000
00000000
00000000
00000000
00000000
00000000
00000000
00000000
00000000
00000000
00000000
00000000
00000000
00000000
00000000
00000000
00000000
00000000
00000000
00000000
00000000
00000000
00000000
00000000
00000000
00000000
00000000
00000000
00000000
00000000
00000000
00000000
00000000
00000000
00000000
00000000
00000000
00000000
00000000
00000000
00000000
00000000
00000000
00000000
00000000
00000000
00000000
00000000
00000000
00000000
00000000
00000000
00000000
00000000
00000000
00000000
00000000
00000000
00000000
00000000
00000000
00000000
00000000
00000000
00000000
00000000
00000000
00000000
00000000
00000000
00000000
00000000
00000000
00000000
00000000
00000000
00000000
00000000
00000000
00000000
00000000
00000000
00000000
00000000
00000000
00000000
00000000
00000000
00000000
00000000
00000000
00000000
00000000
00000000
00000000
00000000
00000000
00000000
00000000
00000000
00000000
00000000
00000000
00000000
00000000
00000000
00000000
00000000
00000000
00000000
00000000
00000000
00000000
00000000
00000000
00000000
00000000
00000000
00000000
00000000
00000000
00000000
00000000
00000000
00000000
00000000
00000000
00000000
00000000
00000000
00000000
00000000
00000000
00000000
00000000
00000000
00000000
00000000
00000000
00000000
00000000
00000000
00000000
00000000
00000000
00000000
00000000
00000000
00000000
00000000
00000000
00000000
00000000
00000000
00000000
00000000
00000000
00000000
00000000
00000000
00000000
00000000
00000000
00000000
00000000
00000000
00000000
00000000
00000000
00000000
00000000
00000000
00000000
00000000
00000000
00000000
00000000
00000000
00000000
00000000
00000000
00000000
00000000
00000000
00000000
00000000
00000000
00000000
00000000
00000000
00000000
00000000
00000000
00000000
00000000
00000000
00000000
00000000
00000000
00000000
00000000
00000000
00000000
00000000
00000000
00000000
00000000
00000000
00000000
00000000
00000000
00000000
00000000
00000000
00000000
00000000
00000000
00000000
00000000
00000000
00000000
00000000
00000000
00000000
00000000
00000000
00000000
00000000
00000000
00000000
00000000
00000000
00000000
00000000
00000000
00000000
00000000
00000000
00000000
00000000
00000000
00000000
00000000
00000000
00000000
162b1060
87e39bc4
ebf2c4e5
f2f2d545
f2f2dd85
f2f2e5c6
f2f2ffb1
f2f2dde9
eeeba404
933c18a1
1e000000
00000000
00000000
00000000
00000000
00000000
00000000
00000000
00000000
00000000
00000000
00000000
00000000
00000000
00000000
00000000
00000000
00000000
00000000
00000000
00000000
00000000
00000000
00000000
00000000
00000000
00000000
00000000
00000000
00000000
00000000
00000000
00000000
00000000
00000000
00000000
00000000
00000000
00000000
00000000
00000000
00000000
00000000
00000000
00000000
00000000
00000000
00000000
00000000
00000000
00000000
00000000
00000000
00000000
00000000
00000000
00000000
00000000
00000000
00000000
00000000
00000000
00000000
00000000
00000000
00000000
00000000
00000000
00000000
00000000
00000000
00000000
00000000
00000000
00000000
00000000
00000000
00000000
00000000
00000000
00000000
00000000
00000000
00000000
00000000
00000000
00000000
00000000
00000000
00000000
00000000
00000000
00000000
00000000
00000000
00000000
00000000
00000000
00000000
00000000
00000000
00000000
00000000
00000000
00000000
00000000
00000000
00000000
00000000
00000000
00000000
00000000
00000000
00000000
00000000
00000000
00000000
00000000
00000000
00000000
00000000
00000000
00000000
00000000
00000000
00000000
00000000
00000000
00000000
00000000
00000000
00000000
00000000
00000000
00000000
00000000
00000000
00000000
00000000
00000000
00000000
00000000
00000000
00000000
00000000
00000000
00000000
00000000
00000000
00000000
00000000
00000000
00000000
00000000
00000000
00000000
00000000
00000000
00000000
00000000
00000000
00000000
00000000
00000000
00000000
00000000
00000000
00000000
00000000
00000000
00000000
00000000
00000000
00000000
00000000
00000000
00000000
00000000
00000000
00000000
00000000
00000000
00000000
00000000
00000000
00000000
00000000
00000000
00000000
00000000
00000000
00000000
00000000
00000000
00000000
00000000
00000000
00000000
00000000
00000000
00000000
00000000
00000000
00000000
00000000
00000000
00000000
00000000
00000000
00000000
00000000
00000000
00000000
00000000
00000000
00000000
00000000
00000000
00000000
00000000
00000000
00000000
00000000
00000000
00000000
00000000
00000000
00000000
00000000
00000000
00000000
00000000
00000000
00000000
00000000
00000000
00000000
00000000
00000000
00000000
00000000
00000000
00000000
00000000
00000000
00000000
162c1060
87e49bc4
ebf2c4e5
f2f2d545
f2f2dd85
f2f2e5c6
f2f2ffb1
f2f2dde9
eeeaa404
933c18a1
1e000000
00000000
00000000
00000000
00000000
00000000
00000000
00000000
00000000
00000000
00000000
00000000
00000000
00000000
00000000
00000000
00000000
00000000
00000000
00000000
00000000
00000000
00000000
00000000
00000000
00000000
00000000
00000000
00000000
00000000
00000000
00000000
00000000
00000000
00000000
00000000
00000000
00000000
00000000
00000000
00000000
00000000
00000000
00000000
00000000
00000000
00000000
00000000
00000000
00000000
00000000
00000000
00000000
00000000
00000000
00000000
00000000
00000000
00000000
00000000
00000000
00000000
00000000
00000000
00000000
00000000
00000000
00000000
00000000
00000000
00000000
00000000
00000000
00000000
00000000
00000000
00000000
00000000
00000000
00000000
00000000
00000000
00000000
00000000
00000000
00000000
00000000
00000000
00000000
00000000
00000000
00000000
00000000
00000000
00000000
00000000
00000000
00000000
00000000
00000000
00000000
00000000
00000000
00000000
00000000
00000000
00000000
00000000
00000000
00000000
00000000
00000000
00000000
00000000
00000000
00000000
00000000
00000000
00000000
00000000
00000000
00000000
00000000
00000000
00000000
00000000
00000000
00000000
00000000
00000000
00000000
00000000
00000000
00000000
00000000
00000000
00000000
00000000
00000000
00000000
00000000
00000000
00000000
00000000
00000000
00000000
00000000
00000000
00000000
00000000
00000000
00000000
00000000
00000000
00000000
00000000
00000000
00000000
00000000
00000000
00000000
00000000
00000000
00000000
00000000
00000000
00000000
00000000
00000000
00000000
00000000
00000000
00000000
00000000
00000000
00000000
00000000
00000000
00000000
00000000
00000000
00000000
00000000
00000000
00000000
00000000
00000000
00000000
00000000
00000000
00000000
00000000
00000000
00000000
00000000
00000000
00000000
00000000
00000000
00000000
00000000
00000000
00000000
00000000
00000000
00000000
00000000
00000000
00000000
00000000
00000000
00000000
00000000
00000000
00000000
00000000
00000000
00000000
00000000
00000000
00000000
00000000
00000000
00000000
00000000
00000000
00000000
00000000
00000000
00000000
00000000
00000000
00000000
00000000
00000000
00000000
00000000
00000000
00000000
00000000
00000000
00000000
00000000
00000000
00000000
00000000
162c1060
88e49bc4
ebf2c4e5
f2f2d545
f2f2dd85
f2f2e5c6
f2f2ffb1
f2f2dde9
eeeaa404
933c18a1
1e000000
00000000
00000000
00000000
00000000
00000000
00000000
00000000
00000000
00000000
00000000
00000000
00000000
00000000
00000000
00000000
00000000
00000000
00000000
00000000
00000000
00000000
00000000
00000000
00000000
00000000
00000000
00000000
00000000
00000000
00000000
00000000
00000000
00000000
00000000
00000000
00000000
00000000
00000000
00000000
00000000
00000000
00000000
00000000
00000000
00000000
00000000
00000000
00000000
00000000
00000000
00000000
00000000
00000000
00000000
00000000
00000000
00000000
00000000
00000000
00000000
00000000
00000000
00000000
00000000
00000000
00000000
00000000
00000000
00000000
00000000
00000000
00000000
00000000
00000000
00000000
00000000
00000000
00000000
00000000
00000000
00000000
00000000
00000000
00000000
00000000
00000000
00000000
00000000
00000000
00000000
00000000
00000000
00000000
00000000
00000000
00000000
00000000
00000000
00000000
00000000
00000000
00000000
00000000
00000000
00000000
00000000
00000000
00000000
00000000
00000000
00000000
00000000
00000000
00000000
00000000
00000000
00000000
00000000
00000000
00000000
00000000
00000000
00000000
00000000
00000000
00000000
00000000
00000000
00000000
00000000
00000000
00000000
00000000
00000000
00000000
00000000
00000000
00000000
00000000
00000000
00000000
00000000
00000000
00000000
00000000
00000000
00000000
00000000
00000000
00000000
00000000
00000000
00000000
00000000
00000000
00000000
00000000
00000000
00000000
00000000
00000000
00000000
00000000
00000000
00000000
00000000
00000000
00000000
00000000
00000000
00000000
00000000
00000000
00000000
00000000
00000000
00000000
00000000
00000000
00000000
00000000
00000000
00000000
00000000
00000000
00000000
00000000
00000000
00000000
00000000
00000000
00000000
00000000
00000000
00000000
00000000
00000000
00000000
00000000
00000000
00000000
00000000
00000000
00000000
00000000
00000000
00000000
00000000
00000000
00000000
00000000
00000000
00000000
00000000
00000000
00000000
00000000
00000000
00000000
00000000
00000000
00000000
00000000
00000000
00000000
00000000
00000000
00000000
00000000
00000000
00000000
00000000
00000000
00000000
00000000
00000000
00000000
00000000
00000000
00000000
00000000
00000000
00000000
00000000
00000000
162c1060
88e49bc4
ebf2c4e5
f2f2d545
f2f2dd85
f2f2e5c6
f2f2ffb1
f2f2dde9
eeeaa404
933b18a1
1e000000
00000000
00000000
00000000
00000000
00000000
00000000
00000000
00000000
00000000
00000000
00000000
00000000
00000000
00000000
00000000
00000000
00000000
00000000
00000000
00000000
00000000
00000000
00000000
00000000
00000000
00000000
00000000
00000000
00000000
00000000
00000000
00000000
00000000
00000000
00000000
00000000
00000000
00000000
00000000
00000000
00000000
00000000
00000000
00000000
00000000
00000000
00000000
00000000
00000000
00000000
00000000
00000000
00000000
00000000
00000000
00000000
00000000
00000000
00000000
00000000
00000000
00000000
00000000
00000000
00000000
00000000
00000000
00000000
00000000
00000000
00000000
00000000
00000000
00000000
00000000
00000000
00000000
00000000
00000000
00000000
00000000
00000000
00000000
00000000
00000000
00000000
00000000
00000000
00000000
00000000
00000000
00000000
00000000
00000000
00000000
00000000
00000000
00000000
00000000
00000000
00000000
00000000
00000000
00000000
00000000
00000000
00000000
00000000
00000000
00000000
00000000
00000000
00000000
00000000
00000000
00000000
00000000
00000000
00000000
00000000
00000000
00000000
00000000
00000000
00000000
00000000
00000000
00000000
00000000
00000000
00000000
00000000
00000000
00000000
00000000
00000000
00000000
00000000
00000000
00000000
00000000
00000000
00000000
00000000
00000000
00000000
00000000
00000000
00000000
00000000
00000000
00000000
00000000
00000000
00000000
00000000
00000000
00000000
00000000
00000000
00000000
00000000
00000000
00000000
00000000
00000000
00000000
00000000
00000000
00000000
00000000
00000000
00000000
00000000
00000000
00000000
00000000
00000000
00000000
00000000
00000000
00000000
00000000
00000000
00000000
00000000
00000000
00000000
00000000
00000000
00000000
00000000
00000000
00000000
00000000
00000000
00000000
00000000
00000000
00000000
00000000
00000000
00000000
00000000
00000000
00000000
00000000
00000000
00000000
00000000
00000000
00000000
00000000
00000000
00000000
00000000
00000000
00000000
00000000
00000000
00000000
00000000
00000000
00000000
00000000
00000000
00000000
00000000
00000000
00000000
00000000
00000000
00000000
00000000
00000000
00000000
00000000
00000000
00000000
00000000
00000000
00000000
00000000
00000000
00000000
162c1060
88e49bc4
ebf2c4e5
f2f2d545
f2f2dd85
f2f2e5c6
f2f2ffb1
f2f2dde9
eeeaa404
933b18a1
1e000000
00000000
00000000
00000000
00000000
00000000
00000000
00000000
00000000
00000000
00000000
00000000
00000000
00000000
00000000
00000000
00000000
00000000
00000000
00000000
00000000
00000000
00000000
00000000
00000000
00000000
00000000
00000000
00000000
00000000
00000000
00000000
00000000
00000000
00000000
00000000
00000000
00000000
00000000
00000000
00000000
00000000
00000000
00000000
00000000
00000000
00000000
00000000
00000000
00000000
00000000
00000000
00000000
00000000
00000000
00000000
00000000
00000000
00000000
00000000
00000000
00000000
00000000
00000000
00000000
00000000
00000000
00000000
00000000
00000000
00000000
00000000
00000000
00000000
00000000
00000000
00000000
00000000
00000000
00000000
00000000
00000000
00000000
00000000
00000000
00000000
00000000
00000000
00000000
00000000
00000000
00000000
00000000
00000000
00000000
00000000
00000000
00000000
00000000
00000000
00000000
00000000
00000000
00000000
00000000
00000000
00000000
00000000
00000000
00000000
00000000
00000000
00000000
00000000
00000000
00000000
00000000
00000000
00000000
00000000
00000000
00000000
00000000
00000000
00000000
00000000
00000000
00000000
00000000
00000000
00000000
00000000
00000000
00000000
00000000
00000000
00000000
00000000
00000000
00000000
00000000
00000000
00000000
00000000
00000000
00000000
00000000
00000000
00000000
00000000
00000000
00000000
00000000
00000000
00000000
00000000
00000000
00000000
00000000
00000000
00000000
00000000
00000000
00000000
00000000
00000000
00000000
00000000
00000000
00000000
00000000
00000000
00000000
00000000
00000000
00000000
00000000
00000000
00000000
00000000
00000000
00000000
00000000
00000000
00000000
00000000
00000000
00000000
00000000
00000000
00000000
00000000
00000000
00000000
00000000
00000000
00000000
00000000
00000000
00000000
00000000
00000000
00000000
00000000
00000000
00000000
00000000
00000000
00000000
00000000
00000000
00000000
00000000
00000000
00000000
00000000
00000000
00000000
00000000
00000000
00000000
00000000
00000000
00000000
00000000
00000000
00000000
00000000
00000000
00000000
00000000
00000000
00000000
00000000
00000000
00000000
00000000
00000000
00000000
00000000
00000000
00000000
00000000
00000000
00000000
00000000
162d1060
88e49bc4
ebf2c4e5
f2f2d545
f2f2dd85
f2f2e5c6
f2f2ffb1
f2f2dde9
eeeaa404
923b18a1
1d000000
00000000
00000000
00000000
00000000
00000000
00000000
00000000
00000000
00000000
00000000
00000000
00000000
00000000
00000000
00000000
00000000
00000000
00000000
00000000
00000000
00000000
00000000
00000000
00000000
00000000
00000000
00000000
00000000
00000000
00000000
00000000
00000000
00000000
00000000
00000000
00000000
00000000
00000000
00000000
00000000
00000000
00000000
00000000
00000000
00000000
05150861
07050020
01000000
00000000
00000000
00000000
00000000
00000000
00000000
00000000
00000000
00000000
00000000
00000000
00000000
00000000
00000000
00000000
00000000
00000000
00000000
00000000
00000000
00000000
00000000
00000000
00000000
00000000
00000000
00000000
00000000
00000000
00000000
00000000
00000000
00000000
00000000
00000000
00000000
00000000
00000000
00000000
00000000
00000000
00000000
00000000
00000000
00000000
00000000
00000000
00000000
00000000
00000000
00000000
00000000
00000000
00000000
00000000
00000000
00000000
00000000
00000000
00000000
00000000
00000000
00000000
00000000
00000000
00000000
00000000
00000000
00000000
00000000
00000000
00000000
00000000
00000000
00000000
00000000
00000000
00000000
00000000
00000000
00000000
00000000
00000000
00000000
00000000
00000000
00000000
00000000
00000000
00000000
00000000
00000000
00000000
00000000
00000000
00000000
00000000
00000000
00000000
00000000
00000000
00000000
00000000
00000000
00000000
00000000
00000000
00000000
00000000
00000000
00000000
00000000
00000000
00000000
00000000
00000000
00000000
00000000
00000000
00000000
00000000
00000000
00000000
00000000
00000000
00000000
00000000
00000000
00000000
00000000
00000000
00000000
00000000
00000000
00000000
00000000
00000000
00000000
00000000
00000000
00000000
00000000
00000000
00000000
00000000
00000000
00000000
00000000
00000000
00000000
00000000
00000000
00000000
00000000
00000000
00000000
00000000
00000000
00000000
00000000
00000000
00000000
00000000
00000000
00000000
00000000
00000000
00000000
00000000
00000000
00000000
00000000
00000000
00000000
00000000
00000000
00000000
00000000
00000000
00000000
00000000
00000000
00000000
00000000
00000000
00000000
00000000
00000000
00000000
00000000
00000000
00000000
00000000
00000000
00000000
00000000
00000000
162d1080
88e49be4
ebf2c4e5
f2f2d545
f2f2dd85
f2f2e5c6
f2f2ffb1
f2f2dde9
eeeaa404
923a18a1
1d000000
00000000
00000000
00000000
00000000
00000000
00000000
00000000
00000000
00000000
00000000
00000000
00000000
00000000
00000000
00000000
00000000
00000000
00000000
00000000
00000000
00000000
00000000
00000000
00000000
00000000
00000000
00000000
00000000
00000000
00000000
00000000
00000000
00000000
00000000
00000000
00000000
00000000
00000000
00000000
00000000
00000000
00000000
00000000
00000000
0a2718a3
44d573af
73de7bd0
64af630c
2f0d0841
03000000
00000000
00000000
00000000
00000000
00000000
00000000
00000000
00000000
00000000
00000000
00000000
00000000
00000000
00000000
00000000
00000000
00000000
00000000
00000000
00000000
00000000
00000000
00000000
00000000
00000000
00000000
00000000
00000000
00000000
00000000
00000000
00000000
00000000
00000000
00000000
00000000
00000000
00000000
00000000
00000000
00000000
00000000
00000000
00000000
00000000
00000000
00000000
00000000
00000000
00000000
00000000
00000000
00000000
00000000
00000000
00000000
00000000
00000000
00000000
00000000
00000000
00000000
00000000
00000000
00000000
00000000
00000000
00000000
00000000
00000000
00000000
00000000
00000000
00000000
00000000
00000000
00000000
00000000
00000000
00000000
00000000
00000000
00000000
00000000
00000000
00000000
00000000
00000000
00000000
00000000
00000000
00000000
00000000
00000000
00000000
00000000
00000000
00000000
00000000
00000000
00000000
00000000
00000000
00000000
00000000
00000000
00000000
00000000
00000000
00000000
00000000
00000000
00000000
00000000
00000000
00000000
00000000
00000000
00000000
00000000
00000000
00000000
00000000
00000000
00000000
00000000
00000000
00000000
00000000
00000000
00000000
00000000
00000000
00000000
00000000
00000000
00000000
00000000
00000000
00000000
00000000
00000000
00000000
00000000
00000000
00000000
00000000
00000000
00000000
00000000
00000000
00000000
00000000
00000000
00000000
00000000
00000000
00000000
00000000
00000000
00000000
00000000
00000000
00000000
00000000
00000000
00000000
00000000
00000000
00000000
00000000
00000000
00000000
00000000
00000000
00000000
00000000
00000000
00000000
00000000
00000000
00000000
00000000
00000000
00000000
00000000
00000000
00000000
00000000
00000000
00000000
00000000
00000000
00000000
00000000
162d1080
88e49be4
ebf2c4e5
f2f2d545
f2f2dd85
f2f2e5c6
f2f2ffb1
f2f2dde9
eeeaa404
923a18a1
1d000000
00000000
00000000
00000000
00000000
00000000
00000000
00000000
00000000
00000000
00000000
00000000
00000000
00000000
00000000
00000000
00000000
00000000
00000000
00000000
00000000
00000000
00000000
00000000
00000000
00000000
00000000
00000000
00000000
00000000
00000000
00000000
00000000
00000000
00000000
00000000
00000000
00000000
00000000
00000000
00000000
00000000
00000000
00000000
030c0841
40cd738e
abe57bf0
dfe57bf0
d6e57bf0
7c4f2966
17000000
00000000
00000000
00000000
00000000
00000000
00000000
00000000
00000000
00000000
00000000
00000000
00000000
00000000
00000000
00000000
00000000
00000000
00000000
00000000
00000000
00000000
00000000
00000000
00000000
00000000
00000000
00000000
00000000
00000000
00000000
00000000
00000000
00000000
00000000
00000000
00000000
00000000
00000000
00000000
00000000
00000000
00000000
00000000
00000000
00000000
00000000
00000000
00000000
00000000
00000000
00000000
00000000
00000000
00000000
00000000
00000000
00000000
00000000
00000000
00000000
00000000
00000000
00000000
00000000
00000000
00000000
00000000
00000000
00000000
00000000
00000000
00000000
00000000
00000000
00000000
00000000
00000000
00000000
00000000
00000000
00000000
00000000
00000000
00000000
00000000
00000000
00000000
00000000
00000000
00000000
00000000
00000000
00000000
00000000
00000000
00000000
00000000
00000000
00000000
00000000
00000000
00000000
00000000
00000000
00000000
00000000
00000000
00000000
00000000
00000000
00000000
00000000
00000000
00000000
00000000
00000000
00000000
00000000
00000000
00000000
00000000
00000000
00000000
00000000
00000000
00000000
00000000
00000000
00000000
00000000
00000000
00000000
00000000
00000000
00000000
00000000
00000000
00000000
00000000
00000000
00000000
00000000
00000000
00000000
00000000
00000000
00000000
00000000
00000000
00000000
00000000
00000000
00000000
00000000
00000000
00000000
00000000
00000000
00000000
00000000
00000000
00000000
00000000
00000000
00000000
00000000
00000000
00000000
00000000
00000000
00000000
00000000
00000000
00000000
00000000
00000000
00000000
00000000
00000000
00000000
00000000
00000000
00000000
00000000
00000000
00000000
00000000
00000000
00000000
00000000
00000000
00000000
00000000
00000000
00000000
131f1060
82d893a4
e8f2c4e5
f2f2d545
f2f2dd85
f2f2e5c6
f2f2ffb1
f2f2dde9
ece09be4
8b2a1080
19000000
00000000
00000000
00000000
00000000
00000000
00000000
00000000
00000000
00000000
00000000
00000000
00000000
00000000
00000000
00000000
00000000
00000000
00000000
00000000
00000000
00000000
00000000
00000000
00000000
00000000
00000000
00000000
00000000
00000000
00000000
00000000
00000000
00000000
00000000
00000000
00000000
00000000
00000000
00000000
00000000
00000000
00000000
00000000
03000000
68c86b8e
d8e57bf0
e5e57bf0
e5e57bf0
a98c4a6a
37000000
00000000
00000000
00000000
00000000
00000000
00000000
00000000
00000000
00000000
00000000
00000000
00000000
00000000
00000000
00000000
00000000
00000000
00000000
00000000
00000000
00000000
00000000
00000000
00000000
00000000
00000000
00000000
00000000
00000000
00000000
00000000
00000000
00000000
00000000
00000000
00000000
00000000
00000000
00000000
00000000
00000000
00000000
00000000
00000000
00000000
00000000
00000000
00000000
00000000
00000000
00000000
00000000
00000000
00000000
00000000
00000000
00000000
00000000
00000000
00000000
00000000
00000000
00000000
00000000
00000000
00000000
00000000
00000000
00000000
00000000
00000000
00000000
00000000
00000000
00000000
00000000
00000000
00000000
00000000
00000000
00000000
00000000
00000000
00000000
00000000
00000000
00000000
00000000
00000000
00000000
00000000
00000000
00000000
00000000
00000000
00000000
00000000
00000000
00000000
00000000
00000000
00000000
00000000
00000000
00000000
00000000
00000000
00000000
00000000
00000000
00000000
00000000
00000000
00000000
00000000
00000000
00000000
00000000
00000000
00000000
00000000
00000000
00000000
00000000
00000000
00000000
00000000
00000000
00000000
00000000
00000000
00000000
00000000
00000000
00000000
00000000
00000000
00000000
00000000
00000000
00000000
00000000
00000000
00000000
00000000
00000000
00000000
00000000
00000000
00000000
00000000
00000000
00000000
00000000
00000000
00000000
00000000
00000000
00000000
00000000
00000000
00000000
00000000
00000000
00000000
00000000
00000000
00000000
00000000
00000000
00000000
00000000
00000000
00000000
00000000
00000000
00000000
00000000
00000000
00000000
00000000
00000000
00000000
00000000
00000000
00000000
00000000
00000000
00000000
00000000
00000000
00000000
00000000
00000000
00000000
09060000
669a6aa3
d6f2c4e5
f2f2d545
f2f2dd85
f2f2e5c6
f2f2ffb1
f2f2dde8
dba97303
6f0a0020
0d000000
00000000
00000000
00000000
00000000
00000000
00000000
00000000
00000000
00000000
00000000
00000000
00000000
00000000
00000000
00000000
00000000
00000000
00000000
00000000
00000000
00000000
00000000
00000000
00000000
00000000
00000000
00000000
00000000
00000000
00000000
00000000
00000000
00000000
00000000
00000000
00000000
00000000
00000000
00000000
00000000
00000000
00000000
00000000
00000000
53824a49
c5e57bf0
e5e57bf0
dfcc738e
961c1082
2a000000
00000000
00000000
00000000
00000000
00000000
00000000
00000000
00000000
01040020
03090821
02000000
00000000
00000000
00000000
00000000
00000000
00000000
00000000
00000000
00000000
00000000
00000000
00000000
00000000
00000000
00000000
00000000
00000000
00000000
00000000
00000000
00000000
00000000
00000000
00000000
00000000
00000000
00000000
00000000
00000000
00000000
00000000
00000000
00000000
00000000
00000000
00000000
00000000
00000000
00000000
00000000
00000000
00000000
00000000
00000000
00000000
00000000
00000000
00000000
00000000
00000000
00000000
00000000
00000000
00000000
00000000
00000000
00000000
00000000
00000000
00000000
00000000
00000000
00000000
00000000
00000000
00000000
00000000
00000000
00000000
00000000
00000000
00000000
00000000
00000000
00000000
00000000
00000000
00000000
00000000
00000000
00000000
00000000
00000000
00000000
00000000
00000000
00000000
00000000
00000000
00000000
00000000
00000000
00000000
00000000
00000000
00000000
00000000
00000000
00000000
00000000
00000000
00000000
00000000
00000000
00000000
00000000
00000000
00000000
00000000
00000000
00000000
00000000
00000000
00000000
00000000
00000000
00000000
00000000
00000000
00000000
00000000
00000000
00000000
00000000
00000000
00000000
00000000
00000000
00000000
00000000
00000000
00000000
00000000
00000000
00000000
00000000
00000000
00000000
00000000
00000000
00000000
00000000
00000000
00000000
00000000
00000000
00000000
00000000
00000000
00000000
00000000
00000000
00000000
00000000
00000000
00000000
00000000
00000000
00000000
00000000
00000000
00000000
00000000
00000000
00000000
00000000
00000000
00000000
00000000
00000000
00000000
00000000
00000000
00000000
00000000
00000000
00000000
00000000
00000000
00000000
00000000
00000000
00000000
00000000
01000000
312618a1
9bbc9bc4
e4f0d545
f2f2dd85
f2f2e5c6
f2f1ffb1
e6c4bce7
a32f20e1
38000000
02000000
00000000
00000000
00000000
00000000
00000000
00000000
00000000
00000000
00000000
00000000
00000000
00000000
00000000
00000000
00000000
00000000
00000000
00000000
00000000
00000000
00000000
00000000
00000000
00000000
00000000
00000000
00000000
00000000
00000000
00000000
00000000
00000000
00000000
00000000
00000000
00000000
00000000
00000000
00000000
00000000
00000000
00000000
00000000
00000000
22060020
683318e4
996739c7
8f2510a3
43000000
07000000
00000000
00000000
00000000
00000000
00000000
00000000
00000000
00000000
207c41e9
5be27b71
68b562ad
2e020000
00000000
00000000
00000000
00000000
00000000
00000000
00000000
00000000
00000000
00000000
00000000
00000000
00000000
00000000
00000000
00000000
00000000
00000000
00000000
00000000
00000000
00000000
00000000
00000000
00000000
00000000
00000000
00000000
00000000
00000000
00000000
00000000
00000000
00000000
00000000
00000000
00000000
00000000
00000000
00000000
00000000
00000000
00000000
00000000
00000000
00000000
00000000
00000000
00000000
00000000
00000000
00000000
00000000
00000000
00000000
00000000
00000000
00000000
00000000
00000000
00000000
00000000
00000000
00000000
00000000
00000000
00000000
00000000
00000000
00000000
00000000
00000000
00000000
00000000
00000000
00000000
00000000
00000000
00000000
00000000
00000000
00000000
00000000
00000000
00000000
00000000
00000000
00000000
00000000
00000000
00000000
00000000
00000000
00000000
00000000
00000000
00000000
00000000
00000000
00000000
00000000
00000000
00000000
00000000
00000000
00000000
00000000
00000000
00000000
00000000
00000000
00000000
00000000
00000000
00000000
00000000
00000000
00000000
00000000
00000000
00000000
00000000
00000000
00000000
00000000
00000000
00000000
00000000
00000000
00000000
00000000
00000000
00000000
00000000
00000000
00000000
00000000
00000000
00000000
00000000
00000000
00000000
00000000
00000000
00000000
00000000
00000000
00000000
00000000
00000000
00000000
00000000
00000000
00000000
00000000
00000000
00000000
00000000
00000000
00000000
00000000
00000000
00000000
00000000
00000000
00000000
00000000
00000000
00000000
00000000
00000000
00000000
00000000
00000000
00000000
00000000
00000000
00000000
00000000
00000000
00000000
00000000
00000000
00000000
09000000
3f1c1880
8f736282
c0ac9be4
cfaea424
c2799408
942120e1
45000000
0c000000
00000000
00000000
00000000
00000000
00000000
00000000
00000000
00000000
00000000
00000000
00000000
00000000
00000000
00000000
00000000
00000000
00000000
00000000
00000000
00000000
00000000
00000000
00000000
00000000
00000000
00000000
00000000
00000000
00000000
00000000
00000000
00000000
00000000
00000000
00000000
00000000
00000000
00000000
00000000
00000000
00000000
00000000
00000000
00000000
00000000
01000000
0e000000
26000000
23000000
09000000
00000000
00000000
00000000
00000000
00000000
00000000
00000000
00000000
040f0841
5be07b71
c9e68371
d9e68371
753820e4
0e000000
00000000
00000000
00000000
00000000
00000000
00000000
00000000
00000000
00000000
00000000
00000000
00000000
00000000
00000000
00000000
00000000
00000000
00000000
00000000
00000000
00000000
00000000
00000000
00000000
00000000
00000000
00000000
00000000
00000000
00000000
00000000
00000000
00000000
00000000
00000000
00000000
00000000
00000000
00000000
00000000
00000000
00000000
00000000
00000000
00000000
00000000
00000000
00000000
00000000
00000000
00000000
00000000
00000000
00000000
00000000
00000000
00000000
00000000
00000000
00000000
00000000
00000000
00000000
00000000
00000000
00000000
00000000
00000000
00000000
00000000
00000000
00000000
00000000
00000000
00000000
00000000
00000000
00000000
00000000
00000000
00000000
00000000
00000000
00000000
00000000
00000000
00000000
00000000
00000000
00000000
00000000
00000000
00000000
00000000
00000000
00000000
00000000
00000000
00000000
00000000
00000000
00000000
00000000
00000000
00000000
00000000
00000000
00000000
00000000
00000000
00000000
00000000
00000000
00000000
00000000
00000000
00000000
00000000
00000000
00000000
00000000
00000000
00000000
00000000
00000000
00000000
00000000
00000000
00000000
00000000
00000000
00000000
00000000
00000000
00000000
00000000
00000000
00000000
00000000
00000000
00000000
00000000
00000000
00000000
00000000
00000000
00000000
00000000
00000000
00000000
00000000
00000000
00000000
00000000
00000000
00000000
00000000
00000000
00000000
00000000
00000000
00000000
00000000
00000000
00000000
00000000
00000000
00000000
00000000
00000000
00000000
00000000
00000000
00000000
00000000
00000000
00000000
00000000
00000000
00000000
00000000
00000000
00000000
00000000
07000000
24000000
49050820
59060820
4b010000
27000000
08000000
00000000
00000000
00000000
00000000
00000000
00000000
00000000
00000000
00000000
00000000
00000000
00000000
00000000
00000000
00000000
00000000
00000000
00000000
00000000
00000000
00000000
00000000
00000000
00000000
00000000
00000000
00000000
00000000
00000000
00000000
00000000
00000000
00000000
00000000
00000000
00000000
00000000
00000000
00000000
00000000
00000000
00000000
00000000
00000000
00000000
00000000
00000000
00000000
00000000
00000000
00000000
00000000
00000000
00000000
00000000
00000000
00000000
00000000
00000000
04000000
639d5a6c
d2e68371
dbba6ace
78080021
10000000
00000000
00000000
00000000
00000000
00000000
00000000
00000000
00000000
00000000
00000000
00000000
00000000
00000000
00000000
00000000
00000000
00000000
00000000
00000000
00000000
00000000
00000000
00000000
00000000
00000000
00000000
00000000
00000000
00000000
00000000
00000000
00000000
00000000
00000000
00000000
00000000
00000000
00000000
00000000
00000000
00000000
00000000
00000000
00000000
00000000
00000000
00000000
00000000
00000000
00000000
00000000
00000000
00000000
00000000
00000000
00000000
00000000
00000000
00000000
00000000
00000000
00000000
00000000
00000000
00000000
00000000
00000000
00000000
00000000
00000000
00000000
00000000
00000000
00000000
00000000
00000000
00000000
00000000
00000000
00000000
00000000
00000000
00000000
00000000
00000000
00000000
00000000
00000000
00000000
00000000
00000000
00000000
00000000
00000000
00000000
00000000
00000000
00000000
00000000
00000000
00000000
00000000
00000000
00000000
00000000
00000000
00000000
00000000
00000000
00000000
00000000
00000000
00000000
00000000
00000000
00000000
00000000
00000000
00000000
00000000
00000000
00000000
00000000
00000000
00000000
00000000
00000000
00000000
00000000
00000000
00000000
00000000
00000000
00000000
00000000
00000000
00000000
00000000
00000000
00000000
00000000
00000000
00000000
00000000
00000000
00000000
00000000
00000000
00000000
00000000
00000000
00000000
00000000
00000000
00000000
00000000
00000000
00000000
00000000
00000000
00000000
00000000
00000000
00000000
00000000
00000000
00000000
00000000
00000000
00000000
00000000
00000000
00000000
00000000
00000000
00000000
00000000
00000000
00000000
00000000
00000000
00000000
00000000
00000000
00000000
00000000
01000000
03000000
02000000
00000000
00000000
00000000
00000000
00000000
00000000
00000000
00000000
00000000
00000000
00000000
00000000
00000000
00000000
00000000
00000000
00000000
00000000
00000000
00000000
00000000
00000000
00000000
00000000
00000000
00000000
00000000
00000000
00000000
00000000
00000000
00000000
00000000
00000000
00000000
00000000
00000000
00000000
00000000
00000000
00000000
00000000
00000000
00000000
00000000
00000000
00000000
00000000
00000000
00000000
00000000
00000000
00000000
00000000
00000000
00000000
00000000
00000000
00000000
00000000
00000000
00000000
28040020
681a1062
73120841
35000000
02000000
00000000
00000000
00000000
00000000
00000000
00000000
00000000
00000000
00000000
00000000
00000000
00000000
00000000
00000000
00000000
00000000
00000000
00000000
00000000
00000000
00000000
00000000
00000000
00000000
00000000
00000000
00000000
00000000
00000000
00000000
00000000
00000000
00000000
00000000
00000000
00000000
00000000
00000000
00000000
00000000
00000000
00000000
00000000
00000000
00000000
00000000
00000000
00000000
00000000
00000000
00000000
00000000
00000000
00000000
00000000
00000000
00000000
00000000
00000000
00000000
00000000
00000000
00000000
00000000
00000000
00000000
00000000
00000000
00000000
00000000
00000000
00000000
00000000
00000000
00000000
00000000
00000000
00000000
00000000
00000000
00000000
00000000
00000000
00000000
00000000
00000000
00000000
00000000
00000000
00000000
00000000
00000000
00000000
00000000
00000000
00000000
00000000
00000000
00000000
00000000
00000000
00000000
00000000
00000000
00000000
00000000
00000000
00000000
00000000
00000000
00000000
00000000
00000000
00000000
00000000
00000000
00000000
00000000
00000000
00000000
00000000
00000000
00000000
00000000
00000000
00000000
00000000
00000000
00000000
00000000
00000000
00000000
00000000
00000000
00000000
00000000
00000000
00000000
00000000
00000000
00000000
00000000
00000000
00000000
00000000
00000000
00000000
00000000
00000000
00000000
00000000
00000000
00000000
00000000
00000000
00000000
00000000
00000000
00000000
00000000
00000000
00000000
00000000
00000000
00000000
00000000
00000000
00000000
00000000
00000000
00000000
00000000
00000000
00000000
00000000
00000000
00000000
00000000
00000000
00000000
00000000
00000000
00000000
00000000
00000000
00000000
00000000
00000000
00000000
00000000
00000000
00000000
00000000
00000000
00000000
00000000
00000000
00000000
00000000
00000000
00000000
00000000
00000000
00000000
00000000
00000000
00000000
00000000
00000000
00000000
00000000
00000000
00000000
00000000
00000000
00000000
00000000
00000000
00000000
00000000
00000000
00000000
00000000
00000000
00000000
00000000
00000000
00000000
00000000
00000000
00000000
00000000
00000000
00000000
00000000
00000000
00000000
00000000
00000000
00000000
00000000
00000000
00000000
00000000
00000000
00000000
00000000
00000000
00000000
00000000
00000000
01000000
07000000
0b000000
05000000
00000000
00000000
00000000
00000000
00000000
00000000
00000000
00000000
00000000
00000000
00000000
00000000
00000000
00000000
00000000
00000000
00000000
00000000
00000000
00000000
00000000
00000000
00000000
00000000
00000000
00000000
00000000
00000000
00000000
00000000
00000000
00000000
00000000
00000000
00000000
00000000
00000000
00000000
00000000
00000000
00000000
00000000
00000000
00000000
00000000
00000000
00000000
00000000
00000000
00000000
00000000
00000000
00000000
00000000
00000000
00000000
00000000
00000000
00000000
00000000
00000000
00000000
00000000
00000000
00000000
00000000
00000000
00000000
00000000
00000000
00000000
00000000
00000000
00000000
00000000
00000000
00000000
00000000
00000000
00000000
00000000
00000000
00000000
00000000
00000000
00000000
00000000
00000000
00000000
00000000
00000000
00000000
00000000
00000000
00000000
00000000
00000000
00000000
00000000
00000000
00000000
00000000
00000000
00000000
00000000
00000000
00000000
00000000
00000000
00000000
00000000
00000000
00000000
00000000
00000000
00000000
00000000
00000000
00000000
00000000
00000000
00000000
00000000
00000000
00000000
00000000
00000000
00000000
00000000
00000000
00000000
00000000
00000000
00000000
00000000
00000000
00000000
00000000
00000000
00000000
00000000
00000000
00000000
00000000
00000000
00000000
00000000
00000000
00000000
00000000
00000000
00000000
00000000
00000000
00000000
00000000
00000000
00000000
00000000
00000000
00000000
00000000
00000000
00000000
00000000
00000000
00000000
00000000
00000000
00000000
00000000
00000000
00000000
00000000
00000000
00000000
00000000
00000000
00000000
00000000
00000000
00000000
00000000
00000000
00000000
00000000
00000000
00000000
00000000
00000000
00000000
00000000
00000000
00000000
00000000
00000000
00000000
00000000
00000000
00000000
00000000
00000000
00000000
00000000
00000000
00000000
00000000
00000000
00000000
00000000
00000000
00000000
00000000
00000000
00000000
00000000
00000000
00000000
00000000
00000000
00000000
00000000
00000000
00000000
00000000
00000000
00000000
00000000
00000000
00000000
00000000
00000000
00000000
00000000
00000000
00000000
00000000
00000000
00000000
00000000
00000000
00000000
00000000
00000000
00000000
00000000
00000000
00000000
00000000
00000000
00000000
00000000
00000000
00000000
00000000
00000000
00000000
00000000
00000000
00000000
00000000
00000000
00000000
00000000
00000000
00000000
00000000
00000000
00000000
00000000
00000000
00000000
00000000
00000000
00000000
00000000
00000000
00000000
00000000
00000000
00000000
00000000
00000000
00000000
00000000
00000000
00000000
00000000
00000000
00000000
00000000
00000000
00000000
00000000
00000000
00000000
00000000
00000000
00000000
00000000
00000000
00000000
00000000
00000000
00000000
00000000
00000000
00000000
00000000
00000000
00000000
00000000
00000000
00000000
00000000
00000000
00000000
00000000
00000000
00000000
00000000
00000000
00000000
00000000
00000000
00000000
00000000
00000000
00000000
00000000
00000000
00000000
00000000
00000000
00000000
00000000
00000000
00000000
00000000
00000000
00000000
00000000
00000000
00000000
00000000
00000000
00000000
00000000
00000000
00000000
00000000
00000000
00000000
00000000
00000000
00000000
00000000
00000000
00000000
00000000
00000000
00000000
00000000
00000000
00000000
00000000
00000000
00000000
00000000
00000000
00000000
00000000
00000000
00000000
00000000
00000000
00000000
00000000
00000000
00000000
00000000
00000000
00000000
00000000
00000000
00000000
00000000
00000000
00000000
00000000
00000000
00000000
00000000
00000000
00000000
00000000
00000000
00000000
00000000
00000000
00000000
00000000
00000000
00000000
00000000
00000000
00000000
00000000
00000000
00000000
00000000
00000000
00000000
00000000
00000000
00000000
00000000
00000000
00000000
00000000
00000000
00000000
00000000
00000000
00000000
00000000
00000000
00000000
00000000
00000000
00000000
00000000
00000000
00000000
00000000
00000000
00000000
00000000
00000000
00000000
00000000
00000000
00000000
00000000
00000000
00000000
00000000
00000000
00000000
00000000
00000000
00000000
00000000
00000000
00000000
00000000
00000000
00000000
00000000
00000000
00000000
00000000
00000000
00000000
00000000
00000000
00000000
00000000
00000000
00000000
00000000
00000000
00000000
00000000
00000000
00000000
00000000
00000000
00000000
00000000
00000000
00000000
00000000
00000000
00000000
00000000
00000000
00000000
00000000
00000000
00000000
00000000
00000000
00000000
00000000
00000000
00000000
00000000
00000000
00000000
00000000
00000000
00000000
00000000
00000000
00000000
00000000
00000000
00000000
00000000
00000000
00000000
00000000
00000000
00000000
00000000
00000000
00000000
00000000
00000000
00000000
00000000
00000000
00000000
00000000
00000000
00000000
00000000
00000000
00000000
00000000
00000000
00000000
00000000
00000000
00000000
00000000
00000000
00000000
00000000
00000000
00000000
00000000
00000000
00000000
00000000
00000000
00000000
00000000
00000000
00000000
00000000
00000000
00000000
00000000
00000000
00000000
00000000
00000000
00000000
00000000
00000000
00000000
00000000
00000000
00000000
00000000
00000000
00000000
00000000
00000000
00000000
00000000
00000000
00000000
00000000
00000000
00000000
00000000
00000000
00000000
00000000
00000000
00000000
00000000
00000000
00000000
00000000
00000000
00000000
00000000
00000000
00000000
00000000
00000000
00000000
00000000
00000000
00000000
00000000
00000000
00000000
00000000
00000000
00000000
00000000
00000000
00000000
00000000
00000000
00000000
00000000
00000000
00000000
00000000
00000000
00000000
00000000
00000000
00000000
00000000
00000000
00000000
00000000
00000000
00000000
00000000
00000000
00000000
00000000
00000000
00000000
00000000
00000000
00000000
00000000
00000000
00000000
00000000
00000000
00000000
00000000
00000000
00000000
00000000
00000000
00000000
00000000
00000000
00000000
00000000
00000000
00000000
00000000
00000000
00000000
00000000
00000000
00000000
00000000
00000000
00000000
00000000
00000000
00000000
00000000
00000000
00000000
00000000
00000000
00000000
00000000
00000000
00000000
00000000
00000000
00000000
00000000
00000000
00000000
00000000
00000000
00000000
00000000
00000000
00000000
00000000
00000000
00000000
00000000
00000000
00000000
00000000
00000000
00000000
00000000
00000000
00000000
00000000
00000000
00000000
00000000
00000000
00000000
00000000
00000000
00000000
00000000
00000000
00000000
00000000
00000000
00000000
00000000
00000000
00000000
00000000
00000000
00000000
00000000
00000000
00000000
00000000
00000000
00000000
00000000
00000000
00000000
00000000
00000000
00000000
00000000
00000000
00000000
00000000
00000000
00000000
00000000
00000000
00000000
00000000
00000000
00000000
00000000
00000000
00000000
00000000
00000000
00000000
00000000
00000000
00000000
00000000
00000000
00000000
00000000
00000000
00000000
00000000
00000000
00000000
00000000
00000000
00000000
00000000
00000000
00000000
00000000
00000000
00000000
00000000
00000000
00000000
00000000
00000000
00000000
00000000
00000000
00000000
00000000
00000000
00000000
00000000
00000000
00000000
00000000
00000000
00000000
00000000
00000000
00000000
00000000
00000000
00000000
00000000
00000000
00000000
00000000
00000000
00000000
00000000
00000000
00000000
00000000
00000000
00000000
00000000
00000000
00000000
00000000
00000000
00000000
00000000
00000000
00000000
00000000
00000000
00000000
00000000
00000000
00000000
00000000
00000000
00000000
00000000
00000000
00000000
00000000
00000000
00000000
00000000
00000000
00000000
00000000
00000000
00000000
00000000
00000000
00000000
00000000
00000000
00000000
00000000
00000000
00000000
00000000
00000000
00000000
00000000
00000000
00000000
00000000
00000000
00000000
00000000
00000000
00000000
00000000
00000000
00000000
00000000
00000000
00000000
00000000
00000000
00000000
00000000
00000000
00000000
00000000
00000000
00000000
00000000
00000000
00000000
00000000
00000000
00000000
00000000
00000000
00000000
00000000
00000000
00000000
00000000
00000000
00000000
00000000
00000000
00000000
00000000
00000000
00000000
00000000
00000000
00000000
00000000
00000000
00000000
00000000
00000000
00000000
00000000
00000000
00000000
00000000
00000000
00000000
00000000
00000000
00000000
00000000
00000000
00000000
00000000
00000000
00000000
00000000
00000000
00000000
00000000
00000000
00000000
00000000
00000000
00000000
00000000
00000000
00000000
00000000
00000000
00000000
00000000
00000000
00000000
00000000
00000000
00000000
00000000
00000000
00000000
00000000
00000000
00000000
00000000
00000000
00000000
00000000
00000000
00000000
00000000
00000000
00000000
00000000
00000000
00000000
00000000
00000000
00000000
00000000
00000000
00000000
00000000
00000000
00000000
00000000
00000000
00000000
00000000
00000000
00000000
00000000
00000000
00000000
00000000
00000000
00000000
00000000
00000000
00000000
00000000
00000000
00000000
00000000
00000000
00000000
00000000
00000000
00000000
00000000
00000000
00000000
00000000
00000000
00000000
00000000
00000000
00000000
00000000
00000000
00000000
00000000
00000000
00000000
00000000
00000000
00000000
00000000
00000000
00000000
00000000
00000000
00000000
00000000
00000000
00000000
00000000
00000000
00000000
00000000
00000000
00000000
00000000
00000000
00000000
00000000
00000000
00000000
00000000
00000000
00000000
00000000
00000000
00000000
00000000
00000000
00000000
00000000
00000000
00000000
00000000
00000000
00000000
00000000
00000000
00000000
00000000
00000000
00000000
00000000
00000000
00000000
00000000
00000000
00000000
00000000
00000000
00000000
00000000
00000000
00000000
00000000
00000000
00000000
00000000
00000000
00000000
00000000
00000000
00000000
00000000
00000000
00000000
00000000
00000000
00000000
00000000
00000000
00000000
00000000
00000000
00000000
00000000
00000000
00000000
00000000
00000000
00000000
00000000
00000000
00000000
00000000
00000000
00000000
00000000
00000000
00000000
00000000
00000000
00000000
00000000
00000000
00000000
00000000
00000000
00000000
00000000
00000000
00000000
00000000
00000000
00000000
00000000
00000000
00000000
00000000
00000000
00000000
00000000
00000000
00000000
00000000
00000000
00000000
00000000
00000000
00000000
00000000
00000000
00000000
00000000
00000000
00000000
00000000
00000000
00000000
00000000
00000000
00000000
00000000
00000000
00000000
00000000
00000000
00000000
00000000
00000000
00000000
00000000
00000000
00000000
00000000
00000000
00000000
00000000
00000000
00000000
00000000
00000000
00000000
00000000
00000000
00000000
00000000
00000000
00000000
00000000
00000000
00000000
00000000
00000000
00000000
00000000
00000000
00000000
00000000
00000000
00000000
00000000
00000000
00000000
00000000
00000000
00000000
00000000
00000000
00000000
00000000
00000000
00000000
00000000
00000000
00000000
00000000
00000000
00000000
00000000
00000000
00000000
00000000
00000000
00000000
00000000
00000000
00000000
00000000
00000000
00000000
00000000
00000000
00000000
00000000
00000000
00000000
00000000
00000000
00000000
00000000
00000000
00000000
00000000
00000000
00000000
00000000
00000000
00000000
00000000
00000000
00000000
00000000
00000000
00000000
00000000
00000000
00000000
00000000
00000000
00000000
00000000
00000000
00000000
00000000
00000000
00000000
00000000
00000000
00000000
00000000
00000000
00000000
00000000
00000000
00000000
00000000
00000000
00000000
00000000
00000000
00000000
00000000
00000000
00000000
00000000
00000000
00000000
00000000
00000000
00000000
00000000
00000000
00000000
00000000
00000000
00000000
00000000
00000000
00000000
00000000
00000000
00000000
00000000
00000000
00000000
00000000
00000000
00000000
00000000
00000000
00000000
00000000
00000000
00000000
00000000
00000000
00000000
00000000
00000000
00000000
00000000
00000000
00000000
00000000
00000000
00000000
00000000
00000000
00000000
00000000
00000000
00000000
00000000
00000000
00000000
00000000
00000000
00000000
00000000
00000000
00000000
00000000
00000000
00000000
00000000
00000000
00000000
00000000
00000000
00000000
00000000
00000000
00000000
00000000
00000000
00000000
00000000
00000000
00000000
00000000
00000000
00000000
00000000
00000000
00000000
00000000
00000000
00000000
00000000
00000000
00000000
00000000
00000000
00000000
00000000
00000000
00000000
00000000
00000000
00000000
00000000
00000000
00000000
00000000
00000000
00000000
00000000
00000000
00000000
00000000
00000000
00000000
00000000
00000000
00000000
00000000
00000000
00000000
00000000
00000000
00000000
00000000
00000000
00000000
00000000
00000000
00000000
00000000
00000000
00000000
00000000
00000000
00000000
00000000
00000000
00000000
00000000
00000000
00000000
00000000
00000000
00000000
00000000
00000000
00000000
00000000
00000000
00000000
00000000
00000000
00000000
00000000
00000000
00000000
00000000
00000000
00000000
00000000
00000000
00000000
00000000
00000000
00000000
00000000
00000000
00000000
00000000
00000000
00000000
00000000
00000000
00000000
00000000
00000000
00000000
00000000
00000000
00000000
00000000
00000000
00000000
00000000
00000000
00000000
00000000
00000000
00000000
00000000
00000000
00000000
00000000
00000000
00000000
00000000
00000000
00000000
00000000
00000000
00000000
00000000
00000000
00000000
00000000
00000000
00000000
00000000
00000000
00000000
00000000
00000000
00000000
00000000
00000000
00000000
00000000
00000000
00000000
00000000
00000000
00000000
00000000
00000000
00000000
00000000
00000000
00000000
00000000
00000000
00000000
00000000
00000000
00000000
00000000
00000000
00000000
00000000
00000000
00000000
00000000
00000000
00000000
00000000
00000000
00000000
00000000
00000000
00000000
00000000
00000000
00000000
00000000
00000000
00000000
00000000
00000000
00000000
00000000
00000000
00000000
00000000
00000000
00000000
00000000
00000000
00000000
00000000
00000000
00000000
00000000
00000000
00000000
00000000
00000000
00000000
00000000
00000000
00000000
00000000
00000000
00000000
00000000
00000000
00000000
00000000
00000000
00000000
00000000
00000000
00000000
00000000
00000000
00000000
00000000
00000000
00000000
00000000
00000000
00000000
00000000
00000000
00000000
00000000
00000000
00000000
00000000
00000000
00000000
00000000
00000000
00000000
00000000
00000000
00000000
00000000
00000000
00000000
00000000
00000000
00000000
00000000
00000000
00000000
00000000
00000000
00000000
00000000
00000000
00000000
00000000
00000000
00000000
00000000
00000000
00000000
00000000
00000000
00000000
00000000
00000000
00000000
00000000
00000000
00000000
00000000
00000000
00000000
00000000
00000000
00000000
00000000
00000000
00000000
00000000
00000000
00000000
00000000
00000000
00000000
00000000
00000000
00000000
00000000
00000000
00000000
00000000
00000000
00000000
00000000
00000000
00000000
00000000
00000000
00000000
00000000
00000000
00000000
00000000
00000000
00000000
00000000
00000000
00000000
00000000
00000000
00000000
00000000
00000000
00000000
00000000
00000000
00000000
00000000
00000000
00000000
00000000
00000000
00000000
00000000
00000000
00000000
00000000
00000000
00000000
00000000
00000000
00000000
00000000
00000000
00000000
00000000
00000000
00000000
00000000
00000000
00000000
00000000
00000000
00000000
00000000
00000000
00000000
00000000
00000000
00000000
00000000
00000000
00000000
00000000
00000000
00000000
00000000
00000000
00000000
00000000
00000000
00000000
00000000
00000000
00000000
00000000
00000000
00000000
00000000
00000000
00000000
00000000
00000000
00000000
00000000
00000000
00000000
00000000
00000000
00000000
00000000
00000000
00000000
00000000
00000000
00000000
00000000
00000000
00000000
00000000
00000000
00000000
00000000
00000000
00000000
00000000
00000000
00000000
00000000
00000000
00000000
00000000
00000000
00000000
00000000
00000000
00000000
00000000
00000000
00000000
00000000
00000000
00000000
00000000
00000000
00000000
00000000
00000000
00000000
00000000
00000000
00000000
00000000
00000000
00000000
00000000
00000000
00000000
00000000
00000000
00000000
00000000
00000000
00000000
00000000
00000000
00000000
00000000
00000000
00000000
00000000
00000000
00000000
00000000
00000000
00000000
00000000
00000000
00000000
00000000
00000000
00000000
00000000
00000000
00000000
00000000
00000000
00000000
00000000
00000000
00000000
00000000
00000000
00000000
00000000
00000000
00000000
00000000
00000000
00000000
00000000
00000000
00000000
00000000
00000000
00000000
00000000
00000000
00000000
00000000
00000000
00000000
00000000
00000000
00000000
00000000
00000000
00000000
00000000
00000000
00000000
00000000
00000000
00000000
00000000
00000000
00000000
00000000
00000000
00000000
00000000
00000000
00000000
00000000
00000000
00000000
00000000
00000000
00000000
00000000
00000000
00000000
00000000
00000000
00000000
00000000
00000000
00000000
00000000
00000000
00000000
00000000
00000000
00000000
00000000
00000000
00000000
00000000
00000000
00000000
00000000
00000000
00000000
00000000
00000000
00000000
00000000
00000000
00000000
00000000
00000000
00000000
00000000
00000000
00000000
00000000
00000000
00000000
00000000
00000000
00000000
00000000
00000000
00000000
00000000
00000000
00000000
00000000
00000000
00000000
00000000
00000000
00000000
00000000
00000000
00000000
00000000
00000000
00000000
00000000
00000000
00000000
00000000
00000000
00000000
00000000
00000000
00000000
00000000
00000000
00000000
00000000
00000000
00000000
00000000
00000000
00000000
00000000
00000000
00000000
00000000
00000000
00000000
00000000
00000000
00000000
00000000
00000000
00000000
00000000
00000000
00000000
00000000
00000000
00000000
00000000
00000000
00000000
00000000
00000000
00000000
00000000
00000000
00000000
00000000
00000000
00000000
00000000
00000000
00000000
00000000
00000000
00000000
00000000
00000000
00000000
00000000
00000000
00000000
00000000
00000000
00000000
00000000
00000000
00000000
00000000
00000000
00000000
00000000
00000000
00000000
00000000
00000000
00000000
00000000
00000000
00000000
00000000
00000000
00000000
00000000
00000000
00000000
00000000
00000000
00000000
00000000
00000000
00000000
00000000
00000000
00000000
00000000
00000000
00000000
00000000
00000000
00000000
00000000
00000000
00000000
00000000
00000000
00000000
00000000
00000000
00000000
00000000
00000000
00000000
00000000
00000000
00000000
00000000
00000000
00000000
00000000
00000000
00000000
00000000
00000000
00000000
00000000
00000000
00000000
00000000
00000000
00000000
00000000
00000000
00000000
00000000
00000000
00000000
00000000
00000000
00000000
00000000
00000000
00000000
00000000
00000000
00000000
00000000
00000000
00000000
00000000
00000000
00000000
00000000
00000000
00000000
00000000
00000000
00000000
00000000
00000000
00000000
00000000
00000000
00000000
00000000
00000000
00000000
00000000
00000000
00000000
00000000
00000000
00000000
00000000
00000000
00000000
00000000
00000000
00000000
00000000
00000000
00000000
00000000
00000000
00000000
00000000
00000000
00000000
00000000
00000000
00000000
00000000
00000000
00000000
00000000
00000000
00000000
00000000
00000000
00000000
00000000
00000000
00000000
00000000
00000000
00000000
00000000
00000000
00000000
00000000
00000000
00000000
00000000
00000000
00000000
00000000
00000000
00000000
00000000
00000000
00000000
00000000
00000000
00000000
00000000
00000000
00000000
00000000
00000000
00000000
00000000
00000000
00000000
00000000
00000000
00000000
00000000
00000000
00000000
00000000
00000000
00000000
00000000
00000000
00000000
00000000
00000000
00000000
00000000
00000000
00000000
00000000
00000000
00000000
00000000
00000000
00000000
00000000
00000000
00000000
00000000
00000000
00000000
00000000
00000000
00000000
00000000
00000000
00000000
00000000
00000000
00000000
00000000
00000000
00000000
00000000
00000000
00000000
00000000
00000000
00000000
00000000
00000000
00000000
00000000
00000000
00000000
00000000
00000000
00000000
00000000
00000000
00000000
00000000
00000000
00000000
00000000
00000000
00000000
00000000
00000000
00000000
00000000
00000000
00000000
00000000
00000000
00000000
00000000
00000000
00000000
00000000
00000000
00000000
00000000
00000000
00000000
00000000
00000000
00000000
00000000
00000000
00000000
00000000
00000000
00000000
00000000
00000000
00000000
00000000
00000000
00000000
00000000
00000000
00000000
00000000
00000000
00000000
00000000
00000000
00000000
00000000
00000000
00000000
00000000
00000000
00000000
00000000
00000000
00000000
00000000
00000000
00000000
00000000
00000000
00000000
00000000
00000000
00000000
00000000
00000000
00000000
00000000
00000000
00000000
00000000
00000000
00000000
00000000
00000000
00000000
00000000
00000000
00000000
00000000
00000000
00000000
00000000
00000000
00000000
00000000
00000000
00000000
00000000
00000000
00000000
00000000
00000000
00000000
00000000
00000000
00000000
00000000
00000000
00000000
00000000
00000000
00000000
00000000
00000000
00000000
00000000
00000000
00000000
00000000
00000000
00000000
00000000
00000000
00000000
00000000
00000000
00000000
00000000
00000000
00000000
00000000
00000000
00000000
00000000
00000000
00000000
00000000
00000000
00000000
00000000
00000000
00000000
00000000
00000000
00000000
00000000
00000000
00000000
00000000
00000000
00000000
00000000
00000000
00000000
00000000
00000000
00000000
00000000
00000000
00000000
00000000
00000000
00000000
00000000
00000000
00000000
00000000
00000000
00000000
00000000
00000000
00000000
00000000
00000000
00000000
00000000
00000000
00000000
00000000
00000000
00000000
00000000
00000000
00000000
00000000
00000000
00000000
00000000
00000000
00000000
00000000
00000000
00000000
00000000
00000000
00000000
00000000
00000000
00000000
00000000
00000000
00000000
00000000
00000000
00000000
00000000
00000000
00000000
00000000
00000000
00000000
00000000
00000000
00000000
00000000
00000000
00000000
00000000
00000000
00000000
00000000
00000000
00000000
00000000
00000000
00000000
00000000
00000000
00000000
00000000
00000000
00000000
00000000
00000000
00000000
00000000
00000000
00000000
00000000
00000000
00000000
00000000
00000000
00000000
00000000
00000000
00000000
00000000
00000000
00000000
00000000
00000000
00000000
00000000
00000000
00000000
00000000
00000000
00000000
00000000
00000000
00000000
00000000
00000000
00000000
00000000
00000000
00000000
00000000
00000000
00000000
00000000
00000000
00000000
00000000
00000000
00000000
00000000
00000000
00000000
00000000
00000000
00000000
00000000
00000000
00000000
00000000
00000000
00000000
00000000
00000000
00000000
00000000
00000000
00000000
00000000
00000000
00000000
00000000
00000000
00000000
00000000
00000000
00000000
00000000
00000000
00000000
00000000
00000000
00000000
00000000
00000000
00000000
00000000
00000000
00000000
00000000
00000000
00000000
00000000
00000000
00000000
00000000
00000000
00000000
00000000
00000000
00000000
00000000
00000000
00000000
00000000
00000000
00000000
00000000
00000000
00000000
00000000
00000000
00000000
00000000
00000000
00000000
00000000
00000000
00000000
00000000
00000000
00000000
00000000
00000000
00000000
00000000
00000000
00000000
00000000
00000000
00000000
00000000
00000000
00000000
00000000
00000000
00000000
00000000
00000000
00000000
00000000
00000000
00000000
00000000
00000000
00000000
00000000
00000000
00000000
00000000
00000000
00000000
00000000
00000000
00000000
00000000
00000000
00000000
00000000
00000000
00000000
00000000
00000000
00000000
00000000
00000000
00000000
00000000
00000000
00000000
00000000
00000000
00000000
00000000
00000000
00000000
00000000
00000000
00000000
00000000
00000000
00000000
00000000
00000000
00000000
00000000
00000000
00000000
00000000
00000000
00000000
00000000
00000000
00000000
00000000
00000000
00000000
00000000
00000000
00000000
00000000
00000000
00000000
00000000
00000000
00000000
00000000
00000000
00000000
00000000
00000000
00000000
00000000
00000000
00000000
00000000
00000000
00000000
00000000
00000000
00000000
00000000
00000000
00000000
00000000
00000000
00000000
00000000
00000000
00000000
00000000
00000000
00000000
00000000
00000000
00000000
00000000
00000000
00000000
00000000
00000000
00000000
00000000
00000000
00000000
00000000
00000000
00000000
00000000
00000000
00000000
00000000
00000000
00000000
00000000
00000000
00000000
00000000
00000000
00000000
00000000
00000000
00000000
00000000
00000000
00000000
00000000
00000000
00000000
00000000
00000000
00000000
00000000
00000000
00000000
00000000
00000000
00000000
00000000
00000000
00000000
00000000
00000000
00000000
00000000
00000000
00000000
00000000
00000000
00000000
00000000
00000000
00000000
00000000
00000000
00000000
00000000
00000000
00000000
00000000
00000000
00000000
00000000
00000000
00000000
00000000
00000000
00000000
00000000
00000000
00000000
00000000
00000000
00000000
00000000
00000000
00000000
00000000
00000000
00000000
00000000
00000000
00000000
00000000
00000000
00000000
00000000
00000000
00000000
00000000
00000000
00000000
00000000
00000000
00000000
00000000
00000000
00000000
00000000
00000000
00000000
00000000
00000000
00000000
00000000
00000000
00000000
00000000
00000000
00000000
00000000
00000000
00000000
00000000
00000000
00000000
00000000
00000000
00000000
00000000
00000000
00000000
00000000
00000000
00000000
00000000
00000000
00000000
00000000
00000000
00000000
00000000
00000000
00000000
00000000
00000000
00000000
00000000
00000000
00000000
00000000
00000000
00000000
00000000
00000000
00000000
00000000
00000000
00000000
00000000
00000000
00000000
00000000
00000000
00000000
00000000
00000000
00000000
00000000
00000000
00000000
00000000
00000000
00000000
00000000
00000000
00000000
00000000
00000000
00000000
00000000
00000000
00000000
00000000
00000000
00000000
00000000
00000000
00000000
00000000
00000000
00000000
00000000
00000000
00000000
00000000
00000000
00000000
00000000
00000000
00000000
00000000
00000000
00000000
00000000
00000000
00000000
00000000
00000000
00000000
00000000
00000000
00000000
00000000
00000000
00000000
00000000
00000000
00000000
00000000
00000000
00000000
00000000
00000000
00000000
00000000
00000000
00000000
00000000
00000000
00000000
00000000
00000000
00000000
00000000
00000000
00000000
00000000
00000000
00000000
00000000
00000000
00000000
00000000
00000000
00000000
00000000
00000000
00000000
00000000
00000000
00000000
00000000
00000000
00000000
00000000
00000000
00000000
00000000
00000000
00000000
00000000
00000000
00000000
00000000
00000000
00000000
00000000
00000000
00000000
00000000
00000000
00000000
00000000
00000000
00000000
00000000
00000000
00000000
00000000
00000000
00000000
00000000
00000000
00000000
00000000
00000000
00000000
00000000
00000000
00000000
00000000
00000000
00000000
00000000
00000000
00000000
00000000
00000000
00000000
00000000
00000000
00000000
00000000
00000000
00000000
00000000
00000000
00000000
00000000
00000000
00000000
00000000
00000000
00000000
00000000
00000000
00000000
00000000
00000000
00000000
00000000
00000000
00000000
00000000
00000000
00000000
00000000
00000000
00000000
00000000
00000000
00000000
00000000
00000000
00000000
00000000
00000000
00000000
00000000
00000000
00000000
00000000
00000000
00000000
00000000
00000000
00000000
00000000
00000000
00000000
00000000
00000000
00000000
00000000
00000000
00000000
00000000
00000000
00000000
00000000
00000000
00000000
00000000
00000000
00000000
00000000
00000000
00000000
00000000
00000000
00000000
00000000
00000000
00000000
00000000
00000000
00000000
00000000
00000000
00000000
00000000
00000000
00000000
00000000
00000000
00000000
00000000
00000000
00000000
00000000
00000000
00000000
00000000
00000000
00000000
00000000
00000000
00000000
00000000
00000000
00000000
00000000
00000000
00000000
00000000
00000000
00000000
00000000
00000000
00000000
00000000
00000000
00000000
00000000
00000000
00000000
00000000
00000000
00000000
00000000
00000000
00000000
00000000
00000000
00000000
00000000
00000000
00000000
00000000
00000000
00000000
00000000
00000000
00000000
00000000
00000000
00000000
00000000
00000000
00000000
00000000
00000000
00000000
00000000
00000000
00000000
00000000
00000000
00000000
00000000
00000000
00000000
00000000
00000000
00000000
00000000
00000000
00000000
00000000
00000000
00000000
00000000
00000000
00000000
00000000
00000000
00000000
00000000
00000000
00000000
00000000
00000000
00000000
00000000
00000000
00000000
00000000
00000000
00000000
00000000
00000000
00000000
00000000
00000000
00000000
00000000
00000000
00000000
00000000
00000000
00000000
00000000
00000000
00000000
00000000
00000000
00000000
00000000
00000000
00000000
00000000
00000000
00000000
00000000
00000000
00000000
00000000
00000000
00000000
00000000
00000000
00000000
00000000
00000000
00000000
00000000
00000000
00000000
00000000
